path,bytes,sha256
INVENTORY.md,3092,763bc1206dbcbe815bb6707a9d63fbf2f3d8d6fc71e1e9172f9822d024d83dfd
READ.html,1917107,e1adf69f2b0705f8a425ed89d77127244fcd2c6f79bced0ae320d48c3f2467d9
README.md,4961,7e34a505373514f6c7c7417d58270e66bf6a0237d1237b929cf623e16a542785
edition/suetonius.rolfe1914.verified-anchors.xml,28680,0965f450f5211d7a3be35b6592bf350070295c1937df84f28a676bfa83c92ee0
edition/suetonius.rolfe1914.volume1.ocr.xml,905895,138ac1d9372d02f73e497aee39b2e7ffb7ae9991d0b91d00f516dd398e94379b
edition/suetonius.rolfe1914.volume2.ocr.xml,998615,d8468fafdfa0730483848d3ee2ee7477fb24408b65aec6b19868345b8a1ac589
edition/suetonius.tiberius.gemini43-44.xml,4677,de41f70e32adfabe33d060a8b3f86ac7292363a1aad8d989b94fc6fd43090310
manifest.json,1384,9895bfecba6bce33375ab4439785bb99e252abf82ff015569dada6621fc68e4d
pages/p0001.jpg,95938,33761346fb86f5a7da2fc6586faf344536a3ee2b6aa66490a6934e48f1437336
pages/p0002.jpg,169149,cbd2cd6126f0dedc064cf6393d93f21111e2cfceeb6c7e580501814854ca71e9
pages/p0003.jpg,56950,275d3ba5b15ffac9a7d824ed7c284b53b51e237b46b083af1032adf8659355c0
pages/p0004.jpg,350258,567f379b19829a0a1beaf696465094f1ccd0ae62b227543971ceb6cc4b831c12
pages/p0005.jpg,185990,936a5733881bb5e80a1ca0eb68cc6ef17e9f1baec6af2fb8637fddda71c35fa2
pages/p0006.jpg,144965,96fb6409720039402095b0e87182090130a1abff4fe4f84bbd7110927a50cd1d
pages/p0007.jpg,21659,93a956d1f44773a2f7c198532cf68218f13ed487bcded7c7d09e03c9e1f6b360
pages/p0008.jpg,385310,a6971fbb2177d48cbdf875609a43a529bd9168eb8824ea4711152870c136c79d
pages/p0009.jpg,533364,7038dffc06ed67839630f66d9cf13840fcabd187ebec55ba0e1accfb13ee0720
pages/p0010.jpg,514048,c6b69b7bae1a665538848ccd7def04418b516ef81135085aa2adf2c5b0fc1ed6
pages/p0011.jpg,377932,968b4003befdf0f2f10cafb5e03f2c6f7974b4ad9204f180f74475a1ffeaeba2
pages/p0012.jpg,553895,95f50edebd8ba47b8048eacbea293dccffed6df19d5e765e258478f17509c331
pages/p0013.jpg,246986,d7e0d65472a823d997b492e66dbb37f8705e27033b8b74bf149d2e56ea3f2ed2
pages/p0014.jpg,41202,91bddcd8694f372db137454e082d48c65cd19825c47ba7b50c99575f49773925
pages/p0015.jpg,444571,81a2fac7cbf4711d3ffff268f8f168453972b4059b9532774b719fb48d71e532
pages/p0016.jpg,516388,7d8fe9d87478341440f17e6f9a7a8decf64f3acba07b1f584933597225880ae4
pages/p0017.jpg,536647,e8c3a68cb924511259643607640021dbf375e7bafc2f9c07b8206109e69fa6c7
pages/p0018.jpg,137129,20c78a22f802382a7cef4a2d8b85bdbbac04ac12f443bb70faacc74bfd67e907
pages/p0019.jpg,432938,068cf9197af298ec534e8f464e56747ce53b210ccbe04645c50cea5f38e3bbef
pages/p0020.jpg,508821,0a85ad96658b846ad16fd44eac981bae54b60cc156e2a974d0e3981202aadf90
pages/p0021.jpg,486345,56bc17933d360ae60a48b13a21933117aa06f2b1d6d4fa7ccf514c84885c6939
pages/p0022.jpg,522341,082ca1b5f5ee38a1de722938708372a49322446bbdfa1a1c95f8673d7f7510ab
pages/p0023.jpg,206860,1b336946ad7c5eff121d1efe7fa145b16b568dc1f38a788d0c5bd0e379ff6539
pages/p0024.jpg,21659,93a956d1f44773a2f7c198532cf68218f13ed487bcded7c7d09e03c9e1f6b360
pages/p0025.jpg,418251,38cd780fc331caf8d080192f1f20a84b3d7d5b96e4bbf6b536e561e1b4ae9f78
pages/p0026.jpg,559819,c569732252447c44e15fea8341a839da8f8fa8ff13624df46749de85164c16d1
pages/p0027.jpg,150333,d0dcbe6db64003e8735355b65aa6dd0aab6b024b817496171adea431c76843dc
pages/p0028.jpg,21659,93a956d1f44773a2f7c198532cf68218f13ed487bcded7c7d09e03c9e1f6b360
pages/p0029.jpg,210297,2112b54521a1506eba53dd979cd71a9cf615b2d41f31c48904d876c3bfe6f2b2
pages/p0030.jpg,21659,93a956d1f44773a2f7c198532cf68218f13ed487bcded7c7d09e03c9e1f6b360
pages/p0031.jpg,61092,d339667edd343db338656da9a3b2700072e8b089927600c0a251dea59f34048a
pages/p0032.jpg,353935,64a3b173069dd51189bd847582108d0f2d8383f6085e2a74066a9425484f87ba
pages/p0033.jpg,390273,bfccd24359dbc130a9de157d402722eeff4a33ba9a6028eeecb7268bbd4b6d14
pages/p0034.jpg,466398,d80bcff1d5fabead42de87ebaced74de53c1ca0bd3e31c6fccb9ef27cc8b1f7b
pages/p0035.jpg,537833,3be2a06d3ed58e6f6045af9281c532957644721f6a46e4ae098270803af6d7a5
pages/p0036.jpg,421392,4358ef12d2b5df49ba8f59d87d5a7e856f086be0958849b5bb726a8015710286
pages/p0037.jpg,550781,19f9499729898f45722e865bd20319aaf4f82efe2b2c8a500719f7fb4f88ca96
pages/p0038.jpg,411549,9d8c299e4a044ef89803a320a18cf903d0b4049319efd419ecf91a28d12c577f
pages/p0039.jpg,528159,1f2b1b269313dd7c7169cf85419fc3329e865e0daf562caabfc0d7575fe84760
pages/p0040.jpg,458776,34f5e352a543f9105657f307d6e9db9bb2a8c6b07aa5b4478841db77776033c0
pages/p0041.jpg,548239,a6c662261cd5314f2391d6c7b1a9dfc1ed70f0724bd5d7136494c9620df9029f
pages/p0042.jpg,500824,e06c19f3a5c43d0f196694555799c885aec946c1d31c67f044e5b46efad7be1d
pages/p0043.jpg,552692,1c29a06003479b20ddbf99d8b676f525cfc75106bbd622156e6ee3c39f262de7
pages/p0044.jpg,531638,4521e95f84e5087067bbbc2777daf1cb14b7a60e866becf44e969744884fad66
pages/p0045.jpg,541389,257b4928e02627b36cb991e58bc3546d9d26259c92dcf377b8fcdc34176d05a5
pages/p0046.jpg,434935,8285a9c4547ec67c0ef1e4fd50e8a700131b0668142f4e50af20dce3510bdec9
pages/p0047.jpg,531219,832198a5879639612decb32011c9b07968b4a65ff769c9761735fe4455afa47a
pages/p0048.jpg,493733,c127e7167f87384ab45150e209121e4975c6922a93585165a18df14d63be9415
pages/p0049.jpg,532614,0b086b686f32f7886ae87249e23b046f8bfe6f7969e892c6abcdc18adafd6aaa
pages/p0050.jpg,470987,19aaef5b663eb569cf63575a9dad3541d0606eac60e5fac179626c648aee61ea
pages/p0051.jpg,533506,35acfa5ed90e42ac94c66405cc2111e086f66122352ceeb230a7e0ae0676ecb6
pages/p0052.jpg,568199,a82240f99a8214c41533eb2f2c98b41bd3e091b244d92b446beeff87d8fdd1eb
pages/p0053.jpg,562619,956d46e55e73d78a67f461873c6ba768bfcb27ecbb62f776e5ce54bcd7f96714
pages/p0054.jpg,492436,fcf2ef1be83cdbcfa0762b50a3c22a94a836d4b46a9e721f994c3531ea7ac261
pages/p0055.jpg,540245,74010900bdea601024524ccf468a7744bbebf32aed14c172018b85c5d2f7e65a
pages/p0056.jpg,516919,9836826787ecda5ee267445d8f956d7fed8642581382f00776fea51eb40edb61
pages/p0057.jpg,506541,fad7ba9f2c6204b1c1755f9f6081da113c2e5cdbbd7fc31a9e944aad08931ebc
pages/p0058.jpg,451598,ec63f577e5587d3aab7ac3f2167aca2c2c02f197c18ab290a096f3f0d5e08016
pages/p0059.jpg,548871,c4a4f847cbb21469b19db737205ef00fc7e51798a58065547ca35238523cf4e6
pages/p0060.jpg,446397,8fcae623d54b6236824b42ebff35343599f7e9b24ec615f2fc7f14366d64ad6c
pages/p0061.jpg,521708,bc6624aa101654aa530834fdd4ddd6222ec0d7ce356d8cc4cbf1d4f774fd88eb
pages/p0062.jpg,534798,511f8ae6474efb859517947dad8314f44a6941241bd216e6d76ce43fd5728296
pages/p0063.jpg,498736,af0e1fff9fa67625a007b8dec2f1edea24a6d1a976a6165283584e599576ad5e
pages/p0064.jpg,415758,c55cbbac33748f8f1f5aa54aded862e1901ed2951724a4fa3ca3e666ef5d60df
pages/p0065.jpg,536802,051a77266de161a4ff3a82f63089587529b3f910944e1e2f75fc6f6a7a405bce
pages/p0066.jpg,500796,25d1852f9df9789a8a402e59fbf7546a3433e79dc000dfb678a7a7c3b9b05e3b
pages/p0067.jpg,537246,4fd4ab3a7566998b6d90e1a9981a74421e89fc3bf80b6094a6b67b4002abdcb3
pages/p0068.jpg,430911,202412809e3d1b950c8c49254cbcfb932d01d261098422bb6b8c2c0380bce188
pages/p0069.jpg,545893,4711930deb791f3fff928d2900192cd34eb4b95616594fa1c6109e6087ba177c
pages/p0070.jpg,540376,0436e04a6ec1fe237b76d1ade7761e2e557ef7e22385569d49e3a8ee85a1e188
pages/p0071.jpg,549497,aec35ff3dba13f1e4344c0d1b8cd68ef3fde29b8437ffc04da84740616b1a6fb
pages/p0072.jpg,505334,4c43a0c7ed49500449b362b4279351e3fe83fe9067fe305485031b7886ab71d1
pages/p0073.jpg,531016,72aac5fb9f0205e5368a8c586633f3c9f5247490f3f708276beff24d5b41c0d6
pages/p0074.jpg,496622,786205d94866a6017d3f5e468f2ce5217192eb4125405dc09c76069b7c1746f4
pages/p0075.jpg,551100,1285e832fbda3d3257fd2c22156aba99d57f136902e71682c53a0a99f551ea35
pages/p0076.jpg,516601,e46f3884107e410ff202fa2bc06e0a3e982a61a3903c8f01db2e238ecb8aef0a
pages/p0077.jpg,555612,26e151849683d9628311b89ec5175f13b52685a353a7995607f7fb2f9992fd04
pages/p0078.jpg,457664,d62c407ec5fd5435746d0480157ac15884f916163c22a0e85b712610fa679ab0
pages/p0079.jpg,545470,9f67800adb60de7cd4144b424d96916f8c717e43a36edeb3fcb4e9748e0c8574
pages/p0080.jpg,445778,c22c602ed609847d80b8260f541aa09da0df25b951ecbb9ccb2b799caf2d4002
pages/p0081.jpg,545262,ad22a342d9cdc68ff2e64a55821b116f5adcc18ebb43d0b3148e1f97766f2f8c
pages/p0082.jpg,540100,28a71989346169fff895cd81cffa2eb40b92923c96a8a1528f68c8c670709a8d
pages/p0083.jpg,546426,941ae3b61cf7f0dc036572bf9cbf5d5b01a2f8f024877e3250bbb8265c986f80
pages/p0084.jpg,519255,461478e73346db290ab07a22347c3730ef005ddf168d2888eee49fd543e51c1b
pages/p0085.jpg,557929,71e4b8c647184ac942e1bbda5e97bc3998b4b2a5dd9ff0d9842774b65604d3ea
pages/p0086.jpg,500869,805bbad3232f39620292c4e67ed52319d9c1d663c13f2d3773bbcf7a1d37e789
pages/p0087.jpg,544325,d4643c63a0a92ce874c0e0cf68f15bacda28fc167aaa98246f6006034f11a687
pages/p0088.jpg,558346,aa18296b633471e50a1f773ccac9520b144a8d04b69105d9b49fce2c473fcf8e
pages/p0089.jpg,559628,4fda605ebc137de3412215c80fa62b1ff8796637096acba72c650e033e529751
pages/p0090.jpg,469736,6e0e79db4d8cb2b66c80274c49967a6068448650378662caaf1b5ced81875e36
pages/p0091.jpg,561742,c13635102cb13722b2ce98150f12d2f96bb4f20db5b3ef592272d9a6a8e90479
pages/p0092.jpg,512214,dc07014351a9c1ea3ba52477b4bcc10cbbf22017b27d8807e1806e2befe3bc6e
pages/p0093.jpg,543091,52714d0bb285d2bcf67d08bcd299e03bb0e9115993cc31e02a614556d4100d43
pages/p0094.jpg,421860,74bedf86312661b297e62ce9e4f45654c5586a9df6c8ea06f82e13459bf0a88c
pages/p0095.jpg,519655,536786d8d6395bc1318531e002ad3f1f6a37e8ea1d10694060e01e55222f0ad5
pages/p0096.jpg,483166,f62e9e2ef7bf967160a0f8a1a6ab51177663fc97c7b888faddf04ddf1047a812
pages/p0097.jpg,543866,dc3881fc4bd6f6913b1dbbf7683516b0eab747f2214895ba45132a4a7c320266
pages/p0098.jpg,503906,1e0c154af3793463ec7aef7d5527a5df710332c47944ed4a4d46d03587060744
pages/p0099.jpg,478351,8dcf11ce20a0f9028df8d8eee91405d83d9c553c0bee8aae0c4182294683f433
pages/p0100.jpg,467345,4a9147b90355657943ad1d7bdb83d2587ecd233fab7bf26d1a95afbab8733270
pages/p0101.jpg,515785,0e1705c2f69a8e90f57dde9e758b2eb239cf60b584b6c98f4cf987ff01040986
pages/p0102.jpg,545992,7216a37618239a858e5cd4a4bc1be2289ab2a43d8bb4a6d5a47aec9377a422fe
pages/p0103.jpg,530531,ac078bdd856ca67c7eb93b0ca401cc947434cb87cf64fcf01320e397f947f2f5
pages/p0104.jpg,512375,57b6c6081291de43ad2a7851652d46875dcd926d28aeea257ee99ccdbaabdcfc
pages/p0105.jpg,560986,2ae0a24e8cd94a8d6c66615c5824d4ebec1becf85d50febfd903c767ec74727b
pages/p0106.jpg,479600,0f9d0511ee7984ce779917ef242212275aad106cf28941ac908d44c29bae723d
pages/p0107.jpg,555379,a0aae7614b8a203cfba00aee5b41d44b7e71dc2e0f1e2da35041fc799322dac5
pages/p0108.jpg,584027,5322bbede770015055bfe245995ed1c05e2f4cd4b2dd7d3ef6cd0594554c4a8e
pages/p0109.jpg,537638,e0078b7f4188330d52fb3da530068a4e3f9f2f022f21bb8d1273436526b4e552
pages/p0110.jpg,489705,6c79160c013410adef9c59cc41346ea3b5b39864a507f13036b1264077c5895c
pages/p0111.jpg,542758,6935c9dc794935163d8f0e0c3a44d9857004a5e685642bb39484b9ac2f9cd94c
pages/p0112.jpg,477270,1535d938598cc0e1a468f6a1a841b0a6155d5735020a37e9f0fcf0f44415d218
pages/p0113.jpg,537879,6abbf134d88e921f9de9bc82bf1095484f3b61d26f0cf03d966c805a604f38d5
pages/p0114.jpg,502431,9eac35bebced236cfa6adde6e36642e442e66dc186063d58af9d1ada1f2067df
pages/p0115.jpg,515949,b1ff6967676c321d06900432818a781fb92a577eeeff05d33aac6a3eb54b84b6
pages/p0116.jpg,438880,2a3b26af9233ee89990f52b453ed6d8820239db7b03813261c1aae7c377d5a29
pages/p0117.jpg,546718,191369b46810bac49f9a0d39abaec58a0f45ae32af76f217cb9271ad3022e72c
pages/p0118.jpg,455258,d99ac878d809bac167af40680d873ff9ffbd70d826a2db8338c13ace78284eb2
pages/p0119.jpg,543210,179891e965e82fb90477bc31c72d1b09cb8a39d5ca790c510ac18e0bcebd91f9
pages/p0120.jpg,496552,a4ee95ea6de23efa73d14cb9e36c97b03b7eb3ba7269e7fff98d38dc3a7c8425
pages/p0121.jpg,547463,1a23781d01ef9b8f5e5ef941290b23136b76fea7a376f2ee5726095558ab8184
pages/p0122.jpg,455319,269365e98de8b633c8e9eb423d6af12a8df86bc1a0d96c572b3169a38b12dbde
pages/p0123.jpg,546699,c1c613475278bead024549f9553a8699c0f7e1f95162690a09f5b02235e88215
pages/p0124.jpg,439002,6f6a33c72a3a5b1d3d30027f942c9baf775c11aeeeed8c01ffb7d39431d3461a
pages/p0125.jpg,551149,6c483a91a1b03586e256ad583701d693d60af23dd1d9bb664779a05ff898f50d
pages/p0126.jpg,485223,9e2b91f9b4f4c80401547d3a8e2db5ce76713f8ec259b238822069867360332d
pages/p0127.jpg,541453,128bf45650d961f462cc2003b5e4b1e51fc4c0541b2b6ffe52ea6baf661406ab
pages/p0128.jpg,436914,a78b5c6afb54bc59edac5ac9c475055696b290260f0c9e4782a9ae0720cbce7e
pages/p0129.jpg,524079,75fede1a4f03dde3a4df092bf809d2fd412d4cc258719a4433875611e595a28f
pages/p0130.jpg,516373,c196595c22762f60dd7a65d89e8752f8f6a609009f3a9571d3a7a86c24846d5b
pages/p0131.jpg,546685,fb235f2158314cec8dcf0e3661c107c28463196220f30d6c7b20cfd1b14a20be
pages/p0132.jpg,512471,9f93432dcce9a47e0988975dba42ae2338c0e7bb4993fedc3c47e3a09b91db8d
pages/p0133.jpg,539226,a3704a737f186aa09f5b2f8f4a27ba858236d2751e22920e2a6097cfbcde3d92
pages/p0134.jpg,468770,12fb12c024b392bc47a6d2b31be9fd046426148114f8c4a0363bf8b2b35e9d2e
pages/p0135.jpg,517228,d26aa66674027c2fb79532a8c2f2c49daebfdfb6385f9cce5d0dcba82220c352
pages/p0136.jpg,446562,910d4cc41615b6d7094b2146302049d295e1c594244a2120a293d7cae7de8cf0
pages/p0137.jpg,499250,27cdbe326822fd8f068bc733e462d0902b9697513fa1d73093072740163841a1
pages/p0138.jpg,504405,a9435e5984fffa79eae5c28bedec8f01fe90a9a11b74d473987b0851d5e4331c
pages/p0139.jpg,541939,c9d55b265746933b3270a24f376ce25b08d0fa99ba96fa58355f8aedebc4d141
pages/p0140.jpg,529919,78b5bb11c0e1bf61a4417f48a03b497bfda08e80b80a4c3d77779a0de78cb0ce
pages/p0141.jpg,547561,e4b153ad2757e33013fc4357fcf68bbcc5ad94791b4126632c0a80920ade907e
pages/p0142.jpg,520193,c70d92fff5fe307a28be2820a869f41e6c9e79863291f3560cc7212bcc7fb07c
pages/p0143.jpg,530444,69b9357fd5ff196e094b3c55ca8fd6903adab4466060a3af2ab2cc8d69906611
pages/p0144.jpg,453620,a89cc85ec28494dc55d391afa8060fcf7710ebf29b0e65e267ddc39a6c262fdb
pages/p0145.jpg,523877,efe0f0424ff8ab54d1573e9782d7a006e52f33919cec21e4daf8e33e3958829a
pages/p0146.jpg,522227,f728a840787df0725a4c3e2bc55e00c3eaab2e2e39cd40ba8b2d1a3a31d0688c
pages/p0147.jpg,544861,051b4b5bffbf596bd662f5abce4e82e4566b53c12042c2d2648627d707fb3d31
pages/p0148.jpg,512170,a6d0e7ad82026e6ac07ab4e657a630b7600c77759415e751de7507dd06a91723
pages/p0149.jpg,551551,0c58340506c3b2c604fc64191bf07510959e32b2d4efef9389552100bc8ff48a
pages/p0150.jpg,21659,93a956d1f44773a2f7c198532cf68218f13ed487bcded7c7d09e03c9e1f6b360
pages/p0151.jpg,41291,3f9b2bef804fc43559ab0b82cfb80710d34b9685883f008a2914b0eb3e8b7bd0
pages/p0152.jpg,343134,52904c7ba107a859a545cc12600dfdf524fbde6907113b32d7282b658b0cfdc5
pages/p0153.jpg,398077,3da9166bccb051745084c7353dde58b52ad3388cacd1443ec46fc45d8af2b15e
pages/p0154.jpg,444456,d854f2ed4116941c8a0af86e4839a17b5e4656af59397934706ec03ddb0da5e9
pages/p0155.jpg,558627,c99841cb494d84c865bb2f882b520b8d88de1066d8281dd225abed72163ea68e
pages/p0156.jpg,503144,86524131d460b2fd4c8624fa0fe28db1971b58801273a2195bf8eaa8e43bde54
pages/p0157.jpg,526370,1724bf068825d2ff8812fae680c7ef398e7e5a9135bc2ff3b8a6cc2d29b22433
pages/p0158.jpg,419532,ae958a224d33198a94e4e42e6df94f9d23e851cf3c0e682c773ea34b8d279ee8
pages/p0159.jpg,536931,43c623ea9bda48ab20b464dee5feb98b958892dc6f0725fff7e7b670571fc616
pages/p0160.jpg,458270,a65005c55265c99b3d3b32665d8969bb819a2358621ddd88d8c2b259c0a1c084
pages/p0161.jpg,524965,7bd80795f46d7891cd87a5d772ce43c09184523764693c9de6f440a7455507db
pages/p0162.jpg,440869,879b06adf3f1f3a196093f2c44d122d8c7e8cd9939f575f6df746f440c51a957
pages/p0163.jpg,549090,7a5698fd9287c5a290724a771f0bb4f7b3a8d9c072b4175d457e6ab92a6a0ba0
pages/p0164.jpg,454058,b92297ec61eb3fb8d5769698405c459ed9967981c37115aca698bee477d74057
pages/p0165.jpg,549483,89669ef7bc0474c596db01732ac4fa0d10ae4507d46124120845461f74be1a90
pages/p0166.jpg,457717,983a25ea8b344323864bb2cdaa8772adea792a224a61df8de0e42cecdfdee2cd
pages/p0167.jpg,555695,983107fc4257247ac17c01799614120ab0e9cd643b7825476747b3dbaafb79b8
pages/p0168.jpg,503816,ec215b8c26d39fec9f2ff32697b4b10a89f0405ec0f93417bbfd9ce00c0bf27f
pages/p0169.jpg,555802,3dabd330433226fff7ce1c7e02d0e518ae04a6eb48f1165d40d34e2bfc0f2fa1
pages/p0170.jpg,476439,1720934b822380bcb1f80d9cb1990c7b53ecfbf96307b9393f34f345c4b4d083
pages/p0171.jpg,536818,ac4cfff0b617ceaed316c222968fd033761fa1db367abed8ce8cf9fb8da4fdab
pages/p0172.jpg,485287,9c937e165f2e27ec45202f5297d3737ef028f5e4e1d2b8338c9451f33cb11d18
pages/p0173.jpg,564442,af877a198b08ebf90b38e797e5cdcfc8671f35be3372c9d614e1ca8dd1a8f98f
pages/p0174.jpg,445573,7e7e443a5a49053bea7a6e51c957d0dc74f27e438fa7b85a6e8193d75b31be6b
pages/p0175.jpg,562056,dde186c3f68209364002f86168b5ba821fbcd46e3d02b2ee0876f14f81f61e54
pages/p0176.jpg,499270,4e567b3651444e538e2de6cae23fab429af1b6b78f34a42a2da2804d14b50619
pages/p0177.jpg,569474,563d5cf6a3800a067b444eb5c2f2d68ee27ca9fd694727b0ca4631a7de1fe1e9
pages/p0178.jpg,528532,d43e6a9924919c071ba0c25535c0b0e96192deea21c6b5c66278f43405a329a1
pages/p0179.jpg,565655,01827d6a12e39a1bbb3ab53c9f0ab2eb4315b28f18c8bd5f1a43dd75a12744e6
pages/p0180.jpg,465647,7939a329b7dd374fd62570289db77fad7753593c7ac76ef59618acb65d501ab8
pages/p0181.jpg,549894,52ed8256cfd382121dd9040e99e0f2517e4b5d82bc89d5d3399c000d3897e8a4
pages/p0182.jpg,503194,892dbc47d1a84865e80ec65d1513d2b15902600f8b07227cf3ba7bb87be0e023
pages/p0183.jpg,555087,8231d42cc3741d088b425d571b5ab342eadf597c04909ce7232dfbd408c7f0f5
pages/p0184.jpg,502555,9d45e6b386e4e0f8277db965cf5e9eee38233cae443163d470c7b51740f532ff
pages/p0185.jpg,546993,a847dd0c9cc92cb7dd0816fe621bbb0a7a2d493201401cb357cf4358a4bc5540
pages/p0186.jpg,496582,df19dcd9f4bb702e000d1b4e22331b075c003c8fb347355460a5dcfd5c058f67
pages/p0187.jpg,539875,39d45d545f8fe6b6042ddccf1a12bfd7210a321d0e504276bc0d9ba9cba0a5c8
pages/p0188.jpg,513514,e9a57e3feaf473ebe511c641f80a31e007cdc398174c4912f741227937616703
pages/p0189.jpg,547030,23570aca5969160686c0f89f6fbd1c15bf8bf7c3b6df0319e109a426115ff2cb
pages/p0190.jpg,457274,f98bff223304ef8527757698b65038bd4d8ba88ee89b9e985094bc57a297e961
pages/p0191.jpg,556741,9b5c164bb9ea208c022db348f6a1dabfd910776c7491f29ffdadc512308c5f2b
pages/p0192.jpg,486111,a443befe2820163f6607c7ccfa857409ef91cd24d6c98205bb70763c516d86ea
pages/p0193.jpg,558672,0b302fc8edb3e5d34323df2eb5a6a0bfbe8a08caf5be2eb7270545c55de8ae12
pages/p0194.jpg,481071,f74aee5862d18a57fd0e1bd2cb6291a36c062b5df6594fa435a800c6377558b9
pages/p0195.jpg,539979,373508c8c738296565dc6a6962b317281e7672dce686cc608947fa328e7e5a06
pages/p0196.jpg,456077,b1422c709113934692c8cced1448ca92aa7cffc5b998a83f98781a55338269e4
pages/p0197.jpg,536810,d52b8865ce4ba2956f24dec49ad36ead75a0c296939388fe8d3559349d66f1dd
pages/p0198.jpg,422290,73da67fb06ddec458cbdf1e7327476a89250d25551aff7b5fe24bc7df8a240aa
pages/p0199.jpg,548520,42dcbe4a4ec234e4ad0c5af3585345ad588e6186952fdfe45d380ab06d75f4f5
pages/p0200.jpg,436757,22d285c222ef3401b13c1249ec77ee4206ad39b51b6251a509339f17fca7d285
pages/p0201.jpg,549084,3d59cd3258e6570f9efcfa0a9247bd560256713b5cd18189795f223f1b83b7c5
pages/p0202.jpg,527642,f8f507873fd2256f249f672b8ce1090ee6dca6621524c18b2c7b23b9b3aea5d2
pages/p0203.jpg,543869,5ce55ee5179c5e72528058764095f8e58dd84e512a3cedc2055e721b2969d559
pages/p0204.jpg,548652,92d39379ca86b0c9b7c94781dde3de577b7aa09f744e9abb3d4f9ce424ff7549
pages/p0205.jpg,537684,f669853c123ff7b5caf77a79e34f75eedd2a0cdd032d7756086afb50c50b401f
pages/p0206.jpg,488740,6b2b24f4cad83c7e6eb9f61c545175e46120f34d71ada0dd8a572d9dbb2e89ea
pages/p0207.jpg,537730,f4200dc76c1229dfb9786360a4a3fca243316c40f74a9f73e43a56666fb760f6
pages/p0208.jpg,542978,eb45d248942d7af2c931735ecfdde26a9d8a83cf725d5df1291974e0f637e1da
pages/p0209.jpg,554144,db79a3d97a7f400acd44436cf70c8f5f6c3b2c4bac8e33503fdf020fbaa5b18f
pages/p0210.jpg,504992,da2dae25b187f0194fed10ccd7368f6dabf0caa39ddc2d4eab4b3d7ffaf971e9
pages/p0211.jpg,531915,69e997510c84c699c5ca4e758733da2e46aa1a10ccaea2068b772b8457fec6b4
pages/p0212.jpg,462020,61b364c66a34212047d9e4e51eb24bdf12fd68ff91dc3af226c4b5eb1305ba25
pages/p0213.jpg,534809,f5b43d7c6a2c48cf9229752ef7c22c0c71e6052f602c3011596bc6e04d3bddc7
pages/p0214.jpg,452402,bb830e0465579e89ffa004ddcb993e74c6f66582ad2091f1ad8e5648daf5341b
pages/p0215.jpg,533011,856ed4c41afe1765c0a2f4f30a1cd6cb473fbd714b26138be20237b59b9a46f3
pages/p0216.jpg,486763,b9d6a0225155bfa8a19a2ce0abd78772ce3204bc6538182ba18398c86e1de4b8
pages/p0217.jpg,503214,91650e7ddc00c2166704b6cd50cc45ba61ac5a0207a095bdbc1b4ac43c19c6a4
pages/p0218.jpg,515864,d69f973b0f42cc292e9b5c807063076408dc8654e8a606d179e368571f54cb37
pages/p0219.jpg,529735,be1220435691425924b6f2494426c4e188e79ec20a92e4023ce4f9d365cf79d2
pages/p0220.jpg,509869,3bd3b09d171cd7146d8ab92d5c00a0226be44a6ccda2c2a4ade4940c26abf470
pages/p0221.jpg,552801,0566843a5415e748be9e80c050ce10ecbed74daa7aaab6a1935efbb07e93d103
pages/p0222.jpg,446097,625a247a468ee002e539cfa4023a447cb393b7ba63a8828697b71516fd2ea6de
pages/p0223.jpg,551470,d0c959f3c75e09c592379285afc37bbd6b8567272d6f4fea751701a1b03eb6f9
pages/p0224.jpg,469366,31c991093f2751d155f213b58feed91e2ee8ec6cedacb9b281abeebea5bf7e4f
pages/p0225.jpg,568212,ead6ee20e3b1d6c21004baa0aaaaabfc8158d6adad5e2e749b3f603d629ed481
pages/p0226.jpg,598770,e796e877fa397ab23145b469649c78c330233647a206704e6b471579b8b53790
pages/p0227.jpg,535381,234d5c55931a63be0908ad1ceba3ab8d375b1f742241e749ff497d49c3fff1ef
pages/p0228.jpg,511890,971af81e6f4843bc206a0edad1fafe437b81cb4ac2d0de2d380a5efc79a1fe4a
pages/p0229.jpg,551336,1f9c4f478cc6addcddaa4bdbbc8a3b01c3b1654143e989542025e54afb3f0dbd
pages/p0230.jpg,504400,2d06c7a61e60bd3c3e893fa492bd142c18aa8a2ce2591a978e35e745f0fa7d7c
pages/p0231.jpg,532758,e42d86f8289404fdbe38e03a03311d2660240c30fcc70bcc73996124b36145d1
pages/p0232.jpg,448833,f5043db8d958e16462487cb5a1a339e55ec69c244257bfbb0ed494aba94bb74a
pages/p0233.jpg,537011,74bb5b4ec087693bceaf888d64dc4ca3068cd027f2b5c13db88f16b05762fa64
pages/p0234.jpg,507854,fc6255d88166aca0275ebb7dedb12f99222ffd59417a4216d5c0176014a0bf62
pages/p0235.jpg,549936,a502962daceb07f7f8c7fb26c510f2692886b319138c85b20190fc4290e56ce0
pages/p0236.jpg,536159,d4fccd06edd360cfdb82003cc78a5c976105dccef7c04b6569f889525d85013c
pages/p0237.jpg,521212,60365df1bc876cbf80e2b4ee05421b3222c1f79f3b608f3fcdf8d7da93788a71
pages/p0238.jpg,471783,dc7111745fb557c5f75e13493f3cb6033bc26612146efcc4ddf84a5bd5e04a8f
pages/p0239.jpg,543282,585765924b57720df68f7bd1c2fe080119cd551ccb87de2537d7c5364c979bdb
pages/p0240.jpg,518271,38d61a04e1b10c502089a455f824f29a7b35070d2cd61262e8b854deff8dad83
pages/p0241.jpg,534433,beef4c7e60107064185f9e4021bbc9ac713797fcfea5d78c91589da16f6f3817
pages/p0242.jpg,526631,05c202710421d3a9ec824a6430857a673147560810d050736af9ff7018df3915
pages/p0243.jpg,562735,1d95ac7e342a62117a98e6cfce356d6f16387611bd7fe4636a673157c9145fe6
pages/p0244.jpg,461146,2c1407d2075706a56cbb130ec2382907ef269f5a1c016ee92755346c96eac3b2
pages/p0245.jpg,560904,4d293912c082c714eb3e6fbf3fb918f5e88bc20659639a511e32e5a91df27994
pages/p0246.jpg,454517,589b0656dbf7056e989f1e74c67bb0af370d217e47715789b641306f9f87f2c9
pages/p0247.jpg,538398,4866b64c3ee935a6818b64fe4d231ccb0b09457f0e74232e46bff987958dd4c2
pages/p0248.jpg,461437,dfd87a2e43803eb33300005c6722aafa7c3c3aa06c03d35b94526078f26d6cf3
pages/p0249.jpg,550930,ceaefdad7ba7d7cb907cbddbbf69a56b75cc707fd9d4e501764e491829a25a90
pages/p0250.jpg,536120,fa6de734b89851dc6b6550d228fd910b14030d1cd138ce8d4bf52be4128b0c33
pages/p0251.jpg,562794,2c991660431912b91085a98221c6730602e17a72afc903a701700389bc8275d5
pages/p0252.jpg,435102,d3bfc5215550c854ddc1e1b3e50834c1dec82fe9776931a9fa35e4d91134835e
pages/p0253.jpg,513130,06a6e16e6a5f77a2449465ffc867f6a76ef04c15e17645f35919e1da6fd9e089
pages/p0254.jpg,461070,6a5ad986e36ecb371bc247d52a389b0fe43cf34cba4547f34e42e81a34308a93
pages/p0255.jpg,538867,67be75d645eaa564a38efec3c70ba6e543b79dfbfe084842e3db39d4316d7508
pages/p0256.jpg,502262,cf19507ca14bfe1845eaa5f617a75c09d1c7b1ab547943d8ad8ba0aabc891515
pages/p0257.jpg,538069,6866a7031e4ec421eb4d72bbcb5c85871ee1e800d5eaac8bd6de4cd7d7db0082
pages/p0258.jpg,470913,917d551e313eff12810a6e190237881e012ec877f43108e825459c779d5de758
pages/p0259.jpg,540782,2e12da4d5824c5bad3b9856b7724a8f3b601ecbeecb5c1abf9fe9cee7950edb6
pages/p0260.jpg,504065,1e10eef78586255749af54e600f3afb072242504b4f6297180bd99ca54e2edf9
pages/p0261.jpg,545100,bd49694d22ad01c5cdc4b1ffce5c650ebbeedc991b7e7f0cd59a5c7b828ebefd
pages/p0262.jpg,424868,f333bf4ac87dd002c73d6331be7176312a64d85de82cccd2cf7b04ce2cecfb57
pages/p0263.jpg,484917,c0dfbe9381541253fa241f595f8fdc0365da1c537fbeb064ca10d0bb12402eed
pages/p0264.jpg,529339,dfe1c87b615e75da1bc14c8f917a240e9b74dd489ac8a01c8785c2cb21de0952
pages/p0265.jpg,532708,a17007543e0f6e3a426718c6cee1381fc21881b6f6ed5df174bb0e2cfd2cf197
pages/p0266.jpg,557271,9e4879450c8560a9a737da0beff486332a65a70ed69b66f3669813bd6dcbd74b
pages/p0267.jpg,547886,9b890a74c7f1f3c6190b772bf3c3ab22507bde4c5b3a701a020ee4d027c4874a
pages/p0268.jpg,541209,e600fefac75c46f5202a54a70c150d8998f60c9ec2a1cf9ca4a63c02f4825459
pages/p0269.jpg,527506,c04e30f99797a7e91e81714efe25ab4f185b033a7e2894ed41a9f88087a085a3
pages/p0270.jpg,501966,de84800de403ce95d56de06c58751ebbf83bfd0f4b3bcf6ecc5d5d63848f9e75
pages/p0271.jpg,540800,4a1649bc094e481ae67583e6822cc9336d13748558d5af48eca52a0c1fd446ed
pages/p0272.jpg,507327,ca22633d98b64e94d1ef84116dde6db381ff7883a7461d79b23e07bc756503ff
pages/p0273.jpg,529854,f5d1b7f5cbbe614de5a4ac4db22b27cafb6c22fc337afb37f95fec352ac181f3
pages/p0274.jpg,473581,29349b4521060a410fb3ed5ab4efefbbb2d54d010cc2389ffbd58a08bd625087
pages/p0275.jpg,541859,7dc2146d1553fc94a67b299e9fdabf165d0e65bfea261f99aaf84f3fbf5c3739
pages/p0276.jpg,519414,6fb2bc941bea52618d15056b43d20f51286e3954baafb0d651fd978b9b907eef
pages/p0277.jpg,529532,6d22e20f66c7b3fe39e829d1c41b09ef3839e16e2e840b1e0ff8fa99f1f53f63
pages/p0278.jpg,536688,3b48b4d28488b50ee88a2df020d4c7b13972d627b1ba7662b11fdef1400fd7c8
pages/p0279.jpg,556030,676d7edf82ec33e43f6db85eabc09293911e93114a469c7878a0c749f6dccd57
pages/p0280.jpg,488548,27c6040e2ff1319e8c535701a0fa24d9fe654cecff9a19c17512dc8ea81164da
pages/p0281.jpg,528624,6d2453dcf8ef83b33d5c6ab1c5a75105662bc9051df76de3d229312621433d8e
pages/p0282.jpg,455828,ae5f314b66f7e536d581414434948a08685e2008a98ebda69245f33b5da521b5
pages/p0283.jpg,548064,3fd88a8f0af7220fea0fd9028daf9d528cd457f0ef6da9e851cc3ce4385a4f49
pages/p0284.jpg,505660,0c2aa13080466bac57ea968c18b1826fc9f38cb5785e161e53bf3e21ac88f479
pages/p0285.jpg,528086,db42ada0bfea9d1ad4befb2caaeff680aea46d9e052501a5147d3749cf319c56
pages/p0286.jpg,533953,bcf180dd43f04cf813b82e6df90347f654a06e76a3b68470c562bb62f84baf21
pages/p0287.jpg,525716,fe49b6cdd0fb799899b4be6ca1850fba849bad4df8761b2ae39f2761041687b8
pages/p0288.jpg,445968,ece9c082f5fc6351d0cde74efac8e2429148ab55151ab4bef80e775ef942eab8
pages/p0289.jpg,524878,0b5f26d1629af5046752d5762d88f5cf45f63aff043ee1ef3061dc4e919d2205
pages/p0290.jpg,510092,8b49915c8739fad050b1e88e71231791ea244b830f6e86fe23f1600640f3f46e
pages/p0291.jpg,528445,5b0f624a835581c4a030d43471da1721cd515d98d64b5b1bd40ab98c2616c5d0
pages/p0292.jpg,542171,2b720ee638d96b83eab7918326b79d736f4d5c59a55883e4f1bc8a0157b7a813
pages/p0293.jpg,527773,be927cb7a79d26b76b1769baae5b9d0838d814b32bdf0ed87f33195921b5c4a8
pages/p0294.jpg,461983,bba8ea8aabf3bde6579aaa3a0e696801407235cb06521a467a854912ab7c1801
pages/p0295.jpg,533616,629577a59eb94d94bf5e4109d22e02ccc26979328614b0f7139bf951dcd152dd
pages/p0296.jpg,476913,a1d7f84fdb9a68cf46e308f8f8603ebf0067c625a63e787e473a5e8adb6e8b4f
pages/p0297.jpg,524909,ee0cb2465810916bd4e2e8cb556d725e3969806b734ad3c59be9259df8a6334c
pages/p0298.jpg,476191,b0c42f001850393df95987c94eae2a2c080fbfba8c2aef1ead3055d5b6d678a9
pages/p0299.jpg,528370,26bf972a504bf35aeb377398e0957aaa618803e73623176ebc30e2d3a1d6d300
pages/p0300.jpg,483600,9b6f39309ab59d8a9593c1a5e36bf2503a3cc50fd41bf1cc4c227b39dbbb91d8
pages/p0301.jpg,542890,5ede7891f61cf487f08ed6f307c38e8e5215188d37a900819d292d668ac4252a
pages/p0302.jpg,480909,d201efd2d920d6b412f2a865693ad0e4709d9360d023c5f67b523d1b9bbaada2
pages/p0303.jpg,539250,3ff734d029c9d0e7ce352c3337617a7111afcd5495c4aa6c9d50716701d1d77d
pages/p0304.jpg,522366,8f427e9df5b7767d872c27b56bcbb450cfaeeba6d8a1002973aab6a3bf237b84
pages/p0305.jpg,554856,43e1e453d76a2d979c3f5283d9d10681bad7c474f4379b3467bf968b50c9f051
pages/p0306.jpg,514549,5974557f410fe6d23cb1d2be081c640dc21de0224ad3ee65c7d6460b7d6f9a20
pages/p0307.jpg,554631,117704b9c68668bc5c287c4ad73b787f0daae331db8a4ce3c58243c7f7641a49
pages/p0308.jpg,506332,b55e91ba515878dd22fdff2d12ca6e2590c1c2958aab75519c784fb23fd985ac
pages/p0309.jpg,501515,d21d49f2a9af2e2b888855c6c1fdd86702cf1d44e6a869f53c6aa3e330b172d5
pages/p0310.jpg,497721,941de9f70927c02188e98821439ae3d26ddff5d7cbf43c469cf9e25e4fe7e1d9
pages/p0311.jpg,536258,fa50207c50ec4bc57fcbeda44ac51d98917ae493e9f9d2ea49bb637ec8ca23df
pages/p0312.jpg,462855,06dbc358a9bbcd6abd063ef28d7e60fda0be64f3375bc8c16a87329076de0973
pages/p0313.jpg,560052,264bdb514b3f34e924d40500533e5250d44a156fbf69d911a23497b6dd18b6bc
pages/p0314.jpg,533361,f2a21d3c0d8e57d343c682080e260a7f5c21e0d97148655671f9ade291ab03f6
pages/p0315.jpg,547337,865373e39973ec3bd1d42acb895ae2000b84ae61dc5489f3fc95264853d8fbc6
pages/p0316.jpg,326084,a799035775709b1f35207c2519f7dedcb79021e083e22fc801a138d67d1e129b
pages/p0317.jpg,353808,8d05d6710754fee5533453aaf1717591122bfe64de9aa925b273283b272a16ad
pages/p0318.jpg,21659,93a956d1f44773a2f7c198532cf68218f13ed487bcded7c7d09e03c9e1f6b360
pages/p0319.jpg,35468,0984d08b1f5b9b86470343cf95eeab584a6b1e3f414c4a2254a03d0edd883950
pages/p0320.jpg,342437,7766f08f069af376e153a4281be026c54507aa88dabaf25465ae979507d01b7e
pages/p0321.jpg,413569,e9cb8cd38f6df5e3d4574ef024a7d7303e3fd0ea9e2c753ba78ec022c11c8839
pages/p0322.jpg,499793,cb51ae09afc77e6fb1f658112b4ac65fbcea805501bf435f0a0673f204c2f87c
pages/p0323.jpg,558872,8ea518a285b8db2e6bb70a507d510c02909b16bcde8047a5caa86fb86bf769c4
pages/p0324.jpg,480968,addaedd2c436063c0a89144dd529df4f2cb978e482474b0074e16722339bfe63
pages/p0325.jpg,538633,f476f5419931c4b09f39246110b8a8819c072a242d9b8d05209c744aa6bceb77
pages/p0326.jpg,450183,0e1838b9cd9ec2ddb335ac5c776a603e2182b6a4fff3aa7471e20db750b8ea47
pages/p0327.jpg,548582,7b926f03c6613e9f780c3c884ab64422518605ca6acd7edb011ae6cfafb73385
pages/p0328.jpg,500616,8622cd22444795749fa117a2e9621b941b5a7594a1ff61506ca1c09fc204faba
pages/p0329.jpg,549706,d7c23485a290f4f3e8b076826c06996ba2d0e112639608abe6ce4635765f0a7d
pages/p0330.jpg,513960,1aad1ea5a93d456a21d8157afa1344ee661655a137326bd336148015e3a6335f
pages/p0331.jpg,537945,c58e328d3c0f98f27bc871c203a5bc8e49a079ed8309d78ce34a91fe87e74103
pages/p0332.jpg,524157,79363260c880f63a07e7ba7bb54dd4a8c31152aee412a7073e61104c4e7eec91
pages/p0333.jpg,551564,60586255e006acba090baafa82a7d6431f5f09d41302d4b4e3bd72659856da1a
pages/p0334.jpg,523379,eb50d3900c75549e9f5250c6f1a4053cd751b4086bc2dd317c9c9c92cec9c450
pages/p0335.jpg,541570,c650e9b94db077238d6345fe5c699e1c374c5be1f8dbe72dc5cad2a6f476c4c3
pages/p0336.jpg,504843,334c6f467e7e60a0cc8d70587f7d3fcaf94e109b97248a1a5834b429a22169ac
pages/p0337.jpg,542772,b889db396c6838afd8b27ae00177fe56b46dd504adb568ee65f5575e074645c6
pages/p0338.jpg,423049,e05d0530e082a9794f769097fd23ff1861204ce041a36a30ef2debb3629f015b
pages/p0339.jpg,538586,d183636a277e3401790aa0d3c1cc26fcc6c5c5676bcaf82b6a3b7890186ec6c5
pages/p0340.jpg,436731,687ae87e1825007e7b6ba9c7dc2066ca0d873e3bb5466cdef61d34f470d05dbd
pages/p0341.jpg,522776,c4bb2d94e7337ea456d2d441e54e243e0a18b865295ce77fa87f389e2df4384e
pages/p0342.jpg,475270,af4fc489da50e12c1417249b196c2ea40b26b530f8c95492fb6fa3ce0846aa7e
pages/p0343.jpg,542056,efc9e29acc40cdaee5bf8470391ef1cc0a812183ce7618179644b9976a3ac38c
pages/p0344.jpg,449022,4331a87134ba55cccee7cb1253b20ad25eee47a1e44ecf4c3490ac61717eeee6
pages/p0345.jpg,547945,e0280756cb02b2c1f3b7cde2d9ffddeedfc042486264184608ec9ade7d67dc7f
pages/p0346.jpg,524750,ec98a7ccb2fc4058b80f2f6fe6a547d29a5f3e2d09df4e4cccefebb7e657dafe
pages/p0347.jpg,534631,ee816b991f6c3fbab29faad2eb9ae06bc2d93646eb790665f6b2f8d974a190b2
pages/p0348.jpg,475115,091ac0325176286470f67159aa20dad4196354384452d879ea89b68de0d21a2a
pages/p0349.jpg,553640,892a6fc22a124f1f15e0f61c9b1fee3991c5ffbf748a18a81e4d6ad3bd603348
pages/p0350.jpg,422992,e4bdb22514aefbb5b0d1cb106353b44e7b162cc81b58ea506e9262d6c6336bbc
pages/p0351.jpg,534358,bca0383db1bdd9796101e67d99df6b3c495b47f3e672c8683c53ccd7c501d6a5
pages/p0352.jpg,515016,aaa6fd30e2b7261676f1afb4b62cc004ee1ae3db3f5eb6a45345d9455810fa7d
pages/p0353.jpg,549171,9da0a3b070d7dd5f65c1b0e0bb23c07e622c3075a90e20df96911fbcfcd67f32
pages/p0354.jpg,482182,fffb70e132234b611a65355ad21fc9aa2c993dcb46db16432a6f12c67bc3fbfa
pages/p0355.jpg,526688,92c3b95212fa7abc0fab2dfadf2b6e1627ea8e704f3d71117e3d62e8c89f2e0e
pages/p0356.jpg,388168,b4a7974e4d3dd3e4c83862fa5861e1d5365ac9dbc753cb346a12aed8ad0348cf
pages/p0357.jpg,451552,2e66344abf044e99723785ed164237bfd0c349574b0ee414a73d94bd3cf67c2e
pages/p0358.jpg,429903,6cf5923538dcfc9343f32714cf587d233dd65ec6ec01cc0111fd53fafe4ddb1b
pages/p0359.jpg,531721,ef36ae1743d9b9fceae30e8b7a0f682b00ecf4dce74d9a4ebbe10a259c006dea
pages/p0360.jpg,500983,9d0c3e6ce8df6e82b86b1bf1a6079bc000d848b71a5b9b81d9d86edea80c6c11
pages/p0361.jpg,533646,d9fd1280b054895168fbff04052b5e2684d1b48a4ee89d8e4e4c80e82917d0c7
pages/p0362.jpg,558594,e0c05c8e0ca379d726cb03e05722d5bced67080522a8a7735f7656e3d7e28587
pages/p0363.jpg,536807,a37f5584f8657a2fa86d60ec75bb61e0bf5c1b9adf226effb1eaf5e07a5d2e36
pages/p0364.jpg,479385,4da2e86c3c2eb9fd2e739c41835b7bccadb7e2f86263d3bc70f4c47d99ebfe25
pages/p0365.jpg,528515,2d14e67c8ca92a84405add7287fbb5909a0d10887e7ec0466775d95918e80f87
pages/p0366.jpg,517774,32fe3883d462f3ec43d5dc49eaab7fc0a526f098bc6a2d2789b976be629c7a5c
pages/p0367.jpg,523508,8bc44d07f54de0dba36d9d134f3a8f717d465040e585f7b004bc1431a09b2146
pages/p0368.jpg,452938,2d0b755dc0a44556200d7d3d4697403b400de2a8e758b3042aa732973c173dc4
pages/p0369.jpg,524446,7e8c44644ee85232ff4d8dbf63f7a2c534aa421561d54d8f1e325991b369712e
pages/p0370.jpg,541242,8844779896fc732960a12e13d69cad513ded806362f6d6de3c6c9fc841c11e6b
pages/p0371.jpg,538922,a0a60c27f2b97e05995e32891b21994f793d074c5884c3e067ba57a2a7709afb
pages/p0372.jpg,498434,08cea5ae788e8be9194630ad3244c387009c38647587140e40080973b78431a2
pages/p0373.jpg,520358,65c3e80ccbb3bfb9aa1fe4257d91c1051a09873562f39a7836f844957ad3582f
pages/p0374.jpg,511114,823992280487ba55ab7696fd01e6a1d1509aea635973343adf538fe4dc16258b
pages/p0375.jpg,541981,5c2bf3b6166d9ec872c93d16749357c8b4dd291e7260250c14ec18418204fef2
pages/p0376.jpg,495240,3123b81d03c3bc3b1aa8c4a8f758e9895ab57dee1b5e68440cf94c4da40d72ea
pages/p0377.jpg,536392,d5e9ba1aa47cef91fc93da8435c5d075150d1d3f0470bd491cb2fab3a1650af6
pages/p0378.jpg,512420,c753d6bc950588c1e66973484fa8a8dc3f30940b4f391ef37bb69ae6cb977da0
pages/p0379.jpg,513300,d649353ce599f012d4ed492941da1943f448eb98c59c7110bed05537f941c01c
pages/p0380.jpg,461939,7762cccf4c5971e8ccfef862cb0cc93fdc1fcedc31f7cc4f015aca0da76fd610
pages/p0381.jpg,529421,5665e1588060645e20e60a6b138e1efb0868fc2e06e77cb40289c5d284bd761a
pages/p0382.jpg,530057,5a68d980ad4660973117b3fe883aebca81812806f5430c2c15ac4b573c27b49d
pages/p0383.jpg,553309,559bfe11c379b4e814208cee5fc52357f8d7521288fcb780db75db50e869b76b
pages/p0384.jpg,546174,864f50a16ca6bafef9c0cf947696c73b9399a8ad201335a638c2220c572015f6
pages/p0385.jpg,510851,3ecea9a0da2554e986382fd04d39821ada9a2af5a07b351a29638da8bd1410e9
pages/p0386.jpg,470421,fe4a926256ac311c756a746dca9c4fc70ef2026a0a7b49c0ba8c9c2c7bbfd630
pages/p0387.jpg,538538,37fe0c154d34528a78cdc80e8eb6d10dc2ed1e7d149070d3671b4da925ec529a
pages/p0388.jpg,496542,c3d6428aec9d640d76f74c01112b48e3795cb524da91ef55d623e305ca4bba4d
pages/p0389.jpg,530701,2bbd003b7ed4a2eb5e857ff66b7f2c821bd2171e13f668035927a21dbd77ae63
pages/p0390.jpg,516910,0ad3739f627ce1098b85eeb128a5b814c80960bf40312a2f9916bafb24384969
pages/p0391.jpg,544333,d695ac9e701474f9f7a80cc9d3eb96aaceaa3818db127f0a99905a2b1ba7ef6a
pages/p0392.jpg,453485,67c65de2078351ee10d9c9b455dc52e14f25e403bd791935bb501ccc68c02d48
pages/p0393.jpg,541268,5183aa714c4e2a4ca4114cb38f418297c37c41aefe40baf92248f26b54fbe83d
pages/p0394.jpg,419187,ef53aa9046f9830bc39ae9c2ce82e78ea7fa8a3bdc6e98441b55780dd41bb3bb
pages/p0395.jpg,544024,3e92d03ea1474525276562445b1a75c37c4112c14a2e43e65f49266ab6a5d2ba
pages/p0396.jpg,476137,f407972edc284c7b8d377383d70e2e5b2a7e88ad6781f1e00292ab34b86714b1
pages/p0397.jpg,539554,3f38f516ef9163ad70cf23a203781caa92a679b1e4e92b06636d21b9cb74eb87
pages/p0398.jpg,411284,3d06cd18a6756c69bd83c4f6965355db964fb78584f27d81a05758b2ba8b97f4
pages/p0399.jpg,551011,d8e4aee998174b7bd9ed22b509ec73eafcdc5e9adb6930980eae08dea715cf23
pages/p0400.jpg,526393,257133d4556f74ae6a186d9f2298733ab0152211d75918d339123df2783e57a2
pages/p0401.jpg,558951,9e9e658e1f4a75f2562db8f65fa00e27430dad32ca54928d7b3197edbcbd4ec7
pages/p0402.jpg,458918,6c9102d04fa7cba6267de8366aacfe2c74883f76ce2f366a23771e231df70c8f
pages/p0403.jpg,547847,fffebcc92f780b4c1a3e0ef475b050b5d34dbe92504efbbedbf6605c0dd4734e
pages/p0404.jpg,407448,a34e0e12e617c3c01c76dffcb83a5fd27304d8c9c3bf139a4463d9e204c99e12
pages/p0405.jpg,402205,d0aa7edad951f18076c486f2efcecfcfc7be5f227487ac2f293a4996c99fcdd2
pages/p0406.jpg,455157,dd7ce5c953ec25afc3b5eaf57d4fb7d0054edb7e7c29042db353aebb3ed0fd4c
pages/p0407.jpg,507115,ef4ab842470be5432080ff0d5e8606566b75e9687d0fff9e0a787e94648e7500
pages/p0408.jpg,463169,491beb84315d3a85073129e637b90eba2ff2308591449738f97d512340aa5c73
pages/p0409.jpg,546901,7ae164cf7258e7131180fa88a5694ce21f4488b771857670955d56d7cc50b4f7
pages/p0410.jpg,455939,e1cf5fe7b533d215d52932f7ce2e7e7f04532a539cc1ab7b3cea88b08f1da7e9
pages/p0411.jpg,565157,6c2c418bb6cfcd3a4a97206a30b6d6e39159db95c721db9e70b315402944e7ac
pages/p0412.jpg,447962,472dd6963256bc14c9836510d67f259ca23b24adfcd87c1fac19ad471b4545a2
pages/p0413.jpg,535422,31086aea6f67fd2c9651e732de1a66a694ccc3df43eb96140fca9b7d43ef2f0c
pages/p0414.jpg,445127,5fd87ed35c6028a0a94b8dfc0a033633e0e80219694215ef84a9b1555c304dd0
pages/p0415.jpg,545587,a22f719245934d1c945e9c369a6546c8a3f33b80cf1843be1c89f1aa61e66470
pages/p0416.jpg,479178,e806368905656bf4864a57deb622ba788a7de0a9eaf7855e3573d46a79672c59
pages/p0417.jpg,545002,43210281f3d33786981511eaf631ff6b1b0eebe44b81e03c1cf649125c25910b
pages/p0418.jpg,492161,c540ae074c6864073e48c5e9c9ca227fcd079e9333eb9266eaa22f25a78b42aa
pages/p0419.jpg,535073,7e6b5a210acc759b24c28c1a7d2b52799d1f2b631ac289cbc98b98195d04f078
pages/p0420.jpg,452246,26365f69ae009e927cd2173d3067955a4bcc6242c27bc02f919734f2fd9fe66c
pages/p0421.jpg,546814,4f2caaa5dd7518e215d3ef28727f9798f6e5402e7e0bb98b2c8a58003b25ee8e
pages/p0422.jpg,506911,e98125e109b61f70643a5a697dd5be52924a0e434b5b7f54421c8e373d4e705f
pages/p0423.jpg,540434,5575d04a55442843cd9d18270e56593e9052f9aff49a81b99c4e3182423f2200
pages/p0424.jpg,503743,b5bd94321a7edff8e258758c81afeac4132aec78aca2324994faad5424a7973b
pages/p0425.jpg,547461,47424a50ae9efae9d86044c52319f1691f9f5d9c169ff1d3329b922ec15d04b3
pages/p0426.jpg,429839,aa74393394a741aca99e4e8f6fc5e5e8ddbd025186f7d399c729460797945442
pages/p0427.jpg,546312,53575f45090c8fd2f6e6e8c78a717e6534eff2934b3842b67e9915ba97e5c7bc
pages/p0428.jpg,538578,5e51c317e42b31dde200e18c1c0adc891a42a1738bcde090c6a000adaf36f8e5
pages/p0429.jpg,518918,aaef3b4372e6e05d888b5ffd4c9335cef117bc00e7ab1afcfddd7d37fda528f1
pages/p0430.jpg,418222,ace51a42cc974b92809af3ff6e9e9fd3202e5c1fab11ca3c0b0b2bf215596f63
pages/p0431.jpg,399752,76b547d4bd49f73ec692a0a3820ea7d97babceb9641e04b119953cfd591e6fb6
pages/p0432.jpg,21659,93a956d1f44773a2f7c198532cf68218f13ed487bcded7c7d09e03c9e1f6b360
pages/p0433.jpg,48286,67fc9d95aa607261c996482bd8ddd17372bc1ef12dfae6058d66cb898580a4a7
pages/p0434.jpg,372566,150ac3f5a5f293e494bedb528f6738476b41770e5a57af1676a2ef0841e5cdf1
pages/p0435.jpg,427815,2b056ad2510fbfe230a732f4d0e61e6f0d46aea8278d2c0e7160ed06e65e8470
pages/p0436.jpg,455795,1471037a678a0d24b984e15e79b94a0878ad2b1f7084ded9b191a0f37c9d024a
pages/p0437.jpg,547179,ed23651d43a71fa4c2c3a10f0e138b7b5a6ecad38bbdddc7159672568254dadd
pages/p0438.jpg,525447,5b7c9ba28d44259609dc3401241ec8cefe2fe01c8eb83e466512a45ea87ea7cf
pages/p0439.jpg,556191,bb0d053d74f7e84b93fcd476913a977dce964ea0d342debf778cfd6a214fdd1a
pages/p0440.jpg,483426,352d866dd90d341567682e0ff17bff3f55a9ac95d123f199e22347dcff2b1247
pages/p0441.jpg,504977,e0b45b6c0ccddb175454d5f3bb6968ae5fca066ac21253c4dbf32eccc0203202
pages/p0442.jpg,447209,b8f1b8e4603042d889865765a05bc313b068acdea0dc5b7d9d799f77174bb299
pages/p0443.jpg,508311,1aa04b1eba8e51541786559e82d9418da14423eccd7abb3f07db1f6637a7558b
pages/p0444.jpg,513880,435d714b066211a7595b3f9810d47fcb1ce677bff88eb50ef91394cc07bd3053
pages/p0445.jpg,538442,60a2839f73179f35e54e7811b2057667b5916ea987b0edb84bc391fe45313587
pages/p0446.jpg,481035,e61fe2e4f68c06ce284c7f04037ec91465052f2aa7962bbfebedf8b2c18309e2
pages/p0447.jpg,553401,4a090ecbbd2b4693545158eef3714911203e001c713050565d2efbc7f52ea1d5
pages/p0448.jpg,488832,6a3f0b605a1c36f3029b47c5719f14a3676c9bc44b9a35df6064e302fa76a8df
pages/p0449.jpg,563229,b81d28f1bc7ba7592b4caff37ddb27911b0d6be2bd2240d2e44ed75c5f171695
pages/p0450.jpg,430827,9d18bc25a1f9c314edb8c7c7e847c19a11f288c9aa599fdd519f52455f1f5862
pages/p0451.jpg,555210,ad05b84b21c5e8e36a42c870b086b3fdfeda38d8ba7a62a746ca3d5577112a09
pages/p0452.jpg,494575,bce267c3a7a8a37591a86e2d64508f0e1190c7562089b1fcf30268185974c2ae
pages/p0453.jpg,539883,6018d7c2ff3bfc495d4e2def48736ff3ceda6d3e3277258bc0b8ec6e420d77ef
pages/p0454.jpg,517493,7b540fabfdabe346a250bd2711f8bf8ea75fe63dbbde65a5a669a3fe020a9a02
pages/p0455.jpg,555566,12c1d30e5b248b890ebe961d78225a9f2d752c3b2948ab00d27723687889fd14
pages/p0456.jpg,495909,893a8cc2f7520302b700db3687440a59cf3b6f6c7ba9bd1d37737ec0210b8f08
pages/p0457.jpg,544859,f37530eb0e4a96bc4a077099f30e1c498c8399ec468c474a8e4b077069e17890
pages/p0458.jpg,506539,638f6bfd9d379ae8e146b3cbc251c45cc8aacbba5ad1b63e3639495ecb092721
pages/p0459.jpg,571464,cc6f9d8060daf7b6c72787ee268c37ff64644fb2515fec4b3888a262480ec919
pages/p0460.jpg,492075,5a26fe29acd8f107b73e7c11d4537123b554ea8374d34cc14bbfa34f20f1c164
pages/p0461.jpg,543605,13ec8369fe188026a2c22c128086b3d4e8879740a9f2c8bc243ecd1a9f5036cf
pages/p0462.jpg,488203,7a57e999e2a5b3c4ed3e5b01f4a0cd6d4357be12b55736fa4ffc8fdc0c04f103
pages/p0463.jpg,544272,393dc798e1f8496314d17a9fd0599611f0c44c2aee97152f76bc18cd4dae9a7c
pages/p0464.jpg,475506,496c236f021c766878f0404fa72adc6cb8db1dcf88374a02d4b5de29ce533aef
pages/p0465.jpg,500970,c2c49235b8d048b6539021e7f56155ae6a78ea738a42bf3dd216796173dbdd29
pages/p0466.jpg,536633,050ade2adc73a0c5ec193abc6bc4a675bde196bd97d2443ec0d7721d2b7e0e29
pages/p0467.jpg,549516,35dab2e1aee86aaddc2fbae6cb1e0a8cfbed0d3405ff0be72d397a717c52d152
pages/p0468.jpg,513364,24dff09a29e80ce8161274333f14ad558bc99fb9aea23d616ee42c17f726c096
pages/p0469.jpg,557025,782102a2a13fa143657172ab631b6cfd3e00b491e76c3a4e5dc3acf98a334007
pages/p0470.jpg,459017,b4a1067b106317218dd5b5099e475f28bbb1b9c832d6c452ef244edb514579f1
pages/p0471.jpg,549212,3851b4455f1ab6113e691843fecb56aeff6e7c1ca39326c93482fea0085a09ed
pages/p0472.jpg,450563,d211f7f050606ae5301be62141c66a357b4526a2d938826d151beb11958efa7b
pages/p0473.jpg,568373,8bbbacafd66901643dfb7e5e0878e10e0ed9986a67aa18ab74e32bd93bb5d6da
pages/p0474.jpg,498663,0a70807a9567d566f31b69b6fc8c7ff4b397c637952b2edfe68a07d46b1f7da2
pages/p0475.jpg,546498,42fcffb1d1dce316749e1138c2925fd88b800c969e1f4ce06a20b2023fd74c5d
pages/p0476.jpg,528358,2ac137d62981bf2c992928838b73e4f2db2c06a4fe99884b823f0583e4635eb3
pages/p0477.jpg,533673,2466ee821cb1ec687765947291ceaeefb5b2c911723e2834ebd61d9367c2d614
pages/p0478.jpg,418111,aa4aaabf366d35fc16bac8288f1aad5be792fa8cc471053db10a90579c97d4a9
pages/p0479.jpg,558985,87dd5c98cde69dc00934c72deb896954395c6a809eac74cab41529ce590de581
pages/p0480.jpg,505855,d07ca20129a8262561cb9a9c3d3657662446626525bdee68e22182280a1eb030
pages/p0481.jpg,557797,060c4e58acdf713d73fd6b81e21f2054655325720431bfb275184279c521ebb5
pages/p0482.jpg,445191,633e4086d34f0152bd831a933f2c7b3d200cb9d98139d108b571810ba520d04b
pages/p0483.jpg,533275,a3f1ce81c6be522905875c1e033a5362e587b3bee948f639f5cd3aa61ed0e50c
pages/p0484.jpg,476375,4edb4b2f66bf9344cbfe3ee38d608a99d46747bcaa915e45d6c04c73de61aa6e
pages/p0485.jpg,536759,354badf036de459591b4ef0bff7991c2c930ccc0c237d19cb06c036b21c9e7b1
pages/p0486.jpg,478664,285a4e1aa3f4ac948adbaa00e473473aa226d3cc60bdb8c99bbb24828b15c396
pages/p0487.jpg,547412,94f3bd8b72f3e62ad6778c926673eacfcc2edc0dc3098fc5d70425f05ebd0e1f
pages/p0488.jpg,511351,97772042863e3434f5d8746b08ee66550a1fc6fe1fa41523c11f584fa5ae38b5
pages/p0489.jpg,549700,08ca0ada150b13e4f5e3605f37dd6f3587f3bffeac1bf962b810b45d1148cc2c
pages/p0490.jpg,481441,4bf62958db0513125d9793aa41f2e42bd833a635c859f89dd49e0ec7efbe41b2
pages/p0491.jpg,531482,7bbf5f4493323e82da6a354d01491f23d71072dd3e1b51789839513f60b23abb
pages/p0492.jpg,527431,96af71aff1adb4fb34afb0ad5a91785375d355e5bb93405765412f35954d5d85
pages/p0493.jpg,531721,d11b7315cc70848fb2e6fb325667783af16ede37843eb0ddd16f9804c25b8fca
pages/p0494.jpg,503605,c499bf9f339c7f052140897809c84f44ac0ca90ba405fafc8baf4d3f7b154762
pages/p0495.jpg,533006,d234620cafd02f4c0cbec66a4ca0ad15a5f387b46bd61128058ba922d54706c0
pages/p0496.jpg,462036,e8da82c2ac2c2715e34ab93fb9a21b58b11a9cb18b658251ddde5329d522449e
pages/p0497.jpg,528236,51fea2b7f86f45d5facbe888d64ee3470be0f704a9c245f43dd23664bed4f6be
pages/p0498.jpg,470348,aa54bcd0319af44fe1e8a837dd461158d7a4415d361aeac347400ede4af71a61
pages/p0499.jpg,544437,bf27e4e4aa9457df020ec1a5f8cffb5217f1c8fd23a34a105a6d975dfede1478
pages/p0500.jpg,486993,643ae9c1a56acce4192e403904404063ed03cd11d7db579f9fb86daec7611662
pages/p0501.jpg,539492,9c8821f656c987b37f06acfebbf5aaf16dd8df308c26bb7198124210f6340181
pages/p0502.jpg,493040,cceef2366f77420c63e70adb0b6c47c9d9d608a5886ec274fd01094c53a69c35
pages/p0503.jpg,518420,9ed6c5a2b92dd8cba89f181759fa69c93f9259caeea8df25968d156035d259ab
pages/p0504.jpg,492304,8957dfc10a609138152dd9528e5468edd05aeb7a45c4838ac91ec56612e3780c
pages/p0505.jpg,531317,af44632c83f30cbcffb14fe0a528723a8a465c47b13e480ff6a274fc7448a949
pages/p0506.jpg,490558,853529e74f1ee47804d04fb959476a5dd1854012fce1181d9715f181caea6f01
pages/p0507.jpg,554391,4965f0847e977af2e40214807b56d99d3599b23106e6bc5b69692785f3234b23
pages/p0508.jpg,463781,229acc7af021fac16b770036524940c27fd7501d024b86f0f31d4f64fcbd0543
pages/p0509.jpg,542403,209e78ff195626fbc44888ab075d1956a4679caf91320e699bc79309c55ddf54
pages/p0510.jpg,454246,5f4f981bbcd28674b605195e26586247f82a5f1598d67dcbc06d0c9b2e76671b
pages/p0511.jpg,517890,500e4ad74708c111dfdbffd7951625506fc920724658f9de8c4c79592284ac66
pages/p0512.jpg,490581,a4485fc68f8301e8e00b835cce09f88afd09aafa9c9f045b46e0433afd3a924f
pages/p0513.jpg,541624,8a2fae956e7cff35b3d7bbaa416906bc6f615fa4c287cd2023e100df3a8e509d
pages/p0514.jpg,485846,57c5448137eaa866472fbf9ab5ebf3e034814945befb36a35428c1d90308ccf5
pages/p0515.jpg,539935,269a21ce490be2934a8022951894d1d9dcb651393f25fa45c2d573bd00c56d75
pages/p0516.jpg,487706,8133b66f7ee514e40764c7eb85fe9c2f061c1a63e1e9d6015c655150504d99fd
pages/p0517.jpg,535656,dfc1b851b929313ee7dd789e3c230608a8a053f20e7fd38a2e0a3ba633bfcf95
pages/p0518.jpg,539368,5b23852db001743e904852bde1e30f277b1523b4821015e6c59f4dc9d5087b71
pages/p0519.jpg,514299,a8e73e2e9381cf937d16d7619595f995303b96f68b55ed27b15e00a188a61a48
pages/p0520.jpg,452799,60c585bf06517ca63863d11e4d2432c1c0006fa8ed42488094cb4294da4d9d1d
pages/p0521.jpg,543720,4c42bb9f0d01ffc49251ae88193522e970061577256b08e8aa90f90f88eb3541
pages/p0522.jpg,498787,952560062a8ddccc12f1f1e3e5f8ce35702c2ce016efe3f84dcd53621600952e
pages/p0523.jpg,545835,c28cc220d5599e34872df25717325852d452c17431156207f0259deb8efbe7b4
pages/p0524.jpg,531591,1edf3b49ef4283cf081c1fd2a477a57ed56cd842743ca55c45ef3e171f27023c
pages/p0525.jpg,540317,d3a9d36723ed37d59ca0da2f59e557e8cd1c7a81ea58600bc0d0c0d92b80b9be
pages/p0526.jpg,378294,9fa6246c7ee537d6d936e13e143388c1d7c2c5061956786125983244f0775429
pages/p0527.jpg,414461,fb94fc8658f51ed7324fac2b2cbbc56342a76327ec482c2457f7ca12d2874734
pages/p0528.jpg,324615,2bcc72cae7d7376235c0f1b8105fe0eca050dfb1f650590e959562af4cc361d9
pages/p0529.jpg,211022,0e798b2855453dbe97559d3b702dd0ccbd5066ab9292057ba432fea9e900c993
pages/p0530.jpg,85944,4b83771c07dda9a7bbc4898887a785b35a61f37c33d859afb566bdc97f8c18bf
pages/p0531.jpg,71357,677cc6ebe82d7826117e16b692c7b6bdcdf3772819e283f8b184067fc88195a7
pages/p0532.jpg,38776,5633dd9708cdecfefacf3d00e327f25a6def0cf50ccaac72e4a324a449d3c6fd
pages/p0533.jpg,138062,2f52bb150e5528c0ecd72cf7cea5feb36ee18ef99326bc4562ffafeb678311f9
pages/p0534.jpg,38959,24b0c4917eb2abad3a25c47f506947fa56441620da650a37c6e109d09a304ee6
pages/p0535.jpg,220842,e034acdf81ba8950dedf3d27d1d12b593f0c9d918be09e7b925ca223fff15121
pages/p0536.jpg,28977,555adfbf00c90a23e40ac3b6cf2e1dd54db77d1b8f68ff0f66079b5949dfc66d
pages/p0537.jpg,72888,23e0c9df92cff78fe132268b4b2a5151687f474434b38e508d8c1e802eea0cf6
pages/p0538.jpg,345486,6de9ed8e3af4618cdbe17f8fc08485300b080572626f6d72942b5131649e170e
pages/p0539.jpg,377093,c54fb4a1cb0f0ffe7201db77d741b13d35e0b6a2d548467f942de409ef5a4d80
pages/p0540.jpg,587059,9cc537ebe23b6a277aa5e6129f1eddb2236d1f06463dc53521abaaf9452beedf
pages/p0541.jpg,585419,e7a780ab2643e8549b4872dd800ed53ce69bf87d24a1d90ee86f573c7c1ea398
pages/p0542.jpg,543625,c6bec56f299729dbc87a69a42d6436f5959c7388c52e4aaa684d884d328b30cf
pages/p0543.jpg,593944,ff749a5ad30a754f634fd701f512d8c380832d4ccccef1b16727218401f02d09
pages/p0544.jpg,546529,12266f5a71de68fd25203839146985c8766d4fd7a939af9d87c3447d97944b08
pages/p0545.jpg,581517,48d34692f0a85c283d905457cbe7b53fafad8e1e3d380b0f2bd861279ad42139
pages/p0546.jpg,567851,85a5e261c9db1bbeb8a86bb1f84ded78bf4a209d38279ca6ed615e012d138b66
pages/p0547.jpg,583470,dbf8b396b9ba4580947f71e3ecd12f33d652aae1ca327d15623207e5f68d5222
pages/p0548.jpg,571540,6dc4eabd0c097e9f8a5aea8c7e6497a02ded090701992735a8e81e7445c7207b
pages/p0549.jpg,562624,6dc0f4d0162195d094d78c503e3181b5038ef97145a271fca1be77cced331664
pages/p0550.jpg,535316,b0d6f49fd170b4f06207d6084b217f90b99926876e912bd1b9185a480030d940
pages/p0551.jpg,568476,693d57875c212ce915243751ed88fbaedb795da9988ef03bc8e98fbc8c0398b9
pages/p0552.jpg,496375,d91f5f37a90c2e93869b1899aff27e6fd7bb7acf63ce9da9c67faf58236d54fe
pages/p0553.jpg,589433,608fe6cb274467eeeea0b3aba997e2a90134d5634656c2b60c74c5b7553f5dd6
pages/p0554.jpg,535467,84b179389bd6ec2700caadeff62a731462890f4713b3580eb7cfbb8ec93d66e3
pages/p0555.jpg,526021,38fdbcfbeeb502dcb8dbba593bbb8c85861ecf3ca953e42e34369c3ebcfe096c
pages/p0556.jpg,493461,d8edd3726ef033fa2081edae918d635eb8de3ce1bbf71704682adb762b3e319f
pages/p0557.jpg,609534,f70e4168c9140b4067c2157aca844d1e8b99bbdce1d344d781ec0a057565098e
pages/p0558.jpg,554728,0195abbba748836d856c042aaeb66f5f6f188f21e99317701790498d2f94ef95
pages/p0559.jpg,612114,e54dff626e3dc720856d86e572d6a0a5a8809e2762654dc72e3f11ee67502344
pages/p0560.jpg,496822,4abb8c1bcfd6a2d642dd7403037fdf56a0049f9edade20b83596382283b2ca48
pages/p0561.jpg,606608,8a0c7616ab0dfc7f2308307e9f188e981361c479ac2b9fb2c74bef24504ff82e
pages/p0562.jpg,549323,fbe3213e474b3750ad9bca927b3bc4d54c3bdc815e5ec2fd552bf1f0e314029c
pages/p0563.jpg,611326,ebaa4ab24d1ef71bd5256d549d6c821f330030587fde872367ab2d4f702689c8
pages/p0564.jpg,537968,d07cab888f94daeb8445ae25b986b3f3e054baf69ee1ecafa7ffd975118b7ebf
pages/p0565.jpg,606957,d3de2d4b760cce105ff38f4b06c02de824ea79c8959d23d1de1207a40b6208fe
pages/p0566.jpg,488514,532b4576f7ade399006f72a00a113a4c15db623103f8dbcacbe9b14b5b6283ac
pages/p0567.jpg,606362,91f59c1cd53d0eaa370ed7477d5626643ad37768478bd34c20c501581004067e
pages/p0568.jpg,566240,9db413d98fddf0097db0e66f3e8424ce8366bfda9be1378de115b84446f857d8
pages/p0569.jpg,616347,008ade4be76c5f3e2c4732245476e6cf18b5d50315ffb4a0efbefbad1b431b64
pages/p0570.jpg,553884,a3d0c67a0acc7abaf53ba4472982be5e47fc0163f145395b845c4b72edd0fe3c
pages/p0571.jpg,618925,bed791f499fcefb6a9c1bae5a466cf865664711c48ac0fccffc6caf69542b5e2
pages/p0572.jpg,574564,1836f768e5e38ae2a8636f8ae90babbdbcf9e946f41cf7939a65460e7befd55a
pages/p0573.jpg,562932,be3af3df08ba75206ff21a89d67fed0661551c25535977270bbc0b261c4da0a4
pages/p0574.jpg,577496,0e7525b91a2506f305ffe8a44e73918eae7daceae09ebdd99812e895e454aa7b
pages/p0575.jpg,579659,bf9c8350580217c8092d7ca9a3f4d47044487591c15f2dffc714ec5d28c49dbc
pages/p0576.jpg,626340,c4da48b8192ba5438cbb5404a6d57c2f2daa3ac8b2ff3b57a09d03baa6484bad
pages/p0577.jpg,563890,d12d81b24fc5b68a633b03f669adc74013d02aef3feb41abbee085248a48cb71
pages/p0578.jpg,547426,294e85f84680984094516bdab7a24ad8d6e37af3c4186d65aafd6eedfaf27fbb
pages/p0579.jpg,586082,4b4d38e0a8fb9c99f2b6fa14e2cc2c8381e08df19d5b18520b87092059b52658
pages/p0580.jpg,557748,66359ce984ccbf5f8cea96796d2409d3fa59dc9bcbaffcd2999d7c1ae035e743
pages/p0581.jpg,594390,8fd4dae87d7eca1f75e0e978bb0974a2dd58cbc394e88118b7c4d27e03821a86
pages/p0582.jpg,586916,b2df508eadaf0af00412f275092391924559b7b6a336f8f172612073e372cee9
pages/p0583.jpg,584382,df7e3030ba967032cef242d57f826c46ffa15d2cda551f143a51e1f738dad475
pages/p0584.jpg,545571,6d7db968a32d9768bf2e359165a7df376e112fd884e8b86d3da9d8df9ebaa2bd
pages/p0585.jpg,580960,5eb37d183d7c9ec2b869dabaa282cb17b472162009c0659138146903a3d90de8
pages/p0586.jpg,568797,3dde9a85c8d5d8b0b643d8722af9c0e223f187faed91929a0cc3b8e78e789cc8
pages/p0587.jpg,544852,b5d2cc62442deafb7582e78386ed8ea1072e2c745f0061fd36119450ce5fc780
pages/p0588.jpg,577786,274ed71c2d986c983d3cd2865e37a98683f91322b96446f58a8f711f3273a510
pages/p0589.jpg,564553,63f6fa61f38d5d7d6075db56810e8023eb1c69611f9998756d26c2577be952f3
pages/p0590.jpg,550728,e3ef07620f31f084c77b6831aa0b6a7207c19ed5117bd6a2e3c4ebc18eb7c1d3
pages/p0591.jpg,628740,a731f5e99c6990196023b53619149791756edff79b02822e92fbe00b83f226e3
pages/p0592.jpg,561233,3ef4365c37a885cb809e7f9edd9116377b03a1090d84016bfcae06b18623a05a
pages/p0593.jpg,582326,06dc33658dc13e94553dab63f9ba82d555c1527c2279d13564d71f8093f0bb13
pages/p0594.jpg,542744,cb6e42af08d4179d588b70e7b99ef58cd5baf03094dbba2bc061b28f118f83a8
pages/p0595.jpg,615539,6b08db66085f468b1bdec3c08a875bbed9406bf5b18d6ef669b83fb39777a387
pages/p0596.jpg,487705,0f773bccf6bfa269041dedf3ddfbd8782a39f29fa6a25f9c989d57103395da9c
pages/p0597.jpg,627956,1fda57e057f6c68fc937396dc6c18490fc8f8287a0f7d43d40f892ff55d488bb
pages/p0598.jpg,542843,b20b5de6f7e541baf70d8f4793f4fa4445124fb851787fd03acb57899de0a451
pages/p0599.jpg,582866,b29e7ae37b97138fa5f40ba39143a688238077f9dbf4906bb73a8d53abddde55
pages/p0600.jpg,531861,86160381f36d09ca82d2534d44f62972369b8ff6f72b5d6884f2328dc8792738
pages/p0601.jpg,598846,57a2ba0ec15e1a1d4e9b21984a2f96fa3e0886efdb3d38f41c203e65df87e056
pages/p0602.jpg,538096,fe91ea3c41d1dfb6828978ddfc6bac3276c0a01a17ce3c592355456c4d9415da
pages/p0603.jpg,627499,537b2add171fc145589f7bc9949079805cd96a1c31efe72a081099150269f52c
pages/p0604.jpg,469047,f374b17fe9bccf76d08ab0c8c2f19fe950366e3c3edf023761d15e208f770497
pages/p0605.jpg,601048,84d4bfcafe96f94557fb6097e8aa1ad66b093d883ff4997a50d66c8323b5fae8
pages/p0606.jpg,547983,42944273bfd2d3cd245d3a284d65d0a557fe91ac0dbc71f1844217b1d2302213
pages/p0607.jpg,586281,70788b26850cd552366d318eea5a0cd675f6a3a2e2460cd77d4fc32c4a5c93de
pages/p0608.jpg,532385,70aa270b29fdac8497f5e8cdb698a5fd1c7950f9cd413e4d75ad0e4592e2c176
pages/p0609.jpg,596577,23843f3e526b88ee4b6f189224b156d8b833d074d2905992a8a9b583899872bd
pages/p0610.jpg,558701,456450fb2f1292f5b1cfaea69c1bf38752882958609cc6f036dd9603e7be6e53
pages/p0611.jpg,591204,c7787c586fee83fce3628ce31a12777e2ca5e34d8e9d460d00bf0edd666c2d69
pages/p0612.jpg,572062,9e9997758b19e92463bedc96e422b5e90f4d77a848aff4bcf7d40b56fcc22485
pages/p0613.jpg,579378,684a1d83bb3bc1b34eea6d4096b25f884969d7900674232071484e7ddf083d58
pages/p0614.jpg,557844,3e87f735f6faa3cec6643d012f4b77fc983f5762eee8e7c15461f762e04d3a05
pages/p0615.jpg,584830,86be71d4f8f1f3f013f0347235b3b3b220f007e387662e0937e6d4b9deed8cdd
pages/p0616.jpg,502603,ae8970095925c609bf3c3cb720b06374d913afed12f0ef55fc1e661c5a0aa633
pages/p0617.jpg,597767,d6c45c8f253cfd6ed10c5d8d41326e96c1e54959153874cd295c7476729dadc0
pages/p0618.jpg,179271,cb14fe331b513b2acfc16b6d240504cb2787a6c533411baa380827df0ae527aa
pages/p0619.jpg,217340,90512a87ad2079864b404dea462f34ba5083a2f3c0c21ffb67dd63c7c9c9a57b
pages/p0620.jpg,37392,c216d260bfa9fdb918047199a86f1b224c9100a37abfb83244bb4569a6d76268
pages/p0621.jpg,31822,fed641d3d0a3698fbe20bb2e05f9d9a85158eb808f7d789da3f8e7f17c4d2b8d
pages/p0622.jpg,412547,8e1466f8d3f88c220b73cbde2f8de904f072ebc791d88bf7446f4c10602287d0
pages/p0623.jpg,455984,7021186661f6a205d26c0558532cd616e49f33cc6351133cf897476149026983
pages/p0624.jpg,482929,84e00dfd2f50491f840f4b90a41e76b206f3f02dcfaade02f2ae7ba71c812fa4
pages/p0625.jpg,605482,ed42f7f624969567d0c8cc2a6553168417c8ffe51cc02d957538127ec595298f
pages/p0626.jpg,501281,c3bca4d29f6db362fe8ddef6e936fcfc2eb8da21adf8f470822cc13675eed582
pages/p0627.jpg,583346,ad2395832945cf74e4eccafa4f6183c27266dfad8b653de222a073650b4d0dc3
pages/p0628.jpg,590119,6dece846ab9170b1cf924986c2e656ed2b1fbe84339b8690596980348df1bb57
pages/p0629.jpg,603759,de411a5ef10bb1b27fa6f044cbcc1159be2fe0f8bdc049412ee001f3535366d0
pages/p0630.jpg,583318,12d0c4c012d90bfe37fcb7b3d7196f405c1992fef4a289087c4abeae558a954e
pages/p0631.jpg,601057,e81898dc38da0537842598f3afbe7f60dfc44bd4ac63cf9838a94240a13ac422
pages/p0632.jpg,544061,f3bcf4832088db325eee835c6cca2d1ace8bc0067cd996d7f73c4474cd4c9092
pages/p0633.jpg,597425,128c53a2d5d4c8a606b8802c76f6389670cffc14c23ca277a1db54b552d9a19b
pages/p0634.jpg,502833,0d275f7adb96d3b561c8378c7fedde43b8fef55fd49dbedb80bb84a7ff5b041d
pages/p0635.jpg,601343,b1e3dc4762d8605f5b7453d9aeac1b6cc1a91bf3594d0f5c2502ab24a8089bad
pages/p0636.jpg,501693,8c0fcceecf59bea547a8c2b2cc402b6e7bbd68044b5d6bbafca6a29e009f869b
pages/p0637.jpg,597929,bbc2109a2c4246af1b0f854fee37ecb6cb2a2330048887bec9ac28fa808e2d98
pages/p0638.jpg,557695,7c5c97249a22c360547b541437c48ab3a49199c80e33b5e82a2de79542e3c322
pages/p0639.jpg,574194,78cee877ce229b898f956c3637e68eade73de5c0c0b3549bc1cd4948a2f425a7
pages/p0640.jpg,592394,83e16a40c8069f0a981d8f900d99f5f047018b4b9fb1fec9e7f15642bd327fbc
pages/p0641.jpg,590705,5a9eaf7fe052a415fb5712b19f6473bc909726030250f8139b8c8ea6ced54284
pages/p0642.jpg,458872,46539d116c7cdc9fd22adbbc8faeed3889028f6b53902fb656241ff43608a0c6
pages/p0643.jpg,602980,61b0822d0312fec312ad3bf49ee71b35223ac29536413aeb6113f0cdbe9db86b
pages/p0644.jpg,531755,dc277a88b1a377a8c5c398e628b53a288d97d0c30f4d8b6d0eae8f841ed2bf2c
pages/p0645.jpg,583500,8617f1cb576e3f66bf5c23ba62d3f9de41228b69ea146c945d777e85f6eaf0a2
pages/p0646.jpg,543843,0540b2c2ac74b66d663a80bb96013448e98b251ebdf9cb97d12de0f828de0d11
pages/p0647.jpg,571406,86d31630763bae97dae77fef1abbf63520eb516b764aebc9356a56f07f5c0f73
pages/p0648.jpg,566277,6b5152e2c94ae2941bbce2ccede1ab00d9f52e999dc432b5dda3f35c5c07c73f
pages/p0649.jpg,572287,0976380d971bbc0877015c7a88a2621b49450a9627680ab3426fb30329890c93
pages/p0650.jpg,513958,f128b42243a7fb9d042a861abdb5c03bcfbd4634b6e3f02497b90dd703a0f72d
pages/p0651.jpg,598498,ed8a891bb6a1c9dff03f7fa712a18920a300f875aeb261e315967db0a09bbd16
pages/p0652.jpg,581411,f0a10da505dcc8858498e490723f1ab1835504ec35dc0863bcb071797a64b238
pages/p0653.jpg,607684,1f502a6b3588afb9312226a865c414bdf373f16e1bea269c8f2960010782ecd2
pages/p0654.jpg,554871,56d879d1a2a8915f1da048b12ea186ff128a679c73b8b390c17851ed3c99659c
pages/p0655.jpg,593717,4e7487cf4323fb16bf0f92eb5a3c3584c4e5869472041cb103bc63c5af500807
pages/p0656.jpg,455629,570c26415764b26318843869831339aef4017c77643d4fe383e7e4b6611253b3
pages/p0657.jpg,612062,d1561065bf71688a69f20349b25a2d974a4ee79b31b74a6193d6a0914efe1ebb
pages/p0658.jpg,520308,b268c6481386b6fbdaf5073677823175c498cda617805f7a86901a781cb85309
pages/p0659.jpg,583037,c64c059ca0b311bfede92a160be410d283481cc7847486360118bdf4da5df9ef
pages/p0660.jpg,588022,8d8bf34cddac8b459de5826eb2cf4008bc44a6e74fbcbe488f19ed2cd7305ce8
pages/p0661.jpg,594850,4284470f0c375f73933f99446201769dfa5c52d1ebed56f389e2e838b501e63f
pages/p0662.jpg,599080,2f73662446b92d380b0c23235406b063a5548e7ffa3f00bee81b850ac5e457ed
pages/p0663.jpg,602929,40f4246465988224908fe76e4a7311604c01153dce53c8fef0a764493c554b05
pages/p0664.jpg,563375,1a830b825a1f62fc4278b094ab7623f87f5da83348b8f8d8ea38282adc8897fc
pages/p0665.jpg,585484,56e5fc69422373c09dc881ded19ff0d649030da05d6dc4c4e97528406031ecb5
pages/p0666.jpg,534817,0e21ef5d9edfe6798423d7dd426906cb53cf050eae90938294e2f388064a0d89
pages/p0667.jpg,586193,ba3a4edd065f3865996106a5c0b48fac94018a68600f61b916cdbf3d0f89e2d8
pages/p0668.jpg,532219,990a84ca825d404a7f0116ce919b1f40b04e9a0910735f292ae6424f82c6f8a7
pages/p0669.jpg,591835,a90c45334696695a1444f26e02d82424df859131db7b6118255755dbc7c48779
pages/p0670.jpg,585227,bd892e3b51afaaa1cf965cb61cab5f15175391ba72927d4d859543749dd63ed5
pages/p0671.jpg,605742,b872c8326894ef62135ea897f3f032167730911b496e4e0801fc0188a86174d5
pages/p0672.jpg,535059,2231cee416104e1f3b45777454e3eeaa146f9d4be276dd2a3ccf7078856f46bb
pages/p0673.jpg,594381,309f6d8110d07376f75fcdc3822cf865b2f6f2ac6deab2e0d59095212176ea64
pages/p0674.jpg,540174,5ed2b9f5d9c2f73edeadc167086e749e49d087b337606d9c42e937dce001cc15
pages/p0675.jpg,608285,7fc7b0a8f33fac9493a7b162ff1f6795f75ca0fb4f03cb26ad3491c3379d35d9
pages/p0676.jpg,529463,94bbe8bdcacd2a54ed98cc7f88d49ed37809e2bfeff32a316e11e453afef61fd
pages/p0677.jpg,586648,a5499b7905a5a576319610ffe364fa88f9acfd162835b6e4a4fec3afe098441e
pages/p0678.jpg,512718,9e02524e6fd84c0f0d21f75bf76b4985243a735451d92b94e6cb046dd6588321
pages/p0679.jpg,589768,5c8e653c12eabf4e3261da222cb6be116144450c5a1f48e3ac15f46723dd30da
pages/p0680.jpg,557726,713fd777b630aca8a0fd6514e0acf6e38da127596f0d2244391391821da7656f
pages/p0681.jpg,618781,d562b8392dbb5fea641841e7a7ccb3be7879a874cda1a93d6a7ff092bec9a62d
pages/p0682.jpg,597461,7d7f3a7ccfc40c9d2f5f7794c6c9ecc4194a0cbc89745b538a9f8e8c44654f39
pages/p0683.jpg,574938,426db0c77a91f99c1410f520d9b46f0b4f35cedffbcb790381a1aa4e1654171a
pages/p0684.jpg,553926,2b04229113954bd71833af101340d2d17287a188b4d10aad1b9ef7bbc698b205
pages/p0685.jpg,579020,ea4cc683edb30f9551e3f0d4efde48afb4f1da89b9ce48aa796ead4638cccf0b
pages/p0686.jpg,568111,4548275c98890f335bfc65d139594b834c54e3b166fc9f745acae9b272f4f0bc
pages/p0687.jpg,622090,5176cb84c7ad74a0af2e631eed25fb8499633131cca9bd69acadf4b54cf45fe2
pages/p0688.jpg,579014,f86d7b5ced259850497214eddde9c41bc65a5ff0faadda65422edfcc26d6866e
pages/p0689.jpg,582995,c7fe60331601b28e3ec2a668d84b354ca5821e7e482d81829f6591070f9e030c
pages/p0690.jpg,564958,2b856f572b7c214ff8b9d5dc3b4bdc6771e6f066c703a27674ae45d313073556
pages/p0691.jpg,559776,742c3fd38588b40169470c96f8323b46d429361c37880b58cc07d8e969187b5d
pages/p0692.jpg,546546,af775f4503ffa8b74642c52bc9764c8a9c3adfebbcaa17eccd2994c70a7aeafe
pages/p0693.jpg,578012,8b30d1fcfb7834a93364d01b1b6b156b3212b1751ba73d4f931555b167c30905
pages/p0694.jpg,451425,ec4a587a5950809e2541bb4ac3052441e2e780ba8866145327cfa433170f11df
pages/p0695.jpg,421148,1f5624fbc680a8171e1509f8c3bcf9e9d992fd7cddcaa05a840f96ca755fad59
pages/p0696.jpg,611593,37ded38309b83b778c8e849edc8d22b38f6e406e6f51b31c264db5b4ec3c5b49
pages/p0697.jpg,583411,75ddf71b0ad5cd19d1dece8ff8525eeb56700d4efeab611e771c8e77435e0027
pages/p0698.jpg,487772,02b47f6632286bb827d5a885b7fbcdbb4aaa1a046c1d850ba7b451caf76e494b
pages/p0699.jpg,593492,d5a330de7dd55c5ecea9ef374ffd25a4b2fcd13b704360a5d1a49332196fbfb7
pages/p0700.jpg,601269,a4275a2639d92fbdb3c9f897c769ccee6ba32ae2565268e3e272d83c77881823
pages/p0701.jpg,595654,9ae68d4f547aad0379d9c1ddf9f3bf93d5e622ceb4c480a2161aa7db48291431
pages/p0702.jpg,539963,3b3bc545c5d8e9c5f342d4e2b48588b904485f658d3336a241699c944fa61ba3
pages/p0703.jpg,603164,815e88dfa577060c4c0084318d8c7a91815d89199285164d913d8d20f1dd70d1
pages/p0704.jpg,551321,159df7d296a7f667cd7cebc2d53739e73c23f925c57b1fb42ca97c00677b6a22
pages/p0705.jpg,564425,a639b020f905f694c7ed1d759c51c7a8d98b2c02a499d91db3370b9dbff29ad1
pages/p0706.jpg,506700,ec4d7673d2505cc0ad4a9fb10275647999e98daa976070b23af1acde99c52c0b
pages/p0707.jpg,611783,bfce692fd4166c056dad4f4a8eba6d5d54e7159403730e2701014858d584e378
pages/p0708.jpg,505733,a84c85f0e535e367dd25051b08aa1b357c2473897bfee181716f0cb3c4c22b17
pages/p0709.jpg,557343,0a0c95a717cf502da6f660e745d359fcfc4427ee260016c9448a57be960891cf
pages/p0710.jpg,564459,87b56e5338b7a72d93d020c8d21906d471435cede3d7d2401a0d0fc96850afc1
pages/p0711.jpg,601401,5aa41a52dd22fd711eb9c49f67a6eef6651060af629cfdb0260b15133bf636c9
pages/p0712.jpg,543698,4b46ce7fbd875672154c53027acabf6cf172961a403ab12c8ad88183bffaaeda
pages/p0713.jpg,614685,711a59b07159a8420ed2f9ba9bbc6ed90028d4ba60d019f12a55dbb5181271a8
pages/p0714.jpg,519937,2e556577f23645a3d8b21b9c6f9ab998f2eac5e2e56249863aaaadeac295b167
pages/p0715.jpg,582880,c7ba28e383efaa8c0bb1c46710f6436aa9c695bce12f582c98f4173a220fd569
pages/p0716.jpg,528535,6adffc3496a065455b7ea070d581ac8b67f98d4745999d33f86915eba72f3d01
pages/p0717.jpg,602467,81786e9915962d56e4f8bd98068fb5c1e688fe63cce66f8cafd6639f2b0e5a9a
pages/p0718.jpg,553362,212abaf214abc45b15b84825dabf795a0c3a25d693897835e594f6903fdba73e
pages/p0719.jpg,604293,60a8e64fe3d5b91804522785b58463671ab0a877659774cccc1ff860ecb2eefb
pages/p0720.jpg,566264,65d71b2e948f90ce3ff84aae84a2d09d0556b8e49e966a13c8b21ec33281ecb8
pages/p0721.jpg,592056,d48b0ac58206bc07ec928d15f4b6e37adbe5588d6ecbd15d4f1f83f3230450bc
pages/p0722.jpg,146804,28ab5f4836abc8f81407367fff7b02f142da2ae5aa4e8d3e3f8a400d9c984aa1
pages/p0723.jpg,202622,1d4d23baa55f2e108b9012c423cef5b13cb79916f07e3662109a035f908fa4f5
pages/p0724.jpg,35278,aae2672d30a54fc9c0ee79ae760d1da421aa7c349cc288cfe2fa761f94c2b687
pages/p0725.jpg,47074,c5a114ab4b7ca6fe148632e441dcca5710d5d3f916d5003d91bb2811eeeb4de0
pages/p0726.jpg,429183,30457a6761611c64c686af24b5ed9175defdd4c884add9eb53b754bf90c2d0ea
pages/p0727.jpg,444239,c766c0ee7cc5335ca288abad3f906ed8344915ee316ffd01034ce96cc37bbe96
pages/p0728.jpg,524764,37212a488d6c0dd50c9c86b6fb3418aab47024be16ce3eb8e1a89cbb274f8c1d
pages/p0729.jpg,621164,8d8be9776d7d1ff9f3f89cd05fb3e5f8f55c75b0b78fb012bab8755b3fabe8fc
pages/p0730.jpg,545918,f36935f875c109de0b6e14c42504f1a926cf7558c3a74152f070f0d07192105d
pages/p0731.jpg,620089,d5b4bfaf1e3010dec29456f193d311cb35708e27f5eb6ac8b4470257ee332917
pages/p0732.jpg,470362,06d0325b4447de74c90b562520c32704e9911c531095160b4f53040379947180
pages/p0733.jpg,592018,e66026a029fcdca528411beaf687e0bbd0b2ae0dd71c95c059b7573f2d973a4d
pages/p0734.jpg,551162,251fbe6baa464ef8ddb7d076c6b410628823ff7838f283d7f0db5c193205115a
pages/p0735.jpg,571572,c5c9288ba678ec0acffb975deb3754a2e59634691130152327b4e8a9bcc0eb77
pages/p0736.jpg,504212,6723ee393631f9ed60f44701ff1dbfb462230e1a756fb2b666592e1bad037e1f
pages/p0737.jpg,555081,269dc4cc5452363fdf5fa7dc738c37237cbc4f4f861f42e9766b906a02d851b5
pages/p0738.jpg,623038,7211e375f9af0a3e94d99fe4ae666839ae3f19a971daf7ba686198f6a7968a7b
pages/p0739.jpg,627875,f1438ccd3210d6f71a60e1427207d6bad155a44b6289f812d32880f047598043
pages/p0740.jpg,510537,79240c4667b6f31b434bcc20e27c62d3cb13e7be6d683a3ec0c33a622f9353cb
pages/p0741.jpg,608562,508f5196d0e9dbda86aac005806139b4c096b028f5c9a2aba5e00e0227589bb8
pages/p0742.jpg,574348,46d9b11a254b5f293a4f08a3c68bd8f3c5705987c858496b276b34125b9ed27f
pages/p0743.jpg,619226,cfd57b861ed85cd4e0012c2e07f7559264fed5036a6403e653dc80825a0d463e
pages/p0744.jpg,467149,35b997e572b4155e4a1576e12ea5b2117b3004b1cb8c36b2f595d5a6f88b0e95
pages/p0745.jpg,616592,87fd7bcaadaccf54fbbbe171201631f741b5c8f076242fa92ae8b1c12b1e24c0
pages/p0746.jpg,586192,4fb1cf3a4572a7b3681a1d206dab3e2c994e8b37ac0e0d9eafbecdc8b661263c
pages/p0747.jpg,640682,c0595a020cf74d004a88fd07d6c8b8c448d4db28aaf97c9527ac5d623369a42b
pages/p0748.jpg,539605,0a93448ae06c6159c859f246255a8b8b512fdba1c267a90371bb75e324405dea
pages/p0749.jpg,536424,3606a2e4d0683f7b09e44b69687166df38c97ff18af5e97c764e501f1e855987
pages/p0750.jpg,579239,47584b23f7fab32fe85a461d4446398dbe168126d4059d138be937cf3c3a0695
pages/p0751.jpg,605923,8020dc2d5b611d12e640e34af13014526989b7066a421ab59855378178cbb39e
pages/p0752.jpg,554081,b64afe9bc585eb8b9c1de408e549c0de5290cef2ed70cb3a86b0ee516d8929f5
pages/p0753.jpg,586364,2324beab749f2002cc70facced71774dedb2a3d46eb5efb5342c0fcf26469ef4
pages/p0754.jpg,546657,478fcf02fd5d17995dc1b580ae431213884b1177b9ebef6b6940b5f0606b7053
pages/p0755.jpg,617305,9c7f1910678fe240b9d394e48de94de6ff841a4aca566e227a931d201dbca93b
pages/p0756.jpg,465415,ae68d9c2e62a0b385e6bddbc2b59ecfa1ef2f8ed066389cbcbf3e561b4858bcb
pages/p0757.jpg,584346,441c00cb810f69033ff341570cbe19a3ceae69e32e232393777b7f5d162a3f0e
pages/p0758.jpg,550304,be04e4d5feb215b41274576bcfb111baa8f72b990e9278932cda52e4149a4040
pages/p0759.jpg,572783,cee4650285ab53616d0ac0ffebaa894237457e74ab7061889fc0115dbcf3a4e8
pages/p0760.jpg,538322,bdedaa90b7ea5db41cf0e88b86e391df98130738a5313ecb8e15131b3cadbb3d
pages/p0761.jpg,579854,736bd0e36baac25c1a689532d695bcea1fb5d6c9871b219c4a37ea30dba63c9e
pages/p0762.jpg,408774,47ca5084ba53eda6b16eff776cefa639c19ce6310c971a72e51cecd7fca100d5
pages/p0763.jpg,509088,ef44d1123b17c3bb64db096404ebb6cef0f303e2ee0ea073d94d8d12e8d2ce4c
pages/p0764.jpg,530833,fe74c03428c12fc13772cd8a48b30a57ccdc9c14a12498d61925f7bbfca39767
pages/p0765.jpg,603037,1fb1e67540641f59f283b98784b1294c6958232f05cb5fd3c5c594e1b093138f
pages/p0766.jpg,506676,889d66709edb9ad39655004bfb3edc37990e61fe3d5ac5473b2e27a8e78c2653
pages/p0767.jpg,563030,526c987aab5dbfd37dfded6a4edbc4adc4f8c058b0ef9ded4965125f23d2a6dd
pages/p0768.jpg,492442,ed79721f3637a65415499a1efc9e20a5237a0ecb5c1f9a565b3f03ff13805c92
pages/p0769.jpg,597003,b95a1b8a7a42e09637df9ffcf43a16b97fade280bc39c44503f60483527246e4
pages/p0770.jpg,574445,b876236892afd8f8928ebebf891415090a79c490c69e9b2861d65b34720885fd
pages/p0771.jpg,601538,37a5731492210449bf154a09aa5dd2bcc16edd4379684cee9bbd06a8143b6ce3
pages/p0772.jpg,533564,dd31739b0e8e363b74f974b6de478427131e94520e547b65f637eb00852379cf
pages/p0773.jpg,612088,11163405218bb0eb12d3582ce8ae4ce8a1f132ef500a646321e49b1857e20ed3
pages/p0774.jpg,583557,0d81ec6fe5dd13076789d87930137345fda15ff22ba68891354adfafb9752e83
pages/p0775.jpg,626825,241a13be5e3fa88c07e920121e547a367e326347ae09d6d7d835a08f41b17f35
pages/p0776.jpg,599980,e5176b1bb60f35fdba5f3d6d5b5e458c33a0b28069adb0a525a04b1ad8329ee5
pages/p0777.jpg,614938,1932657906e4523ae64f3b3a5685c3489d49968ef30ab0f89b2a06c3e5aa2d46
pages/p0778.jpg,491787,2983ebd9939b93385b8bb5a88d1af4b5f6c600a343db93fd04a3b7c9a02f01f9
pages/p0779.jpg,605120,fa788807c263622e5cd7972ad7ab1362a6ef85cc2195b1e83207439fd5edd537
pages/p0780.jpg,519188,3d85c41639d254725d998cf020e3b4ef1ae40e824e994618b9202276f62873d6
pages/p0781.jpg,599613,a71a24ed88bf87e5f56f7f7db567253c573975dc64a7bba654624cf1a0f78675
pages/p0782.jpg,442622,1a1bd501233ed3ee9108f79427d7ac0203ce925e5f66a15fe0633ce4bc709bad
pages/p0783.jpg,519430,f07ef331758848bc7274aaa0fa9a432e21ac2850a37ad22c9ab6492129537fce
pages/p0784.jpg,468874,edb860391857bbcacbb3939091217fb8a62ec37dcf08d461cc2f02c3594b9a4d
pages/p0785.jpg,594936,74be8818c8e26a9b30ae4d3348dc400556ee3d2a6ef16b8be22fb9aee5654c22
pages/p0786.jpg,488135,c3d2570b0c41ca4d1b48dd7df271f86a991488306f23c5367f0577dae8566507
pages/p0787.jpg,620517,494add23e5097f10ecbb0e4a89b7dc10de7e2c000115fd580746c45f21a378ca
pages/p0788.jpg,528948,90f1ea74d9459a6be5580210ae66774817409ff4df3af654ce2443cf9db5c5a3
pages/p0789.jpg,611751,8a6c7437f4e39dc61ce8b822ecb144d38daf573a165a13ff0fdc7298df8d39d9
pages/p0790.jpg,535319,dc74a36b9d922bc0cd5f66e8af75f83f773acb7db36a8fd5245bf1af18f14ce8
pages/p0791.jpg,585461,cba282089f4a6a6b01d79fcc16a65fecdecfe17c9fb37f60ff173ff040062dd1
pages/p0792.jpg,507414,862f42ce5f6206e2d68c8ee0da4aec6afd4cae8b4432cec4854382f827a5b6e2
pages/p0793.jpg,629337,35d348b2619f36556126b270204b50c1f7fa18debc3477d58207c4a8515fe744
pages/p0794.jpg,559795,913206111f673e45605f31c07c882a7161d368f57767821a6fe86ed0e587639d
pages/p0795.jpg,613638,0e438a134c33d3c564ad6060c851d4a088814deac60ba766a6dd0c70510eb6ae
pages/p0796.jpg,540167,8c61b701e6f05e600b9e4e9cdbfd191b8927bdc0faeb4d69ee5b370da6fdab32
pages/p0797.jpg,601269,0e4e48e3b17245cf58c7c099a7ef5414bd6c7361c57efc3609f8bfe12906fc38
pages/p0798.jpg,513373,1792e33de9dbc390a5cd0013a2e60e78db664902547abdfa57f91ac65030d0dc
pages/p0799.jpg,633808,dab35e77231568f434b689646de5933e3495cc3c3a792537f4234b622e442ad0
pages/p0800.jpg,537517,6d90a99889b0f354f151a8df5079a674925e4cb2ae6425f503eaf25c30aea2c9
pages/p0801.jpg,602840,d222e994e9c4eb9b1ca5bf171b03a2656035de3436696f5e7e70f0d3a6ef6353
pages/p0802.jpg,547730,cb9c645960fb307e2a13c6e946897b01a5f359901db7d6e075d3a8f86e9fedde
pages/p0803.jpg,582412,6771241e8939438fe6f45576afcbe122b79183065dd3b1dd104938aed00cc878
pages/p0804.jpg,592376,bc24a92d4885c8ea4bb013770f8b8bc4c818acba53771d17bf482c70cc8f4922
pages/p0805.jpg,603694,83995546f1ad3e44e15a9d611b0932a2b98ba7d4c4211e6d079021efbdd78ee2
pages/p0806.jpg,521460,5f6e235da2bd458a5eb68d3bd3f9ade24032ac88f61df9cfb75b2ed34864c8a4
pages/p0807.jpg,617471,2d4a7b124f1fcc4ae207caecb998ad76119f54e8d717b2cb288ae67bc020ce9a
pages/p0808.jpg,493691,c52072356bc7fb721886bbe88728e98ffaa61c270ef07ce0e058bfc203d44460
pages/p0809.jpg,600386,354dc3285dd45806fe53bb6e504695393723aa84d6f358ff345a2d543e9e773a
pages/p0810.jpg,477879,563c685e406cb258eecf24f4e08d381b99688cddb2e8ec968e58841f09f6283c
pages/p0811.jpg,604527,6947eb11d69cd0d3db12bb47a44f36be779bb279154255f23a65c947b70bc5b9
pages/p0812.jpg,357151,51287af79993b0ffa34f10f92d553fa2e8c7daba6ace354ac06afeae8b50163c
pages/p0813.jpg,388894,c826a200efca744d19a4df5a25ee0e32f739987c92c270361c92e1b54ecd3868
pages/p0814.jpg,24269,97fa34f2f3f9ba77b6b5194afabafa1fe5669a4f4cd5e17169ef1e2800909b58
pages/p0815.jpg,61078,8f17de8b3e037d8e95128e01d09370e9b91313797d00e52fc76f13f288da6bfd
pages/p0816.jpg,347366,b2342ecc724cb0633ff4ebeceea51bd3021b70e1c5c55ab75555325454dab461
pages/p0817.jpg,395237,125724df65f4d3296c488024b5655be84bcc92e947c39aa997dc85225bab7fbd
pages/p0818.jpg,579479,677293795655e7b002e3bc6da32a9e5ec747157cd954b80ec7758989e8cc770a
pages/p0819.jpg,625713,52689c9a3e53dc2fd8dcb8c91fc7c8313e1c1a6e4afff639050bd71f461114d3
pages/p0820.jpg,571949,e44a277b3324154f6f0e75fbf36a8d6b6e99cdc34cc0dcf6520b89295614a0f0
pages/p0821.jpg,596986,4a4f8c990016555dc552ff5c4a9b9b146b8bed8420df99dd7df1a45a08c8d7c0
pages/p0822.jpg,606849,a6d1aa1c2c28edc93ff8c7deeb5a2436c2e9a81ca661ba49006dcc259954ac2f
pages/p0823.jpg,590254,00dfcc10a2bacd5a30421dd4b863028d95a7817c6488ea7fca5efde8fac88e01
pages/p0824.jpg,520338,74025a78837e35385b0826f802ea5cc47e04d3321162faba33528f1dcbedac2b
pages/p0825.jpg,608837,44e4be97ad946b016256739f7042fa80487111be93e51f00e2fb16ffbfc02a23
pages/p0826.jpg,474034,1faace2fc7acde3745011d638a4f26a52433faec4ea6f0aa91c2ff0ac24d2708
pages/p0827.jpg,592756,428acf6cecbdd87b3f0090a665e6bc6bf54f276b2f4fae2cb831e1e20e3db592
pages/p0828.jpg,493613,fa7acb811a01f91bf2405bd13479020e3f7f1e8e422c8a601cf036498e1626dc
pages/p0829.jpg,585506,affb689783f4e21d9fce73d5cddf854bf7f3af1cd3cd1093642ab0f011bb2c16
pages/p0830.jpg,492371,9161fe521f97d7e7c52b2d26fa4e5d0fba5ce6042816171f90f11027bb29593c
pages/p0831.jpg,607822,48c539a1121cce3990c7707125d18a33daf8951419ac5f859de4e0814b44b21e
pages/p0832.jpg,557258,aab51287820bb2b356d96869712bf8a43621893c38b67952fbaadc38af427a48
pages/p0833.jpg,589429,4807e9adb2e2c690a9b31eafeca5361dc70e0c567776b8b7a80ce9984e8946e8
pages/p0834.jpg,449708,88d4baad4beb20f1bc8a895dc3dc55badc291600c7be9a4e0786c23afe82edc1
pages/p0835.jpg,594774,484a05fbc7509d339ce7e8457d853b523f796172031fb7255f680fe455e3b6ba
pages/p0836.jpg,600571,e964645eac9dd2376495b9e3d013eff661f05ffd5a4c89d3e4f5f507704391f9
pages/p0837.jpg,617097,3f87df19e1e02cd2304d37ab7b92efff42495574cec2bbfed729d30382e8435e
pages/p0838.jpg,518890,afe5164f2333588c60623453868894bec0c43010dde4374ce7ee5dc99303c734
pages/p0839.jpg,610534,9b288e1fecae2b7a39f6039828e22a93d120b587b6d54222edb2a9cbf6cba973
pages/p0840.jpg,538880,1802a305f9735071517871d2beb773c9fcbe9307dc42b073d336093e06916568
pages/p0841.jpg,570292,bfb4cac684c748233136fbcafea8248326a12758c5b39f57d425b68498306c30
pages/p0842.jpg,591107,9b354927455d1a38f925858ad7c1706fca468ca901ff898f64d86bf51bc34752
pages/p0843.jpg,603240,2d7027a11ce9d92c5458707c0fdcd03f9fd38c3156f4fc41c467cb0e3bdc526f
pages/p0844.jpg,562843,9cf99059e54ef944ce710a52af97333cea5f4121da2320403592ec61bac02f2e
pages/p0845.jpg,621432,6351a9186da30a3efc89c08b02cc88369e71db9cc2035e01074ceedd9db1d2db
pages/p0846.jpg,542195,890a142dc628dee34f29d9128ce488166d66c1e55b21880ac48c3e92b7df4769
pages/p0847.jpg,582349,4508e047c3f3975b8f7c9d64bfdc527533c771265f4d38d6c9dede58b7c946ac
pages/p0848.jpg,548238,3c421274d27552c6c1d0699fbf1065059e9411756f03c1dce4c43aa569f49b36
pages/p0849.jpg,602012,e31ebea1611370763a921cd62613958e9e78bdc680b0c3be568023d433391bc1
pages/p0850.jpg,607074,b70508543d4388774ead5f83a488117cc9aa609137647ae1604acb095745263f
pages/p0851.jpg,598382,d2248ef506a13f143bf888b808deff67e637500d47b22fc7c05c8987ab913a3d
pages/p0852.jpg,482681,d76ccb0b960966173d265090939e182ab0cdda631db60993012c99c3be5616f9
pages/p0853.jpg,503168,1120dd67e0e0d4291bfbe20099a667b36dad0a2234e0ac2e5fe69fae07aa8441
pages/p0854.jpg,573703,9b76f849f4e3e35fb575b9d11a997867c87c3c50cf07455638220b58cf765ff7
pages/p0855.jpg,590311,8367f2bd6e3d6d1e2048413d23f4af46099b1fccd4f6dd6596c5fa82b678f178
pages/p0856.jpg,428473,c128de90c099e64f1714fa714619b63a19c6fa8331a4c001d02e74eb2db09622
pages/p0857.jpg,497287,57771ac8fd61eb995be32c2a40672499ae065a9b5dc498275815d533479f447e
pages/p0858.jpg,558127,8b808fb64d109e75402305fec7e83de1d3dc26a8ca83b4639f1143f8dfc3c757
pages/p0859.jpg,588690,ce025db55296d0dd64fa39610bc8fdbb42c1a3d4a54730a856db6f929b8ae300
pages/p0860.jpg,551181,7030afe4c2756977910591fd9ad43cf2493cd35fa9005f9371c859dbc1e38c74
pages/p0861.jpg,600678,57369f119c2eb05318c862e54e0f51cd725c4b77b3bcc9e6d8b2473046cbe148
pages/p0862.jpg,535540,8e27ea30652136fe3b0e7b87840d7348b21736f7a04225451909a48696234075
pages/p0863.jpg,616331,a76a7265a041f5781069671132470e7863dde0b1d5913b084c288be1ce763538
pages/p0864.jpg,492356,36ca2889c5a55c719cc4c590ba570f9d8c65a84ce870fcb76b141f70297188bc
pages/p0865.jpg,595375,ffd0d9d39258d68ce502b7d7b135bb1b8f725b582119074b1a82f3cf33151dba
pages/p0866.jpg,550423,1b40df4106bcf766f259e8f027c84fe23a9a8c9e30501d1c14d838f0d0d96d5d
pages/p0867.jpg,598522,2a63249377ef531c8be9bdb6c0002cdb2775b389a209502b025656387e5e28da
pages/p0868.jpg,577669,d2cd07552bfe7a7a9d99a15043d0d191e35283027536d6c6266a7f174264e373
pages/p0869.jpg,603431,013eaf8b67f085f3b2b5f67488a1ba9af27df62f4806e6688362656f4ac9baaa
pages/p0870.jpg,557922,211ff9d4289ad198bfc2294bccf9946694ee40b0eeec678398adac3e0cc55df8
pages/p0871.jpg,609871,9dcf8fcb14f49cb9720529984d39cd014ad5be8c282a094ab4ce48bef0606bcc
pages/p0872.jpg,536968,94c6efc78b060e403bca1d58c05657df2b6cf2a7d570984771a6be8cd2ba134a
pages/p0873.jpg,617535,c204e55b56d88a136d15ec8617f21865523e768c70291d993fc7738e5e5e2d2c
pages/p0874.jpg,428355,882c8cac25c093a9a569eb25fae544664c1e7c74ced09d49d41862172ccf079d
pages/p0875.jpg,522081,68a14d8cffafa1388eff1d8595a82ec4deafff8b0c1ca3f59329694d8298a6dd
pages/p0876.jpg,536377,8de0dae9d79893262f0c564c27c3d1a70dd117186d1cd5978823afd90f7c404a
pages/p0877.jpg,606069,1c1e86eabdfdd0986ad06c5dec6d94a2cb1456636cc03ec32c9c2571fa90df46
pages/p0878.jpg,574061,3b0e6ff0e938ea82b8ecd23766b62a36b6a30470f9e2e2cda3cc76c54816103a
pages/p0879.jpg,584604,82df10bb15f7fda6002d5c467a469f8a25115485dfaee02fb525df98b94eb683
pages/p0880.jpg,559626,21b6e289e4397d6fedffad3b66ca3ef1f194bb703ce7ba298e7fc4d081fba072
pages/p0881.jpg,592943,1d096d5f96adb1a4a8692afbaa5d6496aa2cfad69bd34772793361f5df79db85
pages/p0882.jpg,509614,0d62794634c7c8573d97e440b03750f2cb6f77e39ff12bd6d4bcfc729292dd26
pages/p0883.jpg,601739,4d4297e9a6d9b74587a8f33de6b5028663072c3a7a71432320688e494b6035c3
pages/p0884.jpg,565578,d2ff8a86f76fab1caf508383ebe75b1a85957264d9ce9269ce43a477161381aa
pages/p0885.jpg,580191,97baff2389ea0c82b7f6ebf4042aff93867c0a488e764b6bf92dfe9b95344358
pages/p0886.jpg,542450,73b925891db0b642fa72bb3e4da39ce36c8fab95f54a06258836fa95b1a7a2b5
pages/p0887.jpg,602819,d8041cd63ecbb1645e18fd68f0533167efd11d38c71d525d09e528ec2a50841a
pages/p0888.jpg,555696,c3d1b27dae00b8759527eacd37aaf253f9cd62cdc8ee0cc45c079e38d577ecd7
pages/p0889.jpg,580231,a868cb84695ff211f4cb28bddfc93c6e79ae9a0b6b13037b1cc74cec1eb75876
pages/p0890.jpg,586416,089df0cd12e343edb8c4bd5032963374d27905c88fa58b5385dc2faae579dc53
pages/p0891.jpg,605548,0455b39821b005e460570394fa10d50122c0dc796efc92b4460e98eb15551541
pages/p0892.jpg,482752,c88b5af75adc520e6e9c38a658e10b2ceee83090461ba1f5e348f0f060ecb7be
pages/p0893.jpg,567191,e6053593dc17416bb2282ca5d4361b401b92ff85c2fee795be03d8d1bb7d5873
pages/p0894.jpg,560400,2dec1412b008435ba6b4ebed976cbc5653665edefbccc58f03fd574f218656ab
pages/p0895.jpg,600214,68899bbbe1321db71a9dc88a33a3017641eabb3b2da776393caba878cb897970
pages/p0896.jpg,587738,4fe328025bcd36ca1c26c5ea524a80d793b546f68381d608b2b9349327e2e8f7
pages/p0897.jpg,586685,ea61748a97b8dea9a695df2d268fdfa0f2ca8b0fd6665e4ac7d0b3ddd1f44c38
pages/p0898.jpg,564946,5bf71f8247135de81cccaaf70e6bfd230bc868a67268be8a309be2f7e8dbad8b
pages/p0899.jpg,561066,7c4912bab236eb54c75f646e6a38f1757bb0a5e071aec4bfc5b463f5cff3deb0
pages/p0900.jpg,546788,e8d340e3e66d9fde23dde07fbdb7c90155e7943f3d3c0aba67d9286d62e28b40
pages/p0901.jpg,617535,f82da69c5901b2ecb3fcf326825efb710adc205202bd96a68f9a703d7f85dc89
pages/p0902.jpg,539179,441b0c26049ebf55ba6d037056a6e49d8b3cd8dea21e42040bda6face870b2cb
pages/p0903.jpg,567396,5dd3e797e22bf1b3c8f3096cff6d14a107e4ff80eab6307913170258e3c006de
pages/p0904.jpg,557312,55828b96773681ac97866fdab817c13aa457893250cd1c9ca66d20b5685929fc
pages/p0905.jpg,618859,5c1b31c5690a864036042a4ea4a4f0fc681ddd7f851e0f75e55daffa6a076c9c
pages/p0906.jpg,578645,8e1230d6db9d5c6a1d58b3fca954c012692bb7be819d2a0b14ae5d401be692d2
pages/p0907.jpg,521820,c75c930c53107029bdbf686ca5545ab7ab8e14a4e4b4ff064e6570dd08e482c1
pages/p0908.jpg,566889,4a456efed391d6f43242db9b4694a3a16023ab59fbd2298f4c3c1f980b6222d3
pages/p0909.jpg,594719,1c1167a44c6dffffc1098c60768b622f7178b18bcc63585c0da10a5a38204417
pages/p0910.jpg,479905,1d2d6fb71fdf509dd6507c743c179529f764dc6cc47cf749e82bbe9661dbe599
pages/p0911.jpg,576315,88e27798e5c442b13b9cf405a3f4d57df61f9297714f39b0caed30049d37f4e2
pages/p0912.jpg,504533,84cc0c7f430041b20da17bca6310e5774bbf66f60f99a60da3775c390114e500
pages/p0913.jpg,589746,6441a433813ceece30d81227d3b7aae1a710f911f844369a4220bc17cd796217
pages/p0914.jpg,528234,7d655cbb7485f83e56c5f52476a7b5f5c3a75b5349a50b805abfe34e58f25f70
pages/p0915.jpg,542203,906e30e99dc02c11b184c4d9a4b798a711d88130e081f4333d28468c14305cad
pages/p0916.jpg,606804,3a5aaf9aff504f33681109c5b90709c38078949675334725cd2dce798a4b74e4
pages/p0917.jpg,594309,aba0666b6d4f79e087421a1706c82452eb069354a53951881aaec7d272b54811
pages/p0918.jpg,478969,e5b2c3e24121239f1808dfeab0dc1e502c2205a740a518015c590fa43ee65249
pages/p0919.jpg,571554,14ce618597ba8ebb55e7c94d4c08760130873e1106f11024f09d84220be38ecc
pages/p0920.jpg,496698,e2cc2122586d46f6d7de7ffa262eb0d4c70bf832cf0af647a15ee58019121f43
pages/p0921.jpg,517554,cd09f1bba69175a1ca5c47adcb5e993248c1fd4a9f8d598cbeef92706884bc2e
pages/p0922.jpg,34247,40da0eeed1fda0bbfd2583380beb7f51398de7f54d5f8c9017fa1ce8346f84b2
pages/p0923.jpg,44581,2514d902742c3bf07a3a1e1633e5ceb1a08c83d01c80fb5baaef7a87c382ed10
pages/p0924.jpg,483254,a3bc741a2a49a6575147e97811c3b8f20159f84dca648e0ad214422644af9be1
pages/p0925.jpg,554849,8a447aac79f7b7324fca66cb444f987317b98b71a71b2eeb96c960972c82db56
pages/p0926.jpg,581865,dc8465c5238291c1ff331d1abd509440907a311d82dfa2ca1121a77a5743f75e
pages/p0927.jpg,586659,07fcb17431e4a134a5fd70ed0f2773440d199824bd54fb043d5d490dafc14807
pages/p0928.jpg,590898,417cf7728e83e1c0c114fb980d1b672729de1e14a59d89898a26af701021d38d
pages/p0929.jpg,146600,9d6d4d67194bffa19d254be238b8affc339197777fb2994c641cf399a65356a7
pages/p0930.jpg,431900,c2cf4069822163e9baadca4dded5bb4ceec43178b76eb43f419ff9e5a7c3515c
pages/p0931.jpg,465322,fa71a7f69cd842e827693b9869345d139f14ae30ec6bb90d46e0b381629d6323
pages/p0932.jpg,453841,b598eb40674135a27eee9c6cc320f9743df939436e055dacbbfafd712e59de4b
pages/p0933.jpg,494205,144527403fd6ffab787e255b32308443407aec446b5169b2179af2faf4d9440b
pages/p0934.jpg,549684,33916d50103e8bd702ff2e9f46cc8180e1cf939c39c2104ce5aa4bcc5ca9bcbb
pages/p0935.jpg,601633,5d90d07a6923e2ef16edafe16315b75c91c707cf15bd8c23ca66dd7656d48980
pages/p0936.jpg,596894,c9b6aa7368f5465a8b0d4e43247e9def9f154f298ce1c94b368e6c9ea69b309c
pages/p0937.jpg,572592,33a998e513c4c0a0cb27a7c8a80302bbf018208997419b283ac5e582872d8a26
pages/p0938.jpg,587715,730552c798ae40f61a5a6e966bce559262016c9b58335aea90601b4a05731cf1
pages/p0939.jpg,620106,305389494e6a0bed6152415028f562eb025d94346f87a02dd17159b20eae9124
pages/p0940.jpg,556928,466f8485e022dfdd1c6d23688d24ddb4ff2b059b39d3e58f52d7c009317f30b7
pages/p0941.jpg,567239,ccab655cdeec2285ba495e8d848e66b1e803a2da14cf447bc7bb4de27a4e428a
pages/p0942.jpg,553064,347f08d1296b58d7d2b8e26b95cc6ab74db2625c6bb0f4559466116f5eb41e56
pages/p0943.jpg,595629,8749e6d6e16cbd764ea1a60c4f3910447a151884310273b07d96d8a3fa337ced
pages/p0944.jpg,578740,18e19d9b3b53aed7dc053c6050158b2f2c0f990b9122b674dbb3ca54f79a552e
pages/p0945.jpg,584949,1dd6fde4f18fb8a879618d55c7f710b4ad1d5c5aa7af3ddfcaa402b1822803f5
pages/p0946.jpg,593473,736c31338f498eec7a0eddd81bad2e75532fe1d5f7dcc5d3054792d1b5f662c2
pages/p0947.jpg,566592,10c59e72a8037bc8f8d5b4db9bd99dba4eff7bc4cc16a4aae40c1f5fdd42dee1
pages/p0948.jpg,647332,53bf751ffbe41a7ac5ca1d7f71d194f6157025de704270818d72b2ea6245d953
pages/p0949.jpg,640440,7d60c9a6e2f87bcbe234c67be33fff580cc30fff596fcfd6a64f28073b6ff643
pages/p0950.jpg,484949,96c519ade9cf6fd56800e5bce6985b24fd69e94d77fbeb1e317abfa6de436170
pages/p0951.jpg,500979,60999b2684fd81bad845bd2e6536949eadf463e260813b55bf4efd5af1502b28
pages/p0952.jpg,492440,1846427786adc0c92182d509e5d988eb8ea5866c3551e16f9db3373d43b606e7
pages/p0953.jpg,578012,b54834f028ad2ed00df928046325c6e31c2715bed7dff4b3625560c955f9e9ed
pages/p0954.jpg,591719,d7f8bf8c535576d0495d78bf6bea35feda1eacc68f69b0ca4a0e629b69302ef7
pages/p0955.jpg,598769,75d029b170b2129772dc979534dbd91cc825126f6d936490cc3371a29a439ed2
pages/p0956.jpg,548208,ac0cab05384b577e206c1a255eb588ad74da112fd7fa5c95f775c453a9fbcd1c
pages/p0957.jpg,592463,9e6c3d2bf668b23d1f0d7b42758e0220675ede5947c5e507fdcc953898fa7f95
pages/p0958.jpg,552429,d6529953049918867fc6ddada9f8206d308b44ea003011a8d7fa25ca03f47745
pages/p0959.jpg,572543,521e040243d4147b1de4b53b464ad909ef5cc3ea52b8035ac7c2ecf0b753fe20
pages/p0960.jpg,522254,e7e98845f47cc093c49f1832b04ce5c57200cefb01e8fe623a6f658c7b977ead
pages/p0961.jpg,588242,3630ff2baa75f4f040f041c66d15414342f5e318a78f4a7e61848444da08b36b
pages/p0962.jpg,517103,669a130bb6d2bfb13f4044008a5eb0da8c747c4d20caf63fb839614919a95e24
pages/p0963.jpg,534689,86b3473eaab3a8f660ad097d7663be98a8c6355f40b65126e9ba5ebc2f395ef6
pages/p0964.jpg,603764,fcea86ed5360ee08070ff30f0c38a78d63dcd377ad12bc50b9488745911a182b
pages/p0965.jpg,552900,03ab57f6eb245f55b05387be337231693efa5a24ae66968726fbbb2dbdf83084
pages/p0966.jpg,522900,5bffb91d6b401365941ab6b9051be58a1d760482f1311c83aa83efe406111c42
pages/p0967.jpg,595003,77428fbfaee65fec59826c5c209fea5042a18a5cfd65480d0d4bc1826bba188f
pages/p0968.jpg,118705,7bf03ad9506087d66d3cf12a83cb51bf430576a3baf98b23bd489e79b478fae4
pages/p0969.jpg,144699,67b38b62e97411f3e1806804b29477a08548557112d91bd3f9baa162032a566e
pages/p0970.jpg,437029,666a18758bd335e371107758bfdd9bd4eec6d1103f967aaeb90b30d673516d80
pages/p0971.jpg,486895,38a5607f9726bce65a8b44583b49117d3fb45b085ce4a23833221839a67bf5d8
pages/p0972.jpg,504436,5068468977703e1b55ae34b10c2c37e3c4a36517ed26de5d69f7bf74e971e6e2
pages/p0973.jpg,597067,729d129dac0ca99f7ce3fa995a07ed4df41f1d1c70725392b1908948339b5537
pages/p0974.jpg,550852,addf72595fcd7944bdf3b3417bd612f5830c2de38789a6ec4c240919f25f7855
pages/p0975.jpg,576938,27c02ab9a18533c88c215a2be388579a6a69c89a93fd998012949ef8bc364ce0
pages/p0976.jpg,576378,e89cbd1e9afd4528e8cf8ebaa8cca70fb47608f8116f014ec012ca614084cae2
pages/p0977.jpg,545787,c2a0cf239011c39ad12c7ccd508a5f96c55af4dffe20b6b7be635bb7427eb8a5
pages/p0978.jpg,620973,a916bfa2ffd902a759f06ef71c8002239a6008bde07c5e44760cf15057f3e897
pages/p0979.jpg,606806,7ee4d9ae8f234ac508eca7ec8de6d56ebd1a957f894c54e66484382a54a6ca8e
pages/p0980.jpg,553603,c462f2eb608ccaa438e56bdb743a14e5689e54e161b783ef6ae884ea15f7f9db
pages/p0981.jpg,599579,8b98dc8b336b8fa8b772eb42369ba7299d9af026f656f95102d6803396ee84b2
pages/p0982.jpg,516014,5efccd8672109acfd35d5500fc096e9650fee302110a2b2e16cc65ea0cb6104c
pages/p0983.jpg,620047,03e43704f127831f4b2a09df49247d99e21d52eb0fff29fab71a772eaa491093
pages/p0984.jpg,117285,ff93f6d05490c7d90a9d93f295668f25022c1dbca635c10065fae0b4ac955136
pages/p0985.jpg,126166,77726f76fa6beb90356bfe72af593a1124735c1b7e1702e36263641764793535
pages/p0986.jpg,438267,b8f7c43ab2725e7f33f0b4b24d4bf700b92382337297fab295e4c07f65b1b8ca
pages/p0987.jpg,353216,daa266c20b702b50816296c9a0180c3ddd44eace757fa571b198faf0b457fc9b
pages/p0988.jpg,385371,b2270f2fca67104be09373efc4fd34295b1ce5e0b2e095377bc925bb07112fe5
pages/p0989.jpg,415845,4cfa2a18255b81907e2b1fd9ca9efb094ca16498f92004b464017ad18fb30200
pages/p0990.jpg,513590,5868765682cf336abdf1a7e6263d1c5af823d8d23613de70d97ec04994731bab
pages/p0991.jpg,577770,dcb9fb79a9bcaf8b25699fb3917093118a2a10d29c59e3418996a77ef983c206
pages/p0992.jpg,529509,c6b3911e4d124eadc2bfb4536c9610ff23d66655d4591f83877ba586cfbdc519
pages/p0993.jpg,522887,ebe9894da3673b6eeef93c248a887e64336940d42261f8a00f1ab805d104d6d0
pages/p0994.jpg,550477,4a5d7fd611121ca832d1913ca8acbec7f38079c5fa1c92282e13fa842c50a168
pages/p0995.jpg,538582,5ef280c1e8b952421bcf297367cab4826eff8eb2f2bf45d1238f6086c770fc5f
pages/p0996.jpg,490883,d8866391306e2547f26dac25a139ec27d8841e2c556181078e0f679d18ea8573
pages/p0997.jpg,515845,3d0599a566e30349252284df3258d55e30587d3fe2c5f7b7c849d91e5e6379d3
pages/p0998.jpg,337614,e5fdbd4d24063ab64d03664700236e82d29ed474c33ec6acd95ee84880d20987
pages/p0999.jpg,365008,2d7f78e27fd3856ebaab1eb6f371e8940190cbf61c374bfc7be9c7b26a43e5e1
pages/p1000.jpg,475899,c8a7071a4203f5f48d2108342072c134baeea137c92236cb419d60705e47c05c
pages/p1001.jpg,531180,9f47d60caaffe8ab7ef7950a267195af8204db5d654ecfbc4a8e1506a243ed5e
pages/p1002.jpg,545727,5c597020617187587a4348e9810cdb9da3f562538f9c420dba2f6f059bae8f7e
pages/p1003.jpg,598249,c60a6956219ae143a2f3563c03593ae8c637758d4c0b8a9488b13226d0ed0a32
pages/p1004.jpg,468982,fb875fb46a7f323668b1ee9f7ea0c37f82e3994611364b3e8bd2a8bf8a6def5c
pages/p1005.jpg,518247,437839f8b0fc07c28ac363e3651c1c4d98e966eefb8581e2f62267c9935dd3a8
pages/p1006.jpg,446821,02a547e575df5bf9c5d91db8fbc739f0299e577d52352d09932b3bf429b31690
pages/p1007.jpg,542361,ffac02470e7acc2ccf903c614d4253b46cb8dcca41fc9e1c5667234edd1bff67
pages/p1008.jpg,522809,4de815b419da3b1141a638230b3b8f926e3ec960f737076ba9ef5e04034345f9
pages/p1009.jpg,579051,ee7f0dbee996859c51f45af62b6da3832d270df12e6ca78196fa6188d66df984
pages/p1010.jpg,543137,4953bb42bd0bcb1cd75617839ea0aab75d335d42367c1bf751620b4068c448c9
pages/p1011.jpg,613604,2e08ae4ed52d8e5ed382b1c6a4cd385d039c7e75b60acc8a3ecd0b858f55044d
pages/p1012.jpg,413772,e36e229186010372ac6e2da7fbe8da04261e2b9cf2d8c2892ac2176fccb650b5
pages/p1013.jpg,506187,aabd4b82e278b103bb4e21a6db9d6f1b0cb8403ddcf75b1efc406497302a4557
pages/p1014.jpg,520673,4291eb57db23591db1f1f37c5d348b1e8655dfd39fdca85e61eb001f5931ef5f
pages/p1015.jpg,528065,55f5f46cc14d232d42dcf58275cd225dd50be55fb2564ed6ac06403265f97d89
pages/p1016.jpg,435177,a53f0a4b6c6fc894f9cdff3aea48f9736228f273b97b4d0cbfd6e4db40137d98
pages/p1017.jpg,516789,b8e683b9417f84c8a631915e34358b1cb164c023361994293c92d43390e29fde
pages/p1018.jpg,135524,33ee778220fe2ddf461b615cd54230e5d1096e07ef77a735a80b2453c5462f8d
pages/p1019.jpg,155091,645b3caa6916e831aa364f8b13c7cc45b7e7cfc0b09fee47c2d928ff403906ba
pages/p1020.jpg,426499,3fd209e49a8da53727cb3b3b90bc85e2d5f87e1c4f2abd6b8e60bf6dc8afd4be
pages/p1021.jpg,456678,acafdec7ae4ccaa5e3f36d6712bd8c8d5dfd104af183941df887257d93d8bdb2
pages/p1022.jpg,617244,1fa39dc7e8b8bce974e137217c802c52fc585ad2c42c1e9150e5b441d8a19ff6
pages/p1023.jpg,609577,8a95c5738deadd55fbfce9727b8c71f7a588d3aea08f2cc919e2c7279767e63d
pages/p1024.jpg,541196,5ec8ff34c919d824cc76b6b405eacf22ec39e0f621b971d44356126ceb1155c5
pages/p1025.jpg,585474,c71d0ba33719fa4ae7d0ea642a6c953e24efd426197b1019cc620903d57b3514
pages/p1026.jpg,237441,20fa250777a19ca6b2c0228b39be7c85d8a6131411ab72e05a52b75ed2985255
pages/p1027.jpg,241657,9200d8d84be7f13775dde767a2270ec86be9296492eb2a37ef2355d2e9277628
pages/p1028.jpg,286932,ba31a5dca53a8e6b1173c32d45adb52815df1b6f01e7384dcb5fd7d1efa7d70f
pages/p1029.jpg,346505,838f0bdf7d7cd9fc7061f5911a5fff61457d8bbe57746914c45b7cf78e229aee
pages/p1030.jpg,447363,323b283c550944f3181b40e86f43d178000686a9a3517886b8e88c77afc490f7
pages/p1031.jpg,496683,eec36ee330979399ca2b65b5159bc0fb098093e335080f9df58bd7e86c991f86
pages/p1032.jpg,519952,3c72f24e16c928d07ef660d1a0984ec5cafa7abac1dcc651febaeeef68816ffc
pages/p1033.jpg,587248,a782221a42b39e5e1089f0bdc3c0d9089f981902811369618960c517f4e2cc9a
pages/p1034.jpg,445874,4a08e56970e0b2d09441844eb14e2cb2bf2bfafa819cd34ea4a6305ff37f586b
pages/p1035.jpg,516735,7b0bc465726371a7612a8a62f58663a4f7969d90f2837945a3ebcfe4ede83685
pages/p1036.jpg,437602,c5b9d615caaa865be8d044d6a12e214703a8ac53188e868c0d4f70f3b689e226
pages/p1037.jpg,493756,c97582e8d9ceb9bb5d582587790403e44afbd4c6dfe283e238953fc72bc29da6
pages/p1038.jpg,441975,2f839ce89de176eac3a6dc52479f8ba24866942eb50ec40dd7ba6705148871ab
pages/p1039.jpg,487532,2d1762069d0db60ce2ca6ce00e5aa4346183af74d6316499e01e5b6b9cce0c16
pages/p1040.jpg,374387,d8799d463416836ba766ae9b9fe7218a5ab6fc72c51934ad1ada192c9a05e43c
pages/p1041.jpg,435079,a68c7804999057ead846dd222041daea08b41aebe78b9d1d008fd9521ebe8660
pages/p1042.jpg,461212,142e3dbed18ca541aaa2124196f45ce3eee5260ed0703fffefdc4acc9080933c
pages/p1043.jpg,473303,07dbacfeac3c08e3063cfc322ab8a6403572795a35aee04b3dc5237711fbf34a
pages/p1044.jpg,26076,63d311b0a4524f2601fc12cd5ebfc23d6a93fd67792a20926b9029fc112920e8
pages/p1045.jpg,30105,eb09a2367ca3fbf1dc623a5bdd4b05184f0cc076d86e98779b9a759a850011c1
pages/p1046.jpg,37498,428c2b2ce6a27b5390f3b526f634e04205565001e63c7b2053be2103ff8d1a1a
pages/p1047.jpg,561754,2484e124ee69827a2ff3a09e3948ff642f81938e5e7ef312de8eac97ff45cfcc
pages/p1048.jpg,680226,14a760c4644369fbaf222986fffe3d8c6283ea17926b09f2ef5081961404769e
pages/p1049.jpg,667526,066852e284b3b6df5d264f244be80f4ff5f6ba9c1ca746b06c9bcc36e693d6eb
pages/p1050.jpg,646385,4253aa77516c2573fc0716bb1efe6369dc364a9d5a776ea3bf7a0c387a5f1d4f
pages/p1051.jpg,668147,bd9cfbb33eb9774273ad6443d904dd43e893bca6ff35d0f3f66af8536f4f68b3
pages/p1052.jpg,695404,77974426b9a0cebcf98152d621de62ee49b3fbea3301f0e0268bb3d86c6a5cb7
pages/p1053.jpg,681046,bd16cf0fb92d78eedac41bbed3772d39aa3efa244e38b6d4e2935fa04d491246
pages/p1054.jpg,670233,d5c745176dcf831998a9fcf27e79a2007f7e566137fb377ecd3b6f7d70ac3b4b
pages/p1055.jpg,658525,d27e082dcb7ef071319ea5c621ca3d41f8af0573bb8b0f0ca116bbcc07e02f50
pages/p1056.jpg,698691,eac17cf4f536ae8bf5f7a1bf5f13be62cc37bdc22cabba1d8231a1fd5f224ed9
pages/p1057.jpg,678359,af4e6abe315eddd24824f22aa8ddf229877c58049c2ea0474e559840b77aa834
pages/p1058.jpg,688669,abd5eede0bd7eb7d79c3405a28243ee081bca90bca39ea8c256dc118d97a72dd
pages/p1059.jpg,685690,e1d96dc39f0343ddd89c618c9a36a5bd4558ffdc2bccb32a19e9da9ca2376bb2
pages/p1060.jpg,667332,ed3e59f9817c18add713f3ac3174b5d5fe16fe93c0d2e2424cb90a0791f7bada
pages/p1061.jpg,651690,f16c4bf775d7f0a854d123c9b5bf444b441e35cda2f33d9d96a56e09a9829e87
pages/p1062.jpg,679360,78074cab17d16f4e3579a6024826c236bbe9c4e364281f8c8b71f9b5bd8f8585
pages/p1063.jpg,645120,dd5221d70a42072ba119b8297414564c3193b0744b57347094bcbfd4070ac4f3
pages/p1064.jpg,686100,ff8961534819903a61e7a3893162b0e48b12be76dbc7eb83ae9f7f5524c75fff
pages/p1065.jpg,672623,afa0148244084fb1b850642b3d6a06145c4d2adfc494aad94be17b0ee372d015
pages/p1066.jpg,672735,4affb92c27b5969e3b8120dde83214403d46b4f45e48d1602bb3185cef6513bf
pages/p1067.jpg,681586,cb9a06539dfecf67cf9708375f07887031073b298b89bde329bfec961de22966
pages/p1068.jpg,688308,65f85c6744ff2a023ff97f4dc5301897ec2f1750d81984884fb45ebd83a2bb69
pages/p1069.jpg,682481,65cd1e3bb292fab1a8a071d813f222df8225256da5d76ff6e1f44b309513459a
pages/p1070.jpg,683599,23cef381b11da904d81863aaa74451906c089bceaf482bc953e9229f16cdc843
pages/p1071.jpg,688209,2d09efea0de93f871e75cf75531cc71f7ddd9c554a0f236a371297763c6ac901
pages/p1072.jpg,646164,154aeef327152f0aaff3ed78c3f059752776db1020d7388c1f2d8567c46c9564
pages/p1073.jpg,668251,ac921550b76ad8001a1f29c3488db9dc540f54188da15630a1f118f7ccbb44a3
pages/p1074.jpg,670860,c0a115f2f38d20d48323995dc4adee7c1669e706f0652c7392dc4f0b059f6537
pages/p1075.jpg,684116,0b00c026f81ec5b8a2050009c2fa7c1dda1e84cf58f04cef9b818955c766bdb2
pages/p1076.jpg,661214,0c61d7086f7bccc60ed166ebe93f5432189c321832294c1ab7c3fe00cb673125
pages/p1077.jpg,659177,10f84ee30e055966e9474ff1fc4a88a9c7bcb2a060cc4add3937ba099d8fca65
pages/p1078.jpg,663343,8d56bceb966272aff253930c867bc862ff459e1f412d600cd2c2e43a52a1264b
pages/p1079.jpg,666947,4b0f8e69b6828481356d415dd35873d0d9a68e06aef01ef5b52fbcbe733431b2
pages/p1080.jpg,674764,b340c717a024f8c6b12f30218ac89f7ec942bfad991da0cf93e6ec97a7d77544
pages/p1081.jpg,663986,5e08fbfbec6d4d7fe9c89df93f915d6709da6791f63f2a676b687d21e7ee5243
pages/p1082.jpg,674081,904c820c75cc80e9786b4d10fe7daeae1c0bfb8d751e4b33993743b525a7b8be
pages/p1083.jpg,682722,aedd50213d0cd7b467077adeb23883a16a17c2332760f8a283801b7ccf90b3e1
pages/p1084.jpg,688759,8a39dd858901a5f07498da88daf965e60c638db9c6ff625b5edc1bb6daa9d2a1
pages/p1085.jpg,673996,d09d319623488ca7c7b969bdb263377da80b08c7b40c717690d5e3bff4680682
pages/p1086.jpg,680647,a68c7ba1180b3fdb53ae1a605381e48804e54855b073bfff6ec42f4545a638aa
pages/p1087.jpg,655298,9b4ee50579c211e0526ca9660e196d9036936ab36f9ce9da1e55e5f0b185ee05
pages/p1088.jpg,635814,61a1f66bc1175ba0c520cab8c8c8576be656c4d05f81854cb88852db31a6b6bc
pages/p1089.jpg,648427,0940be442a65e332866e9c2e09ce19babe502e00a2092bf17137288840f22e20
pages/p1090.jpg,652547,86688557242538913b5d34461faa577f7b10cffb3e2a8e0f09c887bdd6f71b06
pages/p1091.jpg,624891,a1e4e85816c34ff48964c2db8087c34920bc970778a7c30b55451c1fcce22fcf
pages/p1092.jpg,169360,070d049f2118076690a0bd36a47c8a843c310a3c0d9931c0f1081680804809df
pages/p1093.jpg,21275,4d98e8054a6c3a2cdb586e5298197ff69f95b995e3e3360eae558f5504104c12
pages/p1094.jpg,21256,50618444aa7cd3b63acf56b3c4f082e231513d1a1bbff31df839f79cc35a60a1
review/NOTES.html,20553,ff27376562eba560cb34787960c1d61102c47c5b3d41be823937fa83b68a2d5f
review/PDF-RESOLUTIONS.md,24572,f28034e43859d2d9bde7e8c8779b1a96251854361822e550655ed15757e1b9c9
review/REVIEW.md,2706,fbc3d59618302aaf32c006245691a00264a9dfeb21c727fc45700f530594a0d1
review/all-legacy-notes.csv,1107503,7ab61ea2e6d96077bade97724109b8ed15db5b3952e5abae1a16bdab66122df0
review/confirmed-source-discrepancies.csv,4774,b53252b598e390d338656ef18c430815fcece180d24dd522a94e9050fc86c0da
review/coverage-review.json,66841,a92efb4756a96e229c0106a63fa63ceb423603d6f9c712943806509e11182b3a
review/newly-located-source-notes.csv,5163,fe4336759134b2409920988d21b14891b088ce8a6024e2dbad487272c19bb502
review/ocr-quality-by-page.csv,50425,5fac179c3cf63dc918310927edbc07fac71058c79bf5c248e8dece4700dce8e5
review/pdf-decisions.json,40644,b861139ebe30fcfcc846fa09ade8338b062a3b285032db7cb744d12b695b8f4b
review/remaining-marker-candidates.csv,116589,fcbac3cb613b1bb31644de0b44290ded95006452447d8c5e7a260997bd7e0c30
review/remaining-unresolved-attachments.csv,860227,0d7d18c1e08c44077fc5d20c65e9a19ab5b384d2f74f38b2cb9e0cb1eb701f39
review/resolved-legacy-records.csv,42681,1bd7c3884e27c51b76f1a6892676f64fbf266c26276788969221b5d9d1db0d0e
review/unattributed-notes.csv,296148,5d8f3b75871928a55dedba9b01d1523e4491d69a5a0c0c785cd2bec165a9f9f7
review/wording-decisions.json,3858,33443e3b041eebe7fb716fd9d5a547a05a129d68573d6c253c25dff7bce9570e
sources/1914-fresh-ocr.txt,1758183,465a2540cc6b03ac718fe188458490e72ad45acbc550de30d4a821e30c7419b9
sources/inherited-gemini43-47.xml,8961,a29e24458d10bd20212480bf0803c43bbbeaa819a1e081fd22c285bb8ba3ac01
sources/suetonius.tib.loeb_eng1.legacy.xml,141891,72cf86ce9fec563027797d7f633d190b54871d752bfb4a94c1570609ce2a7f73
tools/build.py,13479,c06216bf2592df89aaf9995a799b4140c0508528ba861b06cb1d65793bdbfeab
tools/ocr_all.py,1060,e522938e3aed03eff4361ad130956002f7f1d8e1829474d7b3aaa438ba2b072c
tools/reader.html,11320,8347de032a656456bf1006d5d90f3bf1475386e47109e314748b5e54f09ca8e4
tools/validate.py,6178,788f0977b4c49259595c952a712a707ea0320213b21be2435bd9b201e8c9806b
validation.json,2683,184089177b86bdb6db426022e5bfccf7227cd3e59534187c09046c36cd0b08af
