file,id,reference,attribution,location_status,type,text,evidence
phi1348.abo012.rolfe-eng1-alison.xml,rolfe-aug-note-001,2.1,editor,unresolved,,A term applied to the plebeian families in the senate enrolled in addition to the patricians.,"[{""source"": ""loeb1-uc1"", ""page"": ""123"", ""context"": ""among the lesser clans ; a was\nlater enrolled by"", ""marker_support"": false}]"
phi1348.abo012.rolfe-eng1-alison.xml,rolfe-aug-note-002,2.2,editor,unresolved,,205 B.C.,[]
phi1348.abo012.rolfe-eng1-alison.xml,rolfe-aug-note-003,2.3,editor,unresolved,,In his Memoirs; see chap. lxxxv. 1.,"[{""source"": ""loeb1-uc1"", ""page"": ""125"", ""context"": ""augustus\nhimself merely writes that he came of"", ""marker_support"": false}]"
phi1348.abo012.rolfe-eng1-alison.xml,rolfe-aug-note-004,3.2,editor,unresolved,,Ad Quint. Frat. 1. 1. 21.,[]
phi1348.abo012.rolfe-eng1-alison.xml,rolfe-aug-note-005,3.2,editor,unresolved,,Q. Cicero was really propraetor; see note on Jul. liv. 1.,[]
phi1348.abo012.rolfe-eng1-alison.xml,rolfe-aug-note-006,3.2,editor,unresolved,,61/58 B.C.,[]
phi1348.abo012.rolfe-eng1-alison.xml,rolfe-aug-note-007,4.1,editor,unresolved,,"Imagines were waxen masks of ancestors of noble (i.e., senatorial) rank, kept in the hall (atrium) of their descendants.","[{""source"": ""loeb1-uc1"", ""page"": ""127"", ""context"": ""displaying many senatorial portraits, was\nclosely connected on"", ""marker_support"": false}]"
phi1348.abo012.rolfe-eng1-alison.xml,rolfe-aug-note-008,4.1,editor,unresolved,,"See Jul. xx. 3, note.",[]
phi1348.abo012.rolfe-eng1-alison.xml,rolfe-aug-note-009,4.2,editor,unresolved,,"According to the Thes. Ling. Lat. s.v. collybus, Suetonius misunderstood the meaning of Cassius, who used collybus in the sense of a kind of cake. In general, see Scott Mem. Amer. Acad. in Rome, xi. 12f.",[]
phi1348.abo012.rolfe-eng1-alison.xml,rolfe-aug-note-010,5.1,editor,unresolved,,"Sept. 23, 63 B.C.","[{""source"": ""loeb1-uc1"", ""page"": ""129"", ""context"": ""the kalends of october in the\nconsulship of"", ""marker_support"": false}]"
phi1348.abo012.rolfe-eng1-alison.xml,rolfe-aug-note-011,7.1,editor,unresolved,,i.e. Hadrian.,[]
phi1348.abo012.rolfe-eng1-alison.xml,rolfe-aug-note-012,7.1,editor,unresolved,,27 B.C.,[]
phi1348.abo012.rolfe-eng1-alison.xml,rolfe-aug-note-013,7.2,editor,unresolved,,27 B.C.,[]
phi1348.abo012.rolfe-eng1-alison.xml,rolfe-aug-note-014,7.2,editor,unresolved,,"Annales, 502, Vahlen.2",[]
phi1348.abo012.rolfe-eng1-alison.xml,rolfe-aug-note-015,8.1,editor,unresolved,,59 B.C.,"[{""source"": ""loeb1-uc1"", ""page"": ""131"", ""context"": ""lost his father. in 59 ...\nhis twelfth year he"", ""marker_support"": false}]"
phi1348.abo012.rolfe-eng1-alison.xml,rolfe-aug-note-016,8.1,editor,unresolved,,46 B.C.,[]
phi1348.abo012.rolfe-eng1-alison.xml,rolfe-aug-note-017,8.2,editor,unresolved,,44 B.C.,"[{""source"": ""loeb1-uc1"", ""page"": ""133"", ""context"": ""that he was his 44 b.g\nheir, he was in"", ""marker_support"": false}]"
phi1348.abo012.rolfe-eng1-alison.xml,rolfe-aug-note-018,10.2,editor,unresolved,,Since the time of Sulla only senators were eligible for the position of tribune.,"[{""source"": ""loeb1-uc1"", ""page"": ""135"", ""context"": ""not\nyet a senator. but when his designs"", ""marker_support"": false}]"
phi1348.abo012.rolfe-eng1-alison.xml,rolfe-aug-note-019,12.1,editor,unresolved,,"Cic. Epist. 11. 20. 1; according to Vell. Paterc. 2. 62, Cicero punned on the double meaning of tollo, ""raise"" and ""put out of the way.""","[{""source"": ""loeb1-uc1"", ""page"": ""137"", ""context"": ""and got rid of, to escape\nthe necessity"", ""marker_support"": false}]"
phi1348.abo012.rolfe-eng1-alison.xml,rolfe-aug-note-020,13.1,editor,unresolved,,42 B.C.,"[{""source"": ""loeb1-uc1"", ""page"": ""139"", ""context"": ""philippi also in two na\nbattles, although weakened by"", ""marker_support"": false}]"
phi1348.abo012.rolfe-eng1-alison.xml,rolfe-aug-note-021,13.2,editor,unresolved,,"A game still common in Italy, in which the contestants thrust out their fingers (micare digitis), the one naming correctly the number thrust out by his opponent being the winner.",[]
phi1348.abo012.rolfe-eng1-alison.xml,rolfe-aug-note-022,13.2,editor,unresolved,,The term applied to a victorious general by his soldiers.,[]
phi1348.abo012.rolfe-eng1-alison.xml,rolfe-aug-note-023,14.1,editor,unresolved,,41 B.C.,"[{""source"": ""loeb1-uc1"", ""page"": ""141"", ""context"": ""antonius at this juncture 41 b.c.\nattempted a revolution, relying"", ""marker_support"": false}]"
phi1348.abo012.rolfe-eng1-alison.xml,rolfe-aug-note-024,14.1,editor,unresolved,,See note on Jul. xxxix. 2.,[]
phi1348.abo012.rolfe-eng1-alison.xml,rolfe-aug-note-025,15.1,editor,unresolved,,40 B.C.,[]
phi1348.abo012.rolfe-eng1-alison.xml,rolfe-aug-note-026,16.1,editor,unresolved,,43/35 B.C.,"[{""source"": ""loeb1-uc1"", ""page"": ""143"", ""context"": ""the first that he 43/35\nbegan, but it was"", ""marker_support"": false}]"
phi1348.abo012.rolfe-eng1-alison.xml,rolfe-aug-note-027,17.2,editor,unresolved,,31 B.C.,"[{""source"": ""loeb1-uc1"", ""page"": ""145"", ""context"": ""long afterwards he won 81 na\nthe sea-fight at"", ""marker_support"": false}]"
phi1348.abo012.rolfe-eng1-alison.xml,rolfe-aug-note-028,18.1,editor,unresolved,,"The sacred precinct at Alexandria (τὸ καλούμενον Σῆμα, περίβολος ἦν, Strabo, 17. 1. 8) containing the tombs of Alexander and of the kings.","[{""source"": ""loeb1-uc1"", ""page"": ""149"", ""context"": ""forth\nfrom its shrine, and after gazing on"", ""marker_support"": false}]"
phi1348.abo012.rolfe-eng1-alison.xml,rolfe-aug-note-029,19.1,editor,unresolved,,"The nomenclator (nomenculator) was a slave whose duty it was to remind his master, or mistress, of the names of persons.","[{""source"": ""loeb1-uc1"", ""page"": ""149"", ""context"": ""telephus, slave and page of a\nwoman; for"", ""marker_support"": false}]"
phi1348.abo012.rolfe-eng1-alison.xml,rolfe-aug-note-030,21.1,editor,unresolved,,"Applied to expeditions commanded by others, since as commander-in-chief he took the auspices before the army set out.","[{""source"": ""loeb1-uc1"", ""page"": ""151"", ""context"": ""serving under his auspices, he subdued cantabria,\naquitania"", ""marker_support"": false}]"
phi1348.abo012.rolfe-eng1-alison.xml,rolfe-aug-note-031,21.3,editor,unresolved,,20 B.C.,"[{""source"": ""loeb1-uc1"", ""page"": ""153"", ""context"": ""demand surrendered the stand- 20 พ.ศ.\nards which they had"", ""marker_support"": false}]"
phi1348.abo012.rolfe-eng1-alison.xml,rolfe-aug-note-032,21.3,editor,unresolved,,"Crassus lost his standards at the battle of Carrhae in 53, and Antony through the defeat of his lieutenants in 40 and 36 B.C.",[]
phi1348.abo012.rolfe-eng1-alison.xml,rolfe-aug-note-033,22.1,editor,unresolved,,"In the reign of Numa, and in 235 B.C., after the first Punic war.",[]
phi1348.abo012.rolfe-eng1-alison.xml,rolfe-aug-note-034,22.1,editor,unresolved,,"The ovation was a lesser triumph, in which the general entered the city on foot, instead of in a chariot drawn by four horses (whence the term triumphus curulis), and with other difference described by Gellius, 5. 6.",[]
phi1348.abo012.rolfe-eng1-alison.xml,rolfe-aug-note-035,23.1,editor,unresolved,,9 A.D.,[]
phi1348.abo012.rolfe-eng1-alison.xml,rolfe-aug-note-036,23.1,editor,unresolved,,15 B.C.,[]
phi1348.abo012.rolfe-eng1-alison.xml,rolfe-aug-note-037,24.2,editor,unresolved,,"That is, executed every tenth man, selected by lot.","[{""source"": ""loeb1-uc1"", ""page"": ""157"", ""context"": ""in battle, he decimated them, and fed the"", ""marker_support"": false}]"
phi1348.abo012.rolfe-eng1-alison.xml,rolfe-aug-note-038,24.2,editor,unresolved,,Instead of the usual rations of wheat.,[]
phi1348.abo012.rolfe-eng1-alison.xml,rolfe-aug-note-039,24.2,editor,see curated changes; otherwise unresolved,,"Carrying the pole to measure off the camp, or clods for building the rampart, was the work of common soldiers; hence degrading for officers. Cf. Jul. lxvii. 2.citation fixed in 1951.",[]
phi1348.abo012.rolfe-eng1-alison.xml,rolfe-aug-note-040,24.2,grc,unresolved,,citation fixed in 1951.,[]
phi1348.abo012.rolfe-eng1-alison.xml,rolfe-aug-note-041,25.2,grc,unresolved,edition-variant,"1951: even these he levied, when they were slaves, from men and women of means",[]
phi1348.abo012.rolfe-eng1-alison.xml,rolfe-aug-note-042,25.2,editor,unresolved,,"That is, he kept them apart from the rest in the companies in which they were first enrolled.",[]
phi1348.abo012.rolfe-eng1-alison.xml,rolfe-aug-note-043,25.3,editor,unresolved,,The phalerae were discs or plates of metal attached to a belt or to the harness of horses.,"[{""source"": ""loeb1-uc1"", ""page"": ""159"", ""context"": ""ready to\ngive trappings or collars, valuable for"", ""marker_support"": false}]"
phi1348.abo012.rolfe-eng1-alison.xml,rolfe-aug-note-044,26.1,editor,unresolved,,43 B.C.,"[{""source"": ""loeb1-uc1"", ""page"": ""159"", ""context"": ""as if it were 43.c.\nthat of an enemy"", ""marker_support"": false}]"
phi1348.abo012.rolfe-eng1-alison.xml,rolfe-aug-note-045,26.2,editor,unresolved,,33 B.C.,"[{""source"": ""loeb1-uc1"", ""page"": ""161"", ""context"": ""his second consulship nine 33 в.с.\nyears later, and a"", ""marker_support"": false}]"
phi1348.abo012.rolfe-eng1-alison.xml,rolfe-aug-note-046,26.2,editor,unresolved,,31 B.C.,"[{""source"": ""loeb1-uc1"", ""page"": ""145"", ""context"": ""long afterwards he won 81 na\nthe sea-fight at"", ""marker_support"": false}]"
phi1348.abo012.rolfe-eng1-alison.xml,rolfe-aug-note-047,26.2,editor,unresolved,,30/23 B.C.,[]
phi1348.abo012.rolfe-eng1-alison.xml,rolfe-aug-note-048,26.2,editor,unresolved,,5 B.C.,[]
phi1348.abo012.rolfe-eng1-alison.xml,rolfe-aug-note-049,26.2,editor,unresolved,,2 B.C.,[]
phi1348.abo012.rolfe-eng1-alison.xml,rolfe-aug-note-050,27.3,editor,unresolved,,"Se precipitaverit means ""hurled himself headlong,"" perhaps into the Tiber; more probably from some high place such as the Tarpeian Rock, or the roof of a building.",[]
phi1348.abo012.rolfe-eng1-alison.xml,rolfe-aug-note-051,27.4,grc,unresolved,edition-variant,1951: centurios and soldiers,"[{""source"": ""loeb1-uc1"", ""page"": ""163"", ""context"": ""tribunal by some centurions and soldiers, tortured him\nas if"", ""marker_support"": false}]"
phi1348.abo012.rolfe-eng1-alison.xml,rolfe-aug-note-052,28.1,editor,unresolved,,See chap. ci.,"[{""source"": ""loeb1-uc1"", ""page"": ""165"", ""context"": ""condition of the empire.\""\nreflecting, however, that as"", ""marker_support"": false}]"
phi1348.abo012.rolfe-eng1-alison.xml,rolfe-aug-note-053,28.1,grc,unresolved,edition-variant,1951: of more than one,[]
phi1348.abo012.rolfe-eng1-alison.xml,rolfe-aug-note-054,28.1,editor,unresolved,,"Suetonius is brief to the point of obscurity. The idea seems to be that the intentions of Augustus in establishing the principate, and the effect of the new régime on the public welfare, were equally good.",[]
phi1348.abo012.rolfe-eng1-alison.xml,rolfe-aug-note-055,28.3,editor,unresolved,,"Latericiam is strictly ""of sun-dried brick."" See Jul. lxxi.","[{""source"": ""loeb1-uc1"", ""page"": ""167"", ""context"": ""it built of bricka\nand left it in"", ""marker_support"": false}]"
phi1348.abo012.rolfe-eng1-alison.xml,rolfe-aug-note-056,29.1,editor,unresolved,,24 B.C.,"[{""source"": ""loeb1-uc1"", ""page"": ""167"", ""context"": ""the temple of mars 24 na\nthe avenger, the temple"", ""marker_support"": false}]"
phi1348.abo012.rolfe-eng1-alison.xml,rolfe-aug-note-057,29.1,editor,unresolved,,28 B.C.,[]
phi1348.abo012.rolfe-eng1-alison.xml,rolfe-aug-note-058,29.1,editor,unresolved,,22 B.C.,[]
phi1348.abo012.rolfe-eng1-alison.xml,rolfe-aug-note-059,29.2,editor,unresolved,,See Jul. lxxi.,"[{""source"": ""loeb1-uc1"", ""page"": ""167"", ""context"": ""commands should be escorted,\nand to it victors"", ""marker_support"": false}]"
phi1348.abo012.rolfe-eng1-alison.xml,rolfe-aug-note-060,29.4,grc,unresolved,,1951 edition: grandsons and nephews,"[{""source"": ""loeb1-uc1"", ""page"": ""169"", ""context"": ""of others, his grandsons and nephew to wit, his\nwife"", ""marker_support"": false}]"
phi1348.abo012.rolfe-eng1-alison.xml,rolfe-aug-note-061,29.4,editor,unresolved,,12 B.C.,[]
phi1348.abo012.rolfe-eng1-alison.xml,rolfe-aug-note-062,29.4,editor,unresolved,,15 & 33 B.C.,[]
phi1348.abo012.rolfe-eng1-alison.xml,rolfe-aug-note-063,29.4,editor,unresolved,,13 B.C.,[]
phi1348.abo012.rolfe-eng1-alison.xml,rolfe-aug-note-064,31.1,editor,unresolved,,13 B.C.,[]
phi1348.abo012.rolfe-eng1-alison.xml,rolfe-aug-note-065,31.2,editor,unresolved,,8 B.C.,"[{""source"": ""loeb1-uc1"", ""page"": ""171"", ""context"": ""he called the month saa\nsextilis by his own"", ""marker_support"": false}]"
phi1348.abo012.rolfe-eng1-alison.xml,rolfe-aug-note-066,31.4,editor,unresolved,,"See Index under Salus, and Dio 37. 24; 51. 20.","[{""source"": ""loeb1-uc1"", ""page"": ""173"", ""context"": ""the augury of safety, the office\nof flamen"", ""marker_support"": false}]"
phi1348.abo012.rolfe-eng1-alison.xml,rolfe-aug-note-067,31.5,editor,unresolved,,"Exigere is the technical term for making weights and measures correspond with the standards in charge of the aediles; see C.I.L. XIV. 4124. 1,2; X. 8067. 2; etc.","[{""source"": ""loeb1-uc1"", ""page"": ""173"", ""context"": ""those\nworthies of old.\"" he also moved the"", ""marker_support"": false}]"
phi1348.abo012.rolfe-eng1-alison.xml,rolfe-aug-note-068,31.5,editor,unresolved,,"According to Richter, Topographie von Rom, p. 229, the regia was the main door, leading from the stage of the theatre to the colonnade.",[]
phi1348.abo012.rolfe-eng1-alison.xml,rolfe-aug-note-069,32.1,editor,unresolved,,"The ergastula were prisons for slaves, who were made to work in chains in the fields.",[]
phi1348.abo012.rolfe-eng1-alison.xml,rolfe-aug-note-070,32.1,editor,unresolved,,"Collegia, or guilds, of workmen were allowed and were numerous; not infrequently they were a pretext for some illegal secret organization.",[]
phi1348.abo012.rolfe-eng1-alison.xml,rolfe-aug-note-071,32.2,editor,unresolved,,Sordibus refers especially to the mourning garb in which it was usual for the accused to appear in public.,"[{""source"": ""loeb1-uc1"", ""page"": ""175"", ""context"": ""accusation, from whose humiliation nothing was to\nbe"", ""marker_support"": false}]"
phi1348.abo012.rolfe-eng1-alison.xml,rolfe-aug-note-072,32.2,editor,unresolved,,"That is, if he failed to win his suit, he should suffer the penalty that would have been inflicted on the defendant, if he had been convicted.",[]
phi1348.abo012.rolfe-eng1-alison.xml,rolfe-aug-note-073,32.3,editor,unresolved,,"Men whose property amounted to 200,000 sesterces, or half of a knight's estate.","[{""source"": ""loeb1-uc1"", ""page"": ""175"", ""context"": ""to be called ducenariie and to\nsit on"", ""marker_support"": false}]"
phi1348.abo012.rolfe-eng1-alison.xml,rolfe-aug-note-074,33.1,editor,unresolved,,"Parricides were sewn up in a sack with a dog, a cock, a snake, and a monkey, and thrown into the sea or a river. The word is here used in its modern sense; cf. Jul. xlii. 3.","[{""source"": ""loeb1-uc1"", ""page"": ""177"", ""context"": ""up in the sack, a punishment which was"", ""marker_support"": false}]"
phi1348.abo012.rolfe-eng1-alison.xml,rolfe-aug-note-075,34.1,editor,unresolved,,"These consisted of various immunities, especially those connected with the ius trium liberorum (see Introd. p. x).","[{""source"": ""loeb1-uc1"", ""page"": ""177"", ""context"": ""besides increasing the\nrewards and allowing a three"", ""marker_support"": false}]"
phi1348.abo012.rolfe-eng1-alison.xml,rolfe-aug-note-076,35.1,editor,unresolved,,"Orcivi or Orcini, ""freedmen by the grace of Orcus,"" were slaves set free by their master's will. The Orcivi senatores were those admitted by Mark Antony under pretence that they had been named in the papers left by Caesar.","[{""source"": ""loeb1-uc1"", ""page"": ""179"", ""context"": ""by the vulgar orcivi, were wholly unworthy, and"", ""marker_support"": false}]"
phi1348.abo012.rolfe-eng1-alison.xml,rolfe-aug-note-077,36.1,editor,unresolved,,Cf. Jul. xx. 1.,"[{""source"": ""loeb1-uc1"", ""page"": ""181"", ""context"": ""should not be published\""; that magistrates should\nnot"", ""marker_support"": false}]"
phi1348.abo012.rolfe-eng1-alison.xml,rolfe-aug-note-078,36.1,editor,unresolved,,"A very ancient tribunal, consisting at first of 105 members, three from each tribe, but later of 180. It sat in the Basilica Julia, with a spear (hasta), the ancient symbol of Quiritary ownership, planted before it. It was divided into four chambers, which usually sat separately, but sometimes altogether, or in two divisions.",[]
phi1348.abo012.rolfe-eng1-alison.xml,rolfe-aug-note-079,36.1,editor,unresolved,,The decemviri stlitibus iudicandis.,[]
phi1348.abo012.rolfe-eng1-alison.xml,rolfe-aug-note-080,38.1,editor,unresolved,,See note on chap. xxii.,"[{""source"": ""loeb1-uc1"", ""page"": ""183"", ""context"": ""he had regular triumphs a voted\nto above thirty"", ""marker_support"": false}]"
phi1348.abo012.rolfe-eng1-alison.xml,rolfe-aug-note-081,38.3,editor,unresolved,,"That is, were so old or infirm that they could not ride, or would cut a sorry figure if they did.","[{""source"": ""loeb1-uc1"", ""page"": ""183"", ""context"": ""or any bodily infirmity\nto send on their"", ""marker_support"": false}]"
phi1348.abo012.rolfe-eng1-alison.xml,rolfe-aug-note-082,40.1,editor,unresolved,,See note on chap. x. 2.,"[{""source"": ""loeb1-uc1"", ""page"": ""185"", ""context"": ""enough of senatorial rank, he made\nappointments from"", ""marker_support"": false}]"
phi1348.abo012.rolfe-eng1-alison.xml,rolfe-aug-note-083,40.1,editor,unresolved,,"See note on Jul. xxxix. 2, and cf. chap XIV",[]
phi1348.abo012.rolfe-eng1-alison.xml,rolfe-aug-note-084,40.2,grc,unresolved,edition-variant,1951: disrict by district.,[]
phi1348.abo012.rolfe-eng1-alison.xml,rolfe-aug-note-085,40.2,editor,unresolved,,Cf. Jul. xli.,[]
phi1348.abo012.rolfe-eng1-alison.xml,rolfe-aug-note-086,40.2,editor,unresolved,,"Augustus was a member of the latter because of his connection with the Octavian family; of the former, through his adoption into the Julian gens.",[]
phi1348.abo012.rolfe-eng1-alison.xml,rolfe-aug-note-087,40.4,editor,unresolved,,"That is, even by iusta libertas, which conferred citizenship. Slaves who had been punished for crimes (facinora) or disgraceful acts (flagitia) became on manumission dediticii, 'prisoners of war.'",[]
phi1348.abo012.rolfe-eng1-alison.xml,rolfe-aug-note-088,40.5,editor,unresolved,,Verg. Aen. 1. 282.,"[{""source"": ""loeb1-uc1"", ""page"": ""187"", ""context"": ""clad in the\ntoga,\""\nand he directed the"", ""marker_support"": false}]"
phi1348.abo012.rolfe-eng1-alison.xml,rolfe-aug-note-089,41.1,grc,unresolved,,fixed periods without interest,[]
phi1348.abo012.rolfe-eng1-alison.xml,rolfe-aug-note-090,41.2,editor,unresolved,,"Congiarium, strictly a distribution of oil (from congius, a liquid measure) came to be used of any largess.","[{""source"": ""loeb1-uc1"", ""page"": ""189"", ""context"": ""he often gave largess to the people, but"", ""marker_support"": false}]"
phi1348.abo012.rolfe-eng1-alison.xml,rolfe-aug-note-091,41.2,editor,unresolved,,"The tesserae nummulariae were small tablets or round hollow balls of wood, marked with numbers. They were distributed to the people instead of money and entitled the holder to receive the sum inscribed upon them. Grain, oil, and various commodities were distributed by similar tesserae; cf. chap. xl. 2; Nero, xi; Dom. iv.",[]
phi1348.abo012.rolfe-eng1-alison.xml,rolfe-aug-note-092,43.1,editor,unresolved,,Cf. Jul. xxxix. 1.,"[{""source"": ""loeb1-uc1"", ""page"": ""191"", ""context"": ""actors in all languages, and combats\nof gladiators"", ""marker_support"": false}]"
phi1348.abo012.rolfe-eng1-alison.xml,rolfe-aug-note-093,43.2,editor,unresolved,,Cf. Jul. xxxix. 2.,[]
phi1348.abo012.rolfe-eng1-alison.xml,rolfe-aug-note-094,43.4,grc,unresolved,edition-variant,1951: cubits in front of the Comitium,[]
phi1348.abo012.rolfe-eng1-alison.xml,rolfe-aug-note-095,44.2,editor,unresolved,,"The auditorium was divided horizontally into three parts: ima (prima), media, and summa (ultima) cavea.",[]
phi1348.abo012.rolfe-eng1-alison.xml,rolfe-aug-note-096,45.1,editor,unresolved,,"This puzzling statement is thus explained by Baum.-Crusius: ""i.e. ex aedibus proxime adjacentibus, unde prospectus erat in Circum. Coenacula autem in summis aedibus esse solebant. Idem narrat Dio 57. 11 de Tiberio: τοὺς τῶν ἵππων ἀγῶνας ἐξ οἰκίας καὶ αὐτὸς τῶν ἀπελευθέρων τινὸς πολλάκις ἑώρα.”",[]
phi1348.abo012.rolfe-eng1-alison.xml,rolfe-aug-note-097,45.1,editor,unresolved,,"Pulvinar was originally a sacred couch for a god. The honour was given to Julius Caesar (see Jul, lxxvi. 1) and the term was later applied, as here, to the place reserved for the emperor and his family; cf. Claud. iv. 3.",[]
phi1348.abo012.rolfe-eng1-alison.xml,rolfe-aug-note-098,45.2,editor,unresolved,,"That is, given at Rome in the Greek language and dress. Or Graeco certamini may mean ""a contest in Greece.""","[{""source"": ""loeb1-uc1"", ""page"": ""197"", ""context"": ""in\nthe grecian fashion without making a present"", ""marker_support"": false}]"
phi1348.abo012.rolfe-eng1-alison.xml,rolfe-aug-note-099,45.4,editor,unresolved,,"Those of Pompey, Balbus, and Marcellus.","[{""source"": ""loeb1-uc1"", ""page"": ""199"", ""context"": ""through\nthe three theatres and then banished him"", ""marker_support"": false}]"
phi1348.abo012.rolfe-eng1-alison.xml,rolfe-aug-note-100,45.4,editor,unresolved,,"That is, his middle finger, infamis digitus; it implied a charge of obscenity; cf. Calig. lvi. 2.",[]
phi1348.abo012.rolfe-eng1-alison.xml,rolfe-aug-note-101,46.1,editor,unresolved,,"That is, appointed them to the offices of tribunus cohortis, praefectus alae, and tribunus legionis, usually open only to knights.",[]
phi1348.abo012.rolfe-eng1-alison.xml,rolfe-aug-note-102,47.1,editor,unresolved,,"A limited citizenship, taking its name from the old Latin cities and varying in different cases and at different times.",[]
phi1348.abo012.rolfe-eng1-alison.xml,rolfe-aug-note-103,50.1,unattributed,unresolved,footnote,"Diploma, strictly any document written on a two-leaved tablet, is used especially of those which secured to travellers the use of the public post (see chap. xlix. 3) and other privileges; cf. Cic. Ad Fam. 6. 12.",[]
phi1348.abo012.rolfe-eng1-alison.xml,rolfe-aug-note-104,51.1,grc,unresolved,edition-variant,1951: with a fine and with a mild form of banishment respectively,[]
phi1348.abo012.rolfe-eng1-alison.xml,rolfe-aug-note-105,53.1,editor,unresolved,,"Dominus, ""master,"" in the time of the Republic indicated the relation between master and slaves. Tiberius also shrank from it (Tib. xxvii), and it was first adopted by Caligula and Domitian. From the time of Trajan it was usual in the sense of ""Lord"" or ""Sire.""",[]
phi1348.abo012.rolfe-eng1-alison.xml,rolfe-aug-note-106,53.3,editor,unresolved,,"That is, they did not make a morning call on him, as in other days",[]
phi1348.abo012.rolfe-eng1-alison.xml,rolfe-aug-note-107,54.1,editor,unresolved,,See chap. xxxv.1.,[]
phi1348.abo012.rolfe-eng1-alison.xml,rolfe-aug-note-108,56.1,editor,unresolved,,"The Romans in their wills often express their opinion freely about public men and affairs; cf. chap. lxvi, and Cassius Dio, 58.25, where it is said that Fulcinius Tiro, who died in prison, bitterly assailed Tiberius in his will",[]
phi1348.abo012.rolfe-eng1-alison.xml,rolfe-aug-note-109,56.3,editor,unresolved,,"The movable seats provided for the advocates, witnesses, etc.",[]
phi1348.abo012.rolfe-eng1-alison.xml,rolfe-aug-note-110,56.3,editor,unresolved,,"The custom of defending an accused person by a general eulogy of his character was forbidden by Pompey in his third consul­ship (Dio, 40.52), but was nevertheless resorted to, even by Pompey himself (Dio, 40.55).",[]
phi1348.abo012.rolfe-eng1-alison.xml,rolfe-aug-note-111,57.1,editor,unresolved,,September 22 and 23.,[]
phi1348.abo012.rolfe-eng1-alison.xml,rolfe-aug-note-112,57.2,editor,unresolved,,Probably of the scribes and other minor officials.,[]
phi1348.abo012.rolfe-eng1-alison.xml,rolfe-aug-note-113,60.1,editor,unresolved,,"One's tutelary divinity, or familiar spirit, closely identified with the person himself.",[]
phi1348.abo012.rolfe-eng1-alison.xml,rolfe-aug-note-114,64.1,editor,unresolved,,"The form of purchase consisted in thrice touching a balance (libra) with a penny (as), in the presence of the praetor.",[]
phi1348.abo012.rolfe-eng1-alison.xml,rolfe-aug-note-115,64.2,editor,unresolved,,"A record of the events of the imperial household. The custom of keeping such a day-book apparently dated from the time of Augustus. See Friedländer, Roman Life and Manners (Eng. Trans.), IV, p 56.",[]
phi1348.abo012.rolfe-eng1-alison.xml,rolfe-aug-note-116,64.3,editor,unresolved,,The host usually occupied the summus locus on the imus lectus.,[]
phi1348.abo012.rolfe-eng1-alison.xml,rolfe-aug-note-117,65.1,editor,unresolved,,"Ancient divisions of the citizens for political purposes. In cases of adoption the curiae were represented by thirty lictors, presided over by the pontifex maximus. This form of adoption was usual with adults; cf. chap. lxiv. 1.","[{""source"": ""loeb1-uc1"", ""page"": ""221"", ""context"": ""assembly of the curiaed; but he soon disowned"", ""marker_support"": false}]"
phi1348.abo012.rolfe-eng1-alison.xml,rolfe-aug-note-118,65.3,editor,unresolved,,Pandataria.,"[{""source"": ""loeb1-uc1"", ""page"": ""223"", ""context"": ""her from the island to the mainland\nand"", ""marker_support"": false}]"
phi1348.abo012.rolfe-eng1-alison.xml,rolfe-aug-note-119,65.4,editor,unresolved,,Planasia.,"[{""source"": ""loeb1-uc1"", ""page"": ""223"", ""context"": ""him to an island and set a guard"", ""marker_support"": false}]"
phi1348.abo012.rolfe-eng1-alison.xml,rolfe-aug-note-120,65.4,editor,unresolved,,"Iliad 3. 40, where the line is addressed by Hector to Paris, with the verbs in the second person.",[]
phi1348.abo012.rolfe-eng1-alison.xml,rolfe-aug-note-121,66.2,editor,unresolved,,"See chap. xlvii, at the beginning.",[]
phi1348.abo012.rolfe-eng1-alison.xml,rolfe-aug-note-122,66.2,editor,unresolved,,As well as Salvidienus.,[]
phi1348.abo012.rolfe-eng1-alison.xml,rolfe-aug-note-123,66.2,editor,unresolved,,"That is, since everyone made haste to take up his quarrel with his friends, the emperor's position made his anger fatal.",[]
phi1348.abo012.rolfe-eng1-alison.xml,rolfe-aug-note-124,66.3,editor,unresolved,,"That is to say, holding the highest place in the ordo (senatorius, equestris, plebeius) of which he was a member.",[]
phi1348.abo012.rolfe-eng1-alison.xml,rolfe-aug-note-125,66.4,editor,unresolved,,Cf. chap. lvi.1 and the note.,[]
phi1348.abo012.rolfe-eng1-alison.xml,rolfe-aug-note-126,68.1,editor,unresolved,,"A double word-play on orbem, ""round drum"" and ""world,"" and temperat, ""beats"" and ""sways.""",[]
phi1348.abo012.rolfe-eng1-alison.xml,rolfe-aug-note-127,69.1,editor,unresolved,,Probably referring to Livia.,[]
phi1348.abo012.rolfe-eng1-alison.xml,rolfe-aug-note-128,70.1,editor,unresolved,,"The choragus at Athens had charge of the costuming and stage setting of plays. Hence the meaning is here ""when they had found someone to make them up."" [1951 edition adds: On the passage in general, see Scott, Mem. Amer. Acad. in Rome, xi. 30 ff.]",[]
phi1348.abo012.rolfe-eng1-alison.xml,rolfe-aug-note-129,70.1,editor,unresolved,,"According to some, the choragus; others regard it as the name of a place.",[]
phi1348.abo012.rolfe-eng1-alison.xml,rolfe-aug-note-130,70.2,editor,unresolved,,Corinthiarius: coined in jest on the analogy of argentarius; used in inscr. of slaves in charge of the vasa Corinthia.,[]
phi1348.abo012.rolfe-eng1-alison.xml,rolfe-aug-note-131,71.1,editor,unresolved,,Cf. chap. xli. 1.,[]
phi1348.abo012.rolfe-eng1-alison.xml,rolfe-aug-note-132,71.1,editor,unresolved,,When the freedom of the Saturnalia justified it.,[]
phi1348.abo012.rolfe-eng1-alison.xml,rolfe-aug-note-133,71.2,editor,unresolved,,"When only aces appeared, the throw was called canis ; when all the dice turned up different numbers, Venus.","[{""source"": ""loeb1-uc1"", ""page"": ""235"", ""context"": ""turned up the 'dog'\nor the six, put"", ""marker_support"": false}]"
phi1348.abo012.rolfe-eng1-alison.xml,rolfe-aug-note-134,71.3,editor,unresolved,,"The ""five-day"" festival of Minerva, March 20-25.","[{""source"": ""loeb1-uc1"", ""page"": ""235"", ""context"": ""we spent the quinquatria very merrily, my dear"", ""marker_support"": false}]"
phi1348.abo012.rolfe-eng1-alison.xml,rolfe-aug-note-135,72.1,editor,unresolved,,"Commonly called peperino, a hard grey volcanic stone with black nodules resembling peppercorns.",[]
phi1348.abo012.rolfe-eng1-alison.xml,rolfe-aug-note-136,72.1,editor,unresolved,,Cf. chap. lxxxii. 1.,[]
phi1348.abo012.rolfe-eng1-alison.xml,rolfe-aug-note-137,72.2,editor,unresolved,,"With reference to the study of Archimedes, or perhaps to the general use of such elevated rooms in Syracuse.",[]
phi1348.abo012.rolfe-eng1-alison.xml,rolfe-aug-note-138,72.2,editor,unresolved,,"""Little workshop""; a diminutive from τέχνη.",[]
phi1348.abo012.rolfe-eng1-alison.xml,rolfe-aug-note-139,73.1,editor,unresolved,,Opposed to vestis forensis or forensia (vestimenta); cf. Vit. viii. 1.,[]
phi1348.abo012.rolfe-eng1-alison.xml,rolfe-aug-note-140,74.1,editor,unresolved,,"The cena recta was a regular dinner, at which the guests reclined on couches at a table, contrasted with sportula, an informal meal (Claud. xxi. 4) or a distribution of food. See Friedländer, Roman Life and Manners (Eng. trans.), IV. pp. 77 ff.","[{""source"": ""loeb1-uc1"", ""page"": ""239"", ""context"": ""constantly and\nalways formally, with great regard to"", ""marker_support"": false}]"
phi1348.abo012.rolfe-eng1-alison.xml,rolfe-aug-note-141,74.1,editor,unresolved,,See chap. lxxii.2.,[]
phi1348.abo012.rolfe-eng1-alison.xml,rolfe-aug-note-142,74.1,editor,unresolved,,"Tellers of marvellous tales; cf. Juv. 15. 16, and Mayor ad loc. Doubtless the same as the fabulatores, lxxviii. 2, below.",[]
phi1348.abo012.rolfe-eng1-alison.xml,rolfe-aug-note-143,76.2,editor,unresolved,,See chap. xxxi. 5; some think that the reference is to the Regia in the Forum. [1951 edition: Not the same as regia in xxxi. 5; see Trans. Amer. Phil. Assoc. xlvi. 35 ff.],[]
phi1348.abo012.rolfe-eng1-alison.xml,rolfe-aug-note-144,76.2,editor,unresolved,,"That is, grapes suited for eating and not for making wine; cf. Mart. 13. 22>; Colum. 3. 2.",[]
phi1348.abo012.rolfe-eng1-alison.xml,rolfe-aug-note-145,77.1,editor,unresolved,,Like an acid wine.,"[{""source"": ""loeb1-uc1"", ""page"": ""243"", ""context"": ""with a tart flavour,\"" either fresh or dried"", ""marker_support"": false}]"
phi1348.abo012.rolfe-eng1-alison.xml,rolfe-aug-note-146,78.1,editor,unresolved,,"That is, without a blanket over his feet, because he had his shoes on.","[{""source"": ""loeb1-uc1"", ""page"": ""243"", ""context"": ""with his feet uncovered and his hand to"", ""marker_support"": false}]"
phi1348.abo012.rolfe-eng1-alison.xml,rolfe-aug-note-147,78.1,editor,unresolved,,"Lucubratoriam, for working by lamp-light.",[]
phi1348.abo012.rolfe-eng1-alison.xml,rolfe-aug-note-148,79.2,editor,unresolved,,The so-called Roman nose.,"[{""source"": ""loeb1-uc1"", ""page"": ""245"", ""context"": ""then bent slightly inward. his complexion\nwas between"", ""marker_support"": false}]"
phi1348.abo012.rolfe-eng1-alison.xml,rolfe-aug-note-149,79.2,editor,unresolved,,Roman measure; a little less than five feet seven inches (5 ft. 5 3/4 in.) English.,[]
phi1348.abo012.rolfe-eng1-alison.xml,rolfe-aug-note-150,80.1,editor,unresolved,,"Ursa major, Charles's Wain, the Great Dipper.","[{""source"": ""loeb1-uc1"", ""page"": ""247"", ""context"": ""bear in the heavens; a\nalso numerous callous places"", ""marker_support"": false}]"
phi1348.abo012.rolfe-eng1-alison.xml,rolfe-aug-note-151,80.1,editor,unresolved,,Apparently a form of poultice; some read habenarum and explain as a kind of truss.,[]
phi1348.abo012.rolfe-eng1-alison.xml,rolfe-aug-note-152,81.1,editor,unresolved,,Cf. Hor. Epist. 1. 15. 2-3.,[]
phi1348.abo012.rolfe-eng1-alison.xml,rolfe-aug-note-153,82.1,editor,unresolved,,"Cf. chap. lxxii.1, note b",[]
phi1348.abo012.rolfe-eng1-alison.xml,rolfe-aug-note-154,82.2,editor,unresolved,,Albulae aquae were the sulphur springs which flow into the Anio between Rome and Tivoli (Tibur).,"[{""source"": ""loeb1-uc1"", ""page"": ""249"", ""context"": ""water\nand sulphur baths for rheumatism, he contented"", ""marker_support"": false}]"
phi1348.abo012.rolfe-eng1-alison.xml,rolfe-aug-note-155,83.1,editor,unresolved,,The pila was a small hard ball. Three players stood at the three points of a triangle (whence the game was called trigon) and passed the ball from one to the other. A skilful player used his left hand as well as his right.,[]
phi1348.abo012.rolfe-eng1-alison.xml,rolfe-aug-note-156,83.1,editor,unresolved,,"The folliculus was a large light ball. The players wore a guard on the right arm, with which they struck the ball, as in the Italian giuco del pallone.",[]
phi1348.abo012.rolfe-eng1-alison.xml,rolfe-aug-note-157,83.1,editor,unresolved,,"Many games were played with nuts; cf. Hor, Serm. 2. 3. 171,Mart. 5. 84, etc.",[]
phi1348.abo012.rolfe-eng1-alison.xml,rolfe-aug-note-158,84.2,editor,unresolved,,See chap. lxxxi. at the end.,"[{""source"": ""loeb1-uc1"", ""page"": ""251"", ""context"": ""weakness of the throat he addressed the people"", ""marker_support"": false}]"
phi1348.abo012.rolfe-eng1-alison.xml,rolfe-aug-note-159,85.1,editor,unresolved,,"Brutus published a eulogy of Cato in 46 B.C.; cf. Cic. ad Att. 12, 21.","[{""source"": ""loeb1-uc1"", ""page"": ""251"", ""context"": ""to brutus on cato.\""\nat the reading of"", ""marker_support"": false}]"
phi1348.abo012.rolfe-eng1-alison.xml,rolfe-aug-note-160,86.3,editor,unresolved,,Evidently two archaizing grammarians of the day.,"[{""source"": ""loeb1-uc1"", ""page"": ""255"", ""context"": ""cimber or veranius flaccus,\nthat you use the"", ""marker_support"": false}]"
phi1348.abo012.rolfe-eng1-alison.xml,rolfe-aug-note-161,86.3,editor,unresolved,,"See De Grammaticis, x, at the end.",[]
phi1348.abo012.rolfe-eng1-alison.xml,rolfe-aug-note-162,86.3,editor,unresolved,,Thus characterized in contrast with the studied simplicity of the Attic school of orators.,[]
phi1348.abo012.rolfe-eng1-alison.xml,rolfe-aug-note-163,87.1,editor,unresolved,,See Index.,"[{""source"": ""loeb1-uc1"", ""page"": ""255"", ""context"": ""the cato we have; \""a and to express the"", ""marker_support"": false}]"
phi1348.abo012.rolfe-eng1-alison.xml,rolfe-aug-note-164,87.2,editor,unresolved,,"Cf. Catull. 67. 21, languidior tenera beta. All these words, which Augustus is said to have used, are colloquialisms or slang, and the exact form and derivation of many of them are uncertain.",[]
phi1348.abo012.rolfe-eng1-alison.xml,rolfe-aug-note-165,87.2,editor,unresolved,,"Since sumus was originally enclitic, the forms simus, sumus may have represented the sound between u and i in maximus, maxumus, etc. Or simus may have been formed on the analogy of agimus and similar forms.",[]
phi1348.abo012.rolfe-eng1-alison.xml,rolfe-aug-note-166,87.2,editor,unresolved,,"Domuos is the earlier form of the genitive, with the suffix -os, domus the later, with the suffix s. There was no form domos, and if Augustus used it, he probably did so on the analogy of domos, domus in the acc. plur.",[]
phi1348.abo012.rolfe-eng1-alison.xml,rolfe-aug-note-167,88.1,editor,unresolved,,"Cf. Jul. lvi. 6-7, and Aul. Gell. 17. 9. 1-5.",[]
phi1348.abo012.rolfe-eng1-alison.xml,rolfe-aug-note-168,90.1,editor,unresolved,,Religiones includes both religious belief and regard for omens and portents.,"[{""source"": ""loeb1-uc1"", ""page"": ""259"", ""context"": ""towards matters of religion.\"" he was somewhat\nweak"", ""marker_support"": false}]"
phi1348.abo012.rolfe-eng1-alison.xml,rolfe-aug-note-169,90.1,editor,unresolved,,"Pliny, N. H. 2. 55, says that the laurel tree (cf. Tib. lxix.) and the seal are never struck by lightning; and also that lightning never goes more than five feet below the ground.",[]
phi1348.abo012.rolfe-eng1-alison.xml,rolfe-aug-note-170,90.1,editor,unresolved,,Chap. xxix. 3.,[]
phi1348.abo012.rolfe-eng1-alison.xml,rolfe-aug-note-171,91.2,editor,unresolved,,"This is not in accordance with the emperor's character (cf. chap. lvii), and Suetonius may have confused him with Caligula; see Calig. xlii. Yet there are records of many such acts of humility to propitiate Nemesis; see Casaubon ad loc.",[]
phi1348.abo012.rolfe-eng1-alison.xml,rolfe-aug-note-172,92.1,GRC,unresolved,edition-variant,"1951: If his shoes were put on in the wrong way in the morning, the left instead of the right",[]
phi1348.abo012.rolfe-eng1-alison.xml,rolfe-aug-note-173,92.2,editor,unresolved,,"The Roman month was divided into periods of eight days, lettered in the Calendar from A to H. The last of these, every ninth day (nundinae) according to the Roman reckoning, was a market day.","[{""source"": ""loeb1-uc1"", ""page"": ""263"", ""context"": ""after a market day, or to take up"", ""marker_support"": false}]"
phi1348.abo012.rolfe-eng1-alison.xml,rolfe-aug-note-174,92.2,editor,unresolved,,Because of its resemblance to non is (from eo); cf. Cic. de Div. 284; or perhaps merely because it contained non.,[]
phi1348.abo012.rolfe-eng1-alison.xml,rolfe-aug-note-175,93.1,editor,unresolved,,Into the Eleusinian mysteries of Ceres.,"[{""source"": ""loeb1-uc1"", ""page"": ""263"", ""context"": ""been\ninitiated at athens and afterwards sitting in"", ""marker_support"": false}]"
phi1348.abo012.rolfe-eng1-alison.xml,rolfe-aug-note-176,93.1,grc,unresolved,edition-variant,1951: of Attic Ceres.,[]
phi1348.abo012.rolfe-eng1-alison.xml,rolfe-aug-note-177,93.1,grc,unresolved,edition-variant,1951: omitted,[]
phi1348.abo012.rolfe-eng1-alison.xml,rolfe-aug-note-178,94.3,editor,unresolved,,The decree was not complete until this was done; cf. Jul. xxviii. 3.,"[{""source"": ""loeb1-uc1"", ""page"": ""265"", ""context"": ""filed in the treasury, since each one\nappropriated"", ""marker_support"": false}]"
phi1348.abo012.rolfe-eng1-alison.xml,rolfe-aug-note-179,94.4,editor,unresolved,,"i.e. ""Discourses about the Gods."" Aristotle wrote a work with the same title.","[{""source"": ""loeb1-uc1"", ""page"": ""265"", ""context"": ""of mendes entitled theologumena. when\natia had come"", ""marker_support"": false}]"
phi1348.abo012.rolfe-eng1-alison.xml,rolfe-aug-note-180,94.4,editor,unresolved,,"The genius, or familiar spirit (see note on chap. lx.), was often represented by a serpent, and those of husband and wife by two serpents; e.g. in Pompeian frescoes.",[]
phi1348.abo012.rolfe-eng1-alison.xml,rolfe-aug-note-181,94.4,editor,unresolved,,To avoid profanation of the sacred rites.,[]
phi1348.abo012.rolfe-eng1-alison.xml,rolfe-aug-note-182,94.6,editor,unresolved,,Otherwise unknown; Müller would read Caesarem Drusum. Stahr believes that the reference is to the Eulogy in chap. c. 3.,"[{""source"": ""loeb1-uc1"", ""page"": ""267"", ""context"": ""hand of gaius\ndrusus, he was placed by"", ""marker_support"": false}]"
phi1348.abo012.rolfe-eng1-alison.xml,rolfe-aug-note-183,94.7,grc,unresolved,edition-variant,1951: lunching,[]
phi1348.abo012.rolfe-eng1-alison.xml,rolfe-aug-note-184,94.7,editor,unresolved,,Apparently another name for the via Appia; see C.I. L. i. 1291.,[]
phi1348.abo012.rolfe-eng1-alison.xml,rolfe-aug-note-185,94.8,grc,unresolved,edition-variant,1951: fold,[]
phi1348.abo012.rolfe-eng1-alison.xml,rolfe-aug-note-186,94.8,editor,unresolved,,Instead of kissing him directly.,[]
phi1348.abo012.rolfe-eng1-alison.xml,rolfe-aug-note-187,94.9,editor,unresolved,,"See note on Jul. xv,","[{""source"": ""loeb1-uc1"", ""page"": ""269"", ""context"": ""caesar\nto the capitol, he happened to tell"", ""marker_support"": false}]"
phi1348.abo012.rolfe-eng1-alison.xml,rolfe-aug-note-188,94.10,editor,unresolved,,"Marked by the broad purple stripe (latus clavus). Augustus was not yet a senator, but the privilege of wearing the laticlave was doubtless one of the honours conferred on him by Caesar.","[{""source"": ""loeb1-uc1"", ""page"": ""271"", ""context"": ""manhood, his senatorial tunica was ripped apart on"", ""marker_support"": false}]"
phi1348.abo012.rolfe-eng1-alison.xml,rolfe-aug-note-189,94.12,grc,unresolved,edition-variant,1951: the sign of the constellation,[]
phi1348.abo012.rolfe-eng1-alison.xml,rolfe-aug-note-190,95.1,grc,unresolved,edition-variant,1951:doubled inward,"[{""source"": ""loeb1-uc1"", ""page"": ""273"", ""context"": ""found to be\ndoubled inward at the lower end"", ""marker_support"": false}]"
phi1348.abo012.rolfe-eng1-alison.xml,rolfe-aug-note-191,96.2,editor,unresolved,,"Prosper (εὐτυχής, “fortunate"").",[]
phi1348.abo012.rolfe-eng1-alison.xml,rolfe-aug-note-192,96.2,editor,unresolved,,Victor (νικῶν).,[]
phi1348.abo012.rolfe-eng1-alison.xml,rolfe-aug-note-193,97.1,editor,unresolved,,"The lustrum was a sacrifice of purification, made every five years by one of the censors, after the completion of the census, or enumeration of the Roman people. The sacrifice consisted of the suovetaurilia, the offering of a pig, a sheep, and a bull. Lustrum was also applied to the five-year period.","[{""source"": ""loeb1-uc1"", ""page"": ""275"", ""context"": ""was bringing\nthe lustrum to an end in"", ""marker_support"": false}]"
phi1348.abo012.rolfe-eng1-alison.xml,rolfe-aug-note-194,98.3,editor,unresolved,,"The pallium was the distinctive dress of the Greeks, as the toga was of the Romans.","[{""source"": ""loeb1-uc1"", ""page"": ""277"", ""context"": ""distributed togas and cloaksa as well, stipulating that"", ""marker_support"": false}]"
phi1348.abo012.rolfe-eng1-alison.xml,rolfe-aug-note-195,98.3,editor,unresolved,,"Greek youths between the ages of eighteen and that of full citizenship, who had regular gymnastic training as a part of their education. The Greek training survived in Capreae, which until recently (see chap. xcii. 2) had belonged to Naples.",[]
phi1348.abo012.rolfe-eng1-alison.xml,rolfe-aug-note-196,98.4,editor,unresolved,,"The City of Do-nothings. There is no island "" near Capreae,"" and ""the neighbouring island of Capreae"" is meaningless; if the text is sound, Suetonius is careless, or we must take Capreis as a locative, and regard vicinam as used in a partitive sense like reliquus, primus, etc. [1951 edition: The Land of Do-nothings. As there is no island ""near Capreae,"" I take Capreis as locative, and vicinam as partitive. But see McDaniel, T.A.P.A., xlv. 17 ff. and Della Corte, Apragopoli, etc. and Augustiana (Naples, 1933, 1934). The latter reads Capreas and takes insula as ""aggregato civico"" (pagus or vicus).]","[{""source"": ""loeb1-uc1"", ""page"": ""279"", ""context"": ""island of\ncapreae apragopolis a from the laziness of"", ""marker_support"": false}]"
phi1348.abo012.rolfe-eng1-alison.xml,rolfe-aug-note-197,98.4,editor,unresolved,,"Κτίστης, the Greek name for the founder of a city or colony.",[]
phi1348.abo012.rolfe-eng1-alison.xml,rolfe-aug-note-198,98.5,editor,unresolved,,Beneventum; chap. xcvii. 3.,[]
phi1348.abo012.rolfe-eng1-alison.xml,rolfe-aug-note-199,99.1,editor,unresolved,,i.e. open through weakness.,"[{""source"": ""loeb1-uc1"", ""page"": ""281"", ""context"": ""combed and his falling jaws set straight"", ""marker_support"": false}]"
phi1348.abo012.rolfe-eng1-alison.xml,rolfe-aug-note-200,99.1,editor,unresolved,,Or closed.,[]
phi1348.abo012.rolfe-eng1-alison.xml,rolfe-aug-note-201,100.1,editor,unresolved,,Aug 19 14. A.D,[]
phi1348.abo012.rolfe-eng1-alison.xml,rolfe-aug-note-202,100.2,editor,unresolved,,"See Claud. vi, 1.","[{""source"": ""loeb1-uc1"", ""page"": ""283"", ""context"": ""of the equestrian order\nmet it and bore"", ""marker_support"": false}]"
phi1348.abo012.rolfe-eng1-alison.xml,rolfe-aug-note-203,100.4,editor,unresolved,,28 B.C,[]
phi1348.abo012.rolfe-eng1-alison.xml,rolfe-aug-note-204,101.1,editor,unresolved,,"April 3, 13 A.D.",[]
phi1348.abo012.rolfe-eng1-alison.xml,rolfe-aug-note-205,101.2,editor,unresolved,,"Augustus and Augusta, but Tiberius did not assume the title until it was conferred on him by the senate; Dio 57. 2-3.","[{""source"": ""loeb1-uc1"", ""page"": ""285"", ""context"": ""bade assume his name.\"" his heirs in the"", ""marker_support"": false}]"
phi1348.abo012.rolfe-eng1-alison.xml,rolfe-aug-note-206,101.2,editor,unresolved,,See note on Jul. lxxxiii. 2.,[]
phi1348.abo012.rolfe-eng1-alison.xml,rolfe-aug-note-207,101.2,editor,unresolved,,See chap. lxiv.1.,[]
phi1348.abo012.rolfe-eng1-alison.xml,rolfe-aug-note-208,101.2,editor,unresolved,,Probably those with which he was connected (see chap xl. 2); Lipsius suggested tribulibus.,[]
phi1348.abo012.rolfe-eng1-alison.xml,rolfe-aug-note-209,101.2,grc,unresolved,edition-variant,1951: to the city cohorts five hundred;,[]
phi1348.abo012.rolfe-eng1-alison.xml,rolfe-aug-note-210,101.3,grc,unresolved,,"well as his two paternal estates and his other inheritances, for the benefit of the State",[]
phi1348.abo012.rolfe-eng1-alison.xml,rolfe-aug-note-211,101.3,editor,unresolved,,"That is, on their death; a common euphemism.",[]
phi1348.abo012.rolfe-eng1-alison.xml,rolfe-aug-note-212,101.4,editor,unresolved,,"The original of this inscription is lost, but the greater part of a copy inscribed in Greek and Latin on marble is preserved at Ancyra in Asia Minor and is known as the Monumentum Ancyranum.","[{""source"": ""loeb1-uc1"", ""page"": ""287"", ""context"": ""entrance to the mausoleum; in the third, a"", ""marker_support"": false}]"
suet.jc.rolfe_eng1.xml,rolfe-jc-note-001,1.1,unattributed,unresolved,,"85/84 B.C., according to the chronology of Suetonius, which makes the year of Caesar's birth 100 B.C. The arguments in favour of 102 are however very strong. See p. xxi.","[{""source"": ""loeb1-uc1"", ""page"": ""3"", ""context"": ""of his sixteenth year a he lost his\nfather"", ""marker_support"": false}]"
suet.jc.rolfe_eng1.xml,rolfe-jc-note-002,1.1,unattributed,unresolved,,"By Marius and Cinna, consuls in 86; see Vell. 2. 43. 1.",[]
suet.jc.rolfe_eng1.xml,rolfe-jc-note-003,2.1,unattributed,unresolved,,"A chaplet of oak leaves, given for saving the life of a fellow-citizen, the Victoria Cross of antiquity.",[]
suet.jc.rolfe_eng1.xml,rolfe-jc-note-004,4.2,unattributed,unresolved,,See chap. lxxiv. 1.,"[{""source"": ""loeb1-uc1"", ""page"": ""7"", ""context"": ""when joking with them. he then proceeded to"", ""marker_support"": false}]"
suet.jc.rolfe_eng1.xml,rolfe-jc-note-005,6.2,unattributed,unresolved,,"The festival of Bona Dea, from which all men were excluded.","[{""source"": ""loeb1-uc1"", ""page"": ""9"", ""context"": ""a public religious ceremony\nwas so persistent, that"", ""marker_support"": false}]"
suet.jc.rolfe_eng1.xml,rolfe-jc-note-006,8.1,unattributed,unresolved,,"The towns beyond the river Po, such as Verona, Comum, and Cremona, wished to obtain the rights of citizenship, which had been given to many of the Italian towns at the close of the Social War (89-88 B.C.).","[{""source"": ""loeb1-uc1"", ""page"": ""11"", ""context"": ""a demand for citizenshipa; and\nhe might have"", ""marker_support"": false}]"
suet.jc.rolfe_eng1.xml,rolfe-jc-note-007,10.1,unattributed,unresolved,,Forum ornare was the technical term for the display there by the aediles of the material to be used in their public shows.,[]
suet.jc.rolfe_eng1.xml,rolfe-jc-note-008,11.1,unattributed,unresolved,,"As iudex quaestionis, an office held by Caesar between the aedileship and the praetorship.","[{""source"": ""loeb1-uc1"", ""page"": ""15"", ""context"": ""conducting prosecutions for murder,a\nhe included in the"", ""marker_support"": false}]"
suet.jc.rolfe_eng1.xml,rolfe-jc-note-009,12.1,unattributed,unresolved,,"As iudex perduellionis, or duumvir perduellionis, one of a commission of two men appointed to try cases of high treason. Of these one was selected by lot (sorte ductus) to conduct the trial, if one were necessary, and pass sentence. An appeal was allowed and the duumvir then brought the case before the comitia centuriata (in the regal period before the comitia curiata). See Livy 1. 26. 5 ff.; Cic. Rab. 4.","[{""source"": ""loeb1-uc1"", ""page"": ""15"", ""context"": ""to sentence the accused, he did so\nwith"", ""marker_support"": false}]"
suet.jc.rolfe_eng1.xml,rolfe-jc-note-010,13.1,unattributed,unresolved,,As governor of Egypt; see chap. xi.,"[{""source"": ""loeb1-uc1"", ""page"": ""17"", ""context"": ""of the special\ncommission, he announced his candidacy"", ""marker_support"": false}]"
suet.jc.rolfe_eng1.xml,rolfe-jc-note-011,15.1,unattributed,unresolved,,"Namely, Gnaeus Pompeius.","[{""source"": ""loeb1-uc1"", ""page"": ""19"", ""context"": ""the commission to\nanother. but he withdrew the"", ""marker_support"": false}]"
suet.jc.rolfe_eng1.xml,rolfe-jc-note-012,15.1,unattributed,unresolved,,"When the consuls went to the Capitol to offer sacrifice at the commencement of their term of office (on January 1), their friends escorted them to the temple and back to their homes. Caesar took advantage of the absence of the aristocrats for his attack on Catulus.",[]
suet.jc.rolfe_eng1.xml,rolfe-jc-note-013,17.1,unattributed,unresolved,,"Novius seems to have been quaesitor, a special commissioner appointed to conduct the investigation (quaestio) of the Catilinarian conspiracy; perhaps we should read quaesitorem.","[{""source"": ""loeb1-uc1"", ""page"": ""21"", ""context"": ""both before the\ncommissionera novius niger by an"", ""marker_support"": false}]"
suet.jc.rolfe_eng1.xml,rolfe-jc-note-014,18.1,unattributed,unresolved,,"That is, without waiting for the decrees of the senate which formally confirmed the appointments of the new governors, and provided them with funds and equipment.",[]
suet.jc.rolfe_eng1.xml,rolfe-jc-note-015,19.2,unattributed,unresolved,,"If silvae callesque should stand in the text, it is used in a different sense from calles in Tac. Ann. 4. 27. It seems to designate provinces where the duties of the governor would be confined to guarding the mountain-pastures and keeping the woods free from brigands. The senate would not run the risk of letting Caesar secure a province involving the command of an army. Cf. note on xxiv. 1.","[{""source"": ""loeb1-uc1"", ""page"": ""23"", ""context"": ""mere woods and\npastures. thereupon caesar, especially incensed"", ""marker_support"": false}]"
suet.jc.rolfe_eng1.xml,rolfe-jc-note-016,20.1,unattributed,unresolved,,"Business could be interrupted or postponed at Rome by the announcement of an augur or a magistrate that he had seen a flash of lightning or some other adverse sign; sometimes an opponent merely announced that he would ""watch the skies"" for such omens.","[{""source"": ""loeb1-uc1"", ""page"": ""25"", ""context"": ""colleague announced\nadverse omens,\"" he resorted to arms"", ""marker_support"": false}]"
suet.jc.rolfe_eng1.xml,rolfe-jc-note-017,20.2,unattributed,unresolved,,"Torrentius put periocum after signurent, but such jesting would not be tolerated in actual legal documents.",[]
suet.jc.rolfe_eng1.xml,rolfe-jc-note-018,20.3,unattributed,unresolved,,Through a special commission of twenty men.,"[{""source"": ""loeb1-uc1"", ""page"": ""27"", ""context"": ""divided without casting lots among twenty thousand\ncitizens"", ""marker_support"": false}]"
suet.jc.rolfe_eng1.xml,rolfe-jc-note-019,20.4,unattributed,unresolved,,"By making a speech of several hours duration; Gell. 4. 10. 8. The senate arose in a body and escorted Cato to prison, and Caesar was forced to release him.","[{""source"": ""loeb1-uc1"", ""page"": ""27"", ""context"": ""tried to delay proceedings,\nwas dragged from the"", ""marker_support"": false}]"
suet.jc.rolfe_eng1.xml,rolfe-jc-note-020,20.4,unattributed,unresolved,,For his conduct during the war with Mithridates.,[]
suet.jc.rolfe_eng1.xml,rolfe-jc-note-021,20.4,unattributed,unresolved,,"That is, after the close of the business day, an indication of the haste with which the adoption was rushed through.",[]
suet.jc.rolfe_eng1.xml,rolfe-jc-note-022,22.2,unattributed,unresolved,,"Used in a double sense, the second unmentionable.",[]
suet.jc.rolfe_eng1.xml,rolfe-jc-note-023,24.2,unattributed,unresolved,,A Celtic word meaning a crested lark (Plin. N.H. 11. 37) which was the device on the helmets of the legion.,"[{""source"": ""loeb1-uc1"", ""page"": ""33"", ""context"": ""it was called\nalauda), which he trained in"", ""marker_support"": false}]"
suet.jc.rolfe_eng1.xml,rolfe-jc-note-024,25.1,unattributed,unresolved,,"Roman measure; about 3106 English miles, taking the Roman foot (296 mm.) as 0.97 English.","[{""source"": ""loeb1-uc1"", ""page"": ""33"", ""context"": ""some 3,200 miles, with the\nexception of"", ""marker_support"": false}]"
suet.jc.rolfe_eng1.xml,rolfe-jc-note-025,25.1,unattributed,unresolved,,"For this and similar sums see Index, s.v. sestertius.",[]
suet.jc.rolfe_eng1.xml,rolfe-jc-note-026,27.2,unattributed,unresolved,,When ordinarily they would be put to death.,"[{""source"": ""loeb1-uc1"", ""page"": ""37"", ""context"": ""could not\nsave them; and to these he"", ""marker_support"": false}]"
suet.jc.rolfe_eng1.xml,rolfe-jc-note-027,28.3,unattributed,unresolved,,"That is, in correcting the bill after it had been passed and filed, as explained in the following sentence,","[{""source"": ""loeb1-uc1"", ""page"": ""39"", ""context"": ""deposited in the treasury. not content\nwith depriving"", ""marker_support"": false}]"
suet.jc.rolfe_eng1.xml,rolfe-jc-note-028,30.1,unattributed,unresolved,,"When the senate passed a decree that Caesar should disband his army before a given date, the tribunes Mark Antony and Quintus Cassius exercised their privilege and vetoed it (Caesar, B.C. 1.2.6-7); not only did the senate disregard the veto, but the tribunes were obliged to seek safety in flight (id. 1. 5, 1-2).","[{""source"": ""loeb1-uc1"", ""page"": ""41"", ""context"": ""vetoes in his behalf. now this was his"", ""marker_support"": false}]"
suet.jc.rolfe_eng1.xml,rolfe-jc-note-029,30.5,unattributed,unresolved,,3.82,"[{""source"": ""loeb1-uc1"", ""page"": ""43"", ""context"": ""of his de officiis that caesar\never had"", ""marker_support"": false}]"
suet.jc.rolfe_eng1.xml,rolfe-jc-note-030,30.5,unattributed,unresolved,,Eur. Phoenissae 524-525.,[]
suet.jc.rolfe_eng1.xml,rolfe-jc-note-031,30.5,unattributed,unresolved,,Way.,[]
suet.jc.rolfe_eng1.xml,rolfe-jc-note-032,33.1,unattributed,unresolved,,"Knights (as well as senators) had the privilege of wearing gold ring, and must possess an estate of 400,000 sesterces.",[]
suet.jc.rolfe_eng1.xml,rolfe-jc-note-033,34.1,unattributed,unresolved,,"Per tumultum is a strong expression for contra legem or extra ordinem, since the Lex Sempronia provided that the consuls be appointed to their provinces before election; cf. xix. 2.","[{""source"": ""loeb1-uc1"", ""page"": ""47"", ""context"": ""irregularly named his\nsuccessor, and was holding corfinium"", ""marker_support"": false}]"
suet.jc.rolfe_eng1.xml,rolfe-jc-note-034,38.2,unattributed,unresolved,,"The prandium was the first substantial meal of the day, taken about noon; the translation ""dinner"" is used advisedly.","[{""source"": ""loeb1-uc1"", ""page"": ""53"", ""context"": ""spanish victory two dinners; a\nfor deeming that the"", ""marker_support"": false}]"
suet.jc.rolfe_eng1.xml,rolfe-jc-note-035,39.2,unattributed,unresolved,,"In token of his restoration to the rank of knight, which he forfeited by appearing on the stage; see chap. xxxiii.","[{""source"": ""loeb1-uc1"", ""page"": ""53"", ""context"": ""and a gold ring,\npassed from the stage"", ""marker_support"": false}]"
suet.jc.rolfe_eng1.xml,rolfe-jc-note-036,39.2,unattributed,unresolved,,"The first fourteen rows above the orchestra, reserved for the knights by the law of L. Roscius Otho, tribune of the commons, 67 B.C.",[]
suet.jc.rolfe_eng1.xml,rolfe-jc-note-037,39.2,unattributed,unresolved,,"Euripus, the strait between Euboea and Boeotia, was used also as a common noun, meaning ""a ditch"" or ""canal.""",[]
suet.jc.rolfe_eng1.xml,rolfe-jc-note-038,40.1,unattributed,unresolved,,"The year had previously consisted of 355 days, and the deficiency of about eleven days was made up by inserting an intercalary month of twenty-two or twenty-three days after February.","[{""source"": ""loeb1-uc1"", ""page"": ""55"", ""context"": ""abolishing the intercalary month,\nand adding one day"", ""marker_support"": false}]"
suet.jc.rolfe_eng1.xml,rolfe-jc-note-039,41.2,unattributed,unresolved,,"Plebeians, connected in some way with the treasury.",[]
suet.jc.rolfe_eng1.xml,rolfe-jc-note-040,41.3,unattributed,unresolved,,"I.e., of the commons, with reference to the distribution of grain.",[]
suet.jc.rolfe_eng1.xml,rolfe-jc-note-041,42.3,unattributed,unresolved,,"The derivation of parricida is uncertain, but it cannot come from pater and caedo. In early times it meant wilful murder of a freeman; XII. Tab. ap. Fest. s.v., si qui hominem liberum dolo sciens morti duit, paricidas esto; later, it was associated by popular etymology with pater and caedo, and used also in the modern sense of the word.","[{""source"": ""loeb1-uc1"", ""page"": ""59"", ""context"": ""punished murderers\nof freemena by the confiscation of"", ""marker_support"": false}]"
suet.jc.rolfe_eng1.xml,rolfe-jc-note-042,45.1,unattributed,unresolved,,"Epilepsy, called morbus comitialis, because an attack was regarded as sufficient cause for the postponement of elections, or other public business. Sometimes a seizure was feigned for political reasons.","[{""source"": ""loeb1-uc1"", ""page"": ""63"", ""context"": ""by the falling sickness during his\ncampaigns"", ""marker_support"": false}]"
suet.jc.rolfe_eng1.xml,rolfe-jc-note-043,45.3,unattributed,unresolved,,"Latus clavus, the broad purple stripe, is also applied to a tunic with the broad stripe. All senators had the right to wear this; the peculiarity in Caesar's case consisted in the long fringed sleeves.","[{""source"": ""loeb1-uc1"", ""page"": ""63"", ""context"": ""a senator's\ntunic with fringed sleeves reaching"", ""marker_support"": false}]"
suet.jc.rolfe_eng1.xml,rolfe-jc-note-044,45.3,unattributed,unresolved,,"While a girdle was commonly worn with the ordinary tunic, it was not usual to wear one with the latus clavus; Quint. 2. 3. 138. The looseness of the girdle was an additional peculiarity.",[]
suet.jc.rolfe_eng1.xml,rolfe-jc-note-045,50.2,unattributed,unresolved,,"The word play on tertia (pars) and Tertia, daughter of Servilia, as well as on the two senses of deducta, is quite untranslatable. The first meaning is given in the translation, and the second is implied in the following sentence. Cf. Macrobius, Saturnalia, 2. 2. 5.","[{""source"": ""loeb1-uc1"", ""page"": ""69"", ""context"": ""is a\nthird off.\"" a and in fact it"", ""marker_support"": false}]"
suet.jc.rolfe_eng1.xml,rolfe-jc-note-046,52.1,unattributed,unresolved,,M. Actorius Naso; see chap. 9.3.,"[{""source"": ""loeb1-uc1"", ""page"": ""71"", ""context"": ""presents,\nas naso writes; a but above all with"", ""marker_support"": false}]"
suet.jc.rolfe_eng1.xml,rolfe-jc-note-047,52.3,unattributed,unresolved,,The words liberorum quaerendorum causa are a legal formula indicating that the purpose of marriage is to beget legal heirs.,[]
suet.jc.rolfe_eng1.xml,rolfe-jc-note-048,54.1,unattributed,unresolved,,"Caesar was in reality propraetor, but proconsul (pro consule) is sometimes used of the governor of a province, regardless of his rank.","[{""source"": ""loeb1-uc1"", ""page"": ""73"", ""context"": ""when he was proconsul in spain, he not"", ""marker_support"": false}]"
suet.jc.rolfe_eng1.xml,rolfe-jc-note-049,54.2,unattributed,unresolved,,"Apparently about half the usual price: see Index, s.v. sestertius.",[]
suet.jc.rolfe_eng1.xml,rolfe-jc-note-050,55.1,unattributed,unresolved,,Cic. Brut. 261.,"[{""source"": ""loeb1-uc1"", ""page"": ""75"", ""context"": ""orators in his brutus, he says that he"", ""marker_support"": false}]"
suet.jc.rolfe_eng1.xml,rolfe-jc-note-051,55.2,unattributed,unresolved,,"That is, a speech in which he competed with other advocates for the right to conduct a prosecution.","[{""source"": ""loeb1-uc1"", ""page"": ""75"", ""context"": ""to a trial address of his own.\nhe"", ""marker_support"": false}]"
suet.jc.rolfe_eng1.xml,rolfe-jc-note-052,56.1,unattributed,unresolved,,Cic. Brut. 262.,"[{""source"": ""loeb1-uc1"", ""page"": ""77"", ""context"": ""also in the brutus & speaks in the following"", ""marker_support"": false}]"
suet.jc.rolfe_eng1.xml,rolfe-jc-note-053,56.3,unattributed,unresolved,,"De Bell. Gall. viii, preface 5-6.","[{""source"": ""loeb1-uc1"", ""page"": ""77"", ""context"": ""uses this emphatic language: \""they\nare so highly"", ""marker_support"": false}]"
suet.jc.rolfe_eng1.xml,rolfe-jc-note-054,56.6,unattributed,unresolved,,"That is, Caesar reduced his reports to book form. If the book was a roll, the writing was arranged in columns, parallel with the edges (or long sides) of the roll. If it was a codex, several sheets were folded and fastened together and the writing was arranged on each page in one or two columns. His predecessors merely took a sheet, or sheets, and wrote from side to side and from top to bottom, without columns or margins.",[]
suet.jc.rolfe_eng1.xml,rolfe-jc-note-055,58.1,unattributed,unresolved,,Through Gaius Volusenus (Caes. B. G. 4. 21. 1). Suetonius's words per se do not necessarily imply that Caesar went to Britain himself for this purpose.,"[{""source"": ""loeb1-uc1"", ""page"": ""81"", ""context"": ""without\nmaking personal inquiries about the harbours, the"", ""marker_support"": false}]"
suet.jc.rolfe_eng1.xml,rolfe-jc-note-056,59.1,unattributed,unresolved,,"The significance of this name can only be conjectured. Salutio was an actor of mimes, mentioned by Pliny, N.H. 7. 10 and 35. 2.","[{""source"": ""loeb1-uc1"", ""page"": ""83"", ""context"": ""to whom the nickname salvito had been\ngiven as"", ""marker_support"": false}]"
suet.jc.rolfe_eng1.xml,rolfe-jc-note-057,62.1,unattributed,unresolved,,"The standard of the legion was a silver eagle with outstretched wings, mounted on a pole which had a sharp point at the other end, so that it could be set firmly in the ground.","[{""source"": ""loeb1-uc1"", ""page"": ""85"", ""context"": ""that an eagle-bearer made a pass at"", ""marker_support"": false}]"
suet.jc.rolfe_eng1.xml,rolfe-jc-note-058,63.1,unattributed,unresolved,,"Rostratae naves, ships of war provided with brazen beaks (rostra) or rams.",[]
suet.jc.rolfe_eng1.xml,rolfe-jc-note-059,72.1,unattributed,unresolved,,"Probably some woodcutter's hut; dervorsorium means 'inn, lodging.'","[{""source"": ""loeb1-uc1"", ""page"": ""93"", ""context"": ""him the only shelter there was, while\nhe"", ""marker_support"": false}]"
suet.jc.rolfe_eng1.xml,rolfe-jc-note-060,73.1,unattributed,unresolved,,Catull. 29 and 57.,"[{""source"": ""loeb1-uc1"", ""page"": ""95"", ""context"": ""the verses about\nmamurra; yet when he apologised"", ""marker_support"": false}]"
suet.jc.rolfe_eng1.xml,rolfe-jc-note-061,74.1,unattributed,unresolved,,See chap. i. 2.,"[{""source"": ""loeb1-uc1"", ""page"": ""95"", ""context"": ""he would do so,\nbut ordered that their"", ""marker_support"": false}]"
suet.jc.rolfe_eng1.xml,rolfe-jc-note-062,76.1,unattributed,unresolved,,At the theatre.,"[{""source"": ""loeb1-uc1"", ""page"": ""99"", ""context"": ""couch in the orchestra\""; but he also allowed"", ""marker_support"": false}]"
suet.jc.rolfe_eng1.xml,rolfe-jc-note-063,76.1,unattributed,unresolved,,For carrying his statue among those of the gods.,[]
suet.jc.rolfe_eng1.xml,rolfe-jc-note-064,77.1,unattributed,unresolved,,"Playing on the double meaning of cor, also regarded as the seat of intelligence.",[]
suet.jc.rolfe_eng1.xml,rolfe-jc-note-065,78.2,unattributed,unresolved,,"That is, ""make me restore the republic.""",[]
suet.jc.rolfe_eng1.xml,rolfe-jc-note-066,79.1,unattributed,unresolved,,The white fillet was emblematic of royalty.,"[{""source"": ""loeb1-uc1"", ""page"": ""103"", ""context"": ""fillet tied to it; and when\nepidius marullus"", ""marker_support"": false}]"
suet.jc.rolfe_eng1.xml,rolfe-jc-note-067,79.2,unattributed,unresolved,,"With a pun on Rex as a Roman name; cf. Horace, Serm. 1. 7, etc.","[{""source"": ""loeb1-uc1"", ""page"": ""103"", ""context"": ""caesar and no king, • and at the lupercalia"", ""marker_support"": false}]"
suet.jc.rolfe_eng1.xml,rolfe-jc-note-068,79.3,unattributed,unresolved,,The college of fifteen priests (quindecimviri sacris faciundis) in charge of the Sybilline books.,"[{""source"": ""loeb1-uc1"", ""page"": ""105"", ""context"": ""decision\nof the fifteen, that inasmuch as it"", ""marker_support"": false}]"
suet.jc.rolfe_eng1.xml,rolfe-jc-note-069,80.2,unattributed,unresolved,,"Bonum factum (sit) was a formula prefixed to edicts, here used in jest; cf. the similar formulas in proposals to the senate, Auy. lviii. 3, Calig. xv. 3.","[{""source"": ""loeb1-uc1"", ""page"": ""105"", ""context"": ""god bless the commonwealth! let no one consent"", ""marker_support"": false}]"
suet.jc.rolfe_eng1.xml,rolfe-jc-note-070,80.2,unattributed,unresolved,,See note on xlv. 3.,[]
suet.jc.rolfe_eng1.xml,rolfe-jc-note-071,80.4,unattributed,unresolved,,"The pons suffragiorum, a temporary bridge of planks over which the voters passed one by one, to cast their ballots; Cic. Ad Att. i. 14; Ovid, Fasti, v. 634.","[{""source"": ""loeb1-uc1"", ""page"": ""107"", ""context"": ""him from the bridge as he summoned\nthe"", ""marker_support"": false}]"
suet.jc.rolfe_eng1.xml,rolfe-jc-note-072,81.3,unattributed,unresolved,,"Properly said of a temple; according to Florus, 4. 2. 91; one of the honours bestowed on Caesar was fastigium in domo; cf. Plutarch, Caesar, Ixiii.","[{""source"": ""loeb1-uc1"", ""page"": ""109"", ""context"": ""thought that the pediment of their house fell"", ""marker_support"": false}]"
suet.jc.rolfe_eng1.xml,rolfe-jc-note-073,82.1,unattributed,unresolved,,"Possibly ""from behind,"" though it is hard to see how a wound paulo infra iugulum could have been dealt from that position. Aversum has better mss. authority than adversum, is a priori more probable, and is supported by Plutarch's version; but it may mean ""turned away.""",[]
suet.jc.rolfe_eng1.xml,rolfe-jc-note-074,82.2,unattributed,unresolved,,"A pointed instrument of bone or metal, for writing on waxen tablets.","[{""source"": ""loeb1-uc1"", ""page"": ""111"", ""context"": ""through\nwith his stylus, but as he tried"", ""marker_support"": false}]"
suet.jc.rolfe_eng1.xml,rolfe-jc-note-075,83.2,unattributed,unresolved,,To inherit a share of his estate in the event of the death of the heirs in the first degree or their refusal to accept the inheritance; it was often a mere compliment.,"[{""source"": ""loeb1-uc1"", ""page"": ""113"", ""context"": ""in the second degree.a\nto the people he"", ""marker_support"": false}]"
suet.jc.rolfe_eng1.xml,rolfe-jc-note-076,84.3,unattributed,unresolved,,Cf. the apparition at the Rubicon; chap. xxxii.,"[{""source"": ""loeb1-uc1"", ""page"": ""115"", ""context"": ""a sudden two beings with swords by\ntheir"", ""marker_support"": false}]"
suet.jc.rolfe_eng1.xml,rolfe-jc-note-077,84.5,unattributed,unresolved,,"Caesar was beloved by the Jews, not only because he had overthrown Pompey, who had violated their Holy of Holies, but because of many acts of kindness besides.","[{""source"": ""loeb1-uc1"", ""page"": ""117"", ""context"": ""above all the jews, who even\nflocked to"", ""marker_support"": false}]"
suet.jc.rolfe_eng1.xml,rolfe-jc-note-078,87.1,unattributed,unresolved,,"Cyropedeia, 8. 7.","[{""source"": ""loeb1-uc1"", ""page"": ""119"", ""context"": ""he read in xenophon how cyrus in his"", ""marker_support"": false}]"
suet.jc.rolfe_eng1.xml,rolfe-jc-note-079,88.1,unattributed,unresolved,,About an hour before sunset.,"[{""source"": ""loeb1-uc1"", ""page"": ""119"", ""context"": ""about the eleventh hour, and was believed to"", ""marker_support"": false}]"
suetonius.aug.holland1898-section.xml,holland-aug-note-002,1.1,unattributed,unresolved,,Where they were a boyling or rosting.,[]
suetonius.aug.holland1898-section.xml,holland-aug-note-003,2.1,unattributed,unresolved,,Ea gens inter Romanos allecta.,[]
suetonius.aug.holland1898-section.xml,holland-aug-note-005,2.2,unattributed,unresolved,,Colonel of 1000 footmen.,[]
suetonius.aug.holland1898-section.xml,holland-aug-note-007,2.3,unattributed,unresolved,,Argentarium an exchanger of monie for gaine.,[]
suetonius.aug.holland1898-section.xml,holland-aug-note-008,3.1,unattributed,unresolved,annotation,"Inter divisores, operasque campestres. This was thought to bee but a base occupation, namely, to give among the Tribes, such sums of money as the Candidati, or those that stood in election for offices promised and pronounced for the buying of voices. The name also grew to be odious, howsoever Plautus in Aulul. calleth them Magistros Curiæ. Likewise all such servitours as otherwise gave attendance in Campo Martio, and thereby gat a living, whom he termeth here operas campestres, were but of meane reckoning.",[]
suetonius.aug.holland1898-section.xml,holland-aug-note-009,4.2,unattributed,unresolved,,Al this is spoken allegorically of his base parentage.,[]
suetonius.aug.holland1898-section.xml,holland-aug-note-010,5.1,unattributed,unresolved,,23 of September.,"[{""source"": ""holland1-uc1"", ""page"": ""84"", ""context"": ""the calends\nof october, a little before the"", ""marker_support"": false}, {""source"": ""holland1-hvd"", ""page"": ""84"", ""context"": ""the calends\nof october, a little before the"", ""marker_support"": false}]"
suetonius.aug.holland1898-section.xml,holland-aug-note-011,5.1,unattributed,unresolved,annotation,"Regione Palatii. In old time Rome was divided into foure principall regions or quarters: Suburrana, Equilina, Collina, and Palatina.",[]
suetonius.aug.holland1898-section.xml,holland-aug-note-012,5.1,unattributed,unresolved,,Oxe or Bull-heads.,[]
suetonius.aug.holland1898-section.xml,holland-aug-note-013,5.1,unattributed,unresolved,annotation,"The manner in old time was, that the newe borne babe should be set up on the bare ground to cry and call upon the Goddesse Ops, who so gently had received it. And the Goddesse forsooth, that helped to lift it up againe, was called Levana, i. a Levando. Augustin. Macrob.",[]
suetonius.aug.holland1898-section.xml,holland-aug-note-015,8.1,unattributed,unresolved,annotation,"The Virile robe was the ordinary Romane gowne, all white without purple, which they wore when they came to be past 16 yeares of age.",[]
suetonius.aug.holland1898-section.xml,holland-aug-note-016,8.1,unattributed,unresolved,annotation,"To wit, bracelets, chaines and collars, Speare staves without iron heads, trappings, chaplets and guirlands, etc.",[]
suetonius.aug.holland1898-section.xml,holland-aug-note-018,8.2,unattributed,unresolved,,His mothers husband.,[]
suetonius.aug.holland1898-section.xml,holland-aug-note-019,8.3,unattributed,unresolved,annotation,"This was the Triumvirate, so much spoken of: during which, M. Antonius, M. Lepidus, and Augustus ruled joyntly together.",[]
suetonius.aug.holland1898-section.xml,holland-aug-note-020,9.1,unattributed,unresolved,annotation,Marcus Brutus.,[]
suetonius.aug.holland1898-section.xml,holland-aug-note-022,10.2,unattributed,unresolved,,i. Antonius.,[]
suetonius.aug.holland1898-section.xml,holland-aug-note-025,12.1,unattributed,unresolved,annotation,"Hee meaneth Cicero, as appeareth by an Epistle of D. Brutus unto Cicero in these words, Narravit mihi, etc., ipsum Cæsarem (Augustum) nihil sane de te questum nisi dictum quod diceret, te dixisse laudandum adolescentem, ornandum, tollendum: se non commissurum ut tolli possit. In which words, as also in this place of Tranquillus, there is an æquivocation or doubtfull sense in this Verbe Tollendum: which in one signification, is in manner æquivalent with laudandum and ornandum; and betokeneth, to bee advanced, extolled, or lifted up and so is to be taken in good part: but in another, it is all one with tollendum de medio, or occidendum, id est, to be dispatched out of life: or killed. In which sense Cicero ment it, and Augustus tooke it, namely in ill part. Much like to this, you shall reade in Nero, sustulit hic matrem, sustulit ille patrem. The grace lieth in the ambiguitie of the Latine word tollendum, which cannot in English be so well delivered.",[]
suetonius.aug.holland1898-section.xml,holland-aug-note-026,12.1,unattributed,unresolved,,Et tollendum.,[]
suetonius.aug.holland1898-section.xml,holland-aug-note-027,13,unattributed,unresolved,annotation,"The Egnatii, as Appian witnesseth.",[]
suetonius.aug.holland1898-section.xml,holland-aug-note-029,14.1,unattributed,unresolved,annotation,"Which by the Lawe Julia, Theatralis, and Roscia, were allowed for the knights or Gentlemen of Rome, whose estate was valued not under 400000 Sesterces. The lawes abovesaid, were promulged by Augustus Cæsar, and L. Roscius Otho a Tribune of the Commons. And these 14 Seates named Equestria were the next unto the stage after the Orcestra arising by degrees and staires, as it were higher and higher, and so farther of. Above which in the upper and more remote scaffolds sat the common people, and thereupon they were called Popularia. Howbeit, for all the lawe Roscia, many Commoners of good wealth and credit, used to sit indifferently in the said 14 formost seats, untill the other Lawe Julia was enacted, which distinguished the orders more precisely. Carol. Sigon. De Antiq. Jur. Civ. Rom. lib. 2, cap. 19.",[]
suetonius.aug.holland1898-section.xml,holland-aug-note-030,15.1,unattributed,unresolved,,Brained with an axe: and not beheaded.,[]
suetonius.aug.holland1898-section.xml,holland-aug-note-031,15.1,unattributed,unresolved,,On which day Julius Cæsar was murdred.,[]
suetonius.aug.holland1898-section.xml,holland-aug-note-033,16.1,unattributed,unresolved,,An harbour neere Messanah.,[]
suetonius.aug.holland1898-section.xml,holland-aug-note-034,16.2,unattributed,unresolved,,"Marcus, the Triumvir.","[{""source"": ""holland1-uc1"", ""page"": ""91"", ""context"": ""i thinke) to\nantonius, for to cast this"", ""marker_support"": false}]"
suetonius.aug.holland1898-section.xml,holland-aug-note-035,16.2,unattributed,unresolved,,For Gods helpe.,[]
suetonius.aug.holland1898-section.xml,holland-aug-note-036,16.2,unattributed,unresolved,annotation,"When in stately Pompe, the sacred chariot Thensa, with the images of the Gods in it, was devoutly drawen according to the solemne manner.",[]
suetonius.aug.holland1898-section.xml,holland-aug-note-038,16.3,unattributed,unresolved,annotation,"A coast-towne of Italy affronting Sicile, from whence it is a very short cut over sea: so called by the Greekes, as if even there a breach was made by the sea, dividing Italie from Sicilie which before time was a part of the continent or mainland and no mervaile of that Name: since that Maritime Region, wherein Locri stood, was in times past called Magna Græcia.",[]
suetonius.aug.holland1898-section.xml,holland-aug-note-039,16.4,unattributed,unresolved,,Sext.,"[{""source"": ""holland1-uc1"", ""page"": ""92"", ""context"": ""the flight of pompeius 3, when m. lepidus\none"", ""marker_support"": false}, {""source"": ""holland1-hvd"", ""page"": ""92"", ""context"": ""the flight of pompeius 3, when m. lepidus\none"", ""marker_support"": false}]"
suetonius.aug.holland1898-section.xml,holland-aug-note-041,17.1,unattributed,unresolved,,Some Critickes begin here a newe Chapter.,[]
suetonius.aug.holland1898-section.xml,holland-aug-note-042,17.1,unattributed,unresolved,annotation,"In the custodie of the Vestall Nunnes, or Votaries, as Julus Cæsar had done before him: of such integritie and so good conscience they were thought to be, as things of greatest weight were committed unto them in trust.",[]
suetonius.aug.holland1898-section.xml,holland-aug-note-043,17.1,unattributed,unresolved,annotation,"In that hee put downe in his will the children which he had by Cleopatra a stranger and barbarian borne, which also were begotten in bastardie, as well as if they had beene naturall Romanes and legitimate, hee faulted in common civilitie, but much more, when hee proceeded to call the sonnes that he had by her, Reges Regum, i. the King of Kings. As absurd also and immodest hee shewed himselfe, when having by her at one birth two twinnes, the male infant he surnamed Sol, i. the Sunne, and the Femall, Lunà, i. the Moone.",[]
suetonius.aug.holland1898-section.xml,holland-aug-note-044,17.2,unattributed,unresolved,,Cn. Domitius.,[]
suetonius.aug.holland1898-section.xml,holland-aug-note-045,17.2,unattributed,unresolved,annotation,"This forename, Titus cannot truly be given to any of the Domitii, if that bee true which is written of them afterward in Domitius Nero, cap. 1. But in the behalfe of M. Antonius, considering he was their Patrone and Protector. For other forain States and Cities usually were shrouded under the favour of Gentlemen at Rome. In which regard, he laid not to their charge that they had not sided with himselfe, but rather taken part with their Patron Antonii: considering that nere bond wherewith such Protectors and Clients or Dependents were linked together: which Dionysius supposeth to bee almost as ancient as Rome it selfe, and almost æquall to that of Allies, yea and kinsfolke in bloud.",[]
suetonius.aug.holland1898-section.xml,holland-aug-note-046,17.2,unattributed,unresolved,annotation,"A Promontorie or Cape in Epirus, shooting into the Bay Ambracium, in the view whereof the sumptuous Armada of Antonie and Cleopatra was defaited.",[]
suetonius.aug.holland1898-section.xml,holland-aug-note-047,17.4,unattributed,unresolved,,"Viditque mortuum. In some copies we read thus: Viditque mortuam Cleopatram, i. And he saw Cleopatra dead: for he heard onely of Antonies death and saw the sworde wherewith hee wounded himselfe.",[]
suetonius.aug.holland1898-section.xml,holland-aug-note-048,17.4,unattributed,unresolved,annotation,"These Psylli are people in Affricke supposed to have bodies of a singular vertue to kill serpents, as also a speciall skill in sucking foorth venome out of the wound made by their sting. Yet Cornelius Celsus, lib. 5, cap. 27, is of opinion, that they have no principall gift or cunning in this feate above other men, but more boldnesse rather, confirmed by use and practise. For the venome of a serpent, saith hee, hurteth not by being tasted, but as it is infused by a wound, which he proveth by those poysons that the French use especially in hunting. And therefore a verie Snake or Adder it selfe, may bee eaten safely, how ever the sting is deadly and if whiles it lyeth astonied or benummed (the cast wherof these Monte-bankes or juglers have by meanes of certaine medicines) one put his finger into the mouth thereof, and be not bitten or stung withall, there is no spettle or slimie humours there to doe harme. So that whosoever else, by example of these Psylli shall sucke any wound inflicted by a Serpent, he shall doe it safely, and cure besides, the party that is stung. Provided alwaies, that hee have no sore or ulcer, in gummes, palate, or any part of his limmes.",[]
suetonius.aug.holland1898-section.xml,holland-aug-note-049,17.4,unattributed,unresolved,annotation,"Some thinke this kinde of Aspis which shee used, was Pytas, others Hypnale; for that the sting brought drowsinesse upon her: and Lucane called it Aspida Somniferam. But common it is unto all the sortes to kill by sleepe and stupefaction without paine, some sooner, some later: but all within the space of 6 houres: so that Hypnale may seeme to be a generall attribute to them all.",[]
suetonius.aug.holland1898-section.xml,holland-aug-note-051,18.1,unattributed,unresolved,,"Or Ptolemais, i. the bodies or Tombes of the Ptolemæes. If you read Ptolemæum, it is meant of Lagus.","[{""source"": ""holland1-uc1"", ""page"": ""94"", ""context"": ""looke upon the ptolomes also? he answered that"", ""marker_support"": false}, {""source"": ""holland1-hvd"", ""page"": ""94"", ""context"": ""looke upon the ptolomes also? he answered that"", ""marker_support"": false}]"
suetonius.aug.holland1898-section.xml,holland-aug-note-052,18.1,unattributed,unresolved,annotation,"As if hee counted those Ptolemees dead, who left no memorable actes behinde them and Alexander, a King still, or worthie alone to be called King, whose memoriall was yet so fresh and lively.",[]
suetonius.aug.holland1898-section.xml,holland-aug-note-053,18.2,unattributed,unresolved,,Which stood upon the saide promontarie Actium.,[]
suetonius.aug.holland1898-section.xml,holland-aug-note-055,19.1,unattributed,unresolved,annotation,"For that one of his parentes was a Parthine, that is to say, a stranger of Illyricum, and the other a Romane.",[]
suetonius.aug.holland1898-section.xml,holland-aug-note-056,19.1,unattributed,unresolved,,Begotten betweene a bond slave and a Libertine.,[]
suetonius.aug.holland1898-section.xml,holland-aug-note-057,19.1,unattributed,unresolved,,"Or Prompter of names, emploied in telling of their names who came to salute and bid good morrow, and placing also of guests at the Table, and in no better service.",[]
suetonius.aug.holland1898-section.xml,holland-aug-note-058,20.1,unattributed,unresolved,annotation,"Warres take the name of those that bee vanquished. As, Gallicum bellum, Germanicum, Dalmaticum, etc., in which Gaule, Germanie, and Dalmatia be subdued.",[]
suetonius.aug.holland1898-section.xml,holland-aug-note-059,20.1,unattributed,unresolved,,Or turret of woode.,[]
suetonius.aug.holland1898-section.xml,holland-aug-note-060,20.1,unattributed,unresolved,annotation,"Some take this bridge to be a kinde of fabrick or skaffold reared for the assault of the towne Metulium, and not an ordinarie bridge built over some river.",[]
suetonius.aug.holland1898-section.xml,holland-aug-note-061,21.2,unattributed,unresolved,annotation,"This temple, as appeareth afterwards, hee had vowed in the Philippian warre, which hee undertooke in revenge of his Father Julius Cæsars death, and therefore dedicated it unto Mars, Revenger.",[]
suetonius.aug.holland1898-section.xml,holland-aug-note-062,21.2,unattributed,unresolved,,Unusuall in those days.,[]
suetonius.aug.holland1898-section.xml,holland-aug-note-063,21.2,unattributed,unresolved,,"Or 20, rather.",[]
suetonius.aug.holland1898-section.xml,holland-aug-note-064,22.1,unattributed,unresolved,annotation,"The Temple of Janus Quirinus, or Quirini, because it was first founded by Romulus, Numa Pompilius his successor ordained to be set open in time of warre, and shutte when there was peace. Whereupon Janus was termed under a two-folde name, Patucius and Clausius. Once it was shutt in the said Numa his reigne; and a second time, after the first Punick warre ended, when M. Atilius, and T. Manlius, or Mallius, were Consuls. At all times before and after it stood open, untill Augustus Cæsars daies; during whose Empire it was thrice shut. First, upon the defeature of Antonius and Cleopatra before Actium. Secondly, after his victorie in Spaine over the Cantabri. Last of all, when all nations (in manner) of the earth by occasion of his victories, grew to an universall peace. About which time our Saviour Jesus Christ, Immanuel, that True Peace-maker betweene God and us, was borne. Thus Orosius reporteth, and readeth, ter, not tertio. Howbeit Livie seemeth to acknowledge, but once, namely, upon the Actiack victorie.",[]
suetonius.aug.holland1898-section.xml,holland-aug-note-065,22.1,unattributed,unresolved,,"Tertio, or ter. i. thrice.",[]
suetonius.aug.holland1898-section.xml,holland-aug-note-066,22.1,unattributed,unresolved,annotation,"Ovation was a kinde of petie triumph: wherin the Captaines victors rode not in a Chariot, nor wore a Coronet of Laurell, but of the Myrtle. It tooke the name ab ovibus, i. Sheepe Sacrificed, or rather all the voyce, Ovoe, which the Soldiours in their acclamations resounded.",[]
suetonius.aug.holland1898-section.xml,holland-aug-note-068,23.1,unattributed,unresolved,annotation,"The Romane Armie consisted of Legions, who were all Romanes, and of Auxilia, i. aids, and those were of Allies and confederate nations.",[]
suetonius.aug.holland1898-section.xml,holland-aug-note-070,23.2,unattributed,unresolved,,"Which also was called Bellum sociale, wherein the Associate nations in Italy rebelled: of which Rebellion the Authors were the Marsi.",[]
suetonius.aug.holland1898-section.xml,holland-aug-note-071,23.2,unattributed,unresolved,,"Upon an opinion of the Painims, that if they did injurie to their owne bodies they should sooner pacifie the Gods.",[]
suetonius.aug.holland1898-section.xml,holland-aug-note-072,23.2,unattributed,unresolved,annotation,"This day, was Ante diem quartum non Sextil, i. the second daye of August. Which was also that verie daye of the moneth, wherein the Romans in times past suffered the desasterous overthrow at Cannæ.",[]
suetonius.aug.holland1898-section.xml,holland-aug-note-073,24.1,unattributed,unresolved,annotation,"By which the people of Rome wonne their immortall fame, and conquered the whole world: as Cicero saith: Pro Muræna.",[]
suetonius.aug.holland1898-section.xml,holland-aug-note-074,24.1,unattributed,unresolved,annotation,"December, Januarie, and Februarie.",[]
suetonius.aug.holland1898-section.xml,holland-aug-note-075,24.1,unattributed,unresolved,annotation,Thereby disabling them for being serviceable souldiers.,[]
suetonius.aug.holland1898-section.xml,holland-aug-note-076,24.1,unattributed,unresolved,annotation,"These Publicanes, so called for that they fermed their Cities revenewes, as Customes, Tolles, Imposts, etc., were likewise Knightes or Gentlemen of Rome, and by being so earnest to buy out one of their owne sort, were thought to favour him, and minded presently to dismisse him at liberty: which was contrary to his intent.",[]
suetonius.aug.holland1898-section.xml,holland-aug-note-078,24.2,unattributed,unresolved,,"Or wastcoates, without their Saga.",[]
suetonius.aug.holland1898-section.xml,holland-aug-note-079,24.2,unattributed,unresolved,,"Or meeting poles, in token of Regradation or putting downe to a lower place.",[]
suetonius.aug.holland1898-section.xml,holland-aug-note-080,25.1,unattributed,unresolved,annotation,"For his Uncle and Predecessor Julius Cæsar, had taken up that familiar terme of Commilitones, by occasion of so many troubles that followed him, and therefore was driven to speake his Souldiers fayre.",[]
suetonius.aug.holland1898-section.xml,holland-aug-note-081,25.2,unattributed,unresolved,annotation,"Libertines were those who having beene bond were made free or manumised: and these were not capable of Militia Romana, but in time of great extremitie and desperate cases.",[]
suetonius.aug.holland1898-section.xml,holland-aug-note-082,25.2,unattributed,unresolved,,"Sub primore vexillo or sub proprio vexillo, i. under his owne banner.",[]
suetonius.aug.holland1898-section.xml,holland-aug-note-084,25.3,unattributed,unresolved,annotation,"It seemeth by this, that these vallare and murall coronets were made of some other matter than Silver and Gold. Yet Aul. Gell., lib. 5, cap. 6, writeth that both these, as also the Navale, were of gold. Now, the Vallare or Castrensis coronet, (for they were both one) resembled vallum, i. the Rampier a palaisade about a Camp, made ex vallis, i. stakes or pales sharpened at the head, wherewith the banke or mure was the better fortified, and hee received it as an honorable reward, who first mounted the said palaisade, and entered the Camp of his enemies. The Murall, was fascioned like to the battlements of a wall, given likewise unto that souldier, who approached the enemies wall first, skaled, and climbed over it into the Citie. As for these Phaleræ, albeit they be commonly taken for the ornaments or trappings of horses, yet it appeareth that they be the ornaments of the men themselves: and as well they as Torques were, Tralatitia militum dona, i. ordinarie and common gifts bestowed upon good souldiers. See Juvenal, Satyr. ult.: Ut læti phaleris omnes, et torquibus omnes.",[]
suetonius.aug.holland1898-section.xml,holland-aug-note-085,25.3,unattributed,unresolved,annotation,"Such as he called before Manipulares and Gregarios: although in other authors, Caligati stand for all manner of souldiers.",[]
suetonius.aug.holland1898-section.xml,holland-aug-note-086,25.4,unattributed,unresolved,annotation,"In Latin Festina lentè: much to this sense in our English tongue: No more hast then good speed: for, The soft fire makes sweet malt. This proverbe the same Augustus expressed also in his coines, wherein hee stamped together with lightning or a thunderbolt, the God Terminus, representing by the one, Celeritie; and by the other, Stayednesse. Like as Titus Vespasianus the Emperour joyned an Anchor and a Dolphin together in his coine, to the same purpose.",[]
suetonius.aug.holland1898-section.xml,holland-aug-note-087,25.4,unattributed,unresolved,annotation,"A verse of Euripides, in the Tragedie Phœnissa, i. A warie Captaine is better than a venterous.",[]
suetonius.aug.holland1898-section.xml,holland-aug-note-088,25.4,unattributed,unresolved,annotation,"It was the Apophthegme of Cato, Soone enough is that done, which is well done.",[]
suetonius.aug.holland1898-section.xml,holland-aug-note-089,26.1,unattributed,unresolved,,"By the lawes Annuaria, or Annales.","[{""source"": ""holland1-uc1"", ""page"": ""100"", ""context"": ""government before due time; some of them also"", ""marker_support"": false}, {""source"": ""holland1-hvd"", ""page"": ""100"", ""context"": ""government before due time; some of them also"", ""marker_support"": false}]"
suetonius.aug.holland1898-section.xml,holland-aug-note-090,26.1,unattributed,unresolved,,As the Triumvirate.,[]
suetonius.aug.holland1898-section.xml,holland-aug-note-091,26.1,unattributed,unresolved,,As the Tribunes authoritie and Censureship.,[]
suetonius.aug.holland1898-section.xml,holland-aug-note-092,26.1,unattributed,unresolved,annotation,"By the law Annaria, that L. Julius, or Villius rather promulged, required it was, that a Consull should not be under the age of 43. Yet for their worthinesse and demerits, some attaine to that dignitie, under 30.",[]
suetonius.aug.holland1898-section.xml,holland-aug-note-093,26.1,unattributed,unresolved,,"Or casting it behind him, rejecto sagulo.",[]
suetonius.aug.holland1898-section.xml,holland-aug-note-094,26.1,unattributed,unresolved,annotation,"Like unto this was the speech of that Centurion, who being sent by Julius Cæsar Dictator, for to have the time of his government and conduct of an Armie in the province proroged, standing before the doore of the Senate house, and taking knowledge that it would not be granted, shooke his sword hilt with his hand and said, Hic prorogabit, i. This then shall proroge it.",[]
suetonius.aug.holland1898-section.xml,holland-aug-note-096,26.2,unattributed,unresolved,,"The elder in his twelfth, the younger in his thirteenth Consulate.",[]
suetonius.aug.holland1898-section.xml,holland-aug-note-102,28.1,unattributed,unresolved,,i. Augustus.,[]
suetonius.aug.holland1898-section.xml,holland-aug-note-103,28.1,unattributed,unresolved,,"Ac Senatum: or, e senatu, i. out of the Senate.",[]
suetonius.aug.holland1898-section.xml,holland-aug-note-104,28.1,unattributed,unresolved,,Or of his acts and proceedings in the government.,[]
suetonius.aug.holland1898-section.xml,holland-aug-note-106,28.2,unattributed,unresolved,,"As if he had beene a God himselfe, according to the saying, Sapiens ipse fingit fortunam sibi.",[]
suetonius.aug.holland1898-section.xml,holland-aug-note-107,29.1,unattributed,unresolved,annotation,"Three such Halles there were in Rome, wherein Judiciall courts were held, and causes pleaded. 1. Romanum, which was so much frequented with Lawyers and their Clients, that Cato Censorius delivered his opinion, that it should bee paved with Calthrops, to keepe out that rabble which hanted it. 2. Cæsareum, that Cesar Dictator built, and adjoyned thereto the Temple of Venus Genitrix. 3. Augusti, whereto was annexed by him one Temple of Mars Revenger. For, another he erected in the Capitoll, after he had regained from the Parthians, the Roman Standerds and militarie ensignes, which they wonne from Crassus.",[]
suetonius.aug.holland1898-section.xml,holland-aug-note-110,29.5,unattributed,unresolved,annotation,"An Amphitheater, and a Theater, differs as the full Moone from the halfe, or a compleat roundle from a semicircle.",[]
suetonius.aug.holland1898-section.xml,holland-aug-note-111,30.1,unattributed,unresolved,annotation,"Pliny writeth, that Rome was devided into foureteene Regions, or wards, and into more than a thousand streets.",[]
suetonius.aug.holland1898-section.xml,holland-aug-note-112,31.4,unattributed,unresolved,annotation,"Augurs were certaine Priests employed about the observation of Birds, and from them out of their learning gave directions. In number at first they were but three belonging unto the three ancient tribes of Rome. In processe of time there was a Colledge or convent of them to the number of 24, namely, in the daies of Sulla Dictator: so that I doubt not but among these were some appointed for this ministerie eyther about the Goddesse Salus, i. Health or safety, unto whom there was likewise a Temple built, or else in the name and behalfe of the people, Captare Augurium salutis, which as Dio maketh report, was in this manner: That they should call unto God for safetie, if he would permit: as if it were not lawfull to crave it at the Gods hands, unlesse they first granted it. And one day every yeare was chosen for this buisinesse, in which no Armie did set forth to warre: no man warre against them, nor toke weapon in hand to fight: a thing that could not be, during the late troubles and civill warres. No merveile therefore, if this function being forelet, was now taken up againe by Augustus, when by occasion of peace, he did shut the Temple of Janus. And as this function was called Augurium, so I see no reason but the very Augurship or Sacerdotall dignity it selfe in this place might be named Augurium, in the same forme, that presently after, the Flamenship or Priesthood belonging to Jupiter, is named Flaminium: and this I take to be the meaning of our Author.",[]
suetonius.aug.holland1898-section.xml,holland-aug-note-113,31.4,unattributed,unresolved,annotation,"Which were solemnized once in an hundred, or as some say, an hundred and ten yeares.",[]
suetonius.aug.holland1898-section.xml,holland-aug-note-114,31.5,unattributed,unresolved,,"Supposuit: some reade, superposuit, i. upon such an arched Janus or Through-fare.",[]
suetonius.aug.holland1898-section.xml,holland-aug-note-116,32.2,unattributed,unresolved,,Or obligations.,[]
suetonius.aug.holland1898-section.xml,holland-aug-note-117,32.2,unattributed,unresolved,,"Exussit or excussit, i. canciled.",[]
suetonius.aug.holland1898-section.xml,holland-aug-note-118,32.2,unattributed,unresolved,,Or cause.,[]
suetonius.aug.holland1898-section.xml,holland-aug-note-119,32.2,unattributed,unresolved,,"Law daies, or pleading time.",[]
suetonius.aug.holland1898-section.xml,holland-aug-note-120,32.2,unattributed,unresolved,annotation,"By which addition, there were in the yeare 230 Law-daies or pleadeable.",[]
suetonius.aug.holland1898-section.xml,holland-aug-note-121,32.2,unattributed,unresolved,,"Liberalia, Bacchanalia, Praetoria, or others in the honour of men living which might well be spared.",[]
suetonius.aug.holland1898-section.xml,holland-aug-note-123,32.3,unattributed,unresolved,,"Or 20 rather, for the ordinarie age was 25 yeares, at which they were eligible.",[]
suetonius.aug.holland1898-section.xml,holland-aug-note-124,32.3,unattributed,unresolved,,Quarto quoque anno: everie 4 yeare.,[]
suetonius.aug.holland1898-section.xml,holland-aug-note-125,32.3,unattributed,unresolved,,"Uppon certaine dayes of those moneths, during which, there were Sports and Revels and the licentious feast Saturnalia.",[]
suetonius.aug.holland1898-section.xml,holland-aug-note-126,33.1,unattributed,unresolved,annotation,"More maiorum ordained it was, that a Paricide, should first be beaten with rods, and then, sowed within a lether male or budge togither with a dog, a cocke, a viper, and an ape, and so throwen into the sea or some running water.",[]
suetonius.aug.holland1898-section.xml,holland-aug-note-127,33.2,unattributed,unresolved,annotation,"Whereof Cornelius Sylla was the Author intituled: de falsis, or Testamentaria.",[]
suetonius.aug.holland1898-section.xml,holland-aug-note-128,34.1,unattributed,unresolved,annotation,"Many lawes went under the title Sumptuaria, to represse the immoderate expense in apparell, and belly-cheere especially: as namely, Fannia, Didia Oppia, Cornelia, Julia, as well Cæsaris as Augusti. But in the time of Tiberius Cæsar, notwithstanding he did what he could to keepe them in force, yet they were all abrogated.",[]
suetonius.aug.holland1898-section.xml,holland-aug-note-129,34.1,unattributed,unresolved,annotation,"Lex Julia, Cæsaris et Augusti, de Adulteriis et Pudicitia. For albeit the law Scatinia, provided against the later, to wit Pæderestie, yet the penaltie thereof by vertue of the said law was but Pecuniaria, i. a mony matter. Whereas by Julia it was Capitalis, i, worthie of death. And, that Augustus established and inforced this law against Incontinencie, it may appeare by this, that Sextus Aurelius reprooved him: because being himselfe given to lasciviousnesse, yet he was a most severe and sharpe chasticer of that vice as also by that answere of a young man, whom he for committing adultery with his daughter Julia smote with his owne hands. Who thereupon cried out, Νόμον ἔθηκας, ὦ Καίσαρ, i. Thou hast made a lawe O Cæsar. Now as touching the foresaid law Scatinia, it was so called (as Valerius Maximus writeth) by occasion of one Scatinius a Tribune of the commons, who against kinde had abused a sonne of Marcellus, and was therefore condemned accordingly.",[]
suetonius.aug.holland1898-section.xml,holland-aug-note-130,34.1,unattributed,unresolved,,De pudicitia or impudicitia.,[]
suetonius.aug.holland1898-section.xml,holland-aug-note-131,34.1,unattributed,unresolved,annotation,"De ambitu. Of which there were divers, namely, Acilia Calpurnia, Aufidia, Bæbia Æmilia, Cornelia Fulvia, Maria, Pompeia, Pætilia, Tullia and Julia, Cæsaris and Augusti.",[]
suetonius.aug.holland1898-section.xml,holland-aug-note-132,34.1,unattributed,unresolved,annotation,"Lex papia poppæa, de maritandis ordinibus, wherof, there were many branches and chapters, not only respecting this conjunction of the Gentrie and commons: but also concerning penalties to be laid upon those that neglected mariage, and rewards due to such as lived in wedlocke and begat children, etc.",[]
suetonius.aug.holland1898-section.xml,holland-aug-note-133,34.1,unattributed,unresolved,,Of living unmarried.,[]
suetonius.aug.holland1898-section.xml,holland-aug-note-134,34.1,unattributed,unresolved,,After the decease of a former wife or husband.,[]
suetonius.aug.holland1898-section.xml,holland-aug-note-135,34.2,unattributed,unresolved,,"Unripe age, i. under 12 yeres.","[{""source"": ""holland1-uc1"", ""page"": ""110"", ""context"": ""avoided by the immaturity of young espoused wives"", ""marker_support"": false}, {""source"": ""holland1-hvd"", ""page"": ""110"", ""context"": ""avoided by the immaturity of young espoused wives"", ""marker_support"": false}]"
suetonius.aug.holland1898-section.xml,holland-aug-note-136,34.2,unattributed,unresolved,,By meanes of divorses.,[]
suetonius.aug.holland1898-section.xml,holland-aug-note-138,35.1,unattributed,unresolved,,300.,[]
suetonius.aug.holland1898-section.xml,holland-aug-note-140,35.2,unattributed,unresolved,annotation,"The badges that distinguished Senatours from others, were their Robes purfled or embrodered with broad studs of purple like naile heads, called thereupon Laticlavi, and shoes with peakes resembling the horned tips or pointed ends of the moone, named therefore Calcei lunati, in token of their auncient Nobilitie, as some interpret it.",[]
suetonius.aug.holland1898-section.xml,holland-aug-note-141,35.2,unattributed,unresolved,,Among other Senators.,[]
suetonius.aug.holland1898-section.xml,holland-aug-note-142,35.2,unattributed,unresolved,annotation,"These solemne feastes at which Senators were allowed to be present, were Epulum Jovis otherwise called Cæna Dialis within the capitoll: likewise Cæna Triumphalis Pontificialis, and Auguralis, i. the sumptuous suppers to the honour of Jupiter, at triumphes, given by the Pontifies and Augurs.",[]
suetonius.aug.holland1898-section.xml,holland-aug-note-144,35.3,unattributed,unresolved,annotation,The first day of everie moneth.,[]
suetonius.aug.holland1898-section.xml,holland-aug-note-145,35.3,unattributed,unresolved,annotation,"The 15 of March, May, July, and October, the 13 of the rest.",[]
suetonius.aug.holland1898-section.xml,holland-aug-note-146,35.3,unattributed,unresolved,,"Haply, by reason of vintage that was not to be neglected.",[]
suetonius.aug.holland1898-section.xml,holland-aug-note-147,36.1,unattributed,unresolved,,"Acta Senatus and not Senatus consulta: he meaneth Diurna acta, i. the proceedings that passed there every day of sitting.","[{""source"": ""holland1-uc1"", ""page"": ""112"", ""context"": ""rest: that the acts\nof the senate should"", ""marker_support"": false}]"
suetonius.aug.holland1898-section.xml,holland-aug-note-148,36.1,unattributed,unresolved,,"Ten men either chosen out of the Centumvirs by lot, or created of purpose.",[]
suetonius.aug.holland1898-section.xml,holland-aug-note-149,36.1,unattributed,unresolved,annotation,"A judiciall court there was at Rome called Centumviralis Hasta, for that it consisted of certaine Commissioners or judges named Centumviri, i. The Hundred men. Before whom were debated civill matters and causes betweene citizen and citizen, of no great importance. Chosen these were out of everie Tribe three and those were in all 35, which number doth arise to 105, but in round reckoning they went for an hundred.",[]
suetonius.aug.holland1898-section.xml,holland-aug-note-151,38.1,unattributed,unresolved,annotation,"What these ornaments and badges were, T. Livius reporteth in the 30 booke of his Romane Historie: to wit, a crowne of Gold, and a faire golden Boll: a curule, Ivorie chaire, with a staffe likewise or scepter of Ivory: a long Robe embrodered of sundrie colours, and a rich coate of Needle worke representing the Date tree.",[]
suetonius.aug.holland1898-section.xml,holland-aug-note-153,38.2,unattributed,unresolved,,Or men of Armes.,[]
suetonius.aug.holland1898-section.xml,holland-aug-note-154,38.3,unattributed,unresolved,,Transvectionis.,[]
suetonius.aug.holland1898-section.xml,holland-aug-note-155,38.3,unattributed,unresolved,annotation,"This solemne shew or Riding of Roman Gentlemen, was upon the Ides: the 15 day of Quintilis, alias July yearely. Instituted first by Fabius Rutilianus in the honour of Castor and Pollux, who appeared unto the Romans, at the battell neere the Lake Regillus, what time they atchived a noble victorie. They rode from the Temple of Honour, as some write, or as others, of Mars without the walles, through the Forum, and by the Temple of Castor, up into the Capitall, dight with chaplets of Olive braunches, as Plinie writeth, lib. 15 Natur. Hist.",[]
suetonius.aug.holland1898-section.xml,holland-aug-note-157,39.1,unattributed,unresolved,,Wherein were written al their faults.,[]
suetonius.aug.holland1898-section.xml,holland-aug-note-158,40.1,unattributed,unresolved,,Demarchia. Dion.,[]
suetonius.aug.holland1898-section.xml,holland-aug-note-159,40.1,unattributed,unresolved,annotation,"By this it appeareth, that ordinarily he might not bee a Tribune of the commons, who was not a Senator: for albeit this be a Plebian Magistrate, yet might a commoner be a Senator.",[]
suetonius.aug.holland1898-section.xml,holland-aug-note-160,40.1,unattributed,unresolved,,Of gentlemen or of the Senatours.,[]
suetonius.aug.holland1898-section.xml,holland-aug-note-161,40.1,unattributed,unresolved,,Parentibus: comprehending all auncestours.,[]
suetonius.aug.holland1898-section.xml,holland-aug-note-162,40.1,unattributed,unresolved,,"400 Sestertia or 400000 Sestertii, i. 3215 l. sterling.",[]
suetonius.aug.holland1898-section.xml,holland-aug-note-163,40.2,unattributed,unresolved,annotation,"Whereupon, Suidas thinketh, Annonas to take their name, quasi ἀνὰ τὰς Νώνας διδόμενας, i. because corne was wont to be dealt among the people, upon the Nones of everie moneth, namely, the seventh day of March, May, July and October, and the fifth of the rest: whereas indeed Annona is derived ab anno, i. the yeare, quasi annalis alimonia, i. the yeares provision of food.",[]
suetonius.aug.holland1898-section.xml,holland-aug-note-164,40.2,unattributed,unresolved,,Nonis cuiusque Mensis.,[]
suetonius.aug.holland1898-section.xml,holland-aug-note-165,40.2,unattributed,unresolved,annotation,"It seemeth that Augustus held of two Tribes: to wit, Scaptia, unto which the Octavii belonged, and wherein he was borne: and Fabia, by his adoption into the familie of the Julii.",[]
suetonius.aug.holland1898-section.xml,holland-aug-note-167,40.5,unattributed,unresolved,,"By the trope Ironia, meaning those that were in clokes or foule gownes.",[]
suetonius.aug.holland1898-section.xml,holland-aug-note-168,40.5,unattributed,unresolved,,The Ptolemaees.,[]
suetonius.aug.holland1898-section.xml,holland-aug-note-169,40.5,unattributed,unresolved,annotation,"For, howsoever the Romane habit was the Gowne, yet permitted were they, upon necessitie, namely to save the said gowne in foule wether, or to defend themselves from cold, to cast over it a cloake in any frequented place of the Citie, as were the Forum, i. the common pleading courtyard or Market place, and the Circus, i. the Shew place.",[]
suetonius.aug.holland1898-section.xml,holland-aug-note-170,41.1,unattributed,unresolved,,Duple the worth of Gentlemen.,[]
suetonius.aug.holland1898-section.xml,holland-aug-note-177,44.2,unattributed,unresolved,annotation,For the ordinarie Roman Gownes were white and faire kept.,[]
suetonius.aug.holland1898-section.xml,holland-aug-note-178,44.2,unattributed,unresolved,,And by consequence farther of.,[]
suetonius.aug.holland1898-section.xml,holland-aug-note-179,44.2,unattributed,unresolved,,Spectare concessit solis.,[]
suetonius.aug.holland1898-section.xml,holland-aug-note-181,44.3,unattributed,unresolved,annotation,"Of these spectacles and games, some were Matutini, some Meridiani, and other Pomeridiani: according as they were exhibited, in the morning, at noone, and after-noone.",[]
suetonius.aug.holland1898-section.xml,holland-aug-note-182,44.3,unattributed,unresolved,,"Eleven of the clok, by which houre all that sight was past.",[]
suetonius.aug.holland1898-section.xml,holland-aug-note-183,45.1,unattributed,unresolved,,"And not, e pulvinari, i. The bedloft wher the sacred Images of the Gods were devoutly bestowed, which had beene brought in their Thenses and carried thether, at these solemn games.","[{""source"": ""holland1-uc1"", ""page"": ""121"", ""context"": ""out of the pulvinar, sitting there with his"", ""marker_support"": false}, {""source"": ""holland1-hvd"", ""page"": ""121"", ""context"": ""out of the pulvinar, sitting there with his"", ""marker_support"": false}]"
suetonius.aug.holland1898-section.xml,holland-aug-note-184,45.1,unattributed,unresolved,,As if he had no delight in those games.,[]
suetonius.aug.holland1898-section.xml,holland-aug-note-185,45.2,unattributed,unresolved,annotation,"These were called likewise sacred Games, as Stage-playes, Gymnicke Exercises, and Masteries in Musicke, in Neroes time.",[]
suetonius.aug.holland1898-section.xml,holland-aug-note-186,45.2,unattributed,unresolved,,"Pugiles, aunswerable in Greece to the Romaine Gladiatores.",[]
suetonius.aug.holland1898-section.xml,holland-aug-note-187,45.2,unattributed,unresolved,,And so had learned the skil and feate of fighting.,[]
suetonius.aug.holland1898-section.xml,holland-aug-note-188,45.3,unattributed,unresolved,,By beating with rods.,"[{""source"": ""holland1-uc1"", ""page"": ""122"", ""context"": ""chastice actours and plaiers at all times and"", ""marker_support"": false}, {""source"": ""holland1-hvd"", ""page"": ""122"", ""context"": ""chastice actours and plaiers at all times and"", ""marker_support"": false}]"
suetonius.aug.holland1898-section.xml,holland-aug-note-189,45.3,unattributed,unresolved,,"Pretours and Ædiles. Pompeii, Balbi, Metelli.",[]
suetonius.aug.holland1898-section.xml,holland-aug-note-190,45.4,unattributed,unresolved,annotation,"They tooke that name of a spatious Gallerie or walking place called Xystos, wherein they were woont to exercise in winter time.",[]
suetonius.aug.holland1898-section.xml,holland-aug-note-191,45.4,unattributed,unresolved,,"For so many there were in Augustus dayes, besides the Amphitheatre of Statilius Taurus.",[]
suetonius.aug.holland1898-section.xml,holland-aug-note-192,45.4,unattributed,unresolved,,A cunning Actour counterfaiting all parts.,[]
suetonius.aug.holland1898-section.xml,holland-aug-note-193,46.1,unattributed,unresolved,annotation,"Colonies, were Towne-ships in Italy and other Provinces planted with Romane Inhabitants. In which Decuriones, as one would say Aldermen, had the same authoritie as Senators in Rome.",[]
suetonius.aug.holland1898-section.xml,holland-aug-note-194,46.1,unattributed,unresolved,,Voices.,[]
suetonius.aug.holland1898-section.xml,holland-aug-note-195,46.1,unattributed,unresolved,,Cuiuscunque oppidi.,[]
suetonius.aug.holland1898-section.xml,holland-aug-note-196,47.1,unattributed,unresolved,annotation,"Hereupon, some Provinces were called Cæsaris, or Præsidiariæ : namely, which were ruled by the Emperours sole appointment, and had strong Garrisons placed in them others, Populi, and they were named Prætoriæ, Consulares, or Proconsulares, governed by Pretors, Consuls, or their Vicegerents.",[]
suetonius.aug.holland1898-section.xml,holland-aug-note-197,47.1,unattributed,unresolved,,And those were eleven.,[]
suetonius.aug.holland1898-section.xml,holland-aug-note-198,49.1,unattributed,unresolved,,"Superi, called otherwise the Adriatich Sea: Venice-gulfe.",[]
suetonius.aug.holland1898-section.xml,holland-aug-note-199,49.1,unattributed,unresolved,,"Inferi, otherwise Tusci, or Tyrrheni, i. the Tuskane Sea.",[]
suetonius.aug.holland1898-section.xml,holland-aug-note-200,49.1,unattributed,unresolved,,People of Spaine.,[]
suetonius.aug.holland1898-section.xml,holland-aug-note-202,49.2,unattributed,unresolved,,"Ducentesimis et quinquagesimis rerum venalium. Bonis etiam damnatorum, i. with the two hundreth peny, and the fiftieth peny of wares sold: with the goods also of condemned persons.",[]
suetonius.aug.holland1898-section.xml,holland-aug-note-203,50.1,unattributed,unresolved,annotation,"There is a kinde of Munkey or Marmoset in Æthiopia, going under the name of Sphinx, in Plinie. The Poets also faine, that a certaine monsterous beast so called, sometime did haunt the Citie of Thebes and the Territorie about it which from a rocke proposed ridales unto the passengers. This monster by their report, caried the resemblance of three creatures, to wit, a Foule, a Lion, and a mayden, according to these verses of Ausonius. Terruit Aoniam volucris, Leo, virgo, triformis Sphinx: volucris penna, pedibus fera, fronte puella. A three-shap'd Sphinx, Bird-Lion-Maid, Aonian land did fright, In wing a foule, in feete a beast, In face a virgin [bright]. Plinie writeth in the last booke of his Naturall Historie, That Augustus used at the beginning to signe with this Sphinx engraven upon his Signet. 'And verily,' quoth he, 'in the casket of his mothers Jewels two of these he found, so like, that one could not be discerned from the other. And as hee was woont to weare the one wheresoever he went, so in his absence during the civill warres with Anthonie, his friends that menaged his affaires at Rome, sealed with the other, those missives and edicts which passed in his name. And from hence it came, that those who received any such letters or edictes conteyning matter of difficultie, were wont merily to say, that the said Sphinx came ever with some hard riddle or other, which could not be assoiled. Whereupon Augustus to avoid the obloquie that arose by his Sphinx gave over sealing therewith, and signed alwaies after with the image of King Alexander the Great,' etc.",[]
suetonius.aug.holland1898-section.xml,holland-aug-note-204,50.1,unattributed,unresolved,,A cunning Lapidarie and graver in pretious stones.,[]
suetonius.aug.holland1898-section.xml,holland-aug-note-205,51.1,unattributed,unresolved,annotation,"This humanitie and affable courtesie termed by Sueton. Civilitas, was reproved in Alexander the Emperour by his mother and wife both, as not beseeming the Majestie of a Prince: for they told him many times, that thereby he caused his Imperiall power and dignitie to be the more contemptible: Yea, but it is by that meanes, quoth he, both surer, and like also to last the longer. Lamprid. in Alexandro.",[]
suetonius.aug.holland1898-section.xml,holland-aug-note-207,51.3,unattributed,unresolved,,Young: imputing his coller and cruelty to the heate of youth and hote bloud: measuring Tiberius by himselfe.,"[{""source"": ""holland1-uc1"", ""page"": ""126"", ""context"": ""humor of\nyour age: neither set it too"", ""marker_support"": false}, {""source"": ""holland1-hvd"", ""page"": ""126"", ""context"": ""humor of\nyour age: neither set it too"", ""marker_support"": false}]"
suetonius.aug.holland1898-section.xml,holland-aug-note-209,52.1,unattributed,unresolved,,"Cortinas, otherwise called Tripodas, standing upon 3 feete: from which Oracles were delivered.",[]
suetonius.aug.holland1898-section.xml,holland-aug-note-210,53.1,unattributed,unresolved,,"Domini, or Sr.",[]
suetonius.aug.holland1898-section.xml,holland-aug-note-211,53.1,unattributed,unresolved,annotation,"This name Dominus among the Romans, like as Sir with us, was diversly used. In the sense of imperious and Lordly commaund, as wee sometime take [Lord] it was odious: as having a relation to Servus a slave or villaine. To mollifie therfore the harshnesse of the word, they used to terme housholders or masters of families, patresfamilias, in steed of Dominos, as also houshold servants familiares, and not servos. Otherwise they used it by way of flatterie or faire speech, as appeareth in the chap. 21 of Claudius following. Hence it is, that lovers call their sweet hearts, Dominas, i. Mistresses. Also if a man speaketh unto one, whom he eyther knoweth not, or hath forgotten, he saith, Domine, i. Heere you, Sir, according to that Epigram in Martiall. Cum te non nossem, Dominum Regemque vocabam. Al while that I you kenned not, I cald you L. and King. Last of all, by way of scorne and derision. And so, the same Martial testifyeth in this Distichon. Cum voco te dominum, noli tibi, Cinna, placere, Sæpe etiam servum sic resaluto meum. When I O Cinna call you sir, joy not, I you advise, For even my servant I salute oft times no otherwise. In which manner we speake unto our servant, or any other in contempt, by this terme sirrha: to say nothing of sir knave. No mervaile therefore, if Augustus could not abide this word Dominus so doubtfully taken, and seldome in good sense.",[]
suetonius.aug.holland1898-section.xml,holland-aug-note-212,53.1,unattributed,unresolved,,"Or Enterlude, Mimo.",[]
suetonius.aug.holland1898-section.xml,holland-aug-note-213,53.2,unattributed,unresolved,annotation,"He looked not for their attendance at home in his owne house, neyther would he be thought to have conferred with any one privately, as touching the publike affaires.",[]
suetonius.aug.holland1898-section.xml,holland-aug-note-214,53.2,unattributed,unresolved,annotation,"If you read [adoperta], i. close and shut, it may have reference to this, That he tooke not state upon him, nor sought the peoples applause: which accordeth to his other behaviour reported before. If [ad aperta], i. open, it sheweth likewise his courteous cariage and affabilitie: as who was readie to accept of petitions and requests: a thing right commendable in a Prince, as it is written of King Artaxerxes surnamed Mnemon, how riding in a Carroch with his Queene, he commaunded her to draw open the curtaines thereof, that he might the better attend upon his subjects. And this agreeth as well with that which followeth of Augustus. And hereto I rather encline.",[]
suetonius.aug.holland1898-section.xml,holland-aug-note-215,53.2,unattributed,unresolved,,Ad operta: if adaperta the sence is contrarie.,[]
suetonius.aug.holland1898-section.xml,holland-aug-note-216,53.2,unattributed,unresolved,,Stipem. Quintilianus reddidit assem. lib. 6. cap. de risu.,[]
suetonius.aug.holland1898-section.xml,holland-aug-note-218,53.3,unattributed,unresolved,,"As Birthdayes, and Mariage Minds.",[]
suetonius.aug.holland1898-section.xml,holland-aug-note-219,53.3,unattributed,unresolved,,Assurance making of a mariage.,[]
suetonius.aug.holland1898-section.xml,holland-aug-note-220,53.3,unattributed,unresolved,annotation,"It is generally a received opinion, that within seven naturall daies such voluntarie abstinence from food is not mortall, as Plinie writeth in his eleventh booke, who reporteth also, that many have continued fasting more than eleven daies. Which I easily beeleeve. For, in mine owne knowledge I may be bold to report, that a Bitch lived so long, and yet died not, nor miscaried the whelps within her. Some meloncholicke persons therefore, may within the Latitude of Health endure so long, yea and those likewise who are fraught top-full with a ballanse of crud and cold humours, which may engender a quartaine ague as well as melancholie doth. For, I doubt not, but in such chronicke diseases occasioned and maintained by grosse matters, one may abide above eleven daies without all manner of food. Yet Aulus Gellius saith, that beyond seven daies wilfull abstinence, a man is not able to live.",[]
suetonius.aug.holland1898-section.xml,holland-aug-note-221,54.1,unattributed,unresolved,,As if Augustus by his absolute power had taken up all.,"[{""source"": ""holland1-uc1"", ""page"": ""128"", ""context"": ""for me to speake13. divers times\nwhen upon"", ""marker_support"": false}, {""source"": ""holland1-hvd"", ""page"": ""128"", ""context"": ""for me to speake13. divers times\nwhen upon"", ""marker_support"": false}]"
suetonius.aug.holland1898-section.xml,holland-aug-note-222,54.1,unattributed,unresolved,,"Cum vir virum, not Triumvirum.",[]
suetonius.aug.holland1898-section.xml,holland-aug-note-223,55.1,unattributed,unresolved,annotation,"For, as Ulpian testifyeth, 1. 18, de Testamento, a law there was, that whosoever to the infamie of any person published a Libell eyther in his owne or another mans name, yea without name at all: if he be convict thereof, shall be Intestabilis, i. disabled both for making a will himselfe, and also for to be a witnesse unto another mans.",[]
suetonius.aug.holland1898-section.xml,holland-aug-note-225,56.1,unattributed,unresolved,annotation,"By these Candidates, he meaneth eyther such as himselfe recommended unto the people for any office, as Cæsar his predecessor did before him, and those were called Cæsaris Candidati, or else his especiall friends whom he laboured for.",[]
suetonius.aug.holland1898-section.xml,holland-aug-note-226,56.1,unattributed,unresolved,,Or graces.,[]
suetonius.aug.holland1898-section.xml,holland-aug-note-227,56.1,unattributed,unresolved,,"In Tribu, or in Tribubus, i. among other Tribes.",[]
suetonius.aug.holland1898-section.xml,holland-aug-note-229,56.2,unattributed,unresolved,,Than the other.,[]
suetonius.aug.holland1898-section.xml,holland-aug-note-230,56.2,unattributed,unresolved,,Prætextatis adhuc.,[]
suetonius.aug.holland1898-section.xml,holland-aug-note-231,56.3,unattributed,unresolved,annotation,"Plinie, lib. 35, cap. 12, writeth, that Cassius his accuser charged him to have killed 130 guestes, with one platter of poisoned meat.",[]
suetonius.aug.holland1898-section.xml,holland-aug-note-232,56.3,unattributed,unresolved,,Or offender.,[]
suetonius.aug.holland1898-section.xml,holland-aug-note-233,56.3,unattributed,unresolved,,"Within the Barr, among the Advocates, as a well willer.",[]
suetonius.aug.holland1898-section.xml,holland-aug-note-234,56.4,unattributed,unresolved,,"Or Targuatier, Scutario: some take this for a proper name of some souldiour of his.",[]
suetonius.aug.holland1898-section.xml,holland-aug-note-235,56.4,unattributed,unresolved,annotation,"Certaine souldiers there were going under the name of Scutarii, as Paulus Diaconus witnesseth in his supplement upon Eutropius writing that Valentinian of a Tribune or Colonell over these Scutarii, became Emperour.",[]
suetonius.aug.holland1898-section.xml,holland-aug-note-237,57.1,unattributed,unresolved,,"In the Shoomakers street,",[]
suetonius.aug.holland1898-section.xml,holland-aug-note-238,57.1,unattributed,unresolved,,In the Tragædians street.,[]
suetonius.aug.holland1898-section.xml,holland-aug-note-239,57.1,unattributed,unresolved,,"Aliaque. In restitutionem, etc.",[]
suetonius.aug.holland1898-section.xml,holland-aug-note-240,57.2,unattributed,unresolved,,Mount Palatine.,[]
suetonius.aug.holland1898-section.xml,holland-aug-note-241,57.2,unattributed,unresolved,,7d. ob.,[]
suetonius.aug.holland1898-section.xml,holland-aug-note-242,57.2,unattributed,unresolved,,"Faustis omnibus, or, nominibus, i. names.",[]
suetonius.aug.holland1898-section.xml,holland-aug-note-243,58.1,unattributed,unresolved,,Or addition.,[]
suetonius.aug.holland1898-section.xml,holland-aug-note-244,58.2,unattributed,unresolved,,"Felicitatem Reip. et læta huic: pro, felicitatem et læta Reip. huic.","[{""source"": ""holland1-uc1"", ""page"": ""131"", ""context"": ""perpetuall felicity and prosperity to this commonwealth). the"", ""marker_support"": false}, {""source"": ""holland1-hvd"", ""page"": ""131"", ""context"": ""perpetuall felicity and prosperity to this commonwealth). the"", ""marker_support"": false}]"
suetonius.aug.holland1898-section.xml,holland-aug-note-245,58.2,unattributed,unresolved,,Father of the Countrey.,[]
suetonius.aug.holland1898-section.xml,holland-aug-note-246,58.2,unattributed,unresolved,,Sicut Messella.,[]
suetonius.aug.holland1898-section.xml,holland-aug-note-248,59.1,unattributed,unresolved,,"i. their Fathers, the testatours.",[]
suetonius.aug.holland1898-section.xml,holland-aug-note-249,59.1,unattributed,unresolved,,As if he had beene a Demi-God.,[]
suetonius.aug.holland1898-section.xml,holland-aug-note-251,63.1,unattributed,unresolved,,It seemeth the younger.,[]
suetonius.aug.holland1898-section.xml,holland-aug-note-253,63.2,unattributed,unresolved,,Iotapas the Median K. of Armenia: or els he meaneth Cleopatra. both true.,[]
suetonius.aug.holland1898-section.xml,holland-aug-note-254,64.1,unattributed,unresolved,annotation,"Germanicus was the sonne of Drusus, and Antonia the younger. Now, had Drusus for his mother, Livia the wife of Augustus, and Antonia for hers, Octavia the sister of Augustus.",[]
suetonius.aug.holland1898-section.xml,holland-aug-note-255,64.1,unattributed,unresolved,,"Sororis, or uxoris, i. his wives nephewe, and",[]
suetonius.aug.holland1898-section.xml,holland-aug-note-256,64.1,unattributed,unresolved,,"Per assem, vel per as et libram.",[]
suetonius.aug.holland1898-section.xml,holland-aug-note-257,64.1,unattributed,unresolved,annotation,"In all bargaines of sale, and alienations, the solemne and ceremoniall forme at Rome was this, that five witnesses at the least, Romane Citizens and of lawfull age, with one other beside, of the same condition called Libripens, (because he held a payre of balances, etc.) the chapman or buyer should come with a peece of Brasse coyne in his hand, and say, (for example sake, if it were a bondslave to bee bought and sold) these words, 'This man or woman, I avouch by the law of the Romans to be mine, and bought I have him or her, for this peece of brasse, and with this brasen balance,' and therewith, striking the said ballance give the brasen peece unto the other partie that is the seller, by which imaginarie kind of chaffering, things were alienated, and their property changed.",[]
suetonius.aug.holland1898-section.xml,holland-aug-note-259,64.2,unattributed,unresolved,,Or Vinicius.,[]
suetonius.aug.holland1898-section.xml,holland-aug-note-260,64.3,unattributed,unresolved,annotation,"So ordinarie it was to traine up youth in swimming, and in Grammer, of which the one had relation to the exercise of the bodie, the other of the minde, that of such as had no bringing up at all, arose this proverbe, μέτε νεῖν, μέτε γράμματα.",[]
suetonius.aug.holland1898-section.xml,holland-aug-note-261,65.1,unattributed,unresolved,,ij. of his Nephewes.,[]
suetonius.aug.holland1898-section.xml,holland-aug-note-262,65.1,unattributed,unresolved,annotation,"Caius was sent by Augustus with an armie to suppresse the troubles and insurrections in the East-parts: where he was stabbed treacherously, with a knife or short skeene, by one who presented unto him a supplication, of which wound he died afterwards. A. Lucius likewise he sent into Armenia, recommending him unto the Gods in these words, that they would vouchsafe him as welbeloved as Pompeius, as valorous as King Alexander, and as fortunate as himselfe.",[]
suetonius.aug.holland1898-section.xml,holland-aug-note-263,65.1,unattributed,unresolved,,"These Actes were called Leges Curiata: made in a parliament of all the Curia, in nomber 30, into which Romulus divided the Cittie. These lawes Sext. Papyrius collected into one Booke, and called it was jus civile Papyrianum.",[]
suetonius.aug.holland1898-section.xml,holland-aug-note-264,65.1,unattributed,unresolved,annotation,"These he adopted, because they were out of the tuition of their fathers (deceased) in the common Hall or Forum, before the high priestes, and with consent of the people, by vertue of the law Curiata. And this was properly called Adoption. Wheras, sufficient it was to adopt others above named with the assent of their fathers, by the formall bargaine of saile called Mancipatio.",[]
suetonius.aug.holland1898-section.xml,holland-aug-note-265,65.1,unattributed,unresolved,,"Sordidum, others read Stolidum, and Horridum, i. Sottish and rude.",[]
suetonius.aug.holland1898-section.xml,holland-aug-note-266,65.2,unattributed,unresolved,annotation,Certaine questours there were named also Candidati Principis: whose office it was to read such missives or letters in the Senate.,[]
suetonius.aug.holland1898-section.xml,holland-aug-note-267,65.2,unattributed,unresolved,,Or that his daughter had beene Phœbe.,[]
suetonius.aug.holland1898-section.xml,holland-aug-note-268,65.3,unattributed,unresolved,annotation,"Happily, this he did to know thereby, whether she had beene naught of her bodie with them or no, considering wee learne out of naturall philosophy, that commonly children resemble their parents in complexion, favour, and markes. Howbeit, this Julia is reported to have brought forth children, all like unto M. Ægrippa, her husband, so long as he lived, notwithstanding she was knowen to be a common strumpet. But beside her answere to that point, unto those who made a wonder at it, which ye may see in Macrob. Saturnal. lib. 2, cap. 5, read the pleasant and wittie Epigram of Sir Thomas Moore, upon the like example.",[]
suetonius.aug.holland1898-section.xml,holland-aug-note-269,65.3,unattributed,unresolved,,Pandataria. Tacit. lib. 1.,[]
suetonius.aug.holland1898-section.xml,holland-aug-note-270,65.4,unattributed,unresolved,,Daughter and neice.,[]
suetonius.aug.holland1898-section.xml,holland-aug-note-271,65.4,unattributed,unresolved,annotation,"These Cancers be certain tumors or swellings, hard and unequal of their nature which be called Scirrhes, and of an ugly aspect, as arising from unnaturall melancholy, breeding, as Cornelius Celsus writeth, for the most part in the superiour region of the bodie, about the face, nose, eares, lips, and womens breasts. Which our Author heere and the Greeke writers name Carcinomata, for the resemblance of the Crab-fish crooked cleies, which the blacke or swart veines all about them doe represent, or because they be hardly or uneth remooved, if they once take to a place, no more than the said fish when it setleth to a thing and claspeth it. Untoward to be healed, and commonly the worse for all the cure done unto them. These Cancers, if they become ulcers once are termed Wolves. In regard of which properties, aptly compared Augustus those ungracious Impes of his breed, unto them, as being foule Eyesores, disteining his honour, and by no discipline of his corrigible 2.",[]
suetonius.aug.holland1898-section.xml,holland-aug-note-272,65.4,unattributed,unresolved,annotation,"Alluding to a place of Homer, Iliad 3, wherein Hector curseth his brother Caris, and after some approbrious terms saith thus, αἴθ᾽ ὄφελές τ' ἄγονός τ ἔμεναι, ἄγαμός τ' ἀπολέσθαι. Would God, thou had'st of women ne're bene borne: Or else had died thy wedding day beforne. Which verse, by inversion of words and using one of them in a contrarie sense, Augustus transferred unto his owne person. For it is to be noted, that ἄyovós heere in Homer hath a passive signification, and soundeth, as much, as μὴ γεννηθεῖς, i. not borne, whereas Augustus taketh it in the active, for one that is childlesse, or hath begotten no children 1.",[]
suetonius.aug.holland1898-section.xml,holland-aug-note-273,66.1,unattributed,unresolved,annotation,"According to that sage precept of Solon, τοὺς φίλους μὴ ταχὺ κάτα, i. Be not hasty in making any thy friends, and the saying of Hecuba in Euripides, οὓς ἔστ᾽ ἐραστὴς, ὅστις οὐκ αἰεὶ φιλεῖ. No friend, I say, Who loves not ay. Which two rules Propertius elegantly comprehendeth in one verse, Amare Nec cito desisto, nec temere incipio. Late ere I love, as long ere I leave.",[]
suetonius.aug.holland1898-section.xml,holland-aug-note-275,66.3,unattributed,unresolved,,"Frigoris: or rigoris, as if Augustus had looked sternely or strangly upon him.",[]
suetonius.aug.holland1898-section.xml,holland-aug-note-276,66.3,unattributed,unresolved,,Mecænas.,[]
suetonius.aug.holland1898-section.xml,holland-aug-note-277,66.3,unattributed,unresolved,annotation,"Æsope gave this lesson, τῇ γυναῖκι μηδέποτε πιστούσῃς ἀποῤῥητα, i. Commit no secrets to a woman. And as for this Mæcenas, he was noted to be Uxorius, more than he should, and one, who (albeit his wife was a shrew and readie to goe from him every day) soone admitted attonements and reconciliations. Wherupon Seneca in his morall Epistles said, That having but one wife, yet he maried a thousand times.",[]
suetonius.aug.holland1898-section.xml,holland-aug-note-279,67.2,unattributed,unresolved,,Or Thollus.,[]
suetonius.aug.holland1898-section.xml,holland-aug-note-280,67.2,unattributed,unresolved,,Clerke or secretary.,[]
suetonius.aug.holland1898-section.xml,holland-aug-note-281,67.2,unattributed,unresolved,,Lycia.,[]
suetonius.aug.holland1898-section.xml,holland-aug-note-283,68.1,unattributed,unresolved,annotation,"Every word almost in this verse carieth a double construction, without the understanding wherof, all the grace is lost. For, Cynædus in one sense, betokeneth one of the Galli, Priests of the Goddesse Cybele, named also Ops Mater deum, and Tellus, even the very Earth. Which priests were gelded or disabled for generation, and tooke that name of the river Gallus, the water wherof drunken, caused men to be evirate and effeminate. Now, the maner of these priestes in the divine service of the said goddesse, was to bear the Taber or tamper upon the Timbril, which is expressed here in these words, Orbem digito temperat. For that the Timbrill is round and circular, to signifie the Globe of the earth symbolyze by Cybele. And in this sense, may the verse literally be interpreted: but, beside this signification, Cynædus betokeneth a wanton Pathick or Catamite, who suffereth himself against nature to be abused. Orbis also is put, for the habitable world, and digito temperat, is as much to say, as He hath the world at a becke, or at his commaund, as if the same were ruled by Augustus Cæsar, who was noted for that abhominable filthinesse. And in this latter sense did the people of Rome expound the said verse, and apply it unto him.",[]
suetonius.aug.holland1898-section.xml,holland-aug-note-284,69.1,unattributed,unresolved,,"Whome hee could not forbeare, but mary when she was great with childe.","[{""source"": ""holland1-uc1"", ""page"": ""139"", ""context"": ""hastie mariage with livia, that he\nfetched a"", ""marker_support"": false}, {""source"": ""holland1-hvd"", ""page"": ""139"", ""context"": ""hastie mariage with livia, that he\nfetched a"", ""marker_support"": false}]"
suetonius.aug.holland1898-section.xml,holland-aug-note-285,69.1,unattributed,unresolved,,His owne wife.,[]
suetonius.aug.holland1898-section.xml,holland-aug-note-287,70.1,unattributed,unresolved,annotation,"Of twelve Gods and Goddesses together: alluding to those six select Gods, and as many Goddesses whom antiquitie in heathenesse honoured above the rest: whose names Ennius the Poet comprised in these two verses, Juno, Vesta, Minerva, Ceres, Diana, Venus, Mars, Mercurius, Jovis [Jupiter], Neptunus, Vulcanus, Apollo. Answerable to which number hee entertained sixe yong women attired like Goddesses, and six boyes (Catamites) in habit of Gods, as his guests at this supper.",[]
suetonius.aug.holland1898-section.xml,holland-aug-note-288,70.1,unattributed,unresolved,,"Choragum, Choregon, or one to provide the furniture of the feasts.",[]
suetonius.aug.holland1898-section.xml,holland-aug-note-289,70.1,unattributed,unresolved,annotation,"I doubt, the first verse of this Hexasticon is not perfect, for, I doe not please my selfe in the translation of it.",[]
suetonius.aug.holland1898-section.xml,holland-aug-note-290,70.1,unattributed,unresolved,annotation,"Neyther is it certaine what this Mallia should bee. Some read Manlia, as if it were the name of a chamber within the Castell or Citadyll of the Capitall, which this banqueting place of his did counterfeit, and then we must admit the figure Prosopopea. Others take Mallia to be the name of some woman, imploied in the furnishing and setting out of such a supper.",[]
suetonius.aug.holland1898-section.xml,holland-aug-note-291,70.1,unattributed,unresolved,,Some take this to be the name of one of the 6 goddesses guests: or rather some dame that could skill in bringing such together.,[]
suetonius.aug.holland1898-section.xml,holland-aug-note-292,70.1,unattributed,unresolved,annotation,"For Augustus not onely sate heere among the rest in the person of Apollo, but also would sometimes be thought Phœbus, otherwhiles Phœbus his sonne. For, it is not unknowne what adulteries the Poets talke of, betweene Jupiter and Alcmena, etc., betweene Mars also and Venus.",[]
suetonius.aug.holland1898-section.xml,holland-aug-note-293,70.1,unattributed,unresolved,,"Thronos, altoros, beds, or Tholos, Scutcheons in Architecture.",[]
suetonius.aug.holland1898-section.xml,holland-aug-note-294,70.1,unattributed,unresolved,annotation,"No marvaile, if Jupiter Capitolinus, with other Gods and Goddesses, being before possessed of the Capitall, abandoned their shrines and chappels, when they saw such in place.",[]
suetonius.aug.holland1898-section.xml,holland-aug-note-295,70.2,unattributed,unresolved,,Not counterfaite as at the supper over night.,[]
suetonius.aug.holland1898-section.xml,holland-aug-note-296,70.2,unattributed,unresolved,annotation,"Wherein Tormentors whips and scourges were to be sold: and there-upon he tooke that name of Tortour (like as before he is surnamed Sandaliarius, and Tragædus) which Augustus seemed now to verifie in himselfe, whipping and plauging the people with hunger, as he did.",[]
suetonius.aug.holland1898-section.xml,holland-aug-note-298,71.1,unattributed,unresolved,annotation,"In which moneth the feast Saturnalia was kept, and much libertie tolerated of gaming, feasting and reveling.",[]
suetonius.aug.holland1898-section.xml,holland-aug-note-300,71.2,unattributed,unresolved,,For Talorum lusus fuit senilis.,[]
suetonius.aug.holland1898-section.xml,holland-aug-note-301,71.2,unattributed,unresolved,,Or bones.,[]
suetonius.aug.holland1898-section.xml,holland-aug-note-302,71.2,unattributed,unresolved,annotation,"In this game called in Latine Lusus talorum, or Talarius, there is some resemblance of our dies, but that the Tali have but foure faces or sides, and therefore yeeld foure chaunces and no more. Of which the first is named Canis or Canicula, answering as some thinke to our Ace, and is the worst of all. The opposite unto it, they termed Venus or Cous, and is accompted the best, as which may stand for our Sise. The third bare the name of Chius, proportioned to Trey with us: and the last Senio, and is as much as Quatre. For in these Tali or cockall bones there is no chance of Deux or Cinque.",[]
suetonius.aug.holland1898-section.xml,holland-aug-note-303,71.3,unattributed,unresolved,annotation,"Quinquatrus or Quinquatria, were certaine festivall holidaies held for five daies together in the moneth March to the honour of Minerva. See Ovid de Fast., Var., Macro., Aul. Gell.",[]
suetonius.aug.holland1898-section.xml,holland-aug-note-304,71.3,unattributed,unresolved,,Drusus Nero.,[]
suetonius.aug.holland1898-section.xml,holland-aug-note-305,72.2,unattributed,unresolved,,Or Technophyon.,[]
suetonius.aug.holland1898-section.xml,holland-aug-note-306,72.2,unattributed,unresolved,annotation,"For pleasure therein he called it Syracuse, comparing it to that beautifull Citie in Sicily, and because it served his turne for meditations and inventions, he gave it the name τεχνόφυον.",[]
suetonius.aug.holland1898-section.xml,holland-aug-note-307,72.3,unattributed,unresolved,,"Xystis, admitting the winter sunne.",[]
suetonius.aug.holland1898-section.xml,holland-aug-note-308,72.3,unattributed,unresolved,,For shade in Summer.,[]
suetonius.aug.holland1898-section.xml,holland-aug-note-309,72.3,unattributed,unresolved,,"Belluarum, as whales, whirpooles, etc.",[]
suetonius.aug.holland1898-section.xml,holland-aug-note-310,73.1,unattributed,unresolved,,Not raysed uppe and swelling high with downe.,"[{""source"": ""holland1-uc1"", ""page"": ""143"", ""context"": ""and laid with coverlets. he wore not lightly"", ""marker_support"": false}, {""source"": ""holland1-hvd"", ""page"": ""143"", ""context"": ""and laid with coverlets. he wore not lightly"", ""marker_support"": false}]"
suetonius.aug.holland1898-section.xml,holland-aug-note-312,74.1,unattributed,unresolved,,"Restored to his blood and created a gentle man, for he was Donatus aureis annulis ut inter ingenuos haberetur. Dion.",[]
suetonius.aug.holland1898-section.xml,holland-aug-note-313,74.1,unattributed,unresolved,,"Speculator, or a squire of his bodie.",[]
suetonius.aug.holland1898-section.xml,holland-aug-note-314,74.1,unattributed,unresolved,annotation,"Employed, as it should seeme in his civill warres. Certaine soldiers there were attending upon the Prince under the name of speculatores, whose service he used, in spying and listening. In Greeke such were named Ὀπτῆρες, σκεποὶ and κατάσκοποι. Also in doing execution upon condemned persons, and in sending of letters unto the Senate, as Lævinus Torrentius hath observed verie well in his Annotations upon Caius Caligula.",[]
suetonius.aug.holland1898-section.xml,holland-aug-note-315,74.1,unattributed,unresolved,,"Tribus ferculis, not such as ours be: but framed in manner of Tropees, with devises that some meates might lye flat, others hang thereupon.",[]
suetonius.aug.holland1898-section.xml,holland-aug-note-316,74.1,unattributed,unresolved,,"As minstrels, Musitians, Quiristers, etc.",[]
suetonius.aug.holland1898-section.xml,holland-aug-note-317,74.1,unattributed,unresolved,,"As fortune tellers, juglers, Buffons, etc.",[]
suetonius.aug.holland1898-section.xml,holland-aug-note-318,74.1,unattributed,unresolved,,Aretalogos.,[]
suetonius.aug.holland1898-section.xml,holland-aug-note-319,75.1,unattributed,unresolved,,Or fire forks.,[]
suetonius.aug.holland1898-section.xml,holland-aug-note-320,75.1,unattributed,unresolved,,Or snippers.,[]
suetonius.aug.holland1898-section.xml,holland-aug-note-321,75.1,unattributed,unresolved,,A kinde of Lotterie.,[]
suetonius.aug.holland1898-section.xml,holland-aug-note-322,76.1,unattributed,unresolved,,Or cheat.,"[{""source"": ""holland1-uc1"", ""page"": ""145"", ""context"": ""part grosse. seconde breade and small fishes: cheese"", ""marker_support"": false}, {""source"": ""holland1-hvd"", ""page"": ""145"", ""context"": ""part grosse. seconde breade and small fishes: cheese"", ""marker_support"": false}]"
suetonius.aug.holland1898-section.xml,holland-aug-note-323,76.1,unattributed,unresolved,,"Much like Angelots, manu pressum, mane pressum, i. Greene cheese new made.",[]
suetonius.aug.holland1898-section.xml,holland-aug-note-324,76.1,unattributed,unresolved,,"Or Germain, essedo. For they were used in both countries indifferently.",[]
suetonius.aug.holland1898-section.xml,holland-aug-note-326,76.2,unattributed,unresolved,annotation,"Sabbatis Ieiunium servat. If Sabbats be put for weeks, as the manner of the Jewes was to speake, according as the Publicane saith in the Gospell after Saint Luke, νηστεύω δὶς τοῦ Σαββάτου, and as it appeareth in other places of the Evangelists, true it is, that Suetonius or Augustus reporteth of the Jewes, as also if by Sabbaths are meant other of their festivall and solemne daies. But if you take it for the seventh or last day of the week, it is altogether untrue, and to be imputed unto the errour and ignorance of Suetonius and the Romanes, in the Jewish rites and ceremonies. For seeing them religiously to keepe the said seventh day or Sabbat holy, whereupon they were commonly called Sabbatarii, and observing withall their fasting, generally it was thought of straungers that they fasted upon the Sabbat. Also for their devout fasting against the feast of the Passover, called by themselves sometime the great Sabbat, as also by forainers, as it appeareth by Horatius, lib. 1, Serm. Sat. 9, in this peece of verse, Hodie tricesima Sabbata, etc., they imagined that the Jewes fasted everie Sabbat. And in truth, reckon from September (at which moneth the Jewes in one computation begin their yeare) 30 weeks forward, you come unto their Pascha: according to which time wee Christians also doe celebrate our feast of Easter. This onely is the difference betweene us and them, for that they observe the Neomenia or new moone at the spring Equinox, and solemnize their passover in the next full moone, and wee, the Lords day or Sonday after the said full.",[]
suetonius.aug.holland1898-section.xml,holland-aug-note-327,76.2,unattributed,unresolved,,"Or, did eate.",[]
suetonius.aug.holland1898-section.xml,holland-aug-note-328,76.2,unattributed,unresolved,,"Ex hac in observantia, vel, ex hac observantia: upon this due observing of his, to eate when his stomack called for it, and not els.",[]
suetonius.aug.holland1898-section.xml,holland-aug-note-330,77.1,unattributed,unresolved,,"Interdiu, as we say, betwixt meales.",[]
suetonius.aug.holland1898-section.xml,holland-aug-note-331,77.1,unattributed,unresolved,,"Acidum, or aridum, i. dried, but yet of a winish tast.",[]
suetonius.aug.holland1898-section.xml,holland-aug-note-332,78.1,unattributed,unresolved,annotation,"It seemeth, he tooke but a light repast: not putting off his shoes, as the maner was, at full meals.",[]
suetonius.aug.holland1898-section.xml,holland-aug-note-333,78.1,unattributed,unresolved,annotation,"Some copies have, retectis pedibus, making (re) to be ἐσπιτατικόν, ας if he meant, verie well covered (contrarie to the use of that word retegere, which otherwise signifieth, to uncover) like as recondere, i. to lay up verie fast and sure. Others, retractis, i. with his feete somewhat drawen or pulled up to him: in the same sense as Cornelius Celsus useth paulum reductis, qui fere jacentibus habitus est, as hee saith, which is the ordinarie forme of lying, when as men be in health. Lastly, some read, reiectis, i. Let downe or stretched out to the full length.",[]
suetonius.aug.holland1898-section.xml,holland-aug-note-334,78.1,unattributed,unresolved,annotation,"Casabonus interpreteth, [Lecticulam lucubratoriam] a pallet or low bedde made for the nones, to rest and studie upon.",[]
suetonius.aug.holland1898-section.xml,holland-aug-note-335,78.2,unattributed,unresolved,,"Or, to hold him with talke.",[]
suetonius.aug.holland1898-section.xml,holland-aug-note-337,79.2,unattributed,unresolved,,"Deductiore, or as some expound it, sharp and thin, Lepton.",[]
suetonius.aug.holland1898-section.xml,holland-aug-note-338,79.2,unattributed,unresolved,,"Inter aquilum candidumque, somewhat tanned and sunneburnt, as Casaubon seemeth to interpret it.",[]
suetonius.aug.holland1898-section.xml,holland-aug-note-339,79.2,unattributed,unresolved,annotation,"By whose report, he wanted not much of the ful height of men, to wit, nere six foot, according to Vegetius. Above which stature the grouth is somewhat giantlike.",[]
suetonius.aug.holland1898-section.xml,holland-aug-note-341,80.1,unattributed,unresolved,,Much like a curry comb.,[]
suetonius.aug.holland1898-section.xml,holland-aug-note-342,80.1,unattributed,unresolved,annotation,"Ad Impetiginis formam. The second kinde whereof, as Cornelius Celsus writeth, (for willingly do I often cite him as the Roman Galene, in explication of a Roman writer) Varias figuras habet, i. resembleth many and sundre formes, lib. 5, cap. 28.",[]
suetonius.aug.holland1898-section.xml,holland-aug-note-343,80.1,unattributed,unresolved,annotation,"This infirmitie of his was a kinde of gout, which the Greeke writers call Ischias, and is commonly named Sciatica. As for the remedie or palliative cure rather (for easement of paine) with sand: it may be meant eyther of some fomentations with linnen bagges wherein was sand; for, Cornelius Cæsar writeth, that Millet seed, salt, and sand, or any of them put within a linnen cloath, and so applied to the affected place, cure the said disease: or of walking in sand by the sea side, or else of tumbling and wallowing therein : which remedie Q. Serenus Samonicus in this verse: Nec non et tepidis convoluere corpus arenis, etc., hath prescribed and experience verified.",[]
suetonius.aug.holland1898-section.xml,holland-aug-note-344,80.1,unattributed,unresolved,annotation,"Cato in his Husbandrie, and Plinie, lib. 17, cap. ultimo, maketh mention of curing the Sciatica with a clift of a green cane or reed, but there must be forsooth, a charme go with all, and so, it reposeth dislocations or bones out of joynt. Indeed, both Dioscorides, and also Galene, attribute unto the rinde or barke of Cane-rootes, and to their ashes a desiccative vertue whereby, they are found good for such dislocations, and so may cure the Articular disease likewise, called Sciatica, which differeth not much from a dislocation, of the huckle-bone.",[]
suetonius.aug.holland1898-section.xml,holland-aug-note-345,80.1,unattributed,unresolved,annotation,"Plinie reporteth 3 cap. lib. 25, That the disease of the bladder, and especially the Strangurie, i. pissing drop-meale, occasioned by gravell, (which I take heere to be meant) is of all others most dolorous.",[]
suetonius.aug.holland1898-section.xml,holland-aug-note-347,81.1,unattributed,unresolved,annotation,"This accordeth to an observation of Cornelius Cels. Qui secundis aliquando frustra curatus est, contrariis aliquando restituitur, i. The patient whose cure devised by art, and according to the rule of Physicke, sometime speedeth not well, recovereth otherwhile by a course of meanes quite contrarie.",[]
suetonius.aug.holland1898-section.xml,holland-aug-note-348,81.2,unattributed,unresolved,annotation,"Which the Greekes call Periodicall: as the Quartane Ague and other intermittent fevers be so termed, because their fits returne upon certaine daies. The falling sicknesse likewise, keeping time with the moone, whereupon some name it Lunaticus. And gouts, which are most busie in the spring and the fall, etc.",[]
suetonius.aug.holland1898-section.xml,holland-aug-note-349,81.2,unattributed,unresolved,annotation,"Toward the end of September. An unequall season of the yeare, wherin commonly, the mornings and evenings be cold, and the Noone tides hotte, whereby many diseases are occasioned. But as touching the Birth-day heere mentioned, Valerius Max. and Plinie report, That Antipater Sidonius the Poet every yeare upon the day of his Nativitie onely felt the accesse of an Ague. Whereof he died in the end, after he had lived to a gret age.",[]
suetonius.aug.holland1898-section.xml,holland-aug-note-350,81.2,unattributed,unresolved,annotation,"No marvaile if in cacochymicall bodies, such as his was, the humors which lay still and quiet all Winter, began to spread and swell in the spring, causing Distentions and Ventosities: especially in that place where they were gathered and laid up as it were in store, to doe a mischiefe when the time came.",[]
suetonius.aug.holland1898-section.xml,holland-aug-note-351,81.2,unattributed,unresolved,,Under the short ribs.,[]
suetonius.aug.holland1898-section.xml,holland-aug-note-352,82.1,unattributed,unresolved,annotation,"Fæminalibus et tibialibus. In steede of our Breeches and Stockings, the Greeks and Romans used in those daies certaine loose cloathes in manner of Swathling bands to cover and lap their nakednesse. And long it was, ere they tooke to anie such, unlesse it were upon occasion of some disease. Witnesse heereof Philip King of Macedonia who as Plutarch [saith], when he sate in Port-sale of certaine slaves or captives, was admonished by one of them to let downe his upmost garment for to hide his shame. Julius Cæsar also himselfe, being deadly wounded, was carefull to let fall the lap of his gowne for to cover his privie parts when he should fall. In processe of time they tooke to wearing the cloathes aforesaid in lieu of Braccæ, i. Breeches, which the French and other barbarous Nations used: but they did so in Winter onely. For, otherwise they went ordinarily in those parts without trusses: covering all as mannerly as they could with their loose upper garment, which upon a small occasion were readie to flie open.",[]
suetonius.aug.holland1898-section.xml,holland-aug-note-353,82.1,unattributed,unresolved,annotation,"Partly, to make a noise, and so to procure sleepe, and in part to refresh and coole the Ayre.",[]
suetonius.aug.holland1898-section.xml,holland-aug-note-354,82.1,unattributed,see curated changes; otherwise unresolved,annotation,"As well to coole him as to drive away gnats, for want of curtaines or a canopie, which thereof tooke the name in Greeke κωνωπεών or κωνωπεῖον. Now the manner of this winowing or making wind was for the better and daintier sort, with plumes of peacocks tailes, much like to the fannes of feathers used in these daies as well as in old time, but for the meaner, with beasts tailes.",[]
suetonius.aug.holland1898-section.xml,holland-aug-note-355,82.1,unattributed,unresolved,,Or Bond-grace.,[]
suetonius.aug.holland1898-section.xml,holland-aug-note-356,82.1,unattributed,unresolved,annotation,"From Rome to Præneste or Tibur, is about one hundred Stadia, if then you reckon 125 pases to a Stadium, it commeth to 12 miles and an halfe. Cato Censorius was of another minde, who said he repented when soever he went to any place by water if he might by land.",[]
suetonius.aug.holland1898-section.xml,holland-aug-note-357,82.2,unattributed,unresolved,annotation,"The abstinence wherof in some measure is good for those that have feeble joynts, and be remembred otherwhiles with any gout, as Augustus was yet, a thing that Physicians in old time could hardly bring their patients unto, so ordinarie it was in those daies to bath.",[]
suetonius.aug.holland1898-section.xml,holland-aug-note-358,82.2,unattributed,unresolved,,In hot waters.,[]
suetonius.aug.holland1898-section.xml,holland-aug-note-359,82.2,unattributed,unresolved,,Which naturally were hot standing upon a veine of brimstone.,[]
suetonius.aug.holland1898-section.xml,holland-aug-note-360,82.2,unattributed,unresolved,annotation,"Which, the wanton and delicate Ladies of Rome, as Plinie writeth, used of silver.",[]
suetonius.aug.holland1898-section.xml,holland-aug-note-361,83.1,unattributed,unresolved,annotation,"Ad pilam. Whereas there were divers kinds of bals to play with, it seemes, that he meaneth in this place that, which of all other was least and hardest, as being stuffed with haire, whereupon it tooke the name: the same no doubt that our Tennis Ball is sent to and fro with the Racket. Named likewise it was Trigonalis, of a Tennis court within the baines, three square walled: from which wals the ball did rebound. Of this ball, and the exercise thereof, Galen wrote a Treatise.",[]
suetonius.aug.holland1898-section.xml,holland-aug-note-362,83.1,unattributed,unresolved,annotation,"Folliculum. By Folliculus is meant a kinde of wind hand-ball covered with lether: having within it a bladder puffed up with wind, the softest and lightest of all others, smitten, not with a racket as the other, nor with the palme of the hand, as that which they called Paganica, filled with woole, flocks or yarne, but driven with the clutched fist, whereupon it tooke the name Pugillatoria.",[]
suetonius.aug.holland1898-section.xml,holland-aug-note-363,83.1,unattributed,unresolved,,"Either on horsebacke, or in a licter.",[]
suetonius.aug.holland1898-section.xml,holland-aug-note-364,83.1,unattributed,unresolved,,Two foote and a halfe square.,[]
suetonius.aug.holland1898-section.xml,holland-aug-note-365,83.1,unattributed,unresolved,annotation,"So Turnebus expoundeth it. But Isaacus Casaubonus understandeth thereby, Segestrie or Segestrium, in Greeke στεγαστρὸν, a light blanquet or quilt.",[]
suetonius.aug.holland1898-section.xml,holland-aug-note-366,83.1,unattributed,unresolved,annotation,"By this, is meant a play, that children used, and not that game of hazard resembling dice, at which, hee saide before, they played γεροντικώς. For ought that I can gather out of the sundry conjectures of expositours, these Ocellati made of silver or ivorie, resemble the game of young Gentlewomen called of some Trol-Madame: or else that pastime of boyes named nine holes.",[]
suetonius.aug.holland1898-section.xml,holland-aug-note-367,83.1,unattributed,unresolved,,"These the Romaines called Delicias suas, their playferes and dearlings in an honest sence: not such as the Greeks in an uncleane signification, named Paidica, wanton baggages, Catamites.",[]
suetonius.aug.holland1898-section.xml,holland-aug-note-370,85.1,unattributed,unresolved,,"xxx. Libris, or rather xiii. according to Suidas, and all old Copies.",[]
suetonius.aug.holland1898-section.xml,holland-aug-note-371,85.2,unattributed,unresolved,,Called Ajax.,[]
suetonius.aug.holland1898-section.xml,holland-aug-note-372,85.2,unattributed,unresolved,,Was wiped away or blotted out with a spunge: alluding to Ajax that fell upon his own sword: whereof Sophocles made a Tragædie entituled Ajax.,[]
suetonius.aug.holland1898-section.xml,holland-aug-note-373,85.2,unattributed,unresolved,annotation,"Besides the pretie allusion unto the fabulous historie of Ajax, Torrentius hath observed in the word Spongia, a double signification: to wit, a spunge called Deletilis, which writers had at hand, eyther to wipe and wash out what misliked them, or to blurre and blot the same, according to these of the Poet Ausonius, Aut cunctis pariter versibus oblinat Fulvam lacticolor spongia sepiam. Whereupon Martialis saith of it, Utilis hæc quoties scripta novare voles : and also a sword. Which addeth the better grace unto the conceit, considering that Ajax fell upon his owne sword. But in this latter sense, I have not yet found Spongia taken, in any approved author.",[]
suetonius.aug.holland1898-section.xml,holland-aug-note-374,86.2,unattributed,unresolved,annotation,"Augustus taxed Mæcenas for being Cacozelos, and found as much fault with Tiberius, because he was Antiquarius.",[]
suetonius.aug.holland1898-section.xml,holland-aug-note-375,86.2,unattributed,unresolved,,"Curled lokes or feakes, glib and dropping againe with sweet balmes.",[]
suetonius.aug.holland1898-section.xml,holland-aug-note-376,86.2,unattributed,unresolved,annotation,"By these words μυροβρεχεῖς Cincinnos Augustus noteth the affectate forced phrases, and curious ynkehorne termes as it were, of Mæcenas, Cuius oratio, as Seneca reporteth of him, Epist. 94, æque soluta est, ac ipse discinctus. His manner of stile might be compared to those haires of his, curled with crisping pins and besmered with odoriferous oiles, which Cicero calleth capillos calamistratos et delibutos. Neither do I thinke that Augustus reprehendeth Mæcenas for using these words, μυροβρεχεῖς cincinnos, because it is his owne manner in writing to enterlace Greeke with Latin, and besides, no Cacozelon is therein to be found. But his over curious termes and new devised phrases he so calleth, for that Mæcenas was wont in trimming and tricking up himselfe to be somewhat womannish.",[]
suetonius.aug.holland1898-section.xml,holland-aug-note-377,86.2,unattributed,unresolved,annotation,"Augustus in a certaine Epistle unto Mæcenas by expressing his owne nice and delicate phrases, after a sort derideth them, and dehorteth him thereto, in these words: Vale mel gemmeum Medulliæ ebur ex Hetruria, laser Aretinum, adamas supernas, Tiberinum Margaritum, Cilviorum Smaragde, Iaspi figulorum, Berylle Porcennæ, carbunculum Italiæ, καὶ ἵνα συντιμῶ παντα μαλᾶγμα Macharum. In which words, as in a mirror he might see himselfe.",[]
suetonius.aug.holland1898-section.xml,holland-aug-note-378,86.3,unattributed,unresolved,annotation,"As if he should say, 'Never a barrell better herring.' There was neyther of them better than other, as offending both waies. The Asiatick Orators were Cacozeli, Cimber, Atticus and Veramius, Antiquarii. So that, it was meere folly and vanitie to make any doubt, whether of them to imitate, being all starke naught.",[]
suetonius.aug.holland1898-section.xml,holland-aug-note-379,86.3,unattributed,unresolved,,"Censorius, who wrote a booke of Antiquities, so called.",[]
suetonius.aug.holland1898-section.xml,holland-aug-note-380,86.3,unattributed,unresolved,,"By his daughter Julia, and M. Agrippa the mother of Caligula.",[]
suetonius.aug.holland1898-section.xml,holland-aug-note-382,87.2,unattributed,unresolved,,i. A foole.,[]
suetonius.aug.holland1898-section.xml,holland-aug-note-383,87.2,unattributed,unresolved,,"Vel Bliteolus a blito, vel Blacolus, a Blax, vel Bateolus.",[]
suetonius.aug.holland1898-section.xml,holland-aug-note-384,87.2,unattributed,unresolved,,"Or for Puleium, i. Pulegium, Puleiaceum.",[]
suetonius.aug.holland1898-section.xml,holland-aug-note-385,87.2,unattributed,unresolved,,Or Lachanissare.,[]
suetonius.aug.holland1898-section.xml,holland-aug-note-386,87.3,unattributed,unresolved,,Or lines.,"[{""source"": ""holland1-uc1"", ""page"": ""153"", ""context"": ""end of any rewes & transferreth\nthe overplus of"", ""marker_support"": false}, {""source"": ""holland1-hvd"", ""page"": ""153"", ""context"": ""end of any rewes & transferreth\nthe overplus of"", ""marker_support"": false}]"
suetonius.aug.holland1898-section.xml,holland-aug-note-387,89.1,unattributed,unresolved,annotation,"This Sphærus was a deep Scholler and great Humanitian as we speake, and whom the Greekes call Philologon. Under him Augustus became πολυμαθὴς, i. skilfull in historie, antiquities, etc., like as, under Areus he learned philosophy.",[]
suetonius.aug.holland1898-section.xml,holland-aug-note-388,89.1,unattributed,unresolved,,In Greeke.,[]
suetonius.aug.holland1898-section.xml,holland-aug-note-389,89.1,unattributed,unresolved,annotation,"The principall Authors whereof Horatius comprised in this verse, Eupolis atque Cratinus Aristophanesque poeta. In this manner of Comedie the vices of men and women were represented and taxed upon the stage over-boldly, and plainly to their discredit. For which it grew to be offensive, and was laid away a long time.",[]
suetonius.aug.holland1898-section.xml,holland-aug-note-390,89.2,unattributed,unresolved,annotation,"Who was Censor in his time, and perswaded in his orations that al men of what degree soever should be compelled to marie for procreation of children.",[]
suetonius.aug.holland1898-section.xml,holland-aug-note-391,89.2,unattributed,unresolved,,As wel to cut of the expenses of sumpteous ædifices as to prevent danger by Skare-fires.,[]
suetonius.aug.holland1898-section.xml,holland-aug-note-394,90.1,unattributed,unresolved,annotation,"Plinie, lib. 2, cap. 55, Nat. Hist. writeth, that it never lightneth above five foot within the ground. Fearfull persons therfore thinke such deepe caves most safe.",[]
suetonius.aug.holland1898-section.xml,holland-aug-note-395,91.1,unattributed,unresolved,,"Medici. Some read, amici, i. a friend.",[]
suetonius.aug.holland1898-section.xml,holland-aug-note-397,91.2,unattributed,unresolved,,Or top.,[]
suetonius.aug.holland1898-section.xml,holland-aug-note-398,91.2,unattributed,unresolved,,Or chime.,[]
suetonius.aug.holland1898-section.xml,holland-aug-note-399,91.2,unattributed,unresolved,,To raise the porters.,[]
suetonius.aug.holland1898-section.xml,holland-aug-note-400,91.2,unattributed,unresolved,,As beggers do.,[]
suetonius.aug.holland1898-section.xml,holland-aug-note-401,91.2,unattributed,unresolved,,Or peeces worth ob. 4.q.,[]
suetonius.aug.holland1898-section.xml,holland-aug-note-402,91.2,unattributed,unresolved,annotation,"By this custome and gesture, as the argument and circumstance of the place naturally importeth, he thought to intreat the goddesse Nemesis for to spare him: Nemesis I say, whom the Heathen imagined to attend with an envious eye, upon all excessive prosperitie. To avoid therefore adverse afterclaps, which this spitefull goddesse might bring upon him, unlesse they were pacified, Augustus thus debased himselfe superstitiously, and in some sort, seemed to abridge his owne felicitie. Much after the manner of Polycrates that rich tyrant who to be excused from this Nemesis, flung into the sea a jewel, with a precious stone of inestimable price.",[]
suetonius.aug.holland1898-section.xml,holland-aug-note-404,92.2,unattributed,unresolved,annotation,"Nundinæ among the Romans were those daies in every moneth whereon they kept fayres and markets. It should seeme therefore, that he held the day after them ominous and of unlucky presage, as we say in our proverbe, A day after the faire,' or else because he had sometime not sped very well, when as he did set out in his journey upon such a day.",[]
suetonius.aug.holland1898-section.xml,holland-aug-note-405,92.2,unattributed,unresolved,,Dusphemian nominis.,[]
suetonius.aug.holland1898-section.xml,holland-aug-note-406,92.2,unattributed,unresolved,annotation,"Nonis, quasi, non is, which literally osseth as much as, You go not. Much like to that in Plinie 15 lib. cap. 19, when M. Crassus was readie to embarke in that infortunate expedition into Parthia where he was slaine, a fellow cried certaine figs to be sold with this note, Cauneas, Cauneas (for of that kinde were those figs) which ossed thus much unto him, as if in short speech he had cried Cave ne eas, cave ne eas, i. Take heede you go not this voyage.",[]
suetonius.aug.holland1898-section.xml,holland-aug-note-407,93.1,unattributed,unresolved,annotation,"An Idoll resembling an Oxe, which the Ægyptians worshipped as a God for Serapis.",[]
suetonius.aug.holland1898-section.xml,holland-aug-note-408,93.1,unattributed,unresolved,,Or do his devotions.,[]
suetonius.aug.holland1898-section.xml,holland-aug-note-409,93.1,unattributed,unresolved,annotation,"He did this, as it should seeme in policy, because he would not be thought addicted to the Jewish sect. For otherwise it appeareth as well by his gracious Indulgences granted unto them, as his own testimonie in Edicts and commissions, wherin he giveth unto their God [the true and onely God] the attribute of ὑψὸς, and instituted for ever certaine Holocausts, or whole burnt offerings, to wit, two lambs and one bul, to be offered unto that soveraigne and most high Diety.",[]
suetonius.aug.holland1898-section.xml,holland-aug-note-411,94.3,unattributed,unresolved,annotation,"Some have expounded this of our Saviour Christ, King, not of Rome onely, but also of all the world, who tooke our nature upon him, and was borne in the daies of Augustus Cæsar.",[]
suetonius.aug.holland1898-section.xml,holland-aug-note-412,94.4,unattributed,unresolved,,Or Mendesius bearing the name of the Cittie Mendes in Ægypt.,[]
suetonius.aug.holland1898-section.xml,holland-aug-note-413,94.4,unattributed,unresolved,,Of divine discourses.,[]
suetonius.aug.holland1898-section.xml,holland-aug-note-414,94.4,unattributed,unresolved,,The mother of Augustus.,[]
suetonius.aug.holland1898-section.xml,holland-aug-note-415,94.4,unattributed,unresolved,annotation,"The like conception by a serpent is reported of Olympias the mother of king Alexander the great, of Pomponia likwise the mother of Scipio Africanus.",[]
suetonius.aug.holland1898-section.xml,holland-aug-note-416,94.5,unattributed,unresolved,,A famous Astrologer.,[]
suetonius.aug.holland1898-section.xml,holland-aug-note-417,94.5,unattributed,unresolved,,And thereby the Horoscope of his Nativity.,[]
suetonius.aug.holland1898-section.xml,holland-aug-note-418,94.5,unattributed,unresolved,,Or steeple.,[]
suetonius.aug.holland1898-section.xml,holland-aug-note-420,94.6,unattributed,unresolved,,Which properly are attributed unto Jupiter.,[]
suetonius.aug.holland1898-section.xml,holland-aug-note-421,94.6,unattributed,unresolved,,Augustus.,[]
suetonius.aug.holland1898-section.xml,holland-aug-note-422,94.7,unattributed,unresolved,,In the way Appia.,"[{""source"": ""holland1-uc1"", ""page"": ""159"", ""context"": ""goe directly to capua', it fell out, that"", ""marker_support"": false}, {""source"": ""holland1-hvd"", ""page"": ""159"", ""context"": ""goe directly to capua', it fell out, that"", ""marker_support"": false}]"
suetonius.aug.holland1898-section.xml,holland-aug-note-423,94.8,unattributed,unresolved,,Or Citie.,[]
suetonius.aug.holland1898-section.xml,holland-aug-note-424,94.8,unattributed,unresolved,annotation,"This broad seale wherewith were signed letters Patents and other publike Instruments, caried a stamp representing the Citie of Rome: and being thus put into his bosom, prefigured that he one day should have the governement of the state and commonweale.",[]
suetonius.aug.holland1898-section.xml,holland-aug-note-425,94.9,unattributed,unresolved,annotation,"Symbolizing thereby, that the Citizens of Rome, who before time might not lawfully be scourged were in danger to loose their liberty in that behalfe.",[]
suetonius.aug.holland1898-section.xml,holland-aug-note-427,94.10,unattributed,unresolved,,Senators.,[]
suetonius.aug.holland1898-section.xml,holland-aug-note-430,94.12,unattributed,unresolved,,Or astrologer.,[]
suetonius.aug.holland1898-section.xml,holland-aug-note-431,94.12,unattributed,unresolved,,Augustus.,[]
suetonius.aug.holland1898-section.xml,holland-aug-note-432,95.1,unattributed,unresolved,annotation,"Or, when he stood the first time for to be Consull. For, the maner was of the Candidats or Competitours of the Consulship, the night before the Election day to lie without the Citie abroad in the open ayre: and afterwards earely in the morning to sit in a chaire made of one entier peece within the precinct of a certaine place therefore appointed (which thereupon was called Templum) and there, to wait and expect untill some God presented unto them a good and fortunate signe.",[]
suetonius.aug.holland1898-section.xml,holland-aug-note-433,95.1,unattributed,unresolved,,Or Vulturs.,[]
suetonius.aug.holland1898-section.xml,holland-aug-note-435,96.1,unattributed,unresolved,,And therefore by likelihoode a wizard.,[]
suetonius.aug.holland1898-section.xml,holland-aug-note-436,96.1,unattributed,unresolved,,Or spectre.,[]
suetonius.aug.holland1898-section.xml,holland-aug-note-437,96.2,unattributed,unresolved,,i. Obtaine the favour of the Gods.,"[{""source"": ""holland1-uc1"", ""page"": ""162"", ""context"": ""and could not speede, but demaunded more beasts"", ""marker_support"": false}, {""source"": ""holland1-hvd"", ""page"": ""162"", ""context"": ""and could not speede, but demaunded more beasts"", ""marker_support"": false}]"
suetonius.aug.holland1898-section.xml,holland-aug-note-438,96.2,unattributed,unresolved,annotation,"Cum augeri hostias imperasset. The manner was of the l'ainims if they could not speed of their Gods favour at the first sacrifice, to kill more beasts still, untill they saw some tokens thereof: which in the Southsayers learning was called Litare. Thus did Paulus Æmilius for 20 together, and obtained no warrant of happie successe before he had slaine the one and twentith. Yet some write, that Sacrifices are then said Augeri, when together with the beasts, there is use of Salsa molæ, i. meat and salt. Which kind of Ostes be called Mactæ, quasi, magis aucta.",[]
suetonius.aug.holland1898-section.xml,holland-aug-note-439,96.2,unattributed,unresolved,annotation,"Significant names both, and osses of victorie. Eutichus, importeth Luckie or Fortunate: Nicon, Victour or Conquerour.",[]
suetonius.aug.holland1898-section.xml,holland-aug-note-441,97.1,unattributed,unresolved,annotation,"This solemnitie of purging the Armie everie five yeares was instituted by King Servius Tullus, and celebrated with the Sacrifice of a Swine, a Sheepe and a Bull, named thereupon Suovetaurilia. Heereupon, the revolution of five yeares, they called Lustrum. This function or office belonged afterwards to Generals of the field: like as the expiation and purging of the people unto the Censours. And this maner of Lustrum is here meant. Carol. Sigon. Ascon.",[]
suetonius.aug.holland1898-section.xml,holland-aug-note-442,97.1,unattributed,unresolved,,A.,[]
suetonius.aug.holland1898-section.xml,holland-aug-note-443,97.1,unattributed,unresolved,annotation,"Writings or Instruments signed, conteyning the said vowes: whereby they bound themselves, as it were, by obligation to pay and performe the same. Oftentimes also they fastened them with waxe unto the knees of those Gods or Idols unto whom they nuncupated those vowes, according to that verse of Juvenal, Satyr. x. Propter quæ fas est genua incerare Deorum.",[]
suetonius.aug.holland1898-section.xml,holland-aug-note-444,97.2,unattributed,unresolved,,"C, in Cæsar.","[{""source"": ""holland1-uc1"", ""page"": ""163"", ""context"": ""time the first letter of his owne name"", ""marker_support"": false}, {""source"": ""holland1-hvd"", ""page"": ""163"", ""context"": ""time the first letter of his owne name"", ""marker_support"": false}]"
suetonius.aug.holland1898-section.xml,holland-aug-note-445,97.3,unattributed,unresolved,annotation,"Præter consuetudinem. Suetonius seemeth heere to forget himselfe, writing that Augustus contrarie to his olde wont embarked by night, having reported before, that it was his manner so to doe. Torrentius would salve all, expounding it thus, that his hastie and long journey (for it was a good stretch from Astura to Beneventum) was contrarie to his wonted manner. But to speake, what I thinke, his journey now by night, was occasioned by a gale of winde that served well for Beneventum, and hath no reference at all to his accustomed travaile. Some would read, (pro consuetudine) i. after his usuall maner, but they respect not the scope of our Author, whose purpose in this place is to put downe certaine particulars that were ominous and presaging his death. Among which, this may be reckoned for one, That he did a thing now, repugnant to his ordinarie guise. A point, I wis, observed too much even now a daies by those that are superstitiously given. Although, I am not ignorant, that of this observation, in sicke folke, there may be a naturall reason rendered out of Phisicke.",[]
suetonius.aug.holland1898-section.xml,holland-aug-note-446,97.3,unattributed,unresolved,,For Astura was a water towne with a river also of that name running by it.,[]
suetonius.aug.holland1898-section.xml,holland-aug-note-447,98.2,unattributed,unresolved,annotation,"De navi Alexandrina. By Navis he meaneth as I suppose, Classis (by the trope Synecdocie), i. the whole fleete, like as by the same figure, classis signifieth a ship. For one vessell alone arrived not into that haven of Puteoli, fraught with marchandise, considering that the same is by other writers named πορευτικός στόλος, and Comeatus. Yea, and by the figure Catachresis, Martial calleth it Niliacus cataplus, which properly betokeneth the fleet when it is arrived. Neyther is it like that Mariners and Passengers out of one ship onely saluted Augustus in this wise.",[]
suetonius.aug.holland1898-section.xml,holland-aug-note-448,98.2,unattributed,unresolved,annotation,"Quadragenos aureos. Every such peece was worth fifteene shillings starling and better, aunswerable to our Spurre Roials.",[]
suetonius.aug.holland1898-section.xml,holland-aug-note-449,98.2,unattributed,unresolved,annotation,"These commodities were thought to be Drugs and Spices of all sorts, webs or clothes in Say, Books, Paper, Glasses of sundrie fashions, teere of flaxe, hirds, or Tow, sindall or fine linnen, twisted yarne and threed of divers colours, Babylonian and Ægyptian cloath, well favoured bondslaves, and of good education, etc.",[]
suetonius.aug.holland1898-section.xml,holland-aug-note-451,98.4,unattributed,unresolved,annotation,"Vicinam capreis insulam. Yet some read otherwise, Vicinam capreas insulam, i. The Iland Capreæ neere adjoyning, as if Augustus had abode all this while in the skirt and coast of Campania, or in some other of the neighbour Ilands. But I incline rather to the former exposition.",[]
suetonius.aug.holland1898-section.xml,holland-aug-note-452,98.4,unattributed,unresolved,annotation,The Citie of Ease and Idlenesse.,[]
suetonius.aug.holland1898-section.xml,holland-aug-note-453,98.4,unattributed,unresolved,,The founder.,[]
suetonius.aug.holland1898-section.xml,holland-aug-note-454,98.4,unattributed,unresolved,annotation,"This Masgabas, seemeth by his name to have beene an Africane, whom Augustus had made Constable as it were of that place, and ruler over a Companie, that he sent thither to dwell, after he had purchased it of the Neapolitanes. And for that Augustus had in mirth given him the name of Founder, he was so reputed, and his yeares minde after his death solemnized accordingly.",[]
suetonius.aug.holland1898-section.xml,holland-aug-note-455,98.5,unattributed,unresolved,,"Or if yee distinguish thus, Morbo variante tamen, etc., yet by reason that his disease altered, and himselfe was better some time then other.",[]
suetonius.aug.holland1898-section.xml,holland-aug-note-456,98.5,unattributed,unresolved,annotation,"Morbo variante. I take it, he meaneth that which Celsus calleth Alvum variam, and other Physitians Egestiones varias, namely when in a fluxe the excrements and humors be of divers colours, an argument that nature is not able to concoct them being so irregular, and therfore, somtimes a deadly figure. Or, it may be expounded thus, That otherwhiles he seemed to be better and on the mending hand, and thereupon more venterous. Then read, Morbo variante tamen, etc.",[]
suetonius.aug.holland1898-section.xml,holland-aug-note-457,98.5,unattributed,unresolved,annotation,"Celebrated everie five yeares after the Græcian manner, and called Gymnicke, because the masteries therein, were performed by Champions for their better agilitie well neere naked.",[]
suetonius.aug.holland1898-section.xml,holland-aug-note-459,99.1,unattributed,unresolved,,Or chaps.,[]
suetonius.aug.holland1898-section.xml,holland-aug-note-460,99.1,unattributed,unresolved,,"As the manner is at the ende of Comædies to call for a Plaudite: hee persisted therfore in the metaphor, and by this plaudite, allegorizeth the end of this life, which hee called before Mimum vita.",[]
suetonius.aug.holland1898-section.xml,holland-aug-note-463,100.1,unattributed,unresolved,,About three of the clocke after noone.,[]
suetonius.aug.holland1898-section.xml,holland-aug-note-464,100.2,unattributed,unresolved,,"Aldermen, or Senators.",[]
suetonius.aug.holland1898-section.xml,holland-aug-note-465,100.2,unattributed,unresolved,annotation,"This was a speciall honour and indulgence granted by a singular priviledge, for otherwise it was against the custome and lawes of the Romans to bring a dead bodie into a sacred place, or into the Citie, for feare of polluting and profaining it.",[]
suetonius.aug.holland1898-section.xml,holland-aug-note-466,100.2,unattributed,unresolved,annotation,"The Senatours and Gentlemen of Rome wore rings of Gold, the Commoners of Iron.",[]
suetonius.aug.holland1898-section.xml,holland-aug-note-467,100.2,unattributed,unresolved,,A thing aginst the olde received religion.,[]
suetonius.aug.holland1898-section.xml,holland-aug-note-468,100.2,unattributed,unresolved,annotation,"The chiefe Colledges and Societies, at this time were compted foure, that is to say: The Pontifies or chiefe Priests, the Augures, the Septem-virs, or seven wardens called Epulones, for that to them belonged the charge of providing the sacred feasts, the sumptuous suppers of the Pontifies, named Cæna adjiciales, as also the stately Tables, in the honour of Jupiter and other Gods, and fourthly, of the Quindecimvirs, sacris faciundis, i. Fifteene overseers of the Sacrifices. Afterwards adjoyned there was to these a fifth, Augustalium Sodalium, erected by order from Augustus, and others in processe of time by his precedent.",[]
suetonius.aug.holland1898-section.xml,holland-aug-note-470,100.3,unattributed,unresolved,,The August age.,[]
suetonius.aug.holland1898-section.xml,holland-aug-note-471,100.3,unattributed,unresolved,,Or before.,[]
suetonius.aug.holland1898-section.xml,holland-aug-note-472,100.3,unattributed,unresolved,annotation,"This Rostra was the publicke pulpit for Orations, standing in the common Market place, called Forum Romanum: so called for that it was beautified with the beake-heads of ships (named in Latine, Rostra) which in a memorable fight at Sea, the Romans wonne from their enemies. Neere unto which were certaine shops called Veteres Taberna: and absolutely veteres, for distinction of others, knowen by the name of Nova, i. the new shops. Yet some are of opinion, that in this place our Author meaneth Rostra vetera, i. the olde pulpit: to put a difference betweene it and another named Nova, i. the New.",[]
suetonius.aug.holland1898-section.xml,holland-aug-note-473,100.4,unattributed,unresolved,,"Dio nameth him Numarius Atticus and saith, he was hired by Livia for two millians of Sesterces, to sweare that of Augustus, which Proculus had somtime sworn of Romulus.",[]
suetonius.aug.holland1898-section.xml,holland-aug-note-474,100.4,unattributed,unresolved,,Or true Portraict.,[]
suetonius.aug.holland1898-section.xml,holland-aug-note-475,100.4,unattributed,unresolved,annotation,"You must thinke, that the dead bodie to be burnt in a funerall fire, was set therein so, as the ashes and bones thereof remained apart by themselves from the rest. Otherwise, the ashes of wood, the bones likewise of horses and other beasts sometimes burnt therewith, should have the honour due unto the said dead corps. Some are of opinion that it was lapped in a linnen sheete of the flaxe called Asbeston, which would not bee consumed with fire.",[]
suetonius.aug.holland1898-section.xml,holland-aug-note-476,100.4,unattributed,unresolved,,"Or shirts, as some would expound tunicis.",[]
suetonius.aug.holland1898-section.xml,holland-aug-note-477,100.4,unattributed,unresolved,,In Mausoleo.,[]
suetonius.aug.holland1898-section.xml,holland-aug-note-478,100.4,unattributed,unresolved,annotation,"The sumptuous Tombe that Queene Artemisia built for her husband Mausolus King of Caria, and reckoned one of the seven wonders of the world, was called Mausoleum, after his name. Whereupon, al such costly and stately monuments are so named; and more particularly, that of Augustus. Of which you may read more, 5 Geograph. Strabonis, for the better explanation of this place.",[]
suetonius.aug.holland1898-section.xml,holland-aug-note-480,101.1,unattributed,unresolved,annotation,"Depositum apud se. Some read, apud se, sex virgines vestales, as if sixe of these Vestall virgins had the custodie thereof, or at leastwise brought the same forth, being committed to them all: and the seventh, named Maxima, the Prioresse as it were, and governesse of the rest, were left behinde.",[]
suetonius.aug.holland1898-section.xml,holland-aug-note-481,101.2,unattributed,unresolved,annotation,"This hath a reference unto the As, or pound waight Romaine consisteth of 12 ounces, which standeth for the base and rule of many other things: and namely heere for the entiere inheritance that Augustus disposed of by his last will and testament. For, two third parts of 12 he gave unto Tiberius: and another third part unto Livia, which made up the whole.",[]
suetonius.aug.holland1898-section.xml,holland-aug-note-482,101.2,unattributed,unresolved,annotation,"This was against the law Voconia, which expresly provided, That no man should endow a woman in more then the fourth part of his goods. So that if a man died seized of one hundred thousand pounds, his wife might not enjoy the thirds, but onely 25000 pounds and no more. Howbeit Augustus had a speciall indulgence and dispensation for this Lawe.",[]
suetonius.aug.holland1898-section.xml,holland-aug-note-483,101.2,unattributed,unresolved,annotation,"Albeit Tiberius had beene long before adopted his sonne, and thereby may be thought to have assumed the names of his civil father, into his stile yet this surname onely of Augustus, would not be communicate with him, but left it as hereditarie after his decease ; as apeareth in Tiberius. As for Livia, after Augustus his death she was commonly called Julia Augusta: how ever some writers retaine her olde name Livia, and others againe in Augustus his life name her Julia: by the figure Prolepsis, because she caried that name after he was dead.",[]
suetonius.aug.holland1898-section.xml,holland-aug-note-484,101.2,unattributed,unresolved,,For default of the other if they dyed.,[]
suetonius.aug.holland1898-section.xml,holland-aug-note-485,101.2,unattributed,unresolved,,If the second heires failed.,[]
suetonius.aug.holland1898-section.xml,holland-aug-note-486,101.2,unattributed,unresolved,,Some read quadringenties tricies quinquies: and then it is three millions and a halfe more.,[]
suetonius.aug.holland1898-section.xml,holland-aug-note-487,101.2,unattributed,unresolved,annotation,"In most copies of Suetonius you find this reading, Legavit populo Romano quadringenties, tribubus tricies quinquies. In which words there may be thought a Tautologie: for that the people of Rome and the Tribes (which were in number 35) be all one. Therefore, some learned men have thought good to leave out the later clause wholly, or at leastwise, the word Tribubus. Others againe would have heere two legacies to be implied, the one of foure millens given generally in common to the whole bodie and people of Rome, the other of three millenes and one halfe, to be distributed among the Tribes in particular, or to the poorest persons in everie Tribe according to the discretion of their Vicimagistri. And these, put a distinction betweene populus and plebs, which plebs is heere understood under the name of Tribubus. But I leave it indifferent, although I am not ignorant, that sometimes Populus and tribus be confounded and put the one for the other, as also that tribus stand for the vulgar and meaner sort of the people onely, expresly distinct from Populus, Equites and Senatores, which the Poet termeth Sine nomine turbam: and T. Livius not unaptly, Ignota capita.",[]
suetonius.aug.holland1898-section.xml,holland-aug-note-488,101.2,unattributed,unresolved,,Or Prætorium band.,[]
suetonius.aug.holland1898-section.xml,holland-aug-note-489,101.3,unattributed,unresolved,,Produxitque quædam ad vicena Sestertia. So Torrentius expoundeth it.,[]
suetonius.aug.holland1898-section.xml,holland-aug-note-490,101.3,unattributed,unresolved,,Of Sesterces.,[]
suetonius.aug.holland1898-section.xml,holland-aug-note-491,101.3,unattributed,unresolved,,"Quater decies millies, foure thousand millions.",[]
suetonius.aug.holland1898-section.xml,holland-aug-note-492,101.3,unattributed,unresolved,annotation,Which amounteth by the computation of Budæus to three thousand and five hundred Myriades.,[]
suetonius.aug.holland1898-section.xml,holland-aug-note-493,101.3,unattributed,unresolved,,Octavius and Julius Cæsar.,[]
suetonius.aug.holland1898-section.xml,holland-aug-note-494,101.3,unattributed,unresolved,,His daughters daughter.,[]
suetonius.aug.holland1898-section.xml,holland-aug-note-495,101.3,unattributed,unresolved,,If they died.,[]
suetonius.aug.holland1898-section.xml,holland-aug-note-496,101.4,unattributed,unresolved,,"Æneis tabulis, other writers say, Pillers.","[{""source"": ""holland1-uc1"", ""page"": ""169"", ""context"": ""engraven in brazen tables, and\nerected before his"", ""marker_support"": false}, {""source"": ""holland1-hvd"", ""page"": ""169"", ""context"": ""engraven in brazen tables, and\nerected before his"", ""marker_support"": false}]"
suetonius.cal.holland1898-section.xml,holland-cal-note-001,1.1,unattributed,unresolved,,"A.U.C. 757, 765. A.U.C. 767, 770, 771.",[]
suetonius.cal.holland1898-section.xml,holland-cal-note-002,1.1,unattributed,unresolved,,"Daughter of Antonius the Triumvir, by Octavia, Augustus sister.",[]
suetonius.cal.holland1898-section.xml,holland-cal-note-003,1.1,unattributed,unresolved,,Annaria.,[]
suetonius.cal.holland1898-section.xml,holland-cal-note-004,1.1,unattributed,unresolved,annotation,"CALLED by some, Annales or Annariæ: of others, Comitiales. By which provided it was, In what yeares of a mans age, he was capable of Questure, Preture, Consulate, or any other like Office of State: as also, it was limited, within what time betweene, one might eftsoones beare the same Office againe. Item, what the terme of everie Magistracie should be, etc. And albeit the auncient Romanes had no such lawes, but (as Cornelius Scipio at his petition of Ædileship made answere, when exception was taken against him for his young age) whomsoever the Quirites would charge to be a Magistrate, hee had yeares enough on his backe, yet afterwards, sundrie Statutes were enacted in that behalfe: although by vertue of speciall privileges, the same were not duly observed. By the Chronologie it appeareth, that he was but ninteene yeares old when he became Questor, like as Tiberius before him.",[]
suetonius.cal.holland1898-section.xml,holland-cal-note-005,1.1,unattributed,unresolved,,7 yeeres after.,[]
suetonius.cal.holland1898-section.xml,holland-cal-note-006,1.2,unattributed,unresolved,,"From the said armie, wherewith he was acquainted.",[]
suetonius.cal.holland1898-section.xml,holland-cal-note-007,1.2,unattributed,unresolved,annotation,"Which Tiberius envying his greatnesse, wrought, therby to expose him unto greater dangers.",[]
suetonius.cal.holland1898-section.xml,holland-cal-note-008,1.2,unattributed,unresolved,,Deiecisset.,[]
suetonius.cal.holland1898-section.xml,holland-cal-note-009,1.2,unattributed,unresolved,,A.U.C. 772.,[]
suetonius.cal.holland1898-section.xml,holland-cal-note-012,3.1,unattributed,unresolved,,"The good wil and affection of men, counted among the gifts of fortune.",[]
suetonius.cal.holland1898-section.xml,holland-cal-note-013,3.1,unattributed,unresolved,,For they used then no stirrops and therefore the bloud and humours wold descend to the legges.,[]
suetonius.cal.holland1898-section.xml,holland-cal-note-014,3.1,unattributed,unresolved,annotation,"Well might this unseasonable exercise puff up and fill his skin with crudities and foggie humors, but hurtfull unto his health it was, and brought upon him diseases, and namely, that called Cardiacus, of which, some say, he died. Let them looke to it therfore, who, because they would be fat, not only fall to bodily exercise out of time, even upon ful stomacks, but also every morning eate in their beds and sleepe upon it, yea and ordinarily take a nap at noone, so soone as their meat is out of their mouthes.",[]
suetonius.cal.holland1898-section.xml,holland-cal-note-015,3.2,unattributed,unresolved,,"Triumphale; some reade Triumphalis, as if he gave not over pleading when he had triumphed, or received triumphall Ornaments.","[{""source"": ""holland2-uc1"", ""page"": ""2"", ""context"": ""the decree of triumph. and among other"", ""marker_support"": false}, {""source"": ""holland2-hvd"", ""page"": ""2"", ""context"": ""the decree of triumph. and among other"", ""marker_support"": false}]"
suetonius.cal.holland1898-section.xml,holland-cal-note-016,3.2,unattributed,unresolved,annotation,"By this Attribute, Civill, in our Author, ye must understand, Courtesie, Affabilitie, and a part not exceeding that of private Citizens, without taking any state.",[]
suetonius.cal.holland1898-section.xml,holland-cal-note-017,3.2,unattributed,unresolved,,Sergeants or officers.,[]
suetonius.cal.holland1898-section.xml,holland-cal-note-019,5.1,unattributed,unresolved,annotation,"As if the Gods, whose Images were shrined within, were not to be honoured any longer as Gods, suffering so good a man as Germanicus was, to die. For, as in token of honour, the people used to adorne the Statues and Images of famous persons with flowers and greene leaves, so, whom they did vilipend and despise, they were wont to cast stones at their Images and Statues.",[]
suetonius.cal.holland1898-section.xml,holland-cal-note-020,5.1,unattributed,unresolved,annotation,"The Tutelarie Gods of the house which ordinarily stood within a closet, called thereupon Lararium.",[]
suetonius.cal.holland1898-section.xml,holland-cal-note-021,5.1,unattributed,unresolved,annotation,"For, to what end should they reare children any more? since Germanicus, growen to so good proofe, sped no better, but was taken away by untimely death.",[]
suetonius.cal.holland1898-section.xml,holland-cal-note-022,5.1,unattributed,unresolved,,Touching them all and every one privatly.,[]
suetonius.cal.holland1898-section.xml,holland-cal-note-023,5.1,unattributed,unresolved,annotation,"In this place, the circumstance sheweth, that the King of Parthians is meant, how ever the Persian King and such mightie Monarches, having under their Dominion other pettie Kings as Tributaries or Homagers, be so called: like as Agamemnon also in Homere.",[]
suetonius.cal.holland1898-section.xml,holland-cal-note-024,5.1,unattributed,unresolved,,"At Rome, i. a stay of all Courts and Pleas, in token of a publick sorrow.",[]
suetonius.cal.holland1898-section.xml,holland-cal-note-025,5.1,unattributed,unresolved,annotation,"Which at Rome betokened a generall mourning, occasioned upon some extraordinary calamitie, or feare of publicke daunger, even as with us, the shutting in of Shop-windowes, etc.",[]
suetonius.cal.holland1898-section.xml,holland-cal-note-026,6.1,unattributed,unresolved,,"Torches, Tapers, etc.","[{""source"": ""holland2-uc1"", ""page"": ""4"", ""context"": ""all parts with lights and sacrifices into the"", ""marker_support"": false}, {""source"": ""holland2-hvd"", ""page"": ""4"", ""context"": ""all parts with lights and sacrifices into the"", ""marker_support"": false}]"
suetonius.cal.holland1898-section.xml,holland-cal-note-027,6.1,unattributed,unresolved,,"Which they had made, pro salute Germanici, i. for the health and welfare of Germanicus.",[]
suetonius.cal.holland1898-section.xml,holland-cal-note-028,6.2,unattributed,unresolved,annotation,"About the mids of this moneth, began the feast Saturnalia, celebrated with good cheere, with revels, dances, gaming and all kinde of libertie.",[]
suetonius.cal.holland1898-section.xml,holland-cal-note-030,8.1,unattributed,unresolved,,A.U.C. 765.,[]
suetonius.cal.holland1898-section.xml,holland-cal-note-031,8.1,unattributed,unresolved,,The last of August.,[]
suetonius.cal.holland1898-section.xml,holland-cal-note-032,8.1,unattributed,unresolved,,Or Ambitivum.,[]
suetonius.cal.holland1898-section.xml,holland-cal-note-033,8.1,unattributed,unresolved,,The meeting of two rivers.,[]
suetonius.cal.holland1898-section.xml,holland-cal-note-034,8.1,unattributed,unresolved,,Ob Agrippinæ puerperium.,[]
suetonius.cal.holland1898-section.xml,holland-cal-note-035,8.4,unattributed,unresolved,,18 of May.,[]
suetonius.cal.holland1898-section.xml,holland-cal-note-036,9.1,unattributed,unresolved,annotation,"For, common souldiers wore a certaine studded shoe, named Caliga.",[]
suetonius.cal.holland1898-section.xml,holland-cal-note-037,9.1,unattributed,unresolved,,"He was then but a child, about 3 or 4 yeeres old.",[]
suetonius.cal.holland1898-section.xml,holland-cal-note-038,10.1,unattributed,unresolved,annotation,"Which was later than the ordinarie time, by reason of Tiberius his lingering. For usually these complements were performed at 17 yeares of age.",[]
suetonius.cal.holland1898-section.xml,holland-cal-note-039,10.2,unattributed,unresolved,,Passienus was the Author of this Apophthegm.,[]
suetonius.cal.holland1898-section.xml,holland-cal-note-040,11.1,unattributed,unresolved,annotation,"In this habite and manner of attire, counterfeiting a woman, thereby to decline suspicion when he entered into other mens houses for to dishonour them and abuse their wives, whom our author termeth heere Adulteria, pro adulteris, as else where, conjugia, pro conjugibus.",[]
suetonius.cal.holland1898-section.xml,holland-cal-note-041,11.1,unattributed,unresolved,,Commonly taken for a water snake.,[]
suetonius.cal.holland1898-section.xml,holland-cal-note-042,11.1,unattributed,unresolved,annotation,"The fabulous Historie of Phæthon is well known, namely, how by misgovernment of the steeds which drew the Chariot of the Sunne his Father, he set the whole world on fire. By Phæthon therfore is meant, a combustion (as it were) and generall confusion of the Provinces, like as by the watersnake, the verie bane and poyson of the Roman State.",[]
suetonius.cal.holland1898-section.xml,holland-cal-note-044,12.1,unattributed,unresolved,,A Bishop.,[]
suetonius.cal.holland1898-section.xml,holland-cal-note-045,12.1,unattributed,unresolved,,"Issew Male, except himself, and Tiberius a very child the sonn of Drusus.",[]
suetonius.cal.holland1898-section.xml,holland-cal-note-047,12.2,unattributed,unresolved,,Who wrought the fall of Sejanus.,[]
suetonius.cal.holland1898-section.xml,holland-cal-note-048,12.2,unattributed,unresolved,,Signet.,[]
suetonius.cal.holland1898-section.xml,holland-cal-note-049,12.2,unattributed,unresolved,,Tiberius freed-man.,[]
suetonius.cal.holland1898-section.xml,holland-cal-note-050,12.3,unattributed,unresolved,,Rapier or spud.,[]
suetonius.cal.holland1898-section.xml,holland-cal-note-051,13.1,unattributed,unresolved,,A.U.C. 790.,[]
suetonius.cal.holland1898-section.xml,holland-cal-note-052,13.1,unattributed,unresolved,annotation,"To doe him the greater honour, they intertaine him upon the way (as the maner was) with Sacrifices, Torches, Tapers, and wax lights.",[]
suetonius.cal.holland1898-section.xml,holland-cal-note-053,14.1,unattributed,unresolved,,Tiberius the son of Drusus.,"[{""source"": ""holland2-uc1"", ""page"": ""10"", ""context"": ""his nephews under age, and as yet in"", ""marker_support"": false}, {""source"": ""holland2-hvd"", ""page"": ""10"", ""context"": ""his nephews under age, and as yet in"", ""marker_support"": false}]"
suetonius.cal.holland1898-section.xml,holland-cal-note-054,14.2,unattributed,unresolved,,Offred to lay down their owne lives.,[]
suetonius.cal.holland1898-section.xml,holland-cal-note-055,14.2,unattributed,unresolved,annotation,"An opinion there was deepely setled in mens heads, that the death of one man might be excused and redeemed, with the death of another.",[]
suetonius.cal.holland1898-section.xml,holland-cal-note-056,14.3,unattributed,unresolved,,The maine standards.,"[{""source"": ""holland2-uc1"", ""page"": ""11"", ""context"": ""euphrates,\nadored the ægles and other militarie ensignes"", ""marker_support"": false}, {""source"": ""holland2-hvd"", ""page"": ""11"", ""context"": ""euphrates,\nadored the ægles and other militarie ensignes"", ""marker_support"": false}]"
suetonius.cal.holland1898-section.xml,holland-cal-note-059,15.4,unattributed,unresolved,,"As we say, from the beginning of the world to this day.","[{""source"": ""holland2-uc1"", ""page"": ""12"", ""context"": ""behinde from before time. all\nthe bookes and"", ""marker_support"": false}, {""source"": ""holland2-hvd"", ""page"": ""12"", ""context"": ""behinde from before times. all\nthe bookes and"", ""marker_support"": false}]"
suetonius.cal.holland1898-section.xml,holland-cal-note-060,15.4,unattributed,unresolved,,Convectos.,[]
suetonius.cal.holland1898-section.xml,holland-cal-note-062,16.3,unattributed,unresolved,,Some read Centesimam.,[]
suetonius.cal.holland1898-section.xml,holland-cal-note-063,16.3,unattributed,unresolved,annotation,The two hundred penie.,[]
suetonius.cal.holland1898-section.xml,holland-cal-note-065,16.4,unattributed,unresolved,annotation,"His halfe image downeward from the head to the wast, portrayed with a Shield or Scutchion and the same was commonly set out with the largest. Hereupon, M. Tullius Cicero, when he saw such a demie personage representing his brother Quintus in the province that he governed (and a very litle man he was of stature) 'My brother,' quoth he, 'in his halfe part, is greater than in the whole.'",[]
suetonius.cal.holland1898-section.xml,holland-cal-note-066,16.4,unattributed,unresolved,annotation,"A festivall holiday solemnized by heardmen, in the honour of Pales their Goddesse and Patronesse. Upon which day, the foundation of Rome Citie was laid. This feast they kept, the 12 day before the Kalends of May, to wit, the 20 of Aprill.",[]
suetonius.cal.holland1898-section.xml,holland-cal-note-067,17.1,unattributed,unresolved,,"A.U.C. 790, 791, 793, 794.",[]
suetonius.cal.holland1898-section.xml,holland-cal-note-068,17.1,unattributed,unresolved,,The seventh of Januarie.,[]
suetonius.cal.holland1898-section.xml,holland-cal-note-069,17.1,unattributed,unresolved,,In France.,[]
suetonius.cal.holland1898-section.xml,holland-cal-note-071,17.2,unattributed,unresolved,,"Fascias: some expound these to be ribbands, garters and gorgets.",[]
suetonius.cal.holland1898-section.xml,holland-cal-note-074,18.3,unattributed,unresolved,,Red and greene.,[]
suetonius.cal.holland1898-section.xml,holland-cal-note-075,18.3,unattributed,unresolved,,Mænianis.,[]
suetonius.cal.holland1898-section.xml,holland-cal-note-076,18.3,unattributed,unresolved,annotation,"Mænius, a riotous unthrift, when he had wasted his Patrimonie and sold his Capitall house in Rome, excepted in the sale, and reserved to himselfe and his heires, one Columne or Pillar, from which he projected and put forth into the street a jettie, and upon it built a gallerie: out of which he might behold the sword-fencers in the market place, whereunto he had a fayre prospect from the said Pillar. Whereupon all such galleries or buildings jetting out in the street, be called Mæniana.",[]
suetonius.cal.holland1898-section.xml,holland-cal-note-078,19.2,unattributed,unresolved,,"Essedis, Belgick or French.",[]
suetonius.cal.holland1898-section.xml,holland-cal-note-081,20.1,unattributed,unresolved,,Rhodanus Rhosne.,[]
suetonius.cal.holland1898-section.xml,holland-cal-note-082,21.1,unattributed,unresolved,,The conduict.,"[{""source"": ""holland2-uc1"", ""page"": ""17"", ""context"": ""two works, the one was ended by his"", ""marker_support"": false}, {""source"": ""holland2-hvd"", ""page"": ""17"", ""context"": ""two works, the one was ended by his"", ""marker_support"": false}]"
suetonius.cal.holland1898-section.xml,holland-cal-note-084,22.1,unattributed,unresolved,,Agrippa and Antiochus.,[]
suetonius.cal.holland1898-section.xml,holland-cal-note-085,22.1,unattributed,unresolved,annotation,"The end of one verse, and beginning of another, cited out of Homer in the second of his Ilias. The Poet ascribeth them unto sage Ulysses, in this sense: One [Soveraigne] Lord, One King let there be.",[]
suetonius.cal.holland1898-section.xml,holland-cal-note-086,22.1,unattributed,unresolved,bottom,Under Cæsars.,[]
suetonius.cal.holland1898-section.xml,holland-cal-note-087,22.1,unattributed,unresolved,annotation,"By exchaunging the ensignes and Ornaments of the Roman Soveraigne or Emperor, with the Regall Diadem, purple Robe and Scepter.",[]
suetonius.cal.holland1898-section.xml,holland-cal-note-089,22.2,unattributed,unresolved,bottom,The portraict and proportion of his own selfe.,[]
suetonius.cal.holland1898-section.xml,holland-cal-note-090,22.2,unattributed,unresolved,bottom,"The Palace in that Mount, that stood in Forum Romanum.",[]
suetonius.cal.holland1898-section.xml,holland-cal-note-091,22.2,unattributed,unresolved,bottom,To his Pallace.,[]
suetonius.cal.holland1898-section.xml,holland-cal-note-092,22.3,unattributed,unresolved,bottom,Sacrifices.,"[{""source"": ""holland2-uc1"", ""page"": ""18"", ""context"": ""and\nmost exquisite osts. in his saide temple"", ""marker_support"": false}, {""source"": ""holland2-hvd"", ""page"": ""18"", ""context"": ""and\nmost exquisite osts. in his saide temple"", ""marker_support"": false}]"
suetonius.cal.holland1898-section.xml,holland-cal-note-093,22.3,unattributed,see curated changes; otherwise unresolved,annotation,"Phœnicopterus is a water foule haunting lakes and fennes, and the river Nilus, as Hesiodus writeth. The fethers be of colour read, or purple. Whereof it taketh the name: and the tongue is a most daintie and pleasant morsell. So said Apitius, nepotum omnium altissimus gurges. Of this Bird Martiall made an Epigram: Dat mihi penna rubens nomen: sed lingua gulosisNostra sæpit. Quid si garrula lingua fores. My name I take of wings so red, but unto gluttons tast, My tongue right pleasing is: oh, what, if it could prate as fast.",[]
suetonius.cal.holland1898-section.xml,holland-cal-note-094,22.3,unattributed,unresolved,annotation,"Some take them for Bistards: Birds decked, no doubt, with most beautifull fethers: as may appeare by Tertullian against Marcion, in these words: Una Tetraonis pennula, (taceo de pavo) sordidum artificem pronuntiabit tibi Creatorem?",[]
suetonius.cal.holland1898-section.xml,holland-cal-note-095,22.3,unattributed,unresolved,annotation,They are thought to be Hens of Guinny.,[]
suetonius.cal.holland1898-section.xml,holland-cal-note-096,22.3,unattributed,unresolved,annotation,"By the description of Clitus, they be our Turkies.",[]
suetonius.cal.holland1898-section.xml,holland-cal-note-097,22.3,unattributed,unresolved,annotation,"The Phesant called in old time Itis, (which was the sonne of Tereus and Progne, transformed, as Poets feigne, into this Bird) and afterwards Phasianus or Phasiana [Avis], tooke his name of Phasis a river and Citie in Colchis, according to this Epigram of Martials: Argiva primum sum transportata Carina: Ante mihi notum nil nisi Phasis erat. In Argive ship transported first, I was to forraine land: Fore time, nought else but Phasis towne, I knew, or Phasis strand.",[]
suetonius.cal.holland1898-section.xml,holland-cal-note-098,22.4,unattributed,unresolved,bottom,From the Palatium to the Capitoll.,[]
suetonius.cal.holland1898-section.xml,holland-cal-note-100,23.1,unattributed,unresolved,bottom,Agrippina.,[]
suetonius.cal.holland1898-section.xml,holland-cal-note-101,23.1,unattributed,unresolved,,"Siculasque, not Singulasque.",[]
suetonius.cal.holland1898-section.xml,holland-cal-note-103,23.2,unattributed,unresolved,bottom,Aufidius Lingo or Lurco.,[]
suetonius.cal.holland1898-section.xml,holland-cal-note-104,23.2,unattributed,unresolved,,Or Lurco.,[]
suetonius.cal.holland1898-section.xml,holland-cal-note-105,23.2,unattributed,unresolved,,"By the father side, to wit, the mother of Germanicus.",[]
suetonius.cal.holland1898-section.xml,holland-cal-note-106,23.3,unattributed,unresolved,annotation,"Philo reporteth this farre otherwise, and telleth a pitifull Narration: How, by commission from Caius, certaine Colonels and Centurians came to young Tiberius, commaunding him to kill himselfe: because, forsooth, unlawfull it was for any other to murder a Prince of the Imperiall bloud. The youth, who had never seene any man killed, and by reason of his tender yeares was nothing at all experienced in the world, requested first of them, who were come thus to him, for to strike off his head, which he held out unto them: but seeing his request would not be heard, he desired them yet, to instruct him, in what part of his bodie he should stab himselfe for the speediest death. And so by instructions from them he was his owne executioner.",[]
suetonius.cal.holland1898-section.xml,holland-cal-note-107,23.3,unattributed,unresolved,,Whose daughter hee had maried.,[]
suetonius.cal.holland1898-section.xml,holland-cal-note-108,23.3,unattributed,unresolved,,Silanus.,[]
suetonius.cal.holland1898-section.xml,holland-cal-note-109,23.3,unattributed,unresolved,,Tiberius.,[]
suetonius.cal.holland1898-section.xml,holland-cal-note-110,23.3,unattributed,unresolved,,His Successour in the Empire.,[]
suetonius.cal.holland1898-section.xml,holland-cal-note-112,24.2,unattributed,unresolved,,"Per nomen, some reade Numen, i. the godhead or divine power: for he equalled her with Venus, and commaunded that she should be worshipped as a Goddesse; and as Dion writeth, named she was Panthea, and women were compelled to sweare by her, as by Juno.",[]
suetonius.cal.holland1898-section.xml,holland-cal-note-113,24.3,unattributed,unresolved,,"By them, to wit Lepidus and his two sisters: or by him, for their death.","[{""source"": ""holland2-uc1"", ""page"": ""21"", ""context"": ""prepared for his death, with a title over"", ""marker_support"": false}, {""source"": ""holland2-hvd"", ""page"": ""21"", ""context"": ""prepared for his death, with a title over"", ""marker_support"": false}]"
suetonius.cal.holland1898-section.xml,holland-cal-note-114,25.1,unattributed,unresolved,annotation,Romulus ravished the Sabine virgins: and Augustus by force tooke from Tiberius his wife Livia.,[]
suetonius.cal.holland1898-section.xml,holland-cal-note-115,25.1,unattributed,unresolved,,"Or sought againe for the company, etc. repetiisse.",[]
suetonius.cal.holland1898-section.xml,holland-cal-note-118,25.3,unattributed,unresolved,,"Like as Candaules King of Lydia, did to his friend Gyges.",[]
suetonius.cal.holland1898-section.xml,holland-cal-note-119,25.3,unattributed,unresolved,,A daughter.,[]
suetonius.cal.holland1898-section.xml,holland-cal-note-122,26.1,unattributed,unresolved,annotation,"Selena, in Greeke, signifieth the Moone. And well knowen it is, that as M. Antonius the Triumvir called himselfe Bacchus and Osiris, so Cleopatra his wife tooke pleasure to be named Luna, i. the Moone, and Isis. Whereupon they gave to their sonne Alexander begotten betweene them, the name of the sunne, and to their daughter Cleopatra the name of the Moone, or Selena, which is all one.",[]
suetonius.cal.holland1898-section.xml,holland-cal-note-124,26.3,unattributed,unresolved,annotation,"The Consuls were reputed still (in outward shew) Soveraigne Magistrates, although indeed, the Cæsars caried all before them, and were absolute Monarches.",[]
suetonius.cal.holland1898-section.xml,holland-cal-note-126,26.4,unattributed,unresolved,,Or Tickets.,[]
suetonius.cal.holland1898-section.xml,holland-cal-note-127,26.4,unattributed,unresolved,annotation,"Some read, Tesseras decima citius, i. Before the tenth houre, or foure of the clocke after noone, for so long continued the Stage-plaies ordinarily. At which time, the Emperours were wont to bestow their Tickets or Talies among the people, by vertue whereof they received such and such gifts.",[]
suetonius.cal.holland1898-section.xml,holland-cal-note-128,26.4,unattributed,unresolved,,Roomes and seates in the Theater appointed for the Gentlemen.,[]
suetonius.cal.holland1898-section.xml,holland-cal-note-129,26.5,unattributed,unresolved,,"Emitti, some read amiciri, i. to be covered with Hat, veile, bonet of Bongrace against the sunne.","[{""source"": ""holland2-uc1"", ""page"": ""24"", ""context"": ""should be let forth: and then, removing and"", ""marker_support"": false}, {""source"": ""holland2-hvd"", ""page"": ""24"", ""context"": ""should be let forth: and then, removing and"", ""marker_support"": false}]"
suetonius.cal.holland1898-section.xml,holland-cal-note-130,26.5,unattributed,unresolved,,Patres familias. Citizens.,[]
suetonius.cal.holland1898-section.xml,holland-cal-note-131,26.5,unattributed,unresolved,,"Pegmatis, in the dative case, or frames for Pageants.",[]
suetonius.cal.holland1898-section.xml,holland-cal-note-132,26.5,unattributed,unresolved,annotation,"There be learned Criticks that expound this place farre otherwise, reading Pegmares, in steede of Pegmatis, and understanding thereby such sword-fencers, whose good hap it had beene to escape with life, the fall from those Frames or Pageants called Pegmata or Pegma, which with certaine vices or Skrewes were set up, and let downe, upon which as on scaffolds, malefactors were brought forth, eyther to exhibit a shew unto the people, fighting one with another at sharpe, to the outrance, or to make them sport, by falling downe into a pit underneath, where eyther wild beasts were readie to devoure, or fire to consume them. A devise wrought by dissolving the joynts of the said Pegmes under them. And in this sense they interprete the rest that followeth, concerning patres familias, i. good honest Citizens householders.",[]
suetonius.cal.holland1898-section.xml,holland-cal-note-133,26.5,unattributed,unresolved,,Induxit.,[]
suetonius.cal.holland1898-section.xml,holland-cal-note-134,27.1,unattributed,unresolved,,"Medios, a calvo ad calvum.",[]
suetonius.cal.holland1898-section.xml,holland-cal-note-135,27.1,unattributed,unresolved,annotation,"He had espied in the multitude of those prisoners and malefactors, two with bald heads, distant farre a sunder, and happily, as much as from the one end of the place unto the other: all those betweene, without respect of their cause, he commaunded to be put to death indifferently.",[]
suetonius.cal.holland1898-section.xml,holland-cal-note-137,27.2,unattributed,unresolved,,"Of Tarquinius, as some thinke.",[]
suetonius.cal.holland1898-section.xml,holland-cal-note-138,27.3,unattributed,unresolved,,"These Genii are of a middle essence, betweene men and Gods, called therefore, Medioxumi. It signifieth here, the Dæmon, Tutelar angel or spirit of the Prince. For the maner of the Romaines was in flattering wise, thus to sweare, as also by the helth, the life, the honour of their Emperours.",[]
suetonius.cal.holland1898-section.xml,holland-cal-note-139,27.3,unattributed,unresolved,annotation,"An ordinarie thing it was at Rome, to sweare by the Genius, as also by the Fortune, the health, etc., of their Emperours. And what a devout oth this was, per Genium, i. the Dæmon, the spirit, or superintendent Angell of the Prince, which I take to be as much, as by his owne good selfe, appeareth by Tertullian, Apologet. cap. 28. Citius apud vos per omnes deos, quam per Genium principis peieratur.",[]
suetonius.cal.holland1898-section.xml,holland-cal-note-140,27.4,unattributed,unresolved,annotation,"Seneca, lib. 2 de Ira, cap. 33, reporteth the like example of Castor a right worshipful Gentleman of Rome, whose sonne, the same Caligula, upon verie envie that the young man was a proper and beautifull person, put to death in his fathers sight, and then invited the old man to supper, provoked him to carouse and be merie, which the good father was faine to endure and make semblance of contentment, for feare, least the Tyrant would have done as much by another sonne, whom he had living.",[]
suetonius.cal.holland1898-section.xml,holland-cal-note-141,27.4,unattributed,unresolved,annotation,"Catenis verberatum. Among other chasticements of the bodie, there is reckoned Vinculorum verberatio, as Callistratus witnesseth, lib. 7 de Pænis. The ignorance whereof, hath made some to read, in Catenis verberatum, i. bound in chaines and then beaten, others, habenis for catenis: as if he had beene well lindged with lether thongs or halters ends, as slaves were wont to be served by the Lorarii.",[]
suetonius.cal.holland1898-section.xml,holland-cal-note-143,28.1,unattributed,unresolved,,Where they were wont to live banished.,[]
suetonius.cal.holland1898-section.xml,holland-cal-note-144,28.1,unattributed,unresolved,annotation,"Albeit, the proper use of these Graphia was to cut or engrave letters onely, in tables of barke or soft wood: yet, because it was unlawfull to weare weapons in the Senate house, some, of a mischievous minde, made those writing stiles or Steeles so, as they might kill therewith, enacted therefore it was, that no man should carie about him such writing instruments of yron or steele, but of bone onely. And yet even these, as others also of reeds and quils, were made so keene and sharpe, that they were able to give a mortall wound.",[]
suetonius.cal.holland1898-section.xml,holland-cal-note-146,29.1,unattributed,unresolved,annotation,"For the manner of the Roman Emperours was, upon displeasure, to send men and women away into some desert Ísles, and there to confine them.",[]
suetonius.cal.holland1898-section.xml,holland-cal-note-147,29.2,unattributed,unresolved,,By letters or friends that he made.,[]
suetonius.cal.holland1898-section.xml,holland-cal-note-148,29.2,unattributed,unresolved,annotation,"Ellebor, that groweth in the Isles Antycire, is of most effectuall operation. The roote is that, whereof is made our sneesing powder. It purgeth extreemely by vomit. Thereupon ariseth the Proverb, Naviget Anticyram, i. Let him sayle to Anticyra, applied to one that is melancholicke in the highest degree, and little better than mad. See Plinie, Natural Hist., lib. 35, cap. 5.",[]
suetonius.cal.holland1898-section.xml,holland-cal-note-149,29.2,unattributed,unresolved,,Renewed.,[]
suetonius.cal.holland1898-section.xml,holland-cal-note-150,29.2,unattributed,unresolved,,By purging.,[]
suetonius.cal.holland1898-section.xml,holland-cal-note-151,29.2,unattributed,unresolved,,A Nation mixt of French and Greekes.,[]
suetonius.cal.holland1898-section.xml,holland-cal-note-152,30.1,unattributed,unresolved,,"Ita feri, etc.","[{""source"": ""holland2-uc1"", ""page"": ""27"", ""context"": ""well\nknowne, 'strike so, as they may feele"", ""marker_support"": false}, {""source"": ""holland2-hvd"", ""page"": ""27"", ""context"": ""well\nknowne, 'strike so, as they may feele"", ""marker_support"": false}]"
suetonius.cal.holland1898-section.xml,holland-cal-note-153,30.1,unattributed,unresolved,,Atreus,[]
suetonius.cal.holland1898-section.xml,holland-cal-note-154,30.2,unattributed,unresolved,,Of Chariotiers.,[]
suetonius.cal.holland1898-section.xml,holland-cal-note-155,30.2,unattributed,unresolved,,For he favoured the greene Liverie.,[]
suetonius.cal.holland1898-section.xml,holland-cal-note-156,30.2,unattributed,unresolved,annotation,"Some conjecture verie well, that this Tetrinius was not surnamed Latro, being the addition appropriate to the noble Family of Rome, of the Portii, but a notorious theefe or robber, such as in Latin is called Latro. And of that sort commonly were they that performed before the people this bloudie fight with unrebated swords, without foiles.",[]
suetonius.cal.holland1898-section.xml,holland-cal-note-157,30.2,unattributed,unresolved,,Worthy and meet to be put to sword-fight.,[]
suetonius.cal.holland1898-section.xml,holland-cal-note-158,30.2,unattributed,unresolved,annotation,"And no mervaile, if he termed all the Citizens there assembled Tetrinios, i. Theeves, considering he wished before, that he could cut of al their heads at one blow.",[]
suetonius.cal.holland1898-section.xml,holland-cal-note-160,30.3,unattributed,unresolved,,"Grogatim dimicantes: for distinction of those that were called Monomachi, and imploied in single fight",[]
suetonius.cal.holland1898-section.xml,holland-cal-note-161,30.3,unattributed,unresolved,,"Otherwise, Mirmillones. These were armed, whereas the Retiarii were lightly appointed, and Tunicati, traversing their ground nimbly, and seeming otherwhiles to flie: whereupon the others took their name, Secutores, as following them.",[]
suetonius.cal.holland1898-section.xml,holland-cal-note-164,32.2,unattributed,unresolved,,Waiting at the bord.,[]
suetonius.cal.holland1898-section.xml,holland-cal-note-165,32.2,unattributed,unresolved,,Or leafe.,[]
suetonius.cal.holland1898-section.xml,holland-cal-note-166,32.2,unattributed,unresolved,,For tables in those dayes were laid and covered over with silver plates. Plin. lib. 33.,[]
suetonius.cal.holland1898-section.xml,holland-cal-note-167,32.2,unattributed,unresolved,,"Or Secutores, aforesaid.",[]
suetonius.cal.holland1898-section.xml,holland-cal-note-168,32.3,unattributed,unresolved,,At sacrifice.,"[{""source"": ""holland2-uc1"", ""page"": ""29"", ""context"": ""of these beast-slayers, and with the\naxe"", ""marker_support"": false}, {""source"": ""holland2-hvd"", ""page"": ""29"", ""context"": ""of these beast-slayers, and with the\naxe"", ""marker_support"": false}]"
suetonius.cal.holland1898-section.xml,holland-cal-note-170,33.1,unattributed,unresolved,,By cramping and torturing her therewith.,[]
suetonius.cal.holland1898-section.xml,holland-cal-note-171,33.1,unattributed,unresolved,annotation,"He suspected, that she had given him some love-drinks.",[]
suetonius.cal.holland1898-section.xml,holland-cal-note-172,34.2,unattributed,unresolved,,Being a Poet. Virgill.,"[{""source"": ""holland2-uc1"", ""page"": ""30"", ""context"": ""did, who banished him out of the cittie"", ""marker_support"": false}, {""source"": ""holland2-hvd"", ""page"": ""30"", ""context"": ""did, who banished him out of the cittie"", ""marker_support"": false}]"
suetonius.cal.holland1898-section.xml,holland-cal-note-173,34.2,unattributed,unresolved,,Livie.,[]
suetonius.cal.holland1898-section.xml,holland-cal-note-174,34.2,unattributed,unresolved,annotation,"Præter æquum. How this can stand with his pride or malice, which our author hath propounded to exemplifie, I cannot see. In some copies we read, præter eum, i. beside him, that is to say, otherwise than he would have them, or approve. And one Critick or Judicious Lawier, Franc. Hottoman, as also Coracius, read, præter Eccum, as if hee should say, All Lawyers shall give none other answere but this. Behold him, meaning the Emperor Caius, therby referring the decision of all matters to his will and pleasure. Lastly, Torrentius concludeth the Period thus, Ne quid respondere possint, i. That they should give no answere at all. And for præter æquum, etc., he putteth præterea, i. Moreover, for a beginning of the next chapter.",[]
suetonius.cal.holland1898-section.xml,holland-cal-note-176,35.1,unattributed,unresolved,,Or Cheine.,[]
suetonius.cal.holland1898-section.xml,holland-cal-note-177,35.1,unattributed,unresolved,,Who afterwards married the daughter of Claudius the Emperor.,[]
suetonius.cal.holland1898-section.xml,holland-cal-note-178,35.2,unattributed,unresolved,annotation,"Colosseros seemeth to be a word compounded of Colossos and Eros. The one importeth his talnesse, resembling the stately and Giantlike personages called Colossi, and the other, his lovely visage, Eros, even Love, Cupid it selfe.",[]
suetonius.cal.holland1898-section.xml,holland-cal-note-179,35.2,unattributed,unresolved,annotation,"Threces or Thraces,[So thinks Sabellicus.] thought to be the same that Retiarii, were lightly appointed for armour, and put to desperate fight, as having all parts of their bodies exposed to daunger, whereupon they were called also Tunicati, and were matched in opposition with the Mirmillones, as this verse of Ausonius implieth: Quis mirmilloni componitur?[Or, committitur.] æquimanus Thrax. Whereas the other named Hoplomachi, had for their defence, head peeces and targuets. Senec. lib. 1, Epist. 7.",[]
suetonius.cal.holland1898-section.xml,holland-cal-note-180,35.2,unattributed,unresolved,,"Hoplomacho, with shield and helmet.",[]
suetonius.cal.holland1898-section.xml,holland-cal-note-181,35.2,unattributed,unresolved,,To the Threx and Hoplomachus.,[]
suetonius.cal.holland1898-section.xml,holland-cal-note-182,35.3,unattributed,unresolved,annotation,"The priest, called Rex Nemorensis, of a place where Diana Arcina was worshipped, within a temple beautified with a grove about it, by a barbarous custome of the Scithians, so long onely held his place, untill after one yeares revolution, some one stronger than himselfe, stepped unto him and overcame him in single fight, and so deposed him, like as, by the first institution, himselfe, foyling another in combat attained thereto.",[]
suetonius.cal.holland1898-section.xml,holland-cal-note-183,35.3,unattributed,unresolved,,"To wite, sword fight.",[]
suetonius.cal.holland1898-section.xml,holland-cal-note-184,35.3,unattributed,unresolved,,"Essedario, or Champion that use to fight and play his prises out of a British or French Chariot called Essedum.",[]
suetonius.cal.holland1898-section.xml,holland-cal-note-186,37.1,unattributed,unresolved,annotation,"Seneca writeth, Consolat. ad Helv., That it was ordinarie with him to consume at one supper ten millions of sesterces, and who studied himselfe, and laid his head to others, how he might at one supper make an even hand with the revenewes and tributes of all the provinces belonging to the state of Rome.",[]
suetonius.cal.holland1898-section.xml,holland-cal-note-187,37.1,unattributed,unresolved,,Or Oiles.,[]
suetonius.cal.holland1898-section.xml,holland-cal-note-188,37.2,unattributed,unresolved,annotation,"Some read for [de Cedris] Deceres, after the forme of Moneres, meaning by Deceres a mightie gallie furnished with ten rankes of Oares, for such the Greeks call Δέκηρεις.",[]
suetonius.cal.holland1898-section.xml,holland-cal-note-189,37.3,unattributed,unresolved,,Vicies ac septies millies.,[]
suetonius.cal.holland1898-section.xml,holland-cal-note-190,38.1,unattributed,unresolved,,"Deflebat, or deflabat, i. he rejected and despised.","[{""source"": ""holland2-uc1"", ""page"": ""34"", ""context"": ""as evidences,\nhe bewailed the same as olde"", ""marker_support"": false}, {""source"": ""holland2-hvd"", ""page"": ""34"", ""context"": ""as evidences,\nhe bewailed the same as olde"", ""marker_support"": false}]"
suetonius.cal.holland1898-section.xml,holland-cal-note-191,38.2,unattributed,unresolved,,Perperam editi Census.,"[{""source"": ""holland2-uc1"", ""page"": ""34"", ""context"": ""certificate of their estates, unto whom there had"", ""marker_support"": false}, {""source"": ""holland2-hvd"", ""page"": ""34"", ""context"": ""certificate of their estates, unto whom there had"", ""marker_support"": false}]"
suetonius.cal.holland1898-section.xml,holland-cal-note-192,38.2,unattributed,unresolved,,"Macteas or Mattyas, such as Marchpanes.",[]
suetonius.cal.holland1898-section.xml,holland-cal-note-194,38.4,unattributed,unresolved,,"As it were, to buy this and that.",[]
suetonius.cal.holland1898-section.xml,holland-cal-note-196,39.1,unattributed,unresolved,,"In grinding Corne, and carrying bread.",[]
suetonius.cal.holland1898-section.xml,holland-cal-note-197,40.1,unattributed,unresolved,,Nec non et matrimonia obnoxia essent. Some interpret this of wedded folke playing false and committing adulterie.,[]
suetonius.cal.holland1898-section.xml,holland-cal-note-198,41.1,unattributed,unresolved,annotation,"Dum multa commissa fierent. Which may be expounded otherwise thus, When as many things were forfaited and confiscate.",[]
suetonius.cal.holland1898-section.xml,holland-cal-note-200,42.1,unattributed,unresolved,,Or laps of their clothes.,[]
suetonius.cal.holland1898-section.xml,holland-cal-note-202,45.1,unattributed,unresolved,,"De Custodia, or that were prisoners and in ward.",[]
suetonius.cal.holland1898-section.xml,holland-cal-note-203,45.1,unattributed,unresolved,annotation,"Taking the name from Exploratores, a militarie terme, signifying the Avant-couriers and fore-riders, to discover the enemy, and to cleere the coasts.",[]
suetonius.cal.holland1898-section.xml,holland-cal-note-205,46.1,unattributed,unresolved,,"As if with 31. 2s. 6 pence, they had beene made for ever.",[]
suetonius.cal.holland1898-section.xml,holland-cal-note-206,48.1,unattributed,unresolved,,To kill every tenth man of them.,[]
suetonius.cal.holland1898-section.xml,holland-cal-note-208,49.1,unattributed,unresolved,,Or haft.,[]
suetonius.cal.holland1898-section.xml,holland-cal-note-209,49.2,unattributed,unresolved,,Or Alexandrea is Antiochea in old Manuscripts.,[]
suetonius.cal.holland1898-section.xml,holland-cal-note-210,49.2,unattributed,unresolved,,Senatours and gentleman.,[]
suetonius.cal.holland1898-section.xml,holland-cal-note-211,50.2,unattributed,unresolved,,"An Isle, where grew the best Ellebor, a purgative meete for lunaticke and distracted persons.",[]
suetonius.cal.holland1898-section.xml,holland-cal-note-212,50.2,unattributed,unresolved,,Or drinke.,[]
suetonius.cal.holland1898-section.xml,holland-cal-note-215,51.1,unattributed,unresolved,annotation,"Yet Dion reporteth of him, that otherwhiles, when it thundred aloft, he would seeme to doe the like beneath with a thunder barrell, or such a kinde of devise: when it lightened, to make flashes with fireworks: and if a thunderbolt fell, to discharge likewise some stone out of an engine.",[]
suetonius.cal.holland1898-section.xml,holland-cal-note-216,51.2,unattributed,unresolved,,Or guarded.,[]
suetonius.cal.holland1898-section.xml,holland-cal-note-218,52.1,unattributed,unresolved,,Or Pantofles.,[]
suetonius.cal.holland1898-section.xml,holland-cal-note-219,52.1,unattributed,unresolved,,Or pinsons.,[]
suetonius.cal.holland1898-section.xml,holland-cal-note-220,52.1,unattributed,unresolved,annotation,Which ornaments belonged to Jupiter and Æsculapius.,[]
suetonius.cal.holland1898-section.xml,holland-cal-note-221,52.1,unattributed,unresolved,,With three graines like an ele speare.,[]
suetonius.cal.holland1898-section.xml,holland-cal-note-222,52.1,unattributed,unresolved,annotation,"Resembling thereby Neptune, for it symbolizeth his power over waters in Sea, River, Lakes.",[]
suetonius.cal.holland1898-section.xml,holland-cal-note-223,52.1,unattributed,unresolved,annotation,"The Ensigne of Mercury, betokening his Eloquence.",[]
suetonius.cal.holland1898-section.xml,holland-cal-note-224,53.1,unattributed,unresolved,,"Quantumvis facundus: or, beeing very faire spoken, etc.","[{""source"": ""holland2-uc1"", ""page"": ""46"", ""context"": ""of a ready\ntongue. certes if it had"", ""marker_support"": false}, {""source"": ""holland2-hvd"", ""page"": ""46"", ""context"": ""of a ready\ntongue. certes if it had"", ""marker_support"": false}]"
suetonius.cal.holland1898-section.xml,holland-cal-note-226,54.1,unattributed,unresolved,,"Or, to.",[]
suetonius.cal.holland1898-section.xml,holland-cal-note-227,54.1,unattributed,unresolved,,Or Actour.,[]
suetonius.cal.holland1898-section.xml,holland-cal-note-228,54.2,unattributed,unresolved,,"A laudable exercise in Rome, as may appeare before in Augustus.",[]
suetonius.cal.holland1898-section.xml,holland-cal-note-229,55.1,unattributed,unresolved,,A Gesturer or dauncer that counterfaited all parts.,[]
suetonius.cal.holland1898-section.xml,holland-cal-note-230,55.1,unattributed,unresolved,,The said Mnester.,[]
suetonius.cal.holland1898-section.xml,holland-cal-note-231,55.2,unattributed,unresolved,,"Or Retiarii, as some think. Others take it to be a generall name of all Sword-Fencers.","[{""source"": ""holland2-uc1"", ""page"": ""48"", ""context"": ""certaine fencers\ncalled thraces hee made capitaines over"", ""marker_support"": false}, {""source"": ""holland2-hvd"", ""page"": ""48"", ""context"": ""certaine fencers\ncalled thraces hee made capitaines over"", ""marker_support"": false}]"
suetonius.cal.holland1898-section.xml,holland-cal-note-232,55.2,unattributed,unresolved,,"A faction or crew of fencers opposite to the Thraces or Retiarii, whom in respect of the Thraces, he favoured not.",[]
suetonius.cal.holland1898-section.xml,holland-cal-note-233,55.2,unattributed,unresolved,,Prasina factioni.,[]
suetonius.cal.holland1898-section.xml,holland-cal-note-234,55.2,unattributed,unresolved,,Or lodging.,[]
suetonius.cal.holland1898-section.xml,holland-cal-note-235,55.2,unattributed,unresolved,,Of that green livery.,"[{""source"": ""holland2-uc1"", ""page"": ""48"", ""context"": ""eutychus a chariot-driver, he bestowed in hospitall"", ""marker_support"": false}, {""source"": ""holland2-hvd"", ""page"": ""48"", ""context"": ""eutychus a chariot-driver\"", he bestowed in hospitall"", ""marker_support"": false}]"
suetonius.cal.holland1898-section.xml,holland-cal-note-236,55.3,unattributed,unresolved,,"Incitato, equo, cuius causa, some interpret it otherwise thus: To Incitatus, for whose horse sake: taking Incitatus to be the name of the Maister, and not of the horse, because in the Poet Martiall, there is mention made of Incitatus a famous Chariot rider and a mulitier. Yet L. Verus Antoninus erected an Image of gold for on horse that he had named Volucer whiles he lived: and a sepulcher when he was dead. And why might not this braine-sicke Prince be as absurd?",[]
suetonius.cal.holland1898-section.xml,holland-cal-note-237,56.2,unattributed,unresolved,annotation,"So called, because they were exhibited in the Palatium.",[]
suetonius.cal.holland1898-section.xml,holland-cal-note-238,56.2,unattributed,unresolved,,Caligula.,[]
suetonius.cal.holland1898-section.xml,holland-cal-note-239,57.2,unattributed,unresolved,annotation,"Capitolium, although κατ ἐξοχήν, it was the stately mount or Castle of Rome, yet it became a generall name of all Citadels and strong Castles built for the defence of any Citie.",[]
suetonius.cal.holland1898-section.xml,holland-cal-note-240,57.2,unattributed,unresolved,annotation,Meaning the murder of Caius Julius Cæsar Dictator.,[]
suetonius.cal.holland1898-section.xml,holland-cal-note-241,57.3,unattributed,unresolved,annotation,"Bearing the name of a notorious theefe, or Captayne rather of theeves, crucified for his desertes.",[]
suetonius.cal.holland1898-section.xml,holland-cal-note-243,57.4,unattributed,unresolved,,The sonne of Amyntas.,[]
suetonius.cal.holland1898-section.xml,holland-cal-note-244,57.4,unattributed,unresolved,,Of some house represented upon the Stage.,[]
suetonius.cal.holland1898-section.xml,holland-cal-note-245,57.4,unattributed,unresolved,,Fit Actours and expositours of such an argument.,[]
suetonius.cal.holland1898-section.xml,holland-cal-note-247,58.1,unattributed,unresolved,,Or Vault.,[]
suetonius.cal.holland1898-section.xml,holland-cal-note-249,60.1,unattributed,unresolved,,A new Senate house in liew of Curia Hostilia.,[]
suetonius.cal.holland1898-section.xml,holland-cal-note-250,60.1,unattributed,unresolved,,"For now the name of the Cæsars and their race became odious, as oppressers of the common weale.",[]
suetonius.cal.holland1898-section.xml,holland-cal-note-251,60.1,unattributed,unresolved,,"And yet wee reade not so much of Caius one of Augustus sonne, brother of Lucius.",[]
suetonius.cal.loeb_eng1.xml,rolfe-cal-note-001,1.1,editor,unresolved,,4 A.D.,"[{""source"": ""loeb1-uc1"", ""page"": ""405"", ""context"": ""uncle tiberius, held the 4a.d.\nquaestorship five years before"", ""marker_support"": false}]"
suetonius.cal.loeb_eng1.xml,rolfe-cal-note-002,1.1,editor,unresolved,,7 A.D.,[]
suetonius.cal.loeb_eng1.xml,rolfe-cal-note-003,1.1,editor,unresolved,,"That is, without holding the intermediate offices; the interval between his quaestorship and consulship was five years.",[]
suetonius.cal.loeb_eng1.xml,rolfe-cal-note-004,1.1,editor,unresolved,,12 A.D.,[]
suetonius.cal.loeb_eng1.xml,rolfe-cal-note-005,1.1,editor,unresolved,,14 A.D.,[]
suetonius.cal.loeb_eng1.xml,rolfe-cal-note-006,1.1,editor,unresolved,,Cf. Tib. xxv. 2.,[]
suetonius.cal.loeb_eng1.xml,rolfe-cal-note-007,1.1,editor,unresolved,,17 A.D.,"[{""source"": ""loeb1-uc1"", ""page"": ""405"", ""context"": ""a victory over the 17 a.\nenemy and celebrated a"", ""marker_support"": false}]"
suetonius.cal.loeb_eng1.xml,rolfe-cal-note-008,1.2,editor,unresolved,,18 A.D.,[]
suetonius.cal.loeb_eng1.xml,rolfe-cal-note-009,3.3,editor,unresolved,,"Fuller details are given by Tac. Ann. 2. 69. 5. Such spells were often inscribed on leaden tablets (defixiones; plumbeis tabulis, Tac.), specimens of which have come down to us.",[]
suetonius.cal.loeb_eng1.xml,rolfe-cal-note-010,4.1,editor,unresolved,,See note on Aug. ci. 3.,"[{""source"": ""loeb1-uc1"", ""page"": ""409"", ""context"": ""him adopted by\ntiberius. he was so popular"", ""marker_support"": false}]"
suetonius.cal.loeb_eng1.xml,rolfe-cal-note-011,4.1,editor,unresolved,,See note on Tib. vii. 2.,[]
suetonius.cal.loeb_eng1.xml,rolfe-cal-note-012,5.1,editor,unresolved,,A title originally applied to the king of Persia and transferred to the king of the Parthians.,[]
suetonius.cal.loeb_eng1.xml,rolfe-cal-note-013,6.2,editor,unresolved,,"The Saturnalia, see Index and cf. note on Aug. lxxi. 1.","[{""source"": ""loeb1-uc1"", ""page"": ""411"", ""context"": ""the month of december.\nthe fame of the"", ""marker_support"": false}]"
suetonius.cal.loeb_eng1.xml,rolfe-cal-note-014,7.1,editor,unresolved,,See Tib. liv.,[]
suetonius.cal.loeb_eng1.xml,rolfe-cal-note-015,8.1,editor,unresolved,,"Aug. 31, 12 A.D.","[{""source"": ""loeb1-uc1"", ""page"": ""413"", ""context"": ""the day before the aug. 81,\nkalends of september in"", ""marker_support"": false}]"
suetonius.cal.loeb_eng1.xml,rolfe-cal-note-016,8.2,editor,unresolved,,"The acta publica or acta diurna, an official publication of important events.","[{""source"": ""loeb1-uc1"", ""page"": ""413"", ""context"": ""find in the gazette that he first saw"", ""marker_support"": false}]"
suetonius.cal.loeb_eng1.xml,rolfe-cal-note-017,8.2,editor,unresolved,,Chap. vii.,[]
suetonius.cal.loeb_eng1.xml,rolfe-cal-note-018,8.4,editor,unresolved,,"May 18, 14 A.D.",[]
suetonius.cal.loeb_eng1.xml,rolfe-cal-note-019,9.1,editor,unresolved,,"""Little Boots"" (though really singular number). The caliga, or half-boot, was regularly worn by the soldiers.","[{""source"": ""loeb1-uc1"", ""page"": ""415"", ""context"": ""his surname caligula he derived from a"", ""marker_support"": false}]"
suetonius.cal.loeb_eng1.xml,rolfe-cal-note-020,10.1,editor,unresolved,,29 A.D.,"[{""source"": ""loeb1-uc1"", ""page"": ""417"", ""context"": ""livia died, though he 29 a.d.\nwas not yet of"", ""marker_support"": false}]"
suetonius.cal.loeb_eng1.xml,rolfe-cal-note-021,13.1,editor,unresolved,,37 A.D.,"[{""source"": ""loeb1-uc1"", ""page"": ""421"", ""context"": ""throne he fulfilled the 37\nhighest hopes of the"", ""marker_support"": false}]"
suetonius.cal.loeb_eng1.xml,rolfe-cal-note-022,15.1,editor,unresolved,,Of Augustus; see Aug. c. 4.,[]
suetonius.cal.loeb_eng1.xml,rolfe-cal-note-023,15.2,editor,unresolved,,37 A.D.,"[{""source"": ""loeb1-uc1"", ""page"": ""421"", ""context"": ""throne he fulfilled the 37\nhighest hopes of the"", ""marker_support"": false}]"
suetonius.cal.loeb_eng1.xml,rolfe-cal-note-024,15.2,editor,unresolved,,"Originally the title of the commander of the knights who were under forty-five and in active service. Conferred on C. and L. Caesar by Augustus, it became the designation of the heir to the throne, and was later assumed by the emperors themselves.",[]
suetonius.cal.loeb_eng1.xml,rolfe-cal-note-025,15.3,editor,unresolved,,"The consuls in making propositions to the senate began with a set formula (cf. Aug. lviii. 2, Jul. lxxx. 2), wishing success to the emperor, or in earlier days to the State.",[]
suetonius.cal.loeb_eng1.xml,rolfe-cal-note-026,16.3,editor,unresolved,,"Ducentesimam (sc. partem), one half of one per cent.","[{""source"": ""loeb1-uc1"", ""page"": ""427"", ""context"": ""of a two-hundredth d on auction\nsales in"", ""marker_support"": false}]"
suetonius.cal.loeb_eng1.xml,rolfe-cal-note-027,17.1,editor,unresolved,,"July 1, 37 A.D.","[{""source"": ""loeb1-uc1"", ""page"": ""429"", ""context"": ""july for two months, a second from the"", ""marker_support"": false}]"
suetonius.cal.loeb_eng1.xml,rolfe-cal-note-028,17.1,editor,unresolved,,"Jan. 1, 39 A.D.",[]
suetonius.cal.loeb_eng1.xml,rolfe-cal-note-029,17.1,editor,unresolved,,"Jan. 13, 40 A.D.",[]
suetonius.cal.loeb_eng1.xml,rolfe-cal-note-030,17.1,editor,unresolved,,"Jan. 7, 41 A.D.",[]
suetonius.cal.loeb_eng1.xml,rolfe-cal-note-031,17.1,editor,unresolved,,"An error, since he was consul in 39, 40, and 41. See Aug. xxix. 5.",[]
suetonius.cal.loeb_eng1.xml,rolfe-cal-note-032,18.2,unattributed,see curated changes; otherwise unresolved,,To be scrambled for by the spectators.,[]
suetonius.cal.loeb_eng1.xml,rolfe-cal-note-033,18.3,editor,unresolved,,"Africanae, supply bestiae and see Index.","[{""source"": ""loeb1-uc1"", ""page"": ""431"", ""context"": ""a baiting of panthers and now the manœuvres"", ""marker_support"": false}]"
suetonius.cal.loeb_eng1.xml,rolfe-cal-note-034,18.3,editor,unresolved,,"On the houses adjoining the Circus; called Maeniana after a certain Maenius, who was supposed to have been the first to build such balconies.",[]
suetonius.cal.loeb_eng1.xml,rolfe-cal-note-035,19.1,editor,unresolved,,Over three and a half Roman miles.,"[{""source"": ""loeb1-uc1"", ""page"": ""431"", ""context"": ""thirty-six hundred paces,d by bringing together\nmerchant"", ""marker_support"": false}]"
suetonius.cal.loeb_eng1.xml,rolfe-cal-note-036,20.1,editor,unresolved,,"Obviously not a choice, but determined by the degree of success of the contestants.","[{""source"": ""loeb1-uc1"", ""page"": ""433"", ""context"": ""prizes to\nthe victors and were forced to"", ""marker_support"": false}]"
suetonius.cal.loeb_eng1.xml,rolfe-cal-note-037,22.1,editor,unresolved,,Iliad 2. 204.,"[{""source"": ""loeb1-uc1"", ""page"": ""435"", ""context"": ""one lord, one king.\"".\nand he came near"", ""marker_support"": false}]"
suetonius.cal.loeb_eng1.xml,rolfe-cal-note-038,22.1,editor,unresolved,,"Under Caligula the so-called ""principate"" had become an absolute monarchy. Caligula proposed to assume the pomp of a king.",[]
suetonius.cal.loeb_eng1.xml,rolfe-cal-note-039,22.2,editor,unresolved,,The chryselephantine statue of Zeus by Pheidias; see chap. lvii. 1.,"[{""source"": ""loeb1-uc1"", ""page"": ""435"", ""context"": ""of jupiter of olympia, should be brought from"", ""marker_support"": false}]"
suetonius.cal.loeb_eng1.xml,rolfe-cal-note-040,22.4,editor,unresolved,,"Iliad, 23. 724, where after a long and indecisive wrestling bout Ajax thus challenges Odysseus to settle the contest.",[]
suetonius.cal.loeb_eng1.xml,rolfe-cal-note-041,22.4,editor,unresolved,,"᾿Ανάειρε is doubtless used in a double sense, perhaps with aposiopesis, ""Raise me up (to heaven), or thee I'll -.""",[]
suetonius.cal.loeb_eng1.xml,rolfe-cal-note-042,23.2,editor,unresolved,,"The stola was the characteristic dress of the Roman matron, as the toga was that of the man.","[{""source"": ""loeb1-uc1"", ""page"": ""439"", ""context"": ""a ulysses in petticoats,' band he had the"", ""marker_support"": false}]"
suetonius.cal.loeb_eng1.xml,rolfe-cal-note-043,23.3,editor,unresolved,,By adoption; see chap. xv. 2.,"[{""source"": ""loeb1-uc1"", ""page"": ""439"", ""context"": ""to do\nthe deed; besides driving his father"", ""marker_support"": false}]"
suetonius.cal.loeb_eng1.xml,rolfe-cal-note-044,26.2,editor,unresolved,,"Or perhaps, in short linen tunics.","[{""source"": ""loeb1-uc1"", ""page"": ""445"", ""context"": ""standing\nnapkin in hand a either at the head"", ""marker_support"": false}]"
suetonius.cal.loeb_eng1.xml,rolfe-cal-note-045,26.3,editor,unresolved,,"This remark shows the regard in which the empty title of ""consul"" was still held.","[{""source"": ""loeb1-uc1"", ""page"": ""445"", ""context"": ""without its highest magistrates.\nhe flogged his quaestor"", ""marker_support"": false}]"
suetonius.cal.loeb_eng1.xml,rolfe-cal-note-046,26.4,editor,unresolved,,"Obviously his purpose was to lead the rabble to occupy the knights' seats before the plays began, and thus to start a fight.",[]
suetonius.cal.loeb_eng1.xml,rolfe-cal-note-047,26.5,editor,unresolved,,"The meaning of paegniarii is uncertain; they may have carried arma lusoria or arms incapable of causing death. See Friedländer, Roman Life and Manners, Eng. trans. iv. p. 179.","[{""source"": ""loeb1-uc1"", ""page"": ""447"", ""context"": ""for some bodily infirmity.\nsometimes too he would"", ""marker_support"": false}]"
suetonius.cal.loeb_eng1.xml,rolfe-cal-note-048,27.1,editor,unresolved,,The elogium was the tablet on which the charge against the prisoner was recorded.,"[{""source"": ""loeb1-uc1"", ""page"": ""447"", ""context"": ""without examining\nthe charges, but merely taking his"", ""marker_support"": false}]"
suetonius.cal.loeb_eng1.xml,rolfe-cal-note-049,27.1,editor,unresolved,,It seems probable that there happened to be a baldheaded man at each end of the line; the expression became proverbial.,[]
suetonius.cal.loeb_eng1.xml,rolfe-cal-note-050,27.2,editor,unresolved,,See chap. xiv. 2.,"[{""source"": ""loeb1-uc1"", ""page"": ""447"", ""context"": ""fight in the arena, if the emperor recovered"", ""marker_support"": false}]"
suetonius.cal.loeb_eng1.xml,rolfe-cal-note-051,27.4,editor,unresolved,,See Aug. lx.,"[{""source"": ""loeb1-uc1"", ""page"": ""449"", ""context"": ""line of double\nmeaning. when a roman knight"", ""marker_support"": false}]"
suetonius.cal.loeb_eng1.xml,rolfe-cal-note-052,29.1,editor,unresolved,,"""Immobility,"" a Stoic virtue. Since in Gaius this took the form of callous indifference to suffering and to public opinion, it became inverecundia.","[{""source"": ""loeb1-uc1"", ""page"": ""451"", ""context"": ""he\ncalled his ἀδιατρεψία,& that is to say"", ""marker_support"": false}]"
suetonius.cal.loeb_eng1.xml,rolfe-cal-note-053,30.1,editor,unresolved,,"Accius, Trag., 203.",[]
suetonius.cal.loeb_eng1.xml,rolfe-cal-note-054,30.3,editor,unresolved,,"For punishment, or to fight in the arena. See Index and Friedländer, op. cit. (p. 446, ftn. b) iv, 171 ff.",[]
suetonius.cal.loeb_eng1.xml,rolfe-cal-note-055,30.3,editor,unresolved,,See Aug. xxiii. 1.,[]
suetonius.cal.loeb_eng1.xml,rolfe-cal-note-056,30.3,editor,unresolved,,See Tib. xl.,[]
suetonius.cal.loeb_eng1.xml,rolfe-cal-note-057,32.1,editor,unresolved,,See chap. xix.,"[{""source"": ""loeb1-uc1"", ""page"": ""455"", ""context"": ""as has\nbeen said, after inviting a number"", ""marker_support"": false}]"
suetonius.cal.loeb_eng1.xml,rolfe-cal-note-058,32.2,editor,unresolved,,See note on chap. xxx. 3.,"[{""source"": ""loeb1-uc1"", ""page"": ""455"", ""context"": ""punishment.\nwhen a murmillo from the gladiatorial school"", ""marker_support"": false}]"
suetonius.cal.loeb_eng1.xml,rolfe-cal-note-059,32.3,editor,unresolved,,"The popa knocked down the victim with a mallet or with the back of an axe-head, and the cultrarius then cut the animal's throat.","[{""source"": ""loeb1-uc1"", ""page"": ""455"", ""context"": ""dressed as a popa,\nand a victim was"", ""marker_support"": false}]"
suetonius.cal.loeb_eng1.xml,rolfe-cal-note-060,33.1,editor,unresolved,,"Literally, ""the cords,"" as an instrument of torture: cf. Tib. lxii. 2. On the whole passage cf. Calig. xxv. 3 and 1. 2.",[]
suetonius.cal.loeb_eng1.xml,rolfe-cal-note-061,35.1,editor,unresolved,,See chap. xxvi. 1.,"[{""source"": ""loeb1-uc1"", ""page"": ""459"", ""context"": ""i\nhave mentioned before, to come from his"", ""marker_support"": false}]"
suetonius.cal.loeb_eng1.xml,rolfe-cal-note-062,35.2,editor,unresolved,,He himself was bald; see chap. l. 1.,"[{""source"": ""loeb1-uc1"", ""page"": ""459"", ""context"": ""of their heads\nshaved. there was a certain"", ""marker_support"": false}]"
suetonius.cal.loeb_eng1.xml,rolfe-cal-note-063,35.2,editor,unresolved,,"The ""Giant Cupid"" from κολοσσός and ἔρως.",[]
suetonius.cal.loeb_eng1.xml,rolfe-cal-note-064,35.3,editor,unresolved,,"The priest of Diana at Nemi, who must be a fugitive slave and obtain his office by slaying his predecessor.","[{""source"": ""loeb1-uc1"", ""page"": ""459"", ""context"": ""the king of nemid had now held his"", ""marker_support"": false}]"
suetonius.cal.loeb_eng1.xml,rolfe-cal-note-065,35.3,editor,unresolved,,A gladiator who fought from a British chariot; see note on chap. xxx. 3.,[]
suetonius.cal.loeb_eng1.xml,rolfe-cal-note-066,37.2,editor,unresolved,,"The Liburnian galleys, so-called from a people of Illyricum, were famous for their speed. They commonly had but one or two banks of oars.","[{""source"": ""loeb1-uc1"", ""page"": ""463"", ""context"": ""also built liburnian galleysa with\nten banks of"", ""marker_support"": false}]"
suetonius.cal.loeb_eng1.xml,rolfe-cal-note-067,38.2,editor,unresolved,,"That is, if anyone chanced to have received an addition to his income since the last census, he charged him with having made a false report to the censors, and of course confiscated his estate.",[]
suetonius.cal.loeb_eng1.xml,rolfe-cal-note-068,39.1,editor,unresolved,,"The part occupied by Augustus and Tiberius, to which Caligula had made some additions.","[{""source"": ""loeb1-uc1"", ""page"": ""467"", ""context"": ""of the old palace, seizing for its transportation"", ""marker_support"": false}]"
suetonius.cal.loeb_eng1.xml,rolfe-cal-note-069,41.1,editor,unresolved,,See note on Aug. xix. 1.,"[{""source"": ""loeb1-uc1"", ""page"": ""469"", ""context"": ""he sent his pages about the fora and"", ""marker_support"": false}]"
suetonius.cal.loeb_eng1.xml,rolfe-cal-note-070,42.1,editor,unresolved,,See Aug. lvii. 1.,"[{""source"": ""loeb1-uc1"", ""page"": ""471"", ""context"": ""new year's\ngifts, and on the kalends"", ""marker_support"": false}]"
suetonius.cal.loeb_eng1.xml,rolfe-cal-note-071,42.1,editor,unresolved,,"Sinus means the bosom of the toga, which was often used as a pocket.",[]
suetonius.cal.loeb_eng1.xml,rolfe-cal-note-072,43.1,editor,unresolved,,"Celebrated for its beautiful scenery, described by Pliny, Epist. 8. 8.","[{""source"": ""loeb1-uc1"", ""page"": ""471"", ""context"": ""clitumnus\nand its grove, he was reminded of"", ""marker_support"": false}]"
suetonius.cal.loeb_eng1.xml,rolfe-cal-note-073,44.1,editor,unresolved,,"Half the amount established by Augustus; see Dio, 55. 23.",[]
suetonius.cal.loeb_eng1.xml,rolfe-cal-note-074,44.2,editor,unresolved,,"Ordinarily such vehicles were allowed to pass through the city streets only before sunrise or during the last two hours of the day. See Friedländer, Roman Life and Manners, Eng. trans. iv. p. 28.","[{""source"": ""loeb1-uc1"", ""page"": ""473"", ""context"": ""in their post-chaised all the way to"", ""marker_support"": false}]"
suetonius.cal.loeb_eng1.xml,rolfe-cal-note-075,44.2,editor,unresolved,,See Aug. xxix. 2.,[]
suetonius.cal.loeb_eng1.xml,rolfe-cal-note-076,45.1,editor,unresolved,,"From exploratores, scouts or rangers.",[]
suetonius.cal.loeb_eng1.xml,rolfe-cal-note-077,45.2,editor,unresolved,,Aen. 1. 207.,[]
suetonius.cal.loeb_eng1.xml,rolfe-cal-note-078,46.1,editor,unresolved,,"One of the various kinds of ""torsion-engines"" (tormenta) used by the Romans. The ballista cast stones, the catapulta large arrows or darts.","[{""source"": ""loeb1-uc1"", ""page"": ""475"", ""context"": ""ballistas and other\nartillery; and when no one"", ""marker_support"": false}]"
suetonius.cal.loeb_eng1.xml,rolfe-cal-note-079,46.1,editor,unresolved,,The lighthouse at Alexandria.,[]
suetonius.cal.loeb_eng1.xml,rolfe-cal-note-080,47.1,editor,unresolved,,"To the privy-purse, of course.",[]
suetonius.cal.loeb_eng1.xml,rolfe-cal-note-081,48.1,editor,unresolved,,See chap. ix.,"[{""source"": ""loeb1-uc1"", ""page"": ""477"", ""context"": ""the death of augustus, because they had\nbeleagured"", ""marker_support"": false}]"
suetonius.cal.loeb_eng1.xml,rolfe-cal-note-082,49.2,editor,unresolved,,See note on Aug. xxii.,"[{""source"": ""loeb1-uc1"", ""page"": ""479"", ""context"": ""birthday in an ovation; and within\nfour months"", ""marker_support"": false}]"
suetonius.cal.loeb_eng1.xml,rolfe-cal-note-083,50.1,editor,unresolved,,Cf. chap. iii. 1.,[]
suetonius.cal.loeb_eng1.xml,rolfe-cal-note-084,50.2,editor,unresolved,,See Jul. xlv. 1.,"[{""source"": ""loeb1-uc1"", ""page"": ""481"", ""context"": ""with the falling sickness,\nand while in his"", ""marker_support"": false}]"
suetonius.cal.loeb_eng1.xml,rolfe-cal-note-085,51.3,editor,unresolved,,After his murder; probably referring to the praetorians.,"[{""source"": ""loeb1-uc1"", ""page"": ""483"", ""context"": ""to the\nriotous soldiers that he had laid"", ""marker_support"": false}]"
suetonius.cal.loeb_eng1.xml,rolfe-cal-note-086,52.1,editor,unresolved,,"Men were forbidden to wear silk garments; see Tac. Ann. 2. 33, ne vestis serica viros foedaret.","[{""source"": ""loeb1-uc1"", ""page"": ""485"", ""context"": ""bracelets; sometimes in silka and in a\nwoman"", ""marker_support"": false}]"
suetonius.cal.loeb_eng1.xml,rolfe-cal-note-087,52.1,editor,unresolved,,The cyclas was a kind of robe worn by women and embroidered with gold and purple.,[]
suetonius.cal.loeb_eng1.xml,rolfe-cal-note-088,52.1,editor,unresolved,,Cf. Aug. xviii. 1.,[]
suetonius.cal.loeb_eng1.xml,rolfe-cal-note-089,53.2,editor,unresolved,,"That is, if he succeeded better in his accusation, he took sides against the defendant, and vice versa, regardless of justice.",[]
suetonius.cal.loeb_eng1.xml,rolfe-cal-note-090,54.2,editor,unresolved,,"A festival in honour of some god or goddess, celebrated with feasting, dancing, and plays of all kinds.","[{""source"": ""loeb1-uc1"", ""page"": ""487"", ""context"": ""an all-night vigil for\nthe sole purpose"", ""marker_support"": false}]"
suetonius.cal.loeb_eng1.xml,rolfe-cal-note-091,54.2,editor,unresolved,,"About midnight, since the night was divided into four vigiliae.",[]
suetonius.cal.loeb_eng1.xml,rolfe-cal-note-092,54.2,editor,unresolved,,The scabellum was attached to the feet of dancers and sounded an accompaniment to their movements.,[]
suetonius.cal.loeb_eng1.xml,rolfe-cal-note-093,55.2,editor,unresolved,,"See note on chap. xxx. 3. He disliked the murmillones, as the opponents of his favourites, the Thracians.","[{""source"": ""loeb1-uc1"", ""page"": ""489"", ""context"": ""armour of the murmillones. when one\ncolumbus had"", ""marker_support"": false}]"
suetonius.cal.loeb_eng1.xml,rolfe-cal-note-094,55.2,editor,unresolved,,"The charioteers in the Circus were divided into four parties, distinguished by their colours, which were red, white, blue, and green. Domitian added two more; see Dom. vii. 1.",[]
suetonius.cal.loeb_eng1.xml,rolfe-cal-note-095,55.2,editor,unresolved,,"The ""stable"" was in reality a kind of club, containing the quarters of the drivers as well as the stalls of the horses.",[]
suetonius.cal.loeb_eng1.xml,rolfe-cal-note-096,55.2,editor,unresolved,,The host at a dinner party often gave gifts to his guests to take away with them (hence called by the Greek name apophoreta); cf. Aug. lxxv.,[]
suetonius.cal.loeb_eng1.xml,rolfe-cal-note-097,55.3,editor,unresolved,,"Swift, ""Flyer.""","[{""source"": ""loeb1-uc1"", ""page"": ""489"", ""context"": ""prevent the horse incitatus from being disturbed.\nbesides"", ""marker_support"": false}]"
suetonius.cal.loeb_eng1.xml,rolfe-cal-note-098,56.2,editor,unresolved,,Cf. Aug. xlv. 4.,[]
suetonius.cal.loeb_eng1.xml,rolfe-cal-note-099,57.2,editor,unresolved,,Referring of course to the assassination of Julius Caesar. See chap. xxii. 3.,[]
suetonius.cal.loeb_eng1.xml,rolfe-cal-note-100,57.4,editor,unresolved,,"It was called Cinyras, and its story is told by Ovid, Metam. 10. 298 ff.","[{""source"": ""loeb1-uc1"", ""page"": ""493"", ""context"": ""the macedonians was\nassassinated. in a farce called"", ""marker_support"": false}]"
suetonius.cal.loeb_eng1.xml,rolfe-cal-note-101,57.4,editor,unresolved,,Its name was derived from a famous highwayman; cf. Juv. 8. 186.,[]
suetonius.cal.loeb_eng1.xml,rolfe-cal-note-102,57.4,editor,unresolved,,The actors secundarum partium entertained the spectators after a play by imitating the actions of the star.,[]
suetonius.cal.loeb_eng1.xml,rolfe-cal-note-103,58.2,editor,unresolved,,"Part of the ritual at a sacrifice. The slayer raised his axe with the question ""Agone?"" ""Shall I do the deed (i.e., strike)?"" To which the priest replied ""Hoc age."" Cf. Galba, xx. 1, ut hoc agerent ac ferirent. Chaerea addressed himself.",[]
suetonius.cal.loeb_eng1.xml,rolfe-cal-note-104,58.2,editor,unresolved,,"Another formula ""Receive the fulfilment of your omen"" i.e., in naming Jupiter, the god of the thunderbolt and sudden death.","[{""source"": ""loeb1-uc1"", ""page"": ""495"", ""context"": ""so be\nit,\"" band as gaius looked"", ""marker_support"": false}]"
suetonius.cal.loeb_eng1.xml,rolfe-cal-note-105,58.3,editor,unresolved,,With which they carried his litter.,[]
suetonius.cal.loeb_eng1.xml,rolfe-cal-note-106,59.1,grc,unresolved,edition-variant,"1951: With him died his wife Caesonia, stabbed with a sword by a centurion, while his daughter's brains were dashed out against a wall",[]
suetonius.cal.loeb_eng1.xml,rolfe-cal-note-107,60.1,grc,unresolved,edition-variant,"1951: : ""One may form an idea of the state of those times by what followed. Not even after the murder was made known was it at once believed that he was dead, but it was suspected that Gaius himself had made up and circulated the report, to find out by that means how men felt towards him.",[]
suetonius.cal.loeb_eng1.xml,rolfe-cal-note-108,60.1,grc,unresolved,edition-variant,"1951: The conspirators too had not agreed on a successor, and the senate was so unanimously in favour of re-establishing the republic that the consuls called the first meeting, not in the senate house, because it had the name Julia, but in the Capitol; while some in expressing their views proposed that the memory of the Caesars be done away with and their temples destroyed.",[]
suetonius.cal.loeb_eng1.xml,rolfe-cal-note-109,60.1,grc,unresolved,edition-variant,1951: Men further observed and commented on the fact that all the Caesars whose forename was Gaius perished by the sword,[]
suetonius.cal.loeb_eng1.xml,rolfe-cal-note-110,60.1,editor,unresolved,,"Gaius Julius Caesar Strabo, slain in 87 B.C. But the Dictator's father died a natural death, as did also Gaius Caesar, grandson of Augustus; see Aug. lxv. 1.",[]
suetonius.claud.holland1898-section.xml,holland-claud-note-001,1.1,unattributed,unresolved,,"Augustus: and not by Tiberius Nero, his mothers husband.",[]
suetonius.claud.holland1898-section.xml,holland-claud-note-003,1.2,unattributed,unresolved,,Representing Germanie.,[]
suetonius.claud.holland1898-section.xml,holland-claud-note-005,1.3,unattributed,unresolved,,The wicked and mischievous camp.,[]
suetonius.claud.holland1898-section.xml,holland-claud-note-006,1.3,unattributed,unresolved,annotation,"LIKE as in Rome, the gate called Porta scelerata, and the Streete Vicus sceleratus upon some semblable infortunate accidents.",[]
suetonius.claud.holland1898-section.xml,holland-claud-note-007,1.3,unattributed,unresolved,,Or Chancelors.,[]
suetonius.claud.holland1898-section.xml,holland-claud-note-008,1.3,unattributed,unresolved,,"Which the Greeks call Cenotaphium, i. an empty tomb.",[]
suetonius.claud.holland1898-section.xml,holland-claud-note-009,1.3,unattributed,unresolved,,Or port-way.,[]
suetonius.claud.holland1898-section.xml,holland-claud-note-010,1.4,unattributed,unresolved,,Which he tooke from their cheife generals.,[]
suetonius.claud.holland1898-section.xml,holland-claud-note-013,2.2,unattributed,unresolved,annotation,"Wheras, by usuall custome such were brought into the Forum or common hall.",[]
suetonius.claud.holland1898-section.xml,holland-claud-note-016,3.2,unattributed,unresolved,,As well good as bad.,[]
suetonius.claud.holland1898-section.xml,holland-claud-note-017,4.1,unattributed,unresolved,,In honour of Mars Revenger.,[]
suetonius.claud.holland1898-section.xml,holland-claud-note-018,4.1,unattributed,unresolved,,Sufficient.,[]
suetonius.claud.holland1898-section.xml,holland-claud-note-019,4.1,unattributed,unresolved,,Sound throughout and perfect.,[]
suetonius.claud.holland1898-section.xml,holland-claud-note-020,4.1,unattributed,unresolved,,Or steps.,[]
suetonius.claud.holland1898-section.xml,holland-claud-note-021,4.2,unattributed,unresolved,,"To be impaired or disabled and maimed, as wel for the sufficiencie of body as integrity of mind.","[{""source"": ""holland2-uc1"", ""page"": ""58"", ""context"": ""τὴν τῆς ψυχῆς ἀρτιότητα*:\nwe must not minister"", ""marker_support"": false}, {""source"": ""holland2-hvd"", ""page"": ""58"", ""context"": ""τὴν τῆς ψυχῆς ἀρτιότητα*:\nwe must not minister"", ""marker_support"": false}]"
suetonius.claud.holland1898-section.xml,holland-claud-note-022,4.2,unattributed,unresolved,,Who are wont to make good game and scoffe at such things.,[]
suetonius.claud.holland1898-section.xml,holland-claud-note-023,4.2,unattributed,unresolved,,If it be not resolved upon and set downe aforehand by us.,[]
suetonius.claud.holland1898-section.xml,holland-claud-note-024,4.3,unattributed,unresolved,,"Conspici or despui, i. spit at.","[{""source"": ""holland2-uc1"", ""page"": ""58"", ""context"": ""which may be noted\"", or\nderided. that he"", ""marker_support"": false}, {""source"": ""holland2-hvd"", ""page"": ""58"", ""context"": ""which may be noted\"", or\nderided. that he"", ""marker_support"": false}]"
suetonius.claud.holland1898-section.xml,holland-claud-note-025,4.3,unattributed,unresolved,,"A Bedloft at the Games Circenses, whereon the images of the gods are layed.",[]
suetonius.claud.holland1898-section.xml,holland-claud-note-026,4.3,unattributed,unresolved,,In the absence of the Consuls attending the sacrifice upon the Albane Hill.,[]
suetonius.claud.holland1898-section.xml,holland-claud-note-027,4.5,unattributed,unresolved,,Claudius.,[]
suetonius.claud.holland1898-section.xml,holland-claud-note-028,4.5,unattributed,unresolved,,Superficially.,[]
suetonius.claud.holland1898-section.xml,holland-claud-note-030,4.6,unattributed,unresolved,,Cleerely and plainely to bee understood.,[]
suetonius.claud.holland1898-section.xml,holland-claud-note-031,5.1,unattributed,unresolved,,"Every one worth 15s. 7d. ob, or one hundred sesterces.","[{""source"": ""holland2-uc1"", ""page"": ""59"", ""context"": ""fortie peeces\nof golde to spend at the"", ""marker_support"": false}, {""source"": ""holland2-hvd"", ""page"": ""59"", ""context"": ""fortie peeces\nof golde to spend at the"", ""marker_support"": false}]"
suetonius.claud.holland1898-section.xml,holland-claud-note-033,6.2,unattributed,unresolved,,The Emperour.,"[{""source"": ""holland2-uc1"", ""page"": ""60"", ""context"": ""and annulled: whiles tiberius alleadged by\nway of"", ""marker_support"": false}, {""source"": ""holland2-hvd"", ""page"": ""60"", ""context"": ""and annulled: whiles tiberius alleadged by\nway of"", ""marker_support"": false}]"
suetonius.claud.holland1898-section.xml,holland-claud-note-034,7.1,unattributed,unresolved,,Caligula.,"[{""source"": ""holland2-uc1"", ""page"": ""60"", ""context"": ""at length under caius his brothers sonne, who"", ""marker_support"": false}, {""source"": ""holland2-hvd"", ""page"": ""60"", ""context"": ""at length under caius his brothers sonne, who"", ""marker_support"": false}]"
suetonius.claud.holland1898-section.xml,holland-claud-note-035,7.1,unattributed,unresolved,,All haile or happinesse.,[]
suetonius.claud.holland1898-section.xml,holland-claud-note-036,7.1,unattributed,unresolved,,Caligula.,"[{""source"": ""holland2-uc1"", ""page"": ""60"", ""context"": ""at length under caius his brothers sonne, who"", ""marker_support"": false}, {""source"": ""holland2-hvd"", ""page"": ""60"", ""context"": ""at length under caius his brothers sonne, who"", ""marker_support"": false}]"
suetonius.claud.holland1898-section.xml,holland-claud-note-037,8.1,unattributed,unresolved,,"A Copreis: See Tiberius Nero Cæsar, cap. 61, vel a Tropais, such as would play Bo-peepe and hide themselves when they had done some unhappinesse.","[{""source"": ""holland2-uc1"", ""page"": ""61"", ""context"": ""with\nhim) the buffons and jesters about him"", ""marker_support"": false}, {""source"": ""holland2-hvd"", ""page"": ""61"", ""context"": ""with\nhim) the buffons and jesters about him"", ""marker_support"": false}]"
suetonius.claud.holland1898-section.xml,holland-claud-note-038,8.1,unattributed,unresolved,,For whiles they sat or leaned upon pallets at their meat they put off their shoes.,[]
suetonius.claud.holland1898-section.xml,holland-claud-note-039,9.1,unattributed,unresolved,,Caius Caligula.,[]
suetonius.claud.holland1898-section.xml,holland-claud-note-040,9.2,unattributed,unresolved,,His lands and goods were forfeited and so were published in table as voide and vacant.,[]
suetonius.claud.holland1898-section.xml,holland-claud-note-041,9.2,unattributed,unresolved,annotation,"By vertue of this Act, himselfe, his landes and goods were proscribed and exposed to open sale, in a Table hung up by an Edict from the masters of the Exchequer or Citie-Chamber. And if within the time appointed, he came not in, to satisfie the debt, nor any chapman or suretie to undertake it, he and his whole state fell by escheate as forfait and confiscate into the Princes hands.",[]
suetonius.claud.holland1898-section.xml,holland-claud-note-042,10.1,unattributed,unresolved,,A garret.,[]
suetonius.claud.holland1898-section.xml,holland-claud-note-044,10.4,unattributed,unresolved,,"Armatos, or armatus, i. himselfe armed.",[]
suetonius.claud.holland1898-section.xml,holland-claud-note-045,10.4,unattributed,unresolved,,Quina dena Sestertia. See Josephus.,[]
suetonius.claud.holland1898-section.xml,holland-claud-note-047,11.3,unattributed,unresolved,,His Unkle.,[]
suetonius.claud.holland1898-section.xml,holland-claud-note-049,12.1,unattributed,unresolved,,Colonels.,[]
suetonius.claud.holland1898-section.xml,holland-claud-note-052,13.2,unattributed,unresolved,,Ominous and unlucky signes.,[]
suetonius.claud.holland1898-section.xml,holland-claud-note-053,14.1,unattributed,unresolved,,"Of private matters, as Prætours and Centumvirs.",[]
suetonius.claud.holland1898-section.xml,holland-claud-note-055,15.2,unattributed,unresolved,,The plaintife himself.,[]
suetonius.claud.holland1898-section.xml,holland-claud-note-056,15.2,unattributed,unresolved,,As a Citizen of Rome.,[]
suetonius.claud.holland1898-section.xml,holland-claud-note-057,15.2,unattributed,unresolved,,As a forainer.,[]
suetonius.claud.holland1898-section.xml,holland-claud-note-058,15.3,unattributed,unresolved,,Or deponent.,[]
suetonius.claud.holland1898-section.xml,holland-claud-note-059,15.3,unattributed,unresolved,,Claudius.,[]
suetonius.claud.holland1898-section.xml,holland-claud-note-060,15.3,unattributed,unresolved,,Or judgement seat.,[]
suetonius.claud.holland1898-section.xml,holland-claud-note-061,16.2,unattributed,unresolved,,"Litura tamen extet. Some read extat, i. yet the blot remaineth: meaning the filthines of the fact.",[]
suetonius.claud.holland1898-section.xml,holland-claud-note-062,16.3,unattributed,unresolved,,For these matters would beare action.,"[{""source"": ""holland2-uc1"", ""page"": ""70"", ""context"": ""charged with\nsingle life, with childlesse estate or"", ""marker_support"": false}, {""source"": ""holland2-hvd"", ""page"": ""70"", ""context"": ""charged with\nsingle life, with childlesse estate or"", ""marker_support"": false}]"
suetonius.claud.holland1898-section.xml,holland-claud-note-064,17.2,unattributed,unresolved,annotation,These Ilands are situate in the mouth of the River Rhodanus¹: and they be so called of the order in which they lie.,[]
suetonius.claud.holland1898-section.xml,holland-claud-note-065,17.2,unattributed,unresolved,,"Where Calais standeth, or Bulloin, as som thinke.",[]
suetonius.claud.holland1898-section.xml,holland-claud-note-066,17.2,unattributed,unresolved,,16 according to Dio.,[]
suetonius.claud.holland1898-section.xml,holland-claud-note-067,17.3,unattributed,unresolved,,Mounted likewise.,"[{""source"": ""holland2-uc1"", ""page"": ""71"", ""context"": ""followed those gallants\nalso, who in the same"", ""marker_support"": false}, {""source"": ""holland2-hvd"", ""page"": ""71"", ""context"": ""followed those gallants\nalso, who in the same"", ""marker_support"": false}]"
suetonius.claud.holland1898-section.xml,holland-claud-note-068,18.1,unattributed,unresolved,,"When so ever you read in Suetonius (City) absolutely, understand therby Rome: Kat exocheen: as one would say, The City of all Cities: an ordinarie phrase in other Romain writers: according as Virgil hath fitly expressed in this verse, Eclog. 1.: Urbem quam dicunt, Romam, etc.",[]
suetonius.claud.holland1898-section.xml,holland-claud-note-070,20.1,unattributed,unresolved,,Or Gott.,[]
suetonius.claud.holland1898-section.xml,holland-claud-note-071,20.1,unattributed,unresolved,,Or Pere.,[]
suetonius.claud.holland1898-section.xml,holland-claud-note-072,20.1,unattributed,unresolved,,The drawing of the lake Ficinus.,[]
suetonius.claud.holland1898-section.xml,holland-claud-note-073,20.1,unattributed,unresolved,,"Alterum, i. the Pere at Ostia. But because there is no mention made in Julius Cæsars life of this Pere or haven, some read for Alterum in this place Cæterum: and then the word Alterum before, is meant of the second worke of these three, denied unto the Marsians, etc. Caterum, i. but intended oftentimes in the designement of Julius, etc.",[]
suetonius.claud.holland1898-section.xml,holland-claud-note-074,20.1,unattributed,unresolved,,Or heads.,[]
suetonius.claud.holland1898-section.xml,holland-claud-note-075,20.1,unattributed,unresolved,,"Novi Anionis: some read novi opere, i. within new stonework.",[]
suetonius.claud.holland1898-section.xml,holland-claud-note-076,20.1,unattributed,unresolved,,Or Cisternes.,[]
suetonius.claud.holland1898-section.xml,holland-claud-note-078,21.1,unattributed,unresolved,,Or seate of state.,[]
suetonius.claud.holland1898-section.xml,holland-claud-note-079,21.2,unattributed,unresolved,,Of Chariot running.,[]
suetonius.claud.holland1898-section.xml,holland-claud-note-081,21.5,unattributed,unresolved,,The name of a fenser.,[]
suetonius.claud.holland1898-section.xml,holland-claud-note-082,21.5,unattributed,unresolved,annotation,"The name of this Fencer Palumbus, signifieth also in the Latin tongue a Stock-dove: which gave occasion unto him, to come out with this od jeast.",[]
suetonius.claud.holland1898-section.xml,holland-claud-note-084,21.6,unattributed,unresolved,,"This Verbe (Avete) signifieth here, farewell or adieu. But the Souldiours construed it in the better sense for theyr owne turns, (as they had used it before in saluting him) All haile ye also.",[]
suetonius.claud.holland1898-section.xml,holland-claud-note-085,21.6,unattributed,unresolved,,"Duodenarum. Some read undevicenats, i. 19, and out of Dio, quinquagenarum, i. 50.",[]
suetonius.claud.holland1898-section.xml,holland-claud-note-086,21.6,unattributed,unresolved,,Resembling Neptunes Trumpetter.,[]
suetonius.claud.holland1898-section.xml,holland-claud-note-087,22.1,unattributed,unresolved,,"Whether it were an Owle, or the birde named Incendiaria, see Plin. lib. 10, cap. 13, and 12.",[]
suetonius.claud.holland1898-section.xml,holland-claud-note-088,23.1,unattributed,unresolved,,"That a Woman under 50 yeares of age, should not bee wedded to a man that was threescore.",[]
suetonius.claud.holland1898-section.xml,holland-claud-note-089,23.1,unattributed,unresolved,annotation,"Provided it was by the law Papiæ, That no woman under fiftie yeares of age should be maried to a man three-scor yeares old or upward: Item, That no man under three score yeares might wed a woman, fiftie yers old or above. Where, note: That these words [à Tiberio] as if he added the said Branch, seeme to have beene foysted in: considering that as it appeareth by Tacitus, the Emperour Tiberius went about to moderate the foresaid law, and not to make it more strict by annexing such a clause.",[]
suetonius.claud.holland1898-section.xml,holland-claud-note-090,23.1,unattributed,unresolved,,Edicto abrogavit.,[]
suetonius.claud.holland1898-section.xml,holland-claud-note-091,23.1,unattributed,unresolved,,Granting that men threescore yeeres olde might mary women under fiftie.,[]
suetonius.claud.holland1898-section.xml,holland-claud-note-092,23.2,unattributed,unresolved,,Wards under age.,[]
suetonius.claud.holland1898-section.xml,holland-claud-note-093,23.2,unattributed,unresolved,,Licences to be absent a time from Rome.,[]
suetonius.claud.holland1898-section.xml,holland-claud-note-095,24.1,unattributed,unresolved,,The Senatours robe studded with purple.,[]
suetonius.claud.holland1898-section.xml,holland-claud-note-097,24.2,unattributed,unresolved,,From Augustus dayes.,[]
suetonius.claud.holland1898-section.xml,holland-claud-note-099,25.2,unattributed,unresolved,,Otherwise called Tiberina.,[]
suetonius.claud.holland1898-section.xml,holland-claud-note-100,25.2,unattributed,unresolved,annotation,"For feare of breaking up the pavements, if they rode in coach, wagon, chariot, or on horseback.",[]
suetonius.claud.holland1898-section.xml,holland-claud-note-101,25.3,unattributed,unresolved,,Without the gate Esquilina.,[]
suetonius.claud.holland1898-section.xml,holland-claud-note-103,25.4,unattributed,unresolved,,"This some thinke is to bee understood of Christians whom we find in the Ecclesiastical writers to bee misnamed by the Ethnicke Infidels, Chrestiani, like as Christ himselfe Chrestos, in skorne.",[]
suetonius.claud.holland1898-section.xml,holland-claud-note-104,25.4,unattributed,unresolved,annotation,"In divers Greeke and Latin writers, the names of Jewes and Christians were confounded: so as by Jewes they understood Christians.",[]
suetonius.claud.holland1898-section.xml,holland-claud-note-105,25.4,unattributed,unresolved,annotation,"Orchestra was that place in the fore-front of the Theater or Scaffolds, and neerest unto the Stage, wherein the Senators ordinarily sate, and sometime the Emperour himselfe.",[]
suetonius.claud.holland1898-section.xml,holland-claud-note-106,25.4,unattributed,unresolved,annotation,"Popularia were seats within the scaffolds and Theater, most remote from the Stage, wherein the common people were allowed to stand or sit.",[]
suetonius.claud.holland1898-section.xml,holland-claud-note-107,25.4,unattributed,unresolved,annotation,"Betweene the said Orchestra and these Popularia were raunged the Knights or Gentlemen of Rome, and those rankes bare the name of Equestria.",[]
suetonius.claud.holland1898-section.xml,holland-claud-note-108,25.5,unattributed,unresolved,annotation,"So called, of the mountaine Eryx in Sicilie, where she was highly worshipped, and where she had a Temple.",[]
suetonius.claud.holland1898-section.xml,holland-claud-note-109,25.5,unattributed,unresolved,,Porca.,[]
suetonius.claud.holland1898-section.xml,holland-claud-note-110,25.5,unattributed,unresolved,,"Or Fecials. See Livie, lib. I.",[]
suetonius.claud.holland1898-section.xml,holland-claud-note-112,26.2,unattributed,unresolved,,Whiles she was Empresse and wife to Claudius.,[]
suetonius.claud.holland1898-section.xml,holland-claud-note-113,26.2,unattributed,unresolved,,The handfasters or makers of the mariage.,[]
suetonius.claud.holland1898-section.xml,holland-claud-note-115,26.3,unattributed,unresolved,,With their brothers or sisters daughters.,[]
suetonius.claud.holland1898-section.xml,holland-claud-note-116,27.1,unattributed,unresolved,,Pompeiis impuberem amisit.,[]
suetonius.claud.holland1898-section.xml,holland-claud-note-119,28.1,unattributed,unresolved,,Hasta pura donavit: for his great valour forsooth.,[]
suetonius.claud.holland1898-section.xml,holland-claud-note-120,28.1,unattributed,unresolved,,Of this Fælix mention is made in the Acts of the Apostles.,[]
suetonius.claud.holland1898-section.xml,holland-claud-note-121,28.1,unattributed,unresolved,annotation,"As for Drusilla his wife, a Jew borne, she had beene maried indeed before to king Azyzus, as Josephus writeth: but as touching the other two Queens, whosoever they were, he was acquainted with them otherwise, and not in way of mariage, so farre as I can finde.",[]
suetonius.claud.holland1898-section.xml,holland-claud-note-122,28.1,unattributed,unresolved,annotation,"For everie man might not so doe, unlesse he had a Knights estate, which was foure hundred thousand Sextarii, or were free borne: neyther Libertines nor Mechanicall persons living by base trades and occupations were allowed.",[]
suetonius.claud.holland1898-section.xml,holland-claud-note-124,29.1,unattributed,unresolved,annotation,"Other writers, as Philostratus and Julianus, say moreover, That without his wife and freed men, he was χωφὸν πρόσωπον and δορυφόρημα τῆς βασιλείας, much like to a player in a dumbe shew, and the bare Image of a Kings Majestie, as Plutarch reporteth of Arridaus.",[]
suetonius.claud.holland1898-section.xml,holland-claud-note-125,29.1,unattributed,unresolved,,"Consocerum: so called for that their children maried together and such with us, name one another brethren.","[{""source"": ""holland2-uc1"", ""page"": ""84"", ""context"": ""his brother appius\nsilanus: the ij. juliæ, the"", ""marker_support"": false}, {""source"": ""holland2-hvd"", ""page"": ""84"", ""context"": ""his brother appius\nsilanus: the ij. juliæ, the"", ""marker_support"": false}]"
suetonius.claud.holland1898-section.xml,holland-claud-note-126,29.1,unattributed,unresolved,,The sonne of Tiberius.,[]
suetonius.claud.holland1898-section.xml,holland-claud-note-127,29.1,unattributed,unresolved,,Who is called also Livilla.,[]
suetonius.claud.holland1898-section.xml,holland-claud-note-129,31.1,unattributed,unresolved,annotation,"This disease, some Physicians name Καρδιαλγίαν, i. the heart-ach, or Cardiacam passionem, seated in the orifice of the stomach, which is called Καρδία. The paine whereof, Plinie affirmeth to be most intollerable, next unto the passion of the strangury.",[]
suetonius.claud.holland1898-section.xml,holland-claud-note-130,32.1,unattributed,unresolved,,Or at a Settle at the tables end.,[]
suetonius.claud.holland1898-section.xml,holland-claud-note-131,32.1,unattributed,unresolved,,Or earthen pot.,"[{""source"": ""holland2-uc1"", ""page"": ""86"", ""context"": ""him a\nstone pot to drinke in. it"", ""marker_support"": false}, {""source"": ""holland2-hvd"", ""page"": ""86"", ""context"": ""him a\nstone pot to drinke in. it"", ""marker_support"": false}]"
suetonius.claud.holland1898-section.xml,holland-claud-note-132,32.1,unattributed,unresolved,annotation,"Flatum crepitumque ventris. By Flatum, understand that riddance of wind downeward, qui nares ferit, non aures. Which in English commeth neere unto the Latin word, Visio, for that the verbe Visire, is the same that τὸ βοίσειν. As Cicero in his Epistles hath well, but covertly observed, out of the word Divisio, wherein he noteth Quiddam Cacemphaton. Which place some interpreters, for ignorance of the said verbe Visio, have expounded very absurdly.",[]
suetonius.claud.holland1898-section.xml,holland-claud-note-133,33.1,unattributed,unresolved,,"Revenger, situate neere to the Hall: for distinction of another Temple bearing that name, in the Capitoll mount.",[]
suetonius.claud.holland1898-section.xml,holland-claud-note-134,33.1,unattributed,unresolved,annotation,"So sumptuous were these feastes, that Pontificum Cæna, and Saliares Epulæ, grew into a proverb, to expresse exceeding great bellie cheere, and most delicate fare.",[]
suetonius.claud.holland1898-section.xml,holland-claud-note-135,34.1,unattributed,unresolved,annotation,"Seneca, lib. 1 De Clementia writeth, That Claudius caused more Paricides to be sowed within a leather male, etc., in five yeares space, than had beene ever before his daies.",[]
suetonius.claud.holland1898-section.xml,holland-claud-note-136,34.1,unattributed,unresolved,,The adverse faction to the Mirmillones whom he favored.,[]
suetonius.claud.holland1898-section.xml,holland-claud-note-137,34.2,unattributed,unresolved,,Which combats were usually in the morning.,[]
suetonius.claud.holland1898-section.xml,holland-claud-note-138,34.2,unattributed,unresolved,annotation,"Whether they were hired thereto, or presuming of their owne strength, voluntarily entered upon such a combat, or forced to undergo that dangerous fight, or else exposed unto their greedie jawes for to be worried and devoured by them.",[]
suetonius.claud.holland1898-section.xml,holland-claud-note-139,34.2,unattributed,unresolved,,Or Pegme.,[]
suetonius.claud.holland1898-section.xml,holland-claud-note-140,34.2,unattributed,unresolved,annotation,"This devise called heere Automatum, Horace by a Periphrasis, pretily expresseth thus, Nervis alienis mobile lignum.",[]
suetonius.claud.holland1898-section.xml,holland-claud-note-141,34.2,unattributed,unresolved,,Prompters of names.,[]
suetonius.claud.holland1898-section.xml,holland-claud-note-142,34.2,unattributed,unresolved,,With wilde beasts or otherwise.,[]
suetonius.claud.holland1898-section.xml,holland-claud-note-143,35.2,unattributed,unresolved,annotation,"For with their Graphia, as hath beene noted before, they might do a mischiefe.",[]
suetonius.claud.holland1898-section.xml,holland-claud-note-145,38.1,unattributed,unresolved,bottom,"Iræ atque Iracundiæ. Ira signifyeth the hote and momentarie passion of anger, soone enflamed and as soone quenched, and Iracundia seemeth to be taken heere, for the continuance of the said anger, and an inveterate setled wrath. Howsoever our Dictionaries would teach us the contrary. The one may be called Gall or Choler, the other Spleene or Melancholy.",[]
suetonius.claud.holland1898-section.xml,holland-claud-note-146,38.3,unattributed,unresolved,annotation,"Stultitiam neminem fingere, or rather, Stultitiam stultum neminem fingere, i. That no foole counterfaits folly.",[]
suetonius.claud.holland1898-section.xml,holland-claud-note-147,39.1,unattributed,unresolved,,"Or Mistres of the house, Domina Graece, δέσποινα.",[]
suetonius.claud.holland1898-section.xml,holland-claud-note-148,39.2,unattributed,see curated changes; otherwise unresolved,,And in deede he was her Unkle.,[]
suetonius.claud.holland1898-section.xml,holland-claud-note-149,39.2,unattributed,unresolved,,Britannicus.,[]
suetonius.claud.holland1898-section.xml,holland-claud-note-150,40.1,unattributed,unresolved,,"Rogo vos, or I demaund of you.","[{""source"": ""holland2-uc1"", ""page"": ""92"", ""context"": ""house, 'i beseech you, my maisters, who\nis"", ""marker_support"": false}, {""source"": ""holland2-hvd"", ""page"": ""92"", ""context"": ""house, 'i beseech you, my maisters, who\nis"", ""marker_support"": false}]"
suetonius.claud.holland1898-section.xml,holland-claud-note-151,40.1,unattributed,unresolved,,Or exessive number.,[]
suetonius.claud.holland1898-section.xml,holland-claud-note-152,40.1,unattributed,unresolved,annotation,"It was an inconsiderate speech of an Emperor, and foolishly let fall, in the Senate especially, tending much to his discredit and dishonour: as if he sent to the Taverne for his wine, by the pot or bottle, and had not his own cellarage stored therewith.",[]
suetonius.claud.holland1898-section.xml,holland-claud-note-153,40.3,unattributed,unresolved,annotation,"These words without all rime or reason were rife in his mouth, which unadvisedly he had taken up, and by use could not leave them.",[]
suetonius.claud.holland1898-section.xml,holland-claud-note-154,41.2,unattributed,unresolved,,Antonia the Triumvir's daugher.,[]
suetonius.claud.holland1898-section.xml,holland-claud-note-155,41.2,unattributed,unresolved,,Octavia the wife of Antonie or Livia Augusta her self.,[]
suetonius.claud.holland1898-section.xml,holland-claud-note-156,41.3,unattributed,unresolved,annotation,"Some thinke, that he devised not new letters in the Alphabet, but new formes rather of the former: as namely to write for the Æolick digamma F the inverted character, and for dipthong, ai.",[]
suetonius.claud.holland1898-section.xml,holland-claud-note-157,42.1,unattributed,unresolved,,Of Tuskane affaires.,[]
suetonius.claud.holland1898-section.xml,holland-claud-note-158,42.1,unattributed,unresolved,,Of Carthaginian matters.,[]
suetonius.claud.holland1898-section.xml,holland-claud-note-159,42.2,unattributed,unresolved,,Called Claudium.,[]
suetonius.claud.holland1898-section.xml,holland-claud-note-160,43.1,unattributed,unresolved,,"Matrimonia, or Wives like as Coniugia proconiugibus.","[{""source"": ""holland2-uc1"", ""page"": ""95"", ""context"": ""that all his mariages should bee unchaste howbeit"", ""marker_support"": false}, {""source"": ""holland2-hvd"", ""page"": ""95"", ""context"": ""that all his mariages should bee unchaste howbeit"", ""marker_support"": false}]"
suetonius.claud.holland1898-section.xml,holland-claud-note-161,43.1,unattributed,unresolved,,"Or rather, ὁ τρώσας καὶ ἰάσεται, i. He that wounded will also heale. I that have done thee wrong wil make amends.",[]
suetonius.claud.holland1898-section.xml,holland-claud-note-162,43.1,unattributed,unresolved,,"For, by report of Dion and Xiphilinus his stature farre exceeded the proportion of his years.",[]
suetonius.claud.holland1898-section.xml,holland-claud-note-163,44.1,unattributed,unresolved,,"Conscii: some read Conscientia quoque, even his owne conscience.",[]
suetonius.claud.holland1898-section.xml,holland-claud-note-164,44.2,unattributed,unresolved,,"And yet by circumstances it may be collected, that he caught his bane and died in the Palatium at Rome.",[]
suetonius.claud.holland1898-section.xml,holland-claud-note-166,45.1,unattributed,unresolved,,The 13th of October.,"[{""source"": ""holland2-uc1"", ""page"": ""96"", ""context"": ""the ides of october, when asinius marcellus and"", ""marker_support"": false}, {""source"": ""holland2-hvd"", ""page"": ""96"", ""context"": ""the ides of october, when asinius marcellus and"", ""marker_support"": false}]"
suetonius.claud.holland1898-section.xml,holland-claud-note-167,46.1,unattributed,unresolved,,Or blazing.,[]
suetonius.claud.holland1898-section.xml,holland-claud-note-168,46.1,unattributed,unresolved,,Or tombe.,[]
suetonius.claud.holland1898-section.xml,holland-claud-note-169,46.1,unattributed,unresolved,,"These were, as it plainly appeareth, Questors, Ædiles, Tribunes, Prætors, Censors and Consuls. Of all these, some one or other died, excepting Censors, as Tacitus writeth, 12 Annal.",[]
suetonius.claud.loeb_eng1.xml,rolfe-claud-note-001,1.2,editor,unresolved,,"The fossae Drusinae, two miles long, connecting the Rhine with the Yssel, to furnish a passage to the North Sea.","[{""source"": ""loeb2-uc1"", ""page"": ""3"", ""context"": ""called by his\nname. even after he had"", ""marker_support"": false}]"
suetonius.claud.loeb_eng1.xml,rolfe-claud-note-002,1.3,editor,unresolved,,"The reference is probably to the scribae quaestorii, the quaestor's clerks, who were the most important of the attendants upon the magistrates. They formed a guild composed of six decuriae, or divisions of ten, presided over by six officers called sex primi curatorum.",[]
suetonius.claud.loeb_eng1.xml,rolfe-claud-note-003,1.3,editor,unresolved,,"A decursus or decursio. Dio, 56. 42, describes the one about the funeral pyre of Augustus. After running around it in full armour, the soldiers cast into the fire the military prizes which they had received from the emperor; cf. Jul. lxxxiv. 4.",[]
suetonius.claud.loeb_eng1.xml,rolfe-claud-note-004,1.4,editor,unresolved,,See note on Tib. xxvi. 1.,"[{""source"": ""loeb2-uc1"", ""page"": ""5"", ""context"": ""as he was democratice by nature;\nfor in"", ""marker_support"": false}]"
suetonius.claud.loeb_eng1.xml,rolfe-claud-note-005,1.4,editor,unresolved,,"The spolia opima were the armour of the leader of the enemy, taken from him in hand-to-hand combat by a Roman general.",[]
suetonius.claud.loeb_eng1.xml,rolfe-claud-note-006,2.2,editor,unresolved,,"That is, the age at which one was ordinarily freed from tutelage. The usual formula is in suam tutelam venire, Cic. De Orat. i. 39. 180.","[{""source"": ""loeb2-uc1"", ""page"": ""7"", ""context"": ""the age of independence, he was\nin a"", ""marker_support"": false}]"
suetonius.claud.loeb_eng1.xml,rolfe-claud-note-007,4.1,editor,unresolved,,Celebrated by Augustus in 12 A.D. in honour of Mars Ultor; cf. Aug. xxix. 1 and 2.,"[{""source"": ""loeb2-uc1"", ""page"": ""9"", ""context"": ""the games of mars.d\nnow we are both"", ""marker_support"": false}]"
suetonius.claud.loeb_eng1.xml,rolfe-claud-note-008,4.1,editor,unresolved,,"The two Greek words, ἄρτιος and ὁλόκληρος, mean ""complete,"" ""perfect of one's kind;"" the meaning therefore is ""if he have his five senses.""",[]
suetonius.claud.loeb_eng1.xml,rolfe-claud-note-009,4.3,editor,unresolved,,See note on Aug. xlv. 1.,"[{""source"": ""loeb2-uc1"", ""page"": ""11"", ""context"": ""from\nthe imperial box does not meet with"", ""marker_support"": false}]"
suetonius.claud.loeb_eng1.xml,rolfe-claud-note-010,4.7,editor,unresolved,,See note on Jul. lxxxiii. 2; the heirs in the third degree had little or no prospect of receiving their inheritance.,[]
suetonius.claud.loeb_eng1.xml,rolfe-claud-note-011,5.1,editor,unresolved,,"December 21 and 22, an extension of the Saturnalia, when it was customary to make presents of little images of various kinds (sigilla); also the name of a quarter or street in Rome, see chap. xvi. 4; Nero, xxviii. 2.","[{""source"": ""loeb2-uc1"", ""page"": ""13"", ""context"": ""saturnalia and the\nsigillaria.'\""b then at last claudius"", ""marker_support"": false}]"
suetonius.claud.loeb_eng1.xml,rolfe-claud-note-012,6.2,editor,unresolved,,Founded by Tiberius for the worship of the Deified Augustus.,"[{""source"": ""loeb2-uc1"", ""page"": ""15"", ""context"": ""the\npriests of augustus,\"" who were usually chosen"", ""marker_support"": false}]"
suetonius.claud.loeb_eng1.xml,rolfe-claud-note-013,6.2,editor,unresolved,,Of his house.,[]
suetonius.claud.loeb_eng1.xml,rolfe-claud-note-014,7.1,editor,unresolved,,"Gaius appointed a number of consuls at once, who drew lots for the year when they were to hold the office.",[]
suetonius.claud.loeb_eng1.xml,rolfe-claud-note-015,9.1,editor,unresolved,,See Calig. viii. 1 and xxiv. 3.,"[{""source"": ""loeb2-uc1"", ""page"": ""17"", ""context"": ""of lepidus and gaetulicus was detected\nand he"", ""marker_support"": false}]"
suetonius.claud.loeb_eng1.xml,rolfe-claud-note-016,9.1,editor,unresolved,,The Rhine.,[]
suetonius.claud.loeb_eng1.xml,rolfe-claud-note-017,9.2,editor,unresolved,,See Calig. xxii. 3.,[]
suetonius.claud.loeb_eng1.xml,rolfe-claud-note-018,9.2,editor,unresolved,,"He had borrowed money from the public treasury for his entrance fee into the new priesthood, and pledged his estates as security.",[]
suetonius.claud.loeb_eng1.xml,rolfe-claud-note-019,9.2,editor,unresolved,,"That is, the prefects of the treasury, chosen from the praetors and ex-praetors (see Aug. xxxvi). Claudius later restored the charge of the treasury to the quaestors (see chap. xxiv. 2).",[]
suetonius.claud.loeb_eng1.xml,rolfe-claud-note-020,9.2,editor,unresolved,,"in vacuum; the meaning is uncertain. It perhaps means that the advertisement was merely a matter of form, though none the less humiliating.",[]
suetonius.claud.loeb_eng1.xml,rolfe-claud-note-021,10.3,editor,unresolved,,"""Hope"" of becoming emperor; ""confidence"" that he had escaped death.",[]
suetonius.claud.loeb_eng1.xml,rolfe-claud-note-022,10.3,editor,unresolved,,By restoring the republic.,[]
suetonius.claud.loeb_eng1.xml,rolfe-claud-note-023,11.2,editor,unresolved,,"For carrying her image; see Calig. xv. 1, and cf. Tib. li. 2.",[]
suetonius.claud.loeb_eng1.xml,rolfe-claud-note-024,11.2,editor,unresolved,,Germanicus.,"[{""source"": ""loeb2-uc1"", ""page"": ""23"", ""context"": ""memory of his brother, whom he took every"", ""marker_support"": false}]"
suetonius.claud.loeb_eng1.xml,rolfe-claud-note-025,11.2,editor,unresolved,,See Aug. xcviii. 5. The comedy was doubtless written by Germanicus; see Calig. iii. 2.,[]
suetonius.claud.loeb_eng1.xml,rolfe-claud-note-026,12.1,editor,unresolved,,See Jul. lxxvi. 1.,"[{""source"": ""loeb2-uc1"", ""page"": ""23"", ""context"": ""taking the forename\nimperator, a refusing excessive honours, and"", ""marker_support"": false}]"
suetonius.claud.loeb_eng1.xml,rolfe-claud-note-027,13.2,editor,unresolved,,With garlands and perfumes; cf. note on Tib. xlviii. 2. See note on Jul. lxii.,[]
suetonius.claud.loeb_eng1.xml,rolfe-claud-note-028,13.2,editor,unresolved,,It was considered a bad omen if it was difficult to pull the standards from the ground.,[]
suetonius.claud.loeb_eng1.xml,rolfe-claud-note-029,15.1,editor,unresolved,,"More literally ""the decuries for court duty,"" to distinguish them from the decuries of knights, scribes, etc.",[]
suetonius.claud.loeb_eng1.xml,rolfe-claud-note-030,15.1,editor,unresolved,,"That is, he enjoyed the privileges of the ius trium liberorum, one of which was freedom from jury duty. Cf. Dio, 60. 28.",[]
suetonius.claud.loeb_eng1.xml,rolfe-claud-note-031,15.1,editor,unresolved,,Before his own tribunal.,[]
suetonius.claud.loeb_eng1.xml,rolfe-claud-note-032,15.2,editor,unresolved,,Only a Roman citizen had the right to wear the toga.,"[{""source"": ""loeb2-uc1"", ""page"": ""29"", ""context"": ""appearance in the\ntoga d or in a greek"", ""marker_support"": false}]"
suetonius.claud.loeb_eng1.xml,rolfe-claud-note-033,16.1,editor,unresolved,,"By affixing the nota, or mark of disgrace, to their names on the census-list.",[]
suetonius.claud.loeb_eng1.xml,rolfe-claud-note-034,16.1,editor,unresolved,,On these see Aug. xxxix.,[]
suetonius.claud.loeb_eng1.xml,rolfe-claud-note-035,16.4,editor,unresolved,,Referring to the street or quarter; see note on chap. v.,"[{""source"": ""loeb2-uc1"", ""page"": ""33"", ""context"": ""sale in the sigillaria, bought and cut\nto"", ""marker_support"": false}]"
suetonius.claud.loeb_eng1.xml,rolfe-claud-note-036,17.1,editor,unresolved,,"Suetonius is vagne. Dio, 60. 19, says that one Bericus, who had been expelled from the island during a revolution, persuaded Claudius to send troops there. Possibly the reference is to the deserters mentioned in Calig. xliv.",[]
suetonius.claud.loeb_eng1.xml,rolfe-claud-note-037,18.1,editor,unresolved,,"A suburb of Rome, lying north of the city, outside of the Servian wall.",[]
suetonius.claud.loeb_eng1.xml,rolfe-claud-note-038,18.1,editor,unresolved,,"A large building in the campus Martius, where the votes cast in the elections were sorted and counted; according to Dio, 55. 8, the largest building ever covered by a single roof.",[]
suetonius.claud.loeb_eng1.xml,rolfe-claud-note-039,19.1,editor,unresolved,,"Passed in 9 A.D., after the failure of Augustus' law de maritandis ordinibus; see Aug. xxxiv.",[]
suetonius.claud.loeb_eng1.xml,rolfe-claud-note-040,19.1,editor,unresolved,,See note on Aug. xlvii.,[]
suetonius.claud.loeb_eng1.xml,rolfe-claud-note-041,19.1,editor,unresolved,,"These were numerous and varied; cf. Dio, 55. 2.",[]
suetonius.claud.loeb_eng1.xml,rolfe-claud-note-042,20.3,editor,unresolved,,"This had been brought by Gaius from Heliopolis and set up in the spina of his circus, near the Vatican hill. It now stands before the cathedral of St. Peter. The great ship in which it was transported to Rome from Alexandria is described by Pliny, N.H. 16. 201.","[{""source"": ""loeb2-uc1"", ""page"": ""39"", ""context"": ""which the great obeliska had been brought from"", ""marker_support"": false}]"
suetonius.claud.loeb_eng1.xml,rolfe-claud-note-043,21.1,editor,unresolved,,"Pompey placed the double temple of Venus and Victory at the top of his theatre, so that the seats of the auditorium formed an approach to it.",[]
suetonius.claud.loeb_eng1.xml,rolfe-claud-note-044,21.2,editor,unresolved,,See Aug. xxxi. 4.,"[{""source"": ""loeb2-uc1"", ""page"": ""41"", ""context"": ""for the\nregular time; although he himself writes"", ""marker_support"": false}]"
suetonius.claud.loeb_eng1.xml,rolfe-claud-note-045,21.2,editor,unresolved,,Built by Gaius; see note on chap. xx. 3 and Index s.v. Vaticanum.,"[{""source"": ""loeb2-uc1"", ""page"": ""41"", ""context"": ""in the vatican circus also, at\ntimes with"", ""marker_support"": false}]"
suetonius.claud.loeb_eng1.xml,rolfe-claud-note-046,21.3,editor,unresolved,,"The carceres were compartments closed by barriers, one for each chariot. They were probably twelve in number and were so arranged as to be at an equal distance from the starting point of the race. When the race began, the barriers were removed. The metae, or ""goals,"" were three conical pillars at each end of the spina, or low wall which ran down the middle of the arena, about which the chariots had to run a given number of times, usually seven; see Dom. iv. 3.",[]
suetonius.claud.loeb_eng1.xml,rolfe-claud-note-047,21.4,editor,unresolved,,See note on Aug. lxxiv.,"[{""source"": ""loeb2-uc1"", ""page"": ""43"", ""context"": ""the name of sportula,a\nbecause before giving it"", ""marker_support"": false}]"
suetonius.claud.loeb_eng1.xml,rolfe-claud-note-048,21.5,editor,unresolved,,"Instead of keeping it covered with his toga, an undignified performance for an emperor.","[{""source"": ""loeb2-uc1"", ""page"": ""43"", ""context"": ""out his left hand,\nas the commons did"", ""marker_support"": false}]"
suetonius.claud.loeb_eng1.xml,rolfe-claud-note-049,21.5,editor,unresolved,,"""The Dove,"" nickname of a gladiator.",[]
suetonius.claud.loeb_eng1.xml,rolfe-claud-note-050,21.5,editor,unresolved,,The symbol of discharge; cf. Hor. Epist. 1. 1. 2.,[]
suetonius.claud.loeb_eng1.xml,rolfe-claud-note-051,21.5,editor,unresolved,,See note on Calig. xxxv. 3.,[]
suetonius.claud.loeb_eng1.xml,rolfe-claud-note-052,21.6,editor,unresolved,,"About to die; one of Claudius's feeble jokes, which the combatants pretended to understand as meaning that they need not risk their lives in battle.",[]
suetonius.claud.loeb_eng1.xml,rolfe-claud-note-053,22.1,editor,unresolved,,That those whom he had selected were worthy of the honour.,"[{""source"": ""loeb2-uc1"", ""page"": ""45"", ""context"": ""had first taken oath, and he scrupulously observed"", ""marker_support"": false}]"
suetonius.claud.loeb_eng1.xml,rolfe-claud-note-054,23.1,editor,unresolved,,"See Galba xiv. 3, from which it appears that Claudius made the summer and autumn seasons continuous, and did away with the winter term.",[]
suetonius.claud.loeb_eng1.xml,rolfe-claud-note-055,23.2,editor,unresolved,,"The relegatio was a milder form of exile, without loss of citizenship or confiscation of property, but in this case the offenders were not banished, but confined to the city and its immediate vicinity.","[{""source"": ""loeb2-uc1"", ""page"": ""47"", ""context"": ""outside of the city.\nwhen about to conduct"", ""marker_support"": false}]"
suetonius.claud.loeb_eng1.xml,rolfe-claud-note-056,24.1,editor,unresolved,,"The procuratores were the emperor's agents, who performed various administrative duties throughout the empire. They were members of the equestrian order and were ranked on the basis of their annual stipend as trecenarii, ducenarii, centenarii, and sexagenarii, receiving respectively 300,000, 200,000, 100,000, and 60,000 sesterces.","[{""source"": ""loeb2-uc1"", ""page"": ""47"", ""context"": ""second grade of stewards. if any refused senatorial"", ""marker_support"": false}]"
suetonius.claud.loeb_eng1.xml,rolfe-claud-note-057,24.1,editor,unresolved,,"A common reason for this was the desire to engage in business, which senators were not allowed to do.",[]
suetonius.claud.loeb_eng1.xml,rolfe-claud-note-058,24.2,editor,unresolved,,"The state treasury, located in the temple of Saturn in the Forum; cf. Aug. xxxvi.","[{""source"": ""loeb2-uc1"", ""page"": ""49"", ""context"": ""the treasury\nof saturn, which had in the"", ""marker_support"": false}]"
suetonius.claud.loeb_eng1.xml,rolfe-claud-note-059,24.3,editor,unresolved,,"According to Tac., Ann. 11. 20, this was done by the legions in Germany.",[]
suetonius.claud.loeb_eng1.xml,rolfe-claud-note-060,25.1,editor,unresolved,,"That is, if their own freedmen proved ungrateful and they wished to bring suit against them.",[]
suetonius.claud.loeb_eng1.xml,rolfe-claud-note-061,25.2,editor,unresolved,,"In the Tiber at Rome, so-called from its temple of Aesculapius.","[{""source"": ""loeb2-uc1"", ""page"": ""51"", ""context"": ""the island of aesculapius\nbecause of the trouble"", ""marker_support"": false}]"
suetonius.claud.loeb_eng1.xml,rolfe-claud-note-062,25.3,editor,unresolved,,"That is, the gentile names such as Claudius, Cornelius, etc.; apparently forenames (Gaius, Lucius, and the like) and surnames (Lentulus, Nasica) might be assumed, although a foreigner often retained his native name as a surname.","[{""source"": ""loeb2-uc1"", ""page"": ""51"", ""context"": ""the clans were concerned.\nthose who usurped the"", ""marker_support"": false}]"
suetonius.claud.loeb_eng1.xml,rolfe-claud-note-063,25.3,editor,unresolved,,The part of the Esquiline hill on both sides of the Servian wall; occupied in part by the Gardens of Maecenas ; see Hor. Serm. 1. 8. The place of execution seems to have been outside of the Porta Esquilina.,[]
suetonius.claud.loeb_eng1.xml,rolfe-claud-note-064,25.4,editor,unresolved,,"Another form of Christus; see Tert. Apol. 3 (at the end). It is uncertain whether Suetonius is guilty of an error in chronology or is referring to some Jew of that name. The former seems probable because of the absence of quodam. Tacitus, Ann. 15. 44, uses the correct form, Christus, and states that He was executed in the reign of Tiberius.",[]
suetonius.claud.loeb_eng1.xml,rolfe-claud-note-065,25.5,editor,unresolved,,The gender is not significant; cf. Livy 1.24; Varr. R.R. 2. 49.,"[{""source"": ""loeb2-uc1"", ""page"": ""53"", ""context"": ""forum, sacrificing\na pig and reciting the ancient"", ""marker_support"": false}]"
suetonius.claud.loeb_eng1.xml,rolfe-claud-note-066,25.5,editor,unresolved,,See Livy 1. 24.,[]
suetonius.claud.loeb_eng1.xml,rolfe-claud-note-067,27.1,editor,unresolved,,Of Claudius from Urgulanilla.,"[{""source"": ""loeb2-uc1"", ""page"": ""57"", ""context"": ""wives:\nby urgulanilla, drusus, and claudia; by paetina"", ""marker_support"": false}]"
suetonius.claud.loeb_eng1.xml,rolfe-claud-note-068,27.1,editor,unresolved,,20 A.D.,[]
suetonius.claud.loeb_eng1.xml,rolfe-claud-note-069,27.1,editor,unresolved,,"A child at birth was laid at his father's feet. He then acknowledged him by taking him in his arms (tollere), or the child was disowned and cast out (expositus).",[]
suetonius.claud.loeb_eng1.xml,rolfe-claud-note-070,27.2,editor,unresolved,,"Either Suetonius is in error here, or the text is corrupt, since Claudius' second consulship did not begin until 42, and he began to reign Jan. 25, 41.",[]
suetonius.claud.loeb_eng1.xml,rolfe-claud-note-071,28.1,editor,unresolved,,A common military prize.,"[{""source"": ""loeb2-uc1"", ""page"": ""59"", ""context"": ""with the headless spear at his british triumph"", ""marker_support"": false}]"
suetonius.claud.loeb_eng1.xml,rolfe-claud-note-072,28.1,editor,unresolved,,"Only two of these are known, both named Drusilla. One was the daughter of Juba II., king of Mauretania, and the other of Herod Agrippa I., of Judaea; the latter was previously married to Azizus, king of Emesa.",[]
suetonius.claud.loeb_eng1.xml,rolfe-claud-note-073,28.1,editor,unresolved,,Otherwise restricted to knights.,[]
suetonius.claud.loeb_eng1.xml,rolfe-claud-note-074,29.1,editor,unresolved,,Chap. xxv.,"[{""source"": ""loeb2-uc1"", ""page"": ""59"", ""context"": ""as i have said, he played the part"", ""marker_support"": false}]"
suetonius.claud.loeb_eng1.xml,rolfe-claud-note-075,32.1,editor,unresolved,,"The fulcra were the ends of the couches on which the pillows were placed; see Class. Rev. 3, pp. 322 ff.","[{""source"": ""loeb2-uc1"", ""page"": ""63"", ""context"": ""arms of the couches as they\nate, after"", ""marker_support"": false}]"
suetonius.claud.loeb_eng1.xml,rolfe-claud-note-076,32.1,editor,unresolved,,Cf. Aug. lxiv. 3.,[]
suetonius.claud.loeb_eng1.xml,rolfe-claud-note-077,33.1,editor,unresolved,,"Their feasts were proverbial for luxury; see Hor. Odes, 1. 37. 2.","[{""source"": ""loeb2-uc1"", ""page"": ""63"", ""context"": ""preparing for the salii\nin the temple of"", ""marker_support"": false}]"
suetonius.claud.loeb_eng1.xml,rolfe-claud-note-078,34.1,editor,unresolved,,See Aug. xxxiii. 1.,"[{""source"": ""loeb2-uc1"", ""page"": ""65"", ""context"": ""the\npunishment of parricides a at once and in"", ""marker_support"": false}]"
suetonius.claud.loeb_eng1.xml,rolfe-claud-note-079,34.1,editor,unresolved,,"See Livy, i. 26. 6; Nero, xlix. 2; Dom. xi. 2-3.",[]
suetonius.claud.loeb_eng1.xml,rolfe-claud-note-080,34.1,editor,unresolved,,"Their faces were not covered by helmets; see Index, s. v. retiarius.",[]
suetonius.claud.loeb_eng1.xml,rolfe-claud-note-081,34.2,editor,unresolved,,"According to Pliny, N.H. 28. 34, game killed with a knife with which a man had been slain was a specific for epilepsy.","[{""source"": ""loeb2-uc1"", ""page"": ""65"", ""context"": ""swords for his use.d he took such\npleasure"", ""marker_support"": false}]"
suetonius.claud.loeb_eng1.xml,rolfe-claud-note-082,34.2,editor,unresolved,,"Those who fought during the midday interval, perhaps the paegniarii; see note on Calig. xxvi. 5, with the reference to Friedländer there given.",[]
suetonius.claud.loeb_eng1.xml,rolfe-claud-note-083,34.2,editor,unresolved,,"A structure with several movable stories, for show pieces and other stage effects; see Juv. 4. 122, and Mayor's note.",[]
suetonius.claud.loeb_eng1.xml,rolfe-claud-note-084,34.2,editor,unresolved,,See note on Aug. xix. 1.,[]
suetonius.claud.loeb_eng1.xml,rolfe-claud-note-085,35.1,editor,unresolved,,Chap. xii.,"[{""source"": ""loeb2-uc1"", ""page"": ""67"", ""context"": ""as we have said, he\nmade a display"", ""marker_support"": false}]"
suetonius.claud.loeb_eng1.xml,rolfe-claud-note-086,36.1,editor,unresolved,,Chap. xiii.,"[{""source"": ""loeb2-uc1"", ""page"": ""67"", ""context"": ""i have mentioned before,d a man with a"", ""marker_support"": false}]"
suetonius.claud.loeb_eng1.xml,rolfe-claud-note-087,36.1,editor,unresolved,,"Of the praetorian guard, in the north-eastern part of the city.",[]
suetonius.claud.loeb_eng1.xml,rolfe-claud-note-088,37.2,editor,unresolved,,Narcissus.,[]
suetonius.claud.loeb_eng1.xml,rolfe-claud-note-089,38.1,editor,unresolved,,See note on chap. xxiii. 2.,"[{""source"": ""loeb2-uc1"", ""page"": ""71"", ""context"": ""both in an\nedict; he also drew a"", ""marker_support"": false}]"
suetonius.claud.loeb_eng1.xml,rolfe-claud-note-090,38.2,editor,unresolved,,"See Tib. xxxiv. 1. Claudius apparently allowed greater freedom. The restrictions were renewed by Nero (see Nero, xvi. 2), and according to Dio, 60. 6, Claudius himself (later?) issued an edict forbidding the sale of dressed meats and hot water, as well as abolishing the drinking-booths.",[]
suetonius.claud.loeb_eng1.xml,rolfe-claud-note-091,40.3,editor,unresolved,,Obviously some man proverbial for his folly; but nothing is known about him.,[]
suetonius.claud.loeb_eng1.xml,rolfe-claud-note-092,41.1,editor,unresolved,,The famous historian.,"[{""source"": ""loeb2-uc1"", ""page"": ""75"", ""context"": ""encouragement of titus livius and the\ndirect help"", ""marker_support"": false}]"
suetonius.claud.loeb_eng1.xml,rolfe-claud-note-093,41.2,editor,unresolved,,Because he stammered; see chap. xxx.,"[{""source"": ""loeb2-uc1"", ""page"": ""75"", ""context"": ""through a professional reader.c\nhe began his history"", ""marker_support"": false}]"
suetonius.claud.loeb_eng1.xml,rolfe-claud-note-094,41.2,editor,unresolved,,"His grandmother Octavia was the widow, and his mother Antonia the daughter, of Mark Antony.",[]
suetonius.claud.loeb_eng1.xml,rolfe-claud-note-095,41.3,editor,unresolved,,"These were reversed F, to represent the sound between u and i in maxumus, maximus, etc.; reversed C, for the sound of bs as ps; half H for consonant u. See Jul. xx. 1, at the beginning.",[]
suetonius.claud.loeb_eng1.xml,rolfe-claud-note-096,41.3,editor,unresolved,,"See Jul. xx. 1, at the beginning.",[]
suetonius.claud.loeb_eng1.xml,rolfe-claud-note-097,42.1,editor,unresolved,,i.e. in Greek cf. Tib. lxxi.,"[{""source"": ""loeb2-uc1"", ""page"": ""77"", ""context"": ""with both our tongues\""; and\nin commending achaia"", ""marker_support"": false}]"
suetonius.claud.loeb_eng1.xml,rolfe-claud-note-098,42.1,editor,unresolved,,Referring to the cohort on guard at the Palace; cf. chap. x.,[]
suetonius.claud.loeb_eng1.xml,rolfe-claud-note-099,42.1,editor,unresolved,,"Iliad, 24. 369; Odyss. 21. 133.",[]
suetonius.claud.loeb_eng1.xml,rolfe-claud-note-100,43.1,editor,unresolved,,"A proverbial expression, derived from the story of Telephus, who when wounded by Achilles was told by the oracle that he could be cured only by the one who dealt the blow. Achilles cured him by applying rust from his spear to the wound.","[{""source"": ""loeb2-uc1"", ""page"": ""79"", ""context"": ""wound will heal it.\""a when he expressed his"", ""marker_support"": false}]"
suetonius.claud.loeb_eng1.xml,rolfe-claud-note-101,43.1,editor,unresolved,,"That is, a legitimate heir to the throne.",[]
suetonius.claud.loeb_eng1.xml,rolfe-claud-note-102,44.2,editor,unresolved,,The northern spur of the Capitoline Hill.,"[{""source"": ""loeb2-uc1"", ""page"": ""79"", ""context"": ""banqueting on the citadel with the priests"", ""marker_support"": false}]"
suetonius.claud.loeb_eng1.xml,rolfe-claud-note-103,46.1,editor,unresolved,,"The formula was ""Di meliora (duint)!"" ""May the Gods grant better things,"" i.e. ""the Gods forbid !""",[]
suetonius.dom.holland1898-section.xml,holland-dom-note-002,1.1,unattributed,unresolved,numerical,Januarie.,[]
suetonius.dom.holland1898-section.xml,holland-dom-note-003,1.1,unattributed,unresolved,numerical,"A place so called like as before, ad capita Bubula and ad Gallinas.",[]
suetonius.dom.holland1898-section.xml,holland-dom-note-004,1.1,unattributed,unresolved,numerical,For his impure life.,[]
suetonius.dom.holland1898-section.xml,holland-dom-note-005,1.1,unattributed,unresolved,alphabetical,"THIS was some Satyricall Poeme, of which Juvenalis writeth thus: Improbior satyram scribente Cinædo, i. Nerone.",[]
suetonius.dom.holland1898-section.xml,holland-dom-note-006,1.1,unattributed,unresolved,numerical,Or Bil.,[]
suetonius.dom.holland1898-section.xml,holland-dom-note-007,1.1,unattributed,unresolved,numerical,Or abuse rather.,[]
suetonius.dom.holland1898-section.xml,holland-dom-note-008,1.2,unattributed,unresolved,numerical,Betweene Vitellius and his father Vespasian: and their factions.,"[{""source"": ""holland2-uc1"", ""page"": ""235"", ""context"": ""in the vitellian\ntroubles he fled into the"", ""marker_support"": false}, {""source"": ""holland2-hvd"", ""page"": ""235"", ""context"": ""in the vitellian\ntroubles he fled into the"", ""marker_support"": false}]"
suetonius.dom.holland1898-section.xml,holland-dom-note-009,1.2,unattributed,unresolved,alphabetical,"A vestment of white linnen, after the manner of a Surplice: for such priests thereupon were named Linigeri.",[]
suetonius.dom.holland1898-section.xml,holland-dom-note-011,1.3,unattributed,unresolved,numerical,As being a young Prince and a Caesar.,[]
suetonius.dom.holland1898-section.xml,holland-dom-note-012,2.1,unattributed,unresolved,numerical,"Operibus, i. deeds and exploits.","[{""source"": ""holland2-uc1"", ""page"": ""236"", ""context"": ""brother both in workes and reputation.\nfor these"", ""marker_support"": false}, {""source"": ""holland2-hvd"", ""page"": ""236"", ""context"": ""brother both in workes and reputation.\nfor these"", ""marker_support"": false}]"
suetonius.dom.holland1898-section.xml,holland-dom-note-013,2.1,unattributed,unresolved,numerical,"Which began the first of January, in his owne right, and not in the vacant roome of others.",[]
suetonius.dom.holland1898-section.xml,holland-dom-note-017,4.2,unattributed,unresolved,numerical,Circumstructo.,[]
suetonius.dom.holland1898-section.xml,holland-dom-note-020,4.4,unattributed,unresolved,alphabetical,"Toga Græcanica. Which is spoken καταχρηστικῶς, pro chlamyde, i. a cloake or loose cassocke. For Toga was Romanorum.",[]
suetonius.dom.holland1898-section.xml,holland-dom-note-022,4.5,unattributed,unresolved,numerical,Xiphilin.,[]
suetonius.dom.holland1898-section.xml,holland-dom-note-023,4.5,unattributed,unresolved,numerical,"So called of the seaven hils, whereupon the Citie stood.",[]
suetonius.dom.holland1898-section.xml,holland-dom-note-024,4.5,unattributed,unresolved,numerical,Or Baskets.,[]
suetonius.dom.holland1898-section.xml,holland-dom-note-025,4.5,unattributed,unresolved,numerical,Or sent.,[]
suetonius.dom.holland1898-section.xml,holland-dom-note-026,4.5,unattributed,unresolved,numerical,Gifts or favours.,[]
suetonius.dom.holland1898-section.xml,holland-dom-note-027,5.1,unattributed,unresolved,numerical,In Vespasians. dayes.,"[{""source"": ""holland2-uc1"", ""page"": ""240"", ""context"": ""had been fired again: but all under the"", ""marker_support"": false}, {""source"": ""holland2-hvd"", ""page"": ""240"", ""context"": ""had been fired again: but all under the"", ""marker_support"": false}]"
suetonius.dom.holland1898-section.xml,holland-dom-note-030,7.1,unattributed,unresolved,numerical,"White, Blew, Red, Greene.",[]
suetonius.dom.holland1898-section.xml,holland-dom-note-031,7.1,unattributed,unresolved,numerical,"Who guelded, pampered and set them out to sale.",[]
suetonius.dom.holland1898-section.xml,holland-dom-note-032,7.2,unattributed,unresolved,alphabetical,"Philostratus alledgeth another reason of this Edict, namely for that many seditious broyles and commotions were occasioned by drunkennesse.",[]
suetonius.dom.holland1898-section.xml,holland-dom-note-033,7.3,unattributed,unresolved,numerical,"Geminari castra, the greater and the lesse as we read in Livie, etc.",[]
suetonius.dom.holland1898-section.xml,holland-dom-note-034,7.3,unattributed,unresolved,alphabetical,"Or rather, as Casabonus expoundeth [geminari castra] that two legions should not encampe in one leaguer. For, the pollicie of warre found the same alwaies dangerous in regard of mutinies, that by occasion thereof might arise. Souldiers, as Dion writeth, πρὸς τὴν ὄψιν τοῦ πλήθους σφῶν θρασύνονται, i. Seeing their owne numbers great, grew to be stout and malapert.",[]
suetonius.dom.holland1898-section.xml,holland-dom-note-035,7.3,unattributed,unresolved,alphabetical,"For, before time, it was thought good Policy, that souldiers should lay up a portion of their donative, about. the Ensignes within the campe, and not spend all their stocke, (which commonly they are given unto,) whereby they might be put in minde to fight more valiantly, and not to forsake their colours so long as they had. somewhat to save or loose.",[]
suetonius.dom.holland1898-section.xml,holland-dom-note-036,7.3,unattributed,unresolved,numerical,Every one about 15s. 7d. ob. sterling.,[]
suetonius.dom.holland1898-section.xml,holland-dom-note-038,8.2,unattributed,unresolved,numerical,Who by taking money exercised his office otherwise then he ought.,"[{""source"": ""holland2-uc1"", ""page"": ""242"", ""context"": ""base and corrupt ædile: yea and to call"", ""marker_support"": false}]"
suetonius.dom.holland1898-section.xml,holland-dom-note-039,8.3,unattributed,unresolved,numerical,Against the filthy sin of Pæderastie or Sodomie.,[]
suetonius.dom.holland1898-section.xml,holland-dom-note-040,8.3,unattributed,unresolved,numerical,As to loose their heads.,[]
suetonius.dom.holland1898-section.xml,holland-dom-note-041,8.4,unattributed,unresolved,numerical,Surnamed so of a familie in Rome.,"[{""source"": ""holland2-uc1"", ""page"": ""243"", ""context"": ""unto the\nsisters ocellatæ as also to varomilla"", ""marker_support"": false}, {""source"": ""holland2-hvd"", ""page"": ""243"", ""context"": ""unto the\nsisters ocellatæ as also to varomilla"", ""marker_support"": false}]"
suetonius.dom.holland1898-section.xml,holland-dom-note-042,8.4,unattributed,unresolved,numerical,"Or Maxima, sc. Vestalis, i. the chiefe of those Nunns, as Lady Prioresse or Abbatesse.",[]
suetonius.dom.holland1898-section.xml,holland-dom-note-043,8.4,unattributed,unresolved,alphabetical,"Namely, to be buried quicke under the ground, that is to say, to be let downe into some grot or vault, and there to be sterved to death.",[]
suetonius.dom.holland1898-section.xml,holland-dom-note-044,9.1,unattributed,unresolved,numerical,2 Georgicorum. This hath relation to the last word (Ante) in the verse precedent.,[]
suetonius.dom.holland1898-section.xml,holland-dom-note-045,9.1,unattributed,unresolved,numerical,This hath relation to the last word (Ante) in the verse præcedent.,[]
suetonius.dom.holland1898-section.xml,holland-dom-note-046,9.1,unattributed,unresolved,numerical,"Cupiditatis quoque atque avaritia. By covetousnesse hee meaneth the greedy desire of other mens goods: by avarice, in this place the pinching expense of his owne.",[]
suetonius.dom.holland1898-section.xml,holland-dom-note-048,9.2,unattributed,unresolved,numerical,Defendant.,[]
suetonius.dom.holland1898-section.xml,holland-dom-note-049,9.3,unattributed,unresolved,numerical,Old souldiers who had served out their full time.,"[{""source"": ""holland2-uc1"", ""page"": ""244"", ""context"": ""by the veteran souldiours, remained heere and\nthere"", ""marker_support"": false}, {""source"": ""holland2-hvd"", ""page"": ""244"", ""context"": ""by the veteran souldiours, remained heere and\nthere"", ""marker_support"": false}]"
suetonius.dom.holland1898-section.xml,holland-dom-note-050,10.1,unattributed,unresolved,numerical,"As Ironia and Antiphrasis, etc., whereby he seemed to glaunce at him.",[]
suetonius.dom.holland1898-section.xml,holland-dom-note-051,10.1,unattributed,unresolved,alphabetical,"Patrem-familias, i. A good honest Citizen of Rome, such as came to behold the Games.",[]
suetonius.dom.holland1898-section.xml,holland-dom-note-052,10.1,unattributed,unresolved,numerical,Who was armed with a buckeler.,[]
suetonius.dom.holland1898-section.xml,holland-dom-note-053,10.1,unattributed,unresolved,alphabetical,"Under these tyrannicall Emperours of Rome, that favorized, some this faction of Fencers and Chariot-riders, others that, it was high Treason and Impietie, for men to speake a word, not in open place onely and in the Theatre, but also at home in their houses, even in table talke, in commendation of the adverse faction, by way of comparison. Martial inviting a friend to his bourd, and promising that no mirth and free speech at meat should turne him to any daunger and displeasure, writeth thus unto him, De Prasino conviva meus vomitoque loquatur: Non facient quenquam pocula nostra reum. Now, it is to be understood, that Domitius affected the fensers called Mirmillones, against the others named Thraces or Threces, whom his brother Titus favoured.",[]
suetonius.dom.holland1898-section.xml,holland-dom-note-054,10.1,unattributed,unresolved,numerical,Of swordfight.,[]
suetonius.dom.holland1898-section.xml,holland-dom-note-055,10.1,unattributed,unresolved,numerical,"The favourer of the armed fenser Thrax, above saide.",[]
suetonius.dom.holland1898-section.xml,holland-dom-note-056,10.1,unattributed,unresolved,alphabetical,"By Parmularius understand, him that speaks favourably in the behalfe of those fencers, named Parmularii, of the little bucklers, wherwith they were armed: otherwise called Threces, (as one would say Thracians, whose armature they had) in opposition of others which were the Mirmillones, who were otherwise appointed after the French fashion, and therefore tooke the name otherwhiles of Galli, and so is that verse of Horace to be expounded, Thrax an Gallina Syro par? As touching blasphemie, no mervaile, if these Tyrants taking upon them to be Gods heere upon earth, held everie word derogatorie any waies unto their Majestie, high Treason and impietie.",[]
suetonius.dom.holland1898-section.xml,holland-dom-note-057,10.2,unattributed,unresolved,numerical,Domitia Longina.,"[{""source"": ""holland2-uc1"", ""page"": ""245"", ""context"": ""from\nhim his wife) he fell a praising"", ""marker_support"": false}, {""source"": ""holland2-hvd"", ""page"": ""245"", ""context"": ""from\nhim his wife) he fell a praising"", ""marker_support"": false}]"
suetonius.dom.holland1898-section.xml,holland-dom-note-058,10.2,unattributed,unresolved,numerical,"Vocem suam, or Lamia his voice, as some expound it.",[]
suetonius.dom.holland1898-section.xml,holland-dom-note-059,10.2,unattributed,unresolved,numerical,As if he had uttered these words: This is meere injury but I must say nothing.,[]
suetonius.dom.holland1898-section.xml,holland-dom-note-060,10.2,unattributed,unresolved,alphabetical,"Domitian and other such monstrous Tyrants, as namely Caligula, envied all persons and things that were excellent. It behooved therefore Lamia to be silent, and to dissimule what he thought, as well as he might: although, for griefe of heart, happily, hee could not chuse but fetch a secret sigh to himselfe with a Heu, i. Helas.",[]
suetonius.dom.holland1898-section.xml,holland-dom-note-061,10.3,unattributed,unresolved,numerical,"Understand here, and in the other following (he slew or put to death).",[]
suetonius.dom.holland1898-section.xml,holland-dom-note-062,10.3,unattributed,unresolved,numerical,For his father L. Salvius Titianus was Othoes brother.,[]
suetonius.dom.holland1898-section.xml,holland-dom-note-063,10.3,unattributed,unresolved,numerical,"See Vespasian, cap. 14.",[]
suetonius.dom.holland1898-section.xml,holland-dom-note-064,10.3,unattributed,unresolved,numerical,Or earth.,[]
suetonius.dom.holland1898-section.xml,holland-dom-note-065,10.3,unattributed,unresolved,numerical,"Two most renowmed warriours of the Carthaginians, and mortall enimies of the Romaines.",[]
suetonius.dom.holland1898-section.xml,holland-dom-note-066,10.3,unattributed,unresolved,numerical,Of his owne name.,[]
suetonius.dom.holland1898-section.xml,holland-dom-note-067,10.3,unattributed,unresolved,numerical,Who beeing persecuted by Nero cut his owne maister veines.,[]
suetonius.dom.holland1898-section.xml,holland-dom-note-068,10.3,unattributed,unresolved,numerical,"The sonne in lawe of Thrasea, even another Cato or Brutus and a man of most free speech in the behalfe of the Common wealth.",[]
suetonius.dom.holland1898-section.xml,holland-dom-note-069,10.4,unattributed,unresolved,numerical,"For the father, Vespasian had slaine before.","[{""source"": ""holland2-uc1"", ""page"": ""246"", ""context"": ""also helvidius the sonne, for that in an"", ""marker_support"": false}, {""source"": ""holland2-hvd"", ""page"": ""246"", ""context"": ""also helvidius the sonne, for that in an"", ""marker_support"": false}]"
suetonius.dom.holland1898-section.xml,holland-dom-note-070,10.4,unattributed,unresolved,numerical,"Tractasset, i. handled, al. taxasset, i. taxed or reproved.",[]
suetonius.dom.holland1898-section.xml,holland-dom-note-071,10.4,unattributed,unresolved,numerical,Domitian.,[]
suetonius.dom.holland1898-section.xml,holland-dom-note-072,10.5,unattributed,unresolved,numerical,Of the Flavians and Vitellians.,"[{""source"": ""holland2-uc1"", ""page"": ""246"", ""context"": ""in the civill warre, hee became much more"", ""marker_support"": false}, {""source"": ""holland2-hvd"", ""page"": ""246"", ""context"": ""in the civill warre, hee became much more"", ""marker_support"": false}]"
suetonius.dom.holland1898-section.xml,holland-dom-note-073,10.5,unattributed,unresolved,numerical,"Dudum latentes, per conscios investigatos.",[]
suetonius.dom.holland1898-section.xml,holland-dom-note-075,11.1,unattributed,unresolved,numerical,"A dish of meate, etc.",[]
suetonius.dom.holland1898-section.xml,holland-dom-note-076,11.1,unattributed,unresolved,numerical,Simul gestanti.,[]
suetonius.dom.holland1898-section.xml,holland-dom-note-078,11.2,unattributed,unresolved,numerical,"To have their necks fast locked in pillory, and so to be beaten with rods to death.",[]
suetonius.dom.holland1898-section.xml,holland-dom-note-080,12.2,unattributed,unresolved,alphabetical,"I observe a double acception of this word Cæsar, in this Historie penned by Suetonius. First, for a noble house in Rome whereof Julius Cæsar Dictator was descended. Whose line, eyther in bloud or by adoption, were called Cæsares. And in this sense it is truly said, that Progenies Cæsarum in Nerone defecit, i. that the race of the Cæsars was extinct in Nero. And in this sense the heires apparent of the Emperours in that line were named Cæsars. Secondly, for all the Soveraigne Emperours of Rome after Julius Cesar. So Galba and the rest, his successors were stiled Cesares.",[]
suetonius.dom.holland1898-section.xml,holland-dom-note-081,12.2,unattributed,unresolved,alphabetical,"This exaction levied of the Jewes, which he calleth Iudaicum fiscum, was for the profession and exercise of the religion within Rome: who, as Xiphilinus witnesseth, were permitted before, by Ves- pasian his father to observe the rites and ceremonies of their owne religion, paying an yearely Tribute, to wit, a Didrachme. i. two Roman deniers, or fifteene pence with us. And so the Christians afterwardes for a time had the same Indulgence.",[]
suetonius.dom.holland1898-section.xml,holland-dom-note-082,12.2,unattributed,unresolved,numerical,Or Master of the Exchequer.,[]
suetonius.dom.holland1898-section.xml,holland-dom-note-084,12.3,unattributed,unresolved,numerical,Who married Titus his daughter Julia.,[]
suetonius.dom.holland1898-section.xml,holland-dom-note-085,12.3,unattributed,unresolved,numerical,"An Hemistichium out of Homer, Iliad 2, Ulisses words: as if he should say, I like not so many Cæsars.",[]
suetonius.dom.holland1898-section.xml,holland-dom-note-087,13.1,unattributed,unresolved,numerical,During the solemne Games exhibited unto them.,[]
suetonius.dom.holland1898-section.xml,holland-dom-note-088,13.1,unattributed,unresolved,numerical,To his Senatours place.,[]
suetonius.dom.holland1898-section.xml,holland-dom-note-089,13.2,unattributed,unresolved,numerical,Or behalfe.,"[{""source"": ""holland2-uc1"", ""page"": ""249"", ""context"": ""as in the name of his procuratours he"", ""marker_support"": false}, {""source"": ""holland2-hvd"", ""page"": ""249"", ""context"": ""as in the name of his procuratours he"", ""marker_support"": false}]"
suetonius.dom.holland1898-section.xml,holland-dom-note-090,13.2,unattributed,unresolved,numerical,Common talke.,[]
suetonius.dom.holland1898-section.xml,holland-dom-note-091,13.2,unattributed,unresolved,numerical,"Ponderis certi. Sabellicus readeth centeni, i. of an hundred pounds, according to Statius Papinius of Domitians statue, Sylv. 5, Da Capitolinis æternum sedibus aurum. Quo niteant sacri centeno pondere vultus Casaris.",[]
suetonius.dom.holland1898-section.xml,holland-dom-note-093,13.3,unattributed,unresolved,numerical,Not a fortnight full.,[]
suetonius.dom.holland1898-section.xml,holland-dom-note-094,13.3,unattributed,unresolved,numerical,Over the Catti and Daci.,[]
suetonius.dom.holland1898-section.xml,holland-dom-note-095,13.3,unattributed,unresolved,numerical,September.,[]
suetonius.dom.holland1898-section.xml,holland-dom-note-096,13.3,unattributed,unresolved,numerical,October.,[]
suetonius.dom.holland1898-section.xml,holland-dom-note-097,14.1,unattributed,unresolved,numerical,Minions.,"[{""source"": ""holland2-uc1"", ""page"": ""250"", ""context"": ""most\ninward with him; who together with his"", ""marker_support"": false}, {""source"": ""holland2-hvd"", ""page"": ""250"", ""context"": ""most\ninward with him; who together with his"", ""marker_support"": false}]"
suetonius.dom.holland1898-section.xml,holland-dom-note-098,14.2,unattributed,unresolved,numerical,"Alluding to the like verses of the Poet Evenus: which Ovide seemeth to expresse 1 Fastorum in Latine thus, Rode caper vitem, tamen hic cum stabis ad aras, In tua quod spargi cornua possit, erit.",[]
suetonius.dom.holland1898-section.xml,holland-dom-note-099,15.1,unattributed,see curated changes; otherwise unresolved,alphabetical,"This Flavius Clemens is thought to have beene a Proselite, and convert to the Jewish Religion Or Christianity rather., by reason whereof, being somewhat mortified, and making conscience to do evill, he was reputed base minded, and as Suetonius saith, contemptissimæ inertiæ. Imputations charged by Paganes upon Christians, and the true servants of God, for their quiet cariage and modest behaviour.",[]
suetonius.dom.holland1898-section.xml,holland-dom-note-102,15.2,unattributed,unresolved,numerical,Or Pied stoole.,[]
suetonius.dom.holland1898-section.xml,holland-dom-note-103,15.2,unattributed,unresolved,numerical,Or Inscription.,[]
suetonius.dom.holland1898-section.xml,holland-dom-note-104,15.2,unattributed,unresolved,numerical,Where was an Oracle.,[]
suetonius.dom.holland1898-section.xml,holland-dom-note-105,15.3,unattributed,unresolved,alphabetical,"Whose sonne, I would not else, he would be thought, as who put one to death, because in his publike prayers he had not made mention of him, as the sonne of Minerva. Philostratus, lib. 7.",[]
suetonius.dom.holland1898-section.xml,holland-dom-note-106,15.3,unattributed,unresolved,numerical,Fabulus narrations to make Princes merry.,[]
suetonius.dom.holland1898-section.xml,holland-dom-note-107,16.1,unattributed,unresolved,numerical,He dreamt haply that Junius Rusticus whom hee had killed came upon him with a naked sword. Xiphilin.,"[{""source"": ""holland2-uc1"", ""page"": ""253"", ""context"": ""out of his bed. hereuppon in the morning"", ""marker_support"": false}, {""source"": ""holland2-hvd"", ""page"": ""253"", ""context"": ""out of his bed. hereuppon in the morning"", ""marker_support"": false}]"
suetonius.dom.holland1898-section.xml,holland-dom-note-108,16.2,unattributed,unresolved,numerical,Of the clock.,"[{""source"": ""holland2-uc1"", ""page"": ""253"", ""context"": ""of the 5th\nhoure which he feared, word"", ""marker_support"": false}, {""source"": ""holland2-hvd"", ""page"": ""253"", ""context"": ""of the 5th\nhoure which he feared, word"", ""marker_support"": false}]"
suetonius.dom.holland1898-section.xml,holland-dom-note-109,17.1,unattributed,unresolved,numerical,"Whom Eusebius reporteth to have beene neipce by the sister of Flavius Clemens and a Christian, therefore confined to the Iland Pontia.",[]
suetonius.dom.holland1898-section.xml,holland-dom-note-111,17.2,unattributed,unresolved,alphabetical,"Little Images, which Painims devoutly kept and worshipped, (as the Tutelare Gods of their bedchamber) within a certaine Closet called Lararium.",[]
suetonius.dom.holland1898-section.xml,holland-dom-note-112,17.2,unattributed,unresolved,numerical,Or rapier.,[]
suetonius.dom.holland1898-section.xml,holland-dom-note-113,17.3,unattributed,unresolved,numerical,17th of September.,"[{""source"": ""holland2-uc1"", ""page"": ""254"", ""context"": ""the kalends of october, in the 45th yeere"", ""marker_support"": false}, {""source"": ""holland2-hvd"", ""page"": ""254"", ""context"": ""the kalends of october, in the 45th yeere"", ""marker_support"": false}]"
suetonius.dom.holland1898-section.xml,holland-dom-note-114,18.1,unattributed,unresolved,alphabetical,"It may be thought by the circumstance of this place, that this Rubor vultus in Domitian, was a tincture of vertue and modestie. But there was nothing lesse in him, so that it was rather an hypocriticall visard and maske, under which was couched a most fell and cruell nature, as being by the judgement of Tacitus more sanguinarie than Nero. For whereas Nero, subtraxit oculos, iussitque scelera, non spectavit, sub Domitiano præcipua miseriarum pars erat videri et aspici, cum denotandis tot hominum palloribus, sufficeret sævus ille Domitiani vultus et rubor, quo se contra pudorem muniebat. A flushing red therefore is not alwaies a signe of grace.",[]
suetonius.dom.holland1898-section.xml,holland-dom-note-115,18.1,unattributed,unresolved,numerical,"Restrictiores, drawen inward.",[]
suetonius.dom.holland1898-section.xml,holland-dom-note-116,18.2,unattributed,unresolved,numerical,Homer Iliad 21. Lycaon the Sonne of Priamus unto Achilles.,[]
suetonius.dom.holland1898-section.xml,holland-dom-note-117,18.2,unattributed,unresolved,numerical,"Eadem me manent, some read (te).",[]
suetonius.dom.holland1898-section.xml,holland-dom-note-119,20.1,unattributed,unresolved,numerical,In Ægypt.,[]
suetonius.dom.holland1898-section.xml,holland-dom-note-120,20.1,unattributed,unresolved,alphabetical,"At Alexandria in Ægypt, was that famous Librarie of King Ptolemæus Philadelphus and the other Ptolomæes his progenitors and successors, conteyning to the number well neere of 700000 bookes. Aul. Gel. Noct. Attic. lib. 7, сар. 17.",[]
suetonius.dom.holland1898-section.xml,holland-dom-note-121,20.1,unattributed,unresolved,numerical,Of two colours.,[]
suetonius.dom.holland1898-section.xml,holland-dom-note-122,20.1,unattributed,unresolved,numerical,A kind of delicate drinke among the Romains.,[]
suetonius.dom.holland1898-section.xml,holland-dom-note-124,21.1,unattributed,unresolved,numerical,It tooke the name of one Matius who loved an hortyard well: like as Appiana and Scaptiana mala of Appius and Scaptius.,[]
suetonius.dom.holland1898-section.xml,holland-dom-note-125,22.1,unattributed,unresolved,numerical,Julia.,[]
suetonius.dom.holland1898-section.xml,holland-dom-note-126,22.1,unattributed,unresolved,numerical,As his wedded wife.,[]
suetonius.dom.holland1898-section.xml,holland-dom-note-127,22.1,unattributed,unresolved,numerical,"Conceived, as some say, by her former husband : others, by Domitian in her widowhead: and hereto accordeth Juvenal: Quum tot abortivis, etc. Iulia vulvam solueret, et patruo similes effunderet offas.",[]
suetonius.dom.holland1898-section.xml,holland-dom-note-129,23.1,unattributed,unresolved,numerical,Petronius and Parthenius. Sext. Aurel.,[]
suetonius.dom.holland1898-section.xml,holland-dom-note-130,23.1,unattributed,unresolved,alphabetical,"Acclamations must be restrained heere to the worse sense, for all manner of Curses and Detestations, such as before were taken up by the people in this tune, Tiberium in Tiberim, and afterwards by the Senate, against Commodus, that wicked Emperor, in these termes, Hosti patriæ honores detrahantur, paricida trahatur, hostis deorum, carnifex senatus unco trahatur, in spoliario ponatur, etc.",[]
suetonius.dom.holland1898-section.xml,holland-dom-note-131,23.1,unattributed,unresolved,numerical,Coates of armes.,[]
suetonius.dom.holland1898-section.xml,holland-dom-note-132,23.2,unattributed,unresolved,alphabetical,"Nerva, Trajanus, Hadrianus, etc. Of whom Sextus Aurelius writeth thus: Quid Nerva prudentius aut moderatius? Quid Traiano divinius? Quid præstantius Hadriano?",[]
suetonius.dom.loeb_eng1.xml,rolfe-dom-note-001,1.1,unattributed,unresolved,,"Oct. 24, 51 A.D.",[]
suetonius.dom.loeb_eng1.xml,rolfe-dom-note-002,1.1,editor,unresolved,,"Various quarters and streets of the city were designated in this way; cf. ad Capita Bubula, Aug. v.; ad Pirum, Mart. 1. 117. 6. Ad Malum Punicum was a street on the Quirinal hill, probably corresponding with the modern Via delle Quatro Fontane; see Platner, Topography of Rome, p. 485.",[]
suetonius.dom.loeb_eng1.xml,rolfe-dom-note-003,1.1,editor,unresolved,,"Cf. Otho, xii. 1, at the end.",[]
suetonius.dom.loeb_eng1.xml,rolfe-dom-note-004,1.3,editor,unresolved,,"See note on Galba, i.","[{""source"": ""loeb2-uc1"", ""page"": ""341"", ""context"": ""being hailed as caesar,\nhe assumed the office"", ""marker_support"": false}]"
suetonius.dom.loeb_eng1.xml,rolfe-dom-note-005,1.3,editor,unresolved,,As son of the emperor.,[]
suetonius.dom.loeb_eng1.xml,rolfe-dom-note-006,1.3,editor,unresolved,,"That is, in the provinces.",[]
suetonius.dom.loeb_eng1.xml,rolfe-dom-note-007,2.1,editor,unresolved,,He was but eighteen years old at the time.,"[{""source"": ""loeb2-uc1"", ""page"": ""343"", ""context"": ""realisation of his youtha and\nposition, he had"", ""marker_support"": false}]"
suetonius.dom.loeb_eng1.xml,rolfe-dom-note-008,2.1,editor,unresolved,,The usual procedure for a youthful prince; cf. Tib. vi. 4.,[]
suetonius.dom.loeb_eng1.xml,rolfe-dom-note-009,2.1,editor,unresolved,,The reference is to his consulships before he became emperor; see chap. xiii. 3.,[]
suetonius.dom.loeb_eng1.xml,rolfe-dom-note-010,2.3,editor,unresolved,,"That is, twice as large as his brother's.","[{""source"": ""loeb2-uc1"", ""page"": ""343"", ""context"": ""offer a double largess a to the\nsoldiers, and"", ""marker_support"": false}]"
suetonius.dom.loeb_eng1.xml,rolfe-dom-note-011,2.3,editor,unresolved,,"Titus had the ability to do this; cf. Tit. iii. 2, at the end.",[]
suetonius.dom.loeb_eng1.xml,rolfe-dom-note-012,3.2,editor,unresolved,,See chaps. ix. and xi. 1.,"[{""source"": ""loeb2-uc1"", ""page"": ""345"", ""context"": ""to his natural disposition a\nthat he was made"", ""marker_support"": false}]"
suetonius.dom.loeb_eng1.xml,rolfe-dom-note-013,4.3,editor,unresolved,,See note on Claud. xxi. 2.,"[{""source"": ""loeb2-uc1"", ""page"": ""347"", ""context"": ""previous calculation\nof augustus. in the course of"", ""marker_support"": false}]"
suetonius.dom.loeb_eng1.xml,rolfe-dom-note-014,4.3,editor,unresolved,,See note on Claud. xxi. 3.,[]
suetonius.dom.loeb_eng1.xml,rolfe-dom-note-015,4.4,editor,unresolved,,As well as in poetry.,"[{""source"": ""loeb2-uc1"", ""page"": ""347"", ""context"": ""competitions in prose\ndeclamation both in greek and"", ""marker_support"": false}]"
suetonius.dom.loeb_eng1.xml,rolfe-dom-note-016,4.4,editor,unresolved,,"Established for the worship of the deified Flavian emperors, after the manner of the Augustales; see note on Claud. vi. 2.",[]
suetonius.dom.loeb_eng1.xml,rolfe-dom-note-017,4.4,editor,unresolved,,See Aug. lxxi. 3.,[]
suetonius.dom.loeb_eng1.xml,rolfe-dom-note-018,4.5,editor,unresolved,,"While the spectators remained in their seats; cf. Dio, 67. 4.","[{""source"": ""loeb2-uc1"", ""page"": ""349"", ""context"": ""gave a plentiful banquet, distributing\nlarge baskets of"", ""marker_support"": false}]"
suetonius.dom.loeb_eng1.xml,rolfe-dom-note-019,4.5,editor,unresolved,,"Represented in many cases by tesserae, or tickets; see note on Aug. xli. 2.",[]
suetonius.dom.loeb_eng1.xml,rolfe-dom-note-020,5.1,unattributed,unresolved,,82 A.D.,"[{""source"": ""loeb2-uc1"", ""page"": ""349"", ""context"": ""which\nhad been destroyed by fire, among them"", ""marker_support"": false}]"
suetonius.dom.loeb_eng1.xml,rolfe-dom-note-021,5.1,editor,unresolved,,In 80; it had previously been destroyed by fire in 69; see Vit. xv. 3.,[]
suetonius.dom.loeb_eng1.xml,rolfe-dom-note-022,5.1,editor,unresolved,,"Who finished and dedicated it; it was also called the Forum Transitorium because it connected the Forum of Augustus with the Forum Pacis, as well as the Subura with the Forum Romanum. It occupied a part of the Argiletum.",[]
suetonius.dom.loeb_eng1.xml,rolfe-dom-note-023,5.1,editor,unresolved,,Or Music Hall.,[]
suetonius.dom.loeb_eng1.xml,rolfe-dom-note-024,5.1,editor,unresolved,,See chap. iv. 2.,[]
suetonius.dom.loeb_eng1.xml,rolfe-dom-note-025,6.1,unattributed,unresolved,,84 A.D.,"[{""source"": ""loeb2-uc1"", ""page"": ""351"", ""context"": ""against\nthe chatti was uncalled for, while the"", ""marker_support"": false}]"
suetonius.dom.loeb_eng1.xml,rolfe-dom-note-026,6.1,unattributed,unresolved,,86 A.D.,[]
suetonius.dom.loeb_eng1.xml,rolfe-dom-note-027,6.1,editor,unresolved,,Tac. Agr. 39 says that his unjustified triumph over the Germans (and the Dacians) was a laughing-stock.,[]
suetonius.dom.loeb_eng1.xml,rolfe-dom-note-028,7.1,editor,unresolved,,"See Nero, xvi. 2.",[]
suetonius.dom.loeb_eng1.xml,rolfe-dom-note-029,7.1,editor,unresolved,,See Calig. lv. 2.,[]
suetonius.dom.loeb_eng1.xml,rolfe-dom-note-030,7.2,editor,unresolved,,"That is, those which had formerly been restricted to the senatorial order.",[]
suetonius.dom.loeb_eng1.xml,rolfe-dom-note-031,7.3,editor,unresolved,,"Where the soldiers deposited their surplus money with the general for safe keeping, until the end of their term of service; see Veget. 2. 20 and for fuller details Grenfell, Hunt, and Hogarth, ""Fayoum Towns and their Papyri,"" pp. 252 ff., where the accounts of two soldiers of about the year 180 are published.",[]
suetonius.dom.loeb_eng1.xml,rolfe-dom-note-032,7.3,editor,unresolved,,"That is, raised the amount from nine to twelve aurei. The aureus contained 100 sesterces and was equal to a little over a pound sterling, or five dollars.",[]
suetonius.dom.loeb_eng1.xml,rolfe-dom-note-033,8.1,editor,unresolved,,"That is, to gain favour with influential men or their advocates; cf. Tib. xxxiii.",[]
suetonius.dom.loeb_eng1.xml,rolfe-dom-note-034,8.1,editor,unresolved,,"Cf. Nero, xvii.",[]
suetonius.dom.loeb_eng1.xml,rolfe-dom-note-035,8.1,editor,unresolved,,"That is, all who sat in judgment on the same case.",[]
suetonius.dom.loeb_eng1.xml,rolfe-dom-note-036,8.3,unattributed,unresolved,,83 A.D.,[]
suetonius.dom.loeb_eng1.xml,rolfe-dom-note-037,8.3,editor,unresolved,,As censor.,"[{""source"": ""loeb2-uc1"", ""page"": ""355"", ""context"": ""83 a.d.\nmorals, he put an end"", ""marker_support"": false}]"
suetonius.dom.loeb_eng1.xml,rolfe-dom-note-038,8.3,editor,unresolved,,De nefanda Venere.,[]
suetonius.dom.loeb_eng1.xml,rolfe-dom-note-039,9.1,editor,unresolved,,Georg. 2. 537.,"[{""source"": ""loeb2-uc1"", ""page"": ""357"", ""context"": ""and feast upon\nbullocks.\"" α\nhe was equally free"", ""marker_support"": false}]"
suetonius.dom.loeb_eng1.xml,rolfe-dom-note-040,9.2,editor,unresolved,,"Probably referring to new senators, entering the House for the first time.",[]
suetonius.dom.loeb_eng1.xml,rolfe-dom-note-041,9.3,editor,unresolved,,"Nothing is known of this law. Livy, 21. 63. 3-4 mentions a law of Q. Claudius, which forbade senators to engage in business, and that law may have had a chapter referring to the scribae quaestorii and other ""civil servants""; or, as some suppose, Publius Clodius may have passed such a law.","[{""source"": ""loeb2-uc1"", ""page"": ""359"", ""context"": ""to the\nclodian law, he pardoned for past"", ""marker_support"": false}]"
suetonius.dom.loeb_eng1.xml,rolfe-dom-note-042,9.3,editor,unresolved,,"That is, charges which resulted in the confiscation of the goods of the accused to the privy purse.",[]
suetonius.dom.loeb_eng1.xml,rolfe-dom-note-043,10.1,editor,unresolved,,See chap. iii. 1.,"[{""source"": ""loeb2-uc1"", ""page"": ""359"", ""context"": ""not unlike\nhis master; d also hermogenes of tarsus"", ""marker_support"": false}]"
suetonius.dom.loeb_eng1.xml,rolfe-dom-note-044,10.1,editor,unresolved,,"Implying unfairness on the part of Domitian, who favoured the Thracians; cf. Pliny, Paneg. xi. and xxxiii.",[]
suetonius.dom.loeb_eng1.xml,rolfe-dom-note-045,10.1,editor,unresolved,,"There is an added insult in parmularius, one armed with the buckler, ""a Thracian,"" as applied to a Roman citizen (pater familias).",[]
suetonius.dom.loeb_eng1.xml,rolfe-dom-note-046,10.2,editor,unresolved,,See chap. i. 3.,"[{""source"": ""loeb2-uc1"", ""page"": ""361"", ""context"": ""away lamia's wife, the latter\nreplied to"", ""marker_support"": false}]"
suetonius.dom.loeb_eng1.xml,rolfe-dom-note-047,10.2,editor,unresolved,,"Part of a course of training; cf. Nero, xx. 1.",[]
suetonius.dom.loeb_eng1.xml,rolfe-dom-note-048,11.2,editor,unresolved,,"See Nero, xlix. 2.",[]
suetonius.dom.loeb_eng1.xml,rolfe-dom-note-049,12.2,editor,unresolved,,"A tax of two drachmas a head, imposed by Titus in return for free permission to practise their religion; see Josephus, Bell. Jud. 7. 6. 6.","[{""source"": ""loeb2-uc1"", ""page"": ""365"", ""context"": ""with the utmost rigour,\nand those were prosecuted"", ""marker_support"": false}]"
suetonius.dom.loeb_eng1.xml,rolfe-dom-note-050,12.2,editor,unresolved,,"These were doubtless Christians, whom the Romans commonly confounded with the Jews.",[]
suetonius.dom.loeb_eng1.xml,rolfe-dom-note-051,12.3,editor,unresolved,,See Vesp. iii.,"[{""source"": ""loeb2-uc1"", ""page"": ""367"", ""context"": ""his\nhand to her. he was vexed that"", ""marker_support"": false}]"
suetonius.dom.loeb_eng1.xml,rolfe-dom-note-052,12.3,editor,unresolved,,Iliad. 2. 204.,[]
suetonius.dom.loeb_eng1.xml,rolfe-dom-note-053,13.1,editor,unresolved,,Pulvinar here means the couch for the images of the gods; cf. Aug. xlv. 1.,"[{""source"": ""loeb2-uc1"", ""page"": ""367"", ""context"": ""to his divine couch.\"" d he delighted to\nhear"", ""marker_support"": false}]"
suetonius.dom.loeb_eng1.xml,rolfe-dom-note-054,13.1,editor,unresolved,,See chap. iv. 5.,[]
suetonius.dom.loeb_eng1.xml,rolfe-dom-note-055,13.2,editor,unresolved,,See note on Aug. liii. 1.,"[{""source"": ""loeb2-uc1"", ""page"": ""367"", ""context"": ""master and our god bids that this be"", ""marker_support"": false}]"
suetonius.dom.loeb_eng1.xml,rolfe-dom-note-056,13.2,editor,unresolved,,"Arci is a transliteration of the Greek word ἀρκεῖ with a pun on its resemblance in sound to arcus, ""arch.""",[]
suetonius.dom.loeb_eng1.xml,rolfe-dom-note-057,13.3,unattributed,unresolved,,"71, 72, 77 (s. v), 80, 82-88, 90, 92, 95 A.D.","[{""source"": ""loeb2-uc1"", ""page"": ""369"", ""context"": ""the consulship\nseventeen times, more often than any"", ""marker_support"": false}]"
suetonius.dom.loeb_eng1.xml,rolfe-dom-note-058,14.2,editor,unresolved,,See chap. vii. 2.,[]
suetonius.dom.loeb_eng1.xml,rolfe-dom-note-059,14.2,editor,unresolved,,"Cf. Ovid, Fasti, 1. 357.",[]
suetonius.dom.loeb_eng1.xml,rolfe-dom-note-060,14.3,editor,unresolved,,"A toga ornamented with horizontal stripes of purple, worn by the knights on public occasions, as well as by the early kings and the consuls; Tac. Ann. 3. 2; Val. Max. 3. 2. 9.","[{""source"": ""loeb2-uc1"", ""page"": ""371"", ""context"": ""clad in the trabea and bearing lances"", ""marker_support"": false}]"
suetonius.dom.loeb_eng1.xml,rolfe-dom-note-061,14.4,editor,unresolved,,"According to Pliny, N.H. 36. 163, a hard, white, translucent stone discovered in Cappodocia in the reign of Nero. According to Tzetzes, Lyc. 98, φεγγίτης = σεληνίτης, ""moon-stone."" Pliny also mentions similar mirrors of black obsidian; N.H. 36. 196.","[{""source"": ""loeb2-uc1"", ""page"": ""371"", ""context"": ""walk with phengite stone,d to be able to"", ""marker_support"": false}]"
suetonius.dom.loeb_eng1.xml,rolfe-dom-note-062,14.4,editor,unresolved,,"Cf. Nero, xl. 2.",[]
suetonius.dom.loeb_eng1.xml,rolfe-dom-note-063,14.4,editor,unresolved,,"See Nero, xlix. 4.",[]
suetonius.dom.loeb_eng1.xml,rolfe-dom-note-064,15.2,editor,unresolved,,"It was evidently on a metal plate, attached to the marble base.","[{""source"": ""loeb2-uc1"", ""page"": ""373"", ""context"": ""upon a neighbouring tomb.a\nthe tree which had"", ""marker_support"": false}]"
suetonius.dom.loeb_eng1.xml,rolfe-dom-note-065,15.2,editor,unresolved,,See Vesp. v. 4.,[]
suetonius.dom.loeb_eng1.xml,rolfe-dom-note-066,15.2,editor,unresolved,,Fortuna Primigenia; cf. Tib. lxiii. 1.,[]
suetonius.dom.loeb_eng1.xml,rolfe-dom-note-067,17.1,editor,unresolved,,"Niece of Domitian,","[{""source"": ""loeb2-uc1"", ""page"": ""377"", ""context"": ""dinner, stephanus, domitilla's a steward, at the time"", ""marker_support"": false}]"
suetonius.dom.loeb_eng1.xml,rolfe-dom-note-068,17.3,unattributed,unresolved,,"Sept. 18, 96 A.D.",[]
suetonius.dom.loeb_eng1.xml,rolfe-dom-note-069,17.3,editor,unresolved,,See Aug. vii. 1.,[]
suetonius.dom.loeb_eng1.xml,rolfe-dom-note-070,18.1,editor,unresolved,,"This in its connection suggests the blush of modesty, but cf. Tac. Agr. 45, ille vultus et rubor quo se contra pudorem muniebat; and in general, Sen. Epist. 11. 3. Doubtless Domitian's ruddy complexion was a recommendation in his youth.",[]
suetonius.dom.loeb_eng1.xml,rolfe-dom-note-071,18.2,editor,unresolved,,"Iliad, 21. 108.",[]
suetonius.dom.loeb_eng1.xml,rolfe-dom-note-072,19.1,editor,unresolved,,Cf. Tit. v. 2. The bow and arrow were not included by the Romans in the term arma.,[]
suetonius.dom.loeb_eng1.xml,rolfe-dom-note-073,19.1,editor,unresolved,,Cf. chap. ii. 2.,[]
suetonius.dom.loeb_eng1.xml,rolfe-dom-note-074,20.1,editor,unresolved,,"The great library of Ptolemy Philadelphus at Alexandria was destroyed during Caesar's Alexandrine war. The Pergamene library was given by Antony to Cleopatra and transferred to Alexandria, where it was kept in the temple of Serapis. It was frequently damaged during civil disturbances. Burmann thinks that the reference is to the latter; but the plural suggests both.","[{""source"": ""loeb2-uc1"", ""page"": ""381"", ""context"": ""transcribe and correct them. yet he never took"", ""marker_support"": false}]"
suetonius.dom.loeb_eng1.xml,rolfe-dom-note-075,21.1,editor,unresolved,,"Named after C. Matius, a friend of Augustus and a writer on cookery and gardening.","[{""source"": ""loeb2-uc1"", ""page"": ""383"", ""context"": ""except a matian apple a and a moderate amount"", ""marker_support"": false}]"
suetonius.dom.loeb_eng1.xml,rolfe-dom-note-076,22.1,editor,unresolved,,Cf. Juv. ii. 32 f.,"[{""source"": ""loeb2-uc1"", ""page"": ""383"", ""context"": ""swam with common prostitutes. after persistently\nrefusing his"", ""marker_support"": false}]"
suetonius.dom.loeb_eng1.xml,rolfe-dom-note-077,23.1,editor,unresolved,,"Votive shields, adorned with the emperor's image; see Calig. xvi. 4. Cf. Plin. Paneg. lii.",[]
suetonius.dom.loeb_eng1.xml,rolfe-dom-note-078,23.2,editor,unresolved,,"The Capitoline hill was sometimes called mons Tapeius, from the Tarpeian Rock at its south-west corner. It was not, however, the original name of the hill, as some Roman antiquarians supposed.","[{""source"": ""loeb2-uc1"", ""page"": ""385"", ""context"": ""perched on the capitolium and cried \""all will"", ""marker_support"": false}]"
suetonius.galba.holland1898-section.xml,holland-galba-note-001,1.1,unattributed,unresolved,numerical,Or line.,[]
suetonius.galba.holland1898-section.xml,holland-galba-note-002,1.1,unattributed,unresolved,numerical,"Which proved white, as also the whole breed of them. Dio.",[]
suetonius.galba.holland1898-section.xml,holland-galba-note-003,1.1,unattributed,unresolved,numerical,And branches which they held in their hands. Plin.,[]
suetonius.galba.holland1898-section.xml,holland-galba-note-004,1.1,unattributed,unresolved,numerical,Plin. saith the very same.,[]
suetonius.galba.holland1898-section.xml,holland-galba-note-006,2.1,unattributed,unresolved,numerical,Pronepotem.,[]
suetonius.galba.holland1898-section.xml,holland-galba-note-007,2.1,unattributed,unresolved,numerical,Or Court yard.,[]
suetonius.galba.holland1898-section.xml,holland-galba-note-008,3.1,unattributed,unresolved,numerical,A gumme or hardened juice yssuing out of the roote (when it is wounded) of a plant called Ferula.,"[{""source"": ""holland2-uc1"", ""page"": ""155"", ""context"": ""all over with galbanum: others, for that\nin"", ""marker_support"": false}, {""source"": ""holland2-hvd"", ""page"": ""155"", ""context"": ""all over with galbanum: others, for that\nin"", ""marker_support"": false}]"
suetonius.galba.holland1898-section.xml,holland-galba-note-009,3.1,unattributed,unresolved,numerical,Like unto those round rols which women in stead of farthingales use under their clothes beneath the wast called in Latine Galbei.,[]
suetonius.galba.holland1898-section.xml,holland-galba-note-010,3.1,unattributed,unresolved,numerical,Resembling magots.,[]
suetonius.galba.holland1898-section.xml,holland-galba-note-011,3.2,unattributed,unresolved,numerical,"Perfidia according to M. Tullius in Bruto. Some expound it otherwise, namelie for their treachery. Livius.",[]
suetonius.galba.holland1898-section.xml,holland-galba-note-012,3.2,unattributed,unresolved,numerical,7000 as Valerius Max. saith.,[]
suetonius.galba.holland1898-section.xml,holland-galba-note-013,3.2,unattributed,unresolved,numerical,Of Viriatus the Captaine thereof.,[]
suetonius.galba.holland1898-section.xml,holland-galba-note-014,3.4,unattributed,unresolved,annotation,"THE like narration is reported of Hipparche and Crates the Thebane, a Cynick Phylosopher.",[]
suetonius.galba.holland1898-section.xml,holland-galba-note-015,3.4,unattributed,unresolved,numerical,When his time by course came.,[]
suetonius.galba.holland1898-section.xml,holland-galba-note-016,4.1,unattributed,unresolved,numerical,"Supposita, or rather as some read, Superposita, i. upon.",[]
suetonius.galba.holland1898-section.xml,holland-galba-note-017,4.1,unattributed,unresolved,numerical,Livia Ocellina.,[]
suetonius.galba.holland1898-section.xml,holland-galba-note-018,4.1,unattributed,unresolved,numerical,Or Ocellaris.,[]
suetonius.galba.holland1898-section.xml,holland-galba-note-019,4.1,unattributed,unresolved,numerical,As the maner was in kissing young children.,[]
suetonius.galba.holland1898-section.xml,holland-galba-note-020,4.1,unattributed,unresolved,numerical,Galba.,[]
suetonius.galba.holland1898-section.xml,holland-galba-note-021,4.2,unattributed,unresolved,numerical,For some bee fortunate and signifie good.,"[{""source"": ""holland2-uc1"", ""page"": ""157"", ""context"": ""adverse flash of lightning, (what time an ægle"", ""marker_support"": false}, {""source"": ""holland2-hvd"", ""page"": ""157"", ""context"": ""adverse flash of lightning, (what time an ægle"", ""marker_support"": false}]"
suetonius.galba.holland1898-section.xml,holland-galba-note-022,4.2,unattributed,unresolved,numerical,For some bee fruitlesse.,[]
suetonius.galba.holland1898-section.xml,holland-galba-note-024,4.3,unattributed,unresolved,numerical,Or Doore-sill.,[]
suetonius.galba.holland1898-section.xml,holland-galba-note-025,4.3,unattributed,unresolved,numerical,Or wake.,[]
suetonius.galba.holland1898-section.xml,holland-galba-note-026,5.1,unattributed,unresolved,numerical,The father of Nero.,[]
suetonius.galba.holland1898-section.xml,holland-galba-note-028,5.2,unattributed,unresolved,numerical,"Ad quingenta, sc. sestertia.",[]
suetonius.galba.holland1898-section.xml,holland-galba-note-030,6.1,unattributed,unresolved,numerical,Not substituted in the rowme of another deceased.,[]
suetonius.galba.holland1898-section.xml,holland-galba-note-032,6.2,unattributed,unresolved,alphabetical,"Tessera data. How ever this word [Tessera] in our Author hath other significations, to wit, of a watchword, a Signall, a Tally or Ticket, etc. Yet here verily, it seemeth to be put for a Precept or Commaundement, whether it were delivered by word of mouth unto those that stood next, or in writing, and so passed through the campe, it mattereth not.",[]
suetonius.galba.holland1898-section.xml,holland-galba-note-033,6.2,unattributed,unresolved,numerical,Or under.,[]
suetonius.galba.holland1898-section.xml,holland-galba-note-034,6.2,unattributed,unresolved,numerical,Or Mandilions.,[]
suetonius.galba.holland1898-section.xml,holland-galba-note-035,6.2,unattributed,unresolved,numerical,Or Laborious.,[]
suetonius.galba.holland1898-section.xml,holland-galba-note-036,6.2,unattributed,unresolved,alphabetical,"It may appeare, that Gætulicus their former Generall, had allowed his Souldiers more libertie and pastime.",[]
suetonius.galba.holland1898-section.xml,holland-galba-note-037,6.3,unattributed,unresolved,numerical,Licences to be absent from the Camp.,"[{""source"": ""holland2-uc1"", ""page"": ""159"", ""context"": ""all petitions for\nplacards and pasports. the old"", ""marker_support"": false}, {""source"": ""holland2-hvd"", ""page"": ""159"", ""context"": ""all petitions for\nplacards and pasports. the old"", ""marker_support"": false}]"
suetonius.galba.holland1898-section.xml,holland-galba-note-040,7.2,unattributed,unresolved,numerical,Much about our peck.,"[{""source"": ""holland2-uc1"", ""page"": ""160"", ""context"": ""to wit, a modious of wheat, for one"", ""marker_support"": false}, {""source"": ""holland2-hvd"", ""page"": ""160"", ""context"": ""to wit, a modious of wheat, for one"", ""marker_support"": false}]"
suetonius.galba.holland1898-section.xml,holland-galba-note-041,7.2,unattributed,unresolved,numerical,31. 2s. 6d. sterl.,[]
suetonius.galba.holland1898-section.xml,holland-galba-note-042,7.2,unattributed,unresolved,numerical,As some horse or mule.,[]
suetonius.galba.holland1898-section.xml,holland-galba-note-043,7.2,unattributed,unresolved,numerical,Covered all over the head.,[]
suetonius.galba.holland1898-section.xml,holland-galba-note-045,8.1,unattributed,unresolved,alphabetical,"These were also called Tatii, by Tacitus, of Tatius King of the Sabines.",[]
suetonius.galba.holland1898-section.xml,holland-galba-note-046,8.1,unattributed,unresolved,alphabetical,"They tooke their name of Augustus: like as other orders afterwards, as Flaviana, etc., of the Emperours following.",[]
suetonius.galba.holland1898-section.xml,holland-galba-note-047,8.1,unattributed,unresolved,numerical,Carying in a light litter or chaire.,[]
suetonius.galba.holland1898-section.xml,holland-galba-note-048,8.2,unattributed,unresolved,numerical,Incence panne.,"[{""source"": ""holland2-uc1"", ""page"": ""161"", ""context"": ""ministers holding the censer, sodainely had all the"", ""marker_support"": false}, {""source"": ""holland2-hvd"", ""page"": ""161"", ""context"": ""ministers holding the censer, sodainely had all the"", ""marker_support"": false}]"
suetonius.galba.holland1898-section.xml,holland-galba-note-049,8.2,unattributed,unresolved,numerical,Or dint of lightening.,[]
suetonius.galba.holland1898-section.xml,holland-galba-note-050,8.2,unattributed,unresolved,numerical,"Lacum, al. Lucum, i. a grove.",[]
suetonius.galba.holland1898-section.xml,holland-galba-note-051,9.1,unattributed,unresolved,numerical,And therefore not to be crucified.,[]
suetonius.galba.holland1898-section.xml,holland-galba-note-052,9.1,unattributed,unresolved,numerical,"Solatio et honore, or comfortable honor: Hen dia duo.",[]
suetonius.galba.holland1898-section.xml,holland-galba-note-053,9.1,unattributed,unresolved,numerical,"For, they bee stirring spirits, that are looked into in a State.",[]
suetonius.galba.holland1898-section.xml,holland-galba-note-055,9.2,unattributed,unresolved,numerical,Or Lieutenant.,[]
suetonius.galba.holland1898-section.xml,holland-galba-note-057,10.1,unattributed,unresolved,numerical,Some noble mans sonne of Rome.,[]
suetonius.galba.holland1898-section.xml,holland-galba-note-058,10.1,unattributed,unresolved,numerical,By Nero.,[]
suetonius.galba.holland1898-section.xml,holland-galba-note-059,10.1,unattributed,unresolved,numerical,Or L. General.,[]
suetonius.galba.holland1898-section.xml,holland-galba-note-061,10.3,unattributed,unresolved,numerical,Who usually wore rings of yron.,[]
suetonius.galba.holland1898-section.xml,holland-galba-note-062,10.4,unattributed,unresolved,alphabetical,"In habit of a woman, and with winges, holding forth a garland in the right hand, and bearing in her left an Olive braunch: as is to be seene in many Antique coynes.",[]
suetonius.galba.holland1898-section.xml,holland-galba-note-063,10.4,unattributed,unresolved,alphabetical,"A truncke of a tree, or post erected upon which hung the Armour and apparell of enemies slaine and despoiled.",[]
suetonius.galba.holland1898-section.xml,holland-galba-note-064,10.4,unattributed,unresolved,numerical,"Dertosam appulit: al. Decursa appulit, i. hulled down the tide: or, as the wind did drive it.",[]
suetonius.galba.holland1898-section.xml,holland-galba-note-065,10.5,unattributed,unresolved,numerical,"Omitterent, or amitterent, i. to loose.","[{""source"": ""holland2-uc1"", ""page"": ""164"", ""context"": ""changed their military\noth was at the point"", ""marker_support"": false}, {""source"": ""holland2-hvd"", ""page"": ""164"", ""context"": ""changed their military\noth was at the point"", ""marker_support"": false}]"
suetonius.galba.holland1898-section.xml,holland-galba-note-067,12.1,unattributed,unresolved,numerical,Either by wast in melting or by the crafty conveiance of the gold founder.,[]
suetonius.galba.holland1898-section.xml,holland-galba-note-068,12.3,unattributed,unresolved,numerical,"Ordinario Dispensatori, or thus, one Ordinarius his steward.","[{""source"": ""holland2-uc1"", ""page"": ""165"", ""context"": ""steward verily\nin ordinary cast up his bookes"", ""marker_support"": false}, {""source"": ""holland2-hvd"", ""page"": ""165"", ""context"": ""steward verily\nin ordinary cast up his bookes"", ""marker_support"": false}]"
suetonius.galba.holland1898-section.xml,holland-galba-note-069,12.3,unattributed,unresolved,numerical,"As of peasen or beanes, etc.",[]
suetonius.galba.holland1898-section.xml,holland-galba-note-070,12.3,unattributed,unresolved,numerical,"Or pence, 3s. Id. ob. English.",[]
suetonius.galba.holland1898-section.xml,holland-galba-note-072,13.1,unattributed,unresolved,numerical,"Husht or whist, an Interjection of silence.",[]
suetonius.galba.holland1898-section.xml,holland-galba-note-073,14.2,unattributed,unresolved,numerical,Or Vinius.,"[{""source"": ""holland2-uc1"", ""page"": ""166"", ""context"": ""these were, titus junius, his lieutenant in\nspaine"", ""marker_support"": false}, {""source"": ""holland2-hvd"", ""page"": ""166"", ""context"": ""these were, titus junius, his lieutenant in\nspaine"", ""marker_support"": false}]"
suetonius.galba.holland1898-section.xml,holland-galba-note-074,14.2,unattributed,unresolved,numerical,"Socordia, or sottishnes.",[]
suetonius.galba.holland1898-section.xml,holland-galba-note-075,14.2,unattributed,unresolved,numerical,Knighthood.,[]
suetonius.galba.holland1898-section.xml,holland-galba-note-076,14.2,unattributed,unresolved,numerical,"Summæ æquestris gradus, or summi equestris ordinis.",[]
suetonius.galba.holland1898-section.xml,holland-galba-note-077,14.2,unattributed,unresolved,numerical,73.,[]
suetonius.galba.holland1898-section.xml,holland-galba-note-078,14.3,unattributed,unresolved,numerical,Gentlemen and Senatours.,"[{""source"": ""holland2-uc1"", ""page"": ""167"", ""context"": ""persons of both degrees he condemned upon the"", ""marker_support"": false}, {""source"": ""holland2-hvd"", ""page"": ""167"", ""context"": ""persons of both degrees he condemned upon the"", ""marker_support"": false}]"
suetonius.galba.holland1898-section.xml,holland-galba-note-079,14.3,unattributed,unresolved,alphabetical,"During which time, were held the festivall daies of the Saturnalia, Newe yeares tide and others.",[]
suetonius.galba.holland1898-section.xml,holland-galba-note-081,15.1,unattributed,unresolved,numerical,Tacitus saith 30.,[]
suetonius.galba.holland1898-section.xml,holland-galba-note-084,18.2,unattributed,unresolved,numerical,To avert the harme prognosticated thereby.,[]
suetonius.galba.holland1898-section.xml,holland-galba-note-085,18.2,unattributed,unresolved,numerical,Like a mourner.,[]
suetonius.galba.holland1898-section.xml,holland-galba-note-086,18.2,unattributed,unresolved,numerical,Ominous tokens presaging his brittle state.,[]
suetonius.galba.holland1898-section.xml,holland-galba-note-087,18.3,unattributed,unresolved,numerical,Or chaire of Estate.,[]
suetonius.galba.holland1898-section.xml,holland-galba-note-089,19.1,unattributed,unresolved,numerical,Cuirace.,[]
suetonius.galba.holland1898-section.xml,holland-galba-note-090,19.1,unattributed,unresolved,alphabetical,"They used in olde time such curaces (in steed of brest plates) made of linnen webbs, folded eighteene times and more. For, so Nicetas Acominatus, lib. 1 Rerum Isaaci Angeli writeth: ἠριθμοῦντο δὲ εἰς ὀκτωκαίδεκα καὶ πωλείω ὑφαίματος συπτύγματα: which foulds being throughly steeped and soaked in viniger or Austere wine, with salt put thereto, and afterwardes well driven and wrought together in maner of Felt, became so stiffe, and an Armour of so good proofe, ὡς καὶ βέλους εἶσαι παντὸς στεγανώτερον, i. as that it would checke the dint of any dart or shot whatsoever.",[]
suetonius.galba.holland1898-section.xml,holland-galba-note-091,19.2,unattributed,unresolved,alphabetical,"As touching the Souldier thus reprooved by Galba, it was Julius Atticus, as Tacitus writeth, one of those who went under the name of Spiculatores, i. Bill-men: or Speculatores rather, as some would have it, employed in Espiall, executions, etc. as hath before beene noted. Heere also in the clause, Dimota paganorum turba, is to be understood the multitude of the people and common sort, who were not Souldiers. For so Pagani are taken, as in opposition to Milites.",[]
suetonius.galba.holland1898-section.xml,holland-galba-note-093,20.2,unattributed,unresolved,numerical,Or water-bearers and wood purveiers for the Souldiours.,[]
suetonius.galba.holland1898-section.xml,holland-galba-note-094,20.2,unattributed,unresolved,numerical,"Galba, Cupido, etc.",[]
suetonius.galba.holland1898-section.xml,holland-galba-note-095,20.2,unattributed,unresolved,numerical,"Homer, Iliad 5, Diomedes to Sthenelus.",[]
suetonius.galba.holland1898-section.xml,holland-galba-note-096,20.2,unattributed,unresolved,alphabetical,"These Aurei among the Romans were valued at one hundred Sestertii a peece, so as in round reckoning they may goe for our olde Edward Star-Reals, or fifteene shilling peeces. For, by exact computation, one of them ariseth to fifteene shillings, seven pence halfe penie, the fourth part just, of the Roman pound, (conteyning one hundred Deniers or Atticke Drachmes) which maketh three pound, two shillings sixe pence starling.",[]
suetonius.galba.holland1898-section.xml,holland-galba-note-097,20.2,unattributed,unresolved,alphabetical,"This place where Patrobius was executed, and into which they flung their heads, who by commaundement of the Cæsars were put to death, was called Sestertius. Plutarch.",[]
suetonius.galba.holland1898-section.xml,holland-galba-note-098,20.2,unattributed,unresolved,numerical,Patrobius.,[]
suetonius.galba.holland1898-section.xml,holland-galba-note-099,21.1,unattributed,unresolved,numerical,Or bunch.,"[{""source"": ""holland2-uc1"", ""page"": ""172"", ""context"": ""there was an excrescence also of flesh in"", ""marker_support"": false}, {""source"": ""holland2-hvd"", ""page"": ""172"", ""context"": ""there was an excrescence also of flesh in"", ""marker_support"": false}]"
suetonius.galba.holland1898-section.xml,holland-galba-note-100,21.1,unattributed,unresolved,numerical,Or swathing band.,[]
suetonius.galba.holland1898-section.xml,holland-galba-note-101,22.1,unattributed,unresolved,numerical,Made smooth.,[]
suetonius.galba.loeb_eng1.xml,rolfe-galba-note-001,1.1,editor,unresolved,,Nero was the last who bore the name because of connection with the family of Augustus; after him it became a designation of rank.,"[{""source"": ""loeb2-uc1"", ""page"": ""191"", ""context"": ""caesars ended with nero. that\nthis would be"", ""marker_support"": false}]"
suetonius.galba.loeb_eng1.xml,rolfe-galba-note-002,1.1,unattributed,unresolved,,38 B.C.,[]
suetonius.galba.loeb_eng1.xml,rolfe-galba-note-003,1.1,editor,unresolved,,"""The Hen Roost.""",[]
suetonius.galba.loeb_eng1.xml,rolfe-galba-note-004,1.1,editor,unresolved,,"Those which they carried in their triumph, according to Pliny, N.H. 15. 136 f.",[]
suetonius.galba.loeb_eng1.xml,rolfe-galba-note-005,1.1,editor,unresolved,,No such temple is known.,[]
suetonius.galba.loeb_eng1.xml,rolfe-galba-note-006,2.1,unattributed,unresolved,,68 A.D.,[]
suetonius.galba.loeb_eng1.xml,rolfe-galba-note-007,2.1,editor,unresolved,,No existing inscription confirms this statement.,[]
suetonius.galba.loeb_eng1.xml,rolfe-galba-note-008,3.1,editor,unresolved,,"That is, of those of the Sulpicii who bore the surname Galba.","[{""source"": ""loeb2-uc1"", ""page"": ""193"", ""context"": ""bear the surname galba,\nwhy he assumed it"", ""marker_support"": false}]"
suetonius.galba.loeb_eng1.xml,rolfe-galba-note-009,3.1,editor,unresolved,,"The gum of a Syrian plant; see Pliny, N.H. 12. 126.",[]
suetonius.galba.loeb_eng1.xml,rolfe-galba-note-010,3.2,unattributed,unresolved,,145 B.C.,"[{""source"": ""loeb2-uc1"", ""page"": ""193"", ""context"": ""distinction from servius galba, 145 b...\nwho became consul and"", ""marker_support"": false}]"
suetonius.galba.loeb_eng1.xml,rolfe-galba-note-011,3.2,unattributed,unresolved,,150-136 B.C.,[]
suetonius.galba.loeb_eng1.xml,rolfe-galba-note-012,3.2,editor,unresolved,,"See Nero, iii. 1.",[]
suetonius.galba.loeb_eng1.xml,rolfe-galba-note-013,3.3,unattributed,unresolved,,22 A.D.,"[{""source"": ""loeb2-uc1"", ""page"": ""195"", ""context"": ""consulship, and although he 22 a.d.\nwas short of stature"", ""marker_support"": false}]"
suetonius.galba.loeb_eng1.xml,rolfe-galba-note-014,3.4,editor,unresolved,,"That is, after his consulship. Tiberius doubtless suspected him of a desire to enrich himself at the expense of the provincials; cf. Tib. xxxii. 2, at the end.",[]
suetonius.galba.loeb_eng1.xml,rolfe-galba-note-015,4.1,unattributed,unresolved,,"Dec. 24, 3 B.C.","[{""source"": ""loeb2-uc1"", ""page"": ""195"", ""context"": ""was born in the dec. 24,\nconsulship of marcus valerius"", ""marker_support"": false}]"
suetonius.galba.loeb_eng1.xml,rolfe-galba-note-016,4.2,editor,unresolved,,"The usual procedure, to avert the evil omen.","[{""source"": ""loeb2-uc1"", ""page"": ""197"", ""context"": ""a stroke of lightning,a\nand an eagle snatched"", ""marker_support"": false}]"
suetonius.galba.loeb_eng1.xml,rolfe-galba-note-017,4.2,editor,unresolved,,"Proverbial for ""never,"" like the Greek Kalends (Aug. lxxxvii. 1).",[]
suetonius.galba.loeb_eng1.xml,rolfe-galba-note-018,5.1,editor,unresolved,,To marry and rear a family was regarded as one of the duties of a good citizen.,"[{""source"": ""loeb2-uc1"", ""page"": ""199"", ""context"": ""a husband's duties,a\nbut after losing his"", ""marker_support"": false}]"
suetonius.galba.loeb_eng1.xml,rolfe-galba-note-019,6.1,editor,unresolved,,"Cf. Nero, xi. 2.","[{""source"": ""loeb2-uc1"", ""page"": ""199"", ""context"": ""elephants walking the rope. then he\ngoverned the"", ""marker_support"": false}]"
suetonius.galba.loeb_eng1.xml,rolfe-galba-note-020,6.1,editor,unresolved,,"That is to say, entering office on January 1, and with his colleague, L. Cornelius Sulla, giving his name to the year.",[]
suetonius.galba.loeb_eng1.xml,rolfe-galba-note-021,6.1,unattributed,unresolved,,33 A.D.,[]
suetonius.galba.loeb_eng1.xml,rolfe-galba-note-022,6.1,editor,unresolved,,Either Suetonius is in error or the manuscripts; the name should be Gnaeus.,[]
suetonius.galba.loeb_eng1.xml,rolfe-galba-note-023,6.3,editor,unresolved,,See Calig. xliii. and xliv.,"[{""source"": ""loeb2-uc1"", ""page"": ""201"", ""context"": ""and when gaius\narrived, galba and his army"", ""marker_support"": false}]"
suetonius.galba.loeb_eng1.xml,rolfe-galba-note-024,6.3,editor,unresolved,,Cf. Calig. xxvi. 2.,[]
suetonius.galba.loeb_eng1.xml,rolfe-galba-note-025,7.1,editor,unresolved,,"Except in special cases, the governors were appointed by lot from among those who were eligible.",[]
suetonius.galba.loeb_eng1.xml,rolfe-galba-note-026,7.2,editor,unresolved,,The modius was 8.75 litres.,"[{""source"": ""loeb2-uc1"", ""page"": ""203"", ""context"": ""hundred denarii a peck\nof wheat which was"", ""marker_support"": false}]"
suetonius.galba.loeb_eng1.xml,rolfe-galba-note-027,8.1,editor,unresolved,,See note on Jul. lxxix. 3.,"[{""source"": ""loeb2-uc1"", ""page"": ""203"", ""context"": ""member of the fifteen, of the brotherhood\nof"", ""marker_support"": false}]"
suetonius.galba.loeb_eng1.xml,rolfe-galba-note-028,8.1,editor,unresolved,,"The sodales Titii were an ancient priesthood of uncertain origin. The tradition arose that they were established to keep up the ancient Sabine worship, and named from Titus Tatius.",[]
suetonius.galba.loeb_eng1.xml,rolfe-galba-note-029,8.1,editor,unresolved,,See note on Claud. vi. 2.,[]
suetonius.galba.loeb_eng1.xml,rolfe-galba-note-030,8.1,editor,unresolved,,So as to be able to leave the country on short notice.,[]
suetonius.galba.loeb_eng1.xml,rolfe-galba-note-031,8.1,unattributed,unresolved,,60 A.D.,[]
suetonius.galba.loeb_eng1.xml,rolfe-galba-note-032,9.2,editor,unresolved,,See note on Claud. xxiv. 1.,"[{""source"": ""loeb2-uc1"", ""page"": ""205"", ""context"": ""nero to his agents.\nhe\nwas encouraged too"", ""marker_support"": false}]"
suetonius.galba.loeb_eng1.xml,rolfe-galba-note-033,9.2,editor,unresolved,,"Such predictions, like the responses of oracles, were in verse.",[]
suetonius.galba.loeb_eng1.xml,rolfe-galba-note-034,10.1,editor,unresolved,,"Instead of the emperor, as heretofore.",[]
suetonius.galba.loeb_eng1.xml,rolfe-galba-note-035,10.3,editor,unresolved,,"Evocati were soldiers who, after serving their time, were invited to continue their service. It is here an honorary title.","[{""source"": ""loeb2-uc1"", ""page"": ""207"", ""context"": ""the title of volunteers\nand keep guard before"", ""marker_support"": false}]"
suetonius.galba.loeb_eng1.xml,rolfe-galba-note-036,10.3,editor,unresolved,,See note on Jul. xxxiii.,[]
suetonius.galba.loeb_eng1.xml,rolfe-galba-note-037,10.5,editor,unresolved,,See chap. x. 1.,[]
suetonius.galba.loeb_eng1.xml,rolfe-galba-note-038,11.1,editor,unresolved,,See note on chap. i.,"[{""source"": ""loeb2-uc1"", ""page"": ""209"", ""context"": ""assumed that of caesar.b\nhe then began his"", ""marker_support"": false}]"
suetonius.galba.loeb_eng1.xml,rolfe-galba-note-039,12.1,editor,unresolved,,See note on Claud. xxiv. 1.,"[{""source"": ""loeb2-uc1"", ""page"": ""205"", ""context"": ""nero to his agents.\nhe\nwas encouraged too"", ""marker_support"": false}]"
suetonius.galba.loeb_eng1.xml,rolfe-galba-note-040,12.2,editor,unresolved,,Cf. Aug. xxiv. 2; Calig. xlviii. 1.,"[{""source"": ""loeb2-uc1"", ""page"": ""211"", ""context"": ""but even decimated them. he also disbanded a"", ""marker_support"": false}]"
suetonius.galba.loeb_eng1.xml,rolfe-galba-note-041,12.2,editor,unresolved,,See Aug. xlix. 1; Calig. lviii. 3.,[]
suetonius.galba.loeb_eng1.xml,rolfe-galba-note-042,12.3,editor,unresolved,,"Doubtless many of them were false or exaggerated. Galba's frugality was naturally regarded as stinginess by a people accustomed to a prince like Nero; see Nero, xxxi. 1.","[{""source"": ""loeb2-uc1"", ""page"": ""211"", ""context"": ""whether truly or falsely: d that\nwhen an unusually"", ""marker_support"": false}]"
suetonius.galba.loeb_eng1.xml,rolfe-galba-note-043,12.3,editor,unresolved,,"Plutarch, Galba, xvi., gives the story quite a different aspect, saying that the gift was of gold pieces, and that Galba said that it came from his own pocket, and not from the public funds.",[]
suetonius.galba.loeb_eng1.xml,rolfe-galba-note-044,13.1,editor,unresolved,,"The text is uncertain, but obviously the song ridiculed a stingy old countryman.","[{""source"": ""loeb2-uc1"", ""page"": ""213"", ""context"": ""onesimus from his farm\"" b\nall the spectators at"", ""marker_support"": false}]"
suetonius.galba.loeb_eng1.xml,rolfe-galba-note-045,14.1,editor,unresolved,,"Cf. the inimitable sentence of Tac. (Hist. 1. 49) maior privatus visus, dum privatus, et omnium consensu capax imperii, nisi imperasset.","[{""source"": ""loeb2-uc1"", ""page"": ""213"", ""context"": ""being an excellent\nprince; but he was by"", ""marker_support"": false}]"
suetonius.galba.loeb_eng1.xml,rolfe-galba-note-046,14.2,editor,unresolved,,Prefect of the praetorian guard.,"[{""source"": ""loeb2-uc1"", ""page"": ""213"", ""context"": ""prefect of the guard and intolerably\nhaughty and"", ""marker_support"": false}]"
suetonius.galba.loeb_eng1.xml,rolfe-galba-note-047,14.2,editor,unresolved,,See note on Jul. xxxiii.,[]
suetonius.galba.loeb_eng1.xml,rolfe-galba-note-048,14.3,editor,unresolved,,See note on Claud. xv. 1.,"[{""source"": ""loeb2-uc1"", ""page"": ""215"", ""context"": ""privileges of threefold paternity a to hardly one\nor"", ""marker_support"": false}]"
suetonius.galba.loeb_eng1.xml,rolfe-galba-note-049,14.3,editor,unresolved,,"See Claud. xxiii. 1, and the note.",[]
suetonius.galba.loeb_eng1.xml,rolfe-galba-note-050,15.1,editor,unresolved,,"These offices were numerous and varied. Since his apparent purpose was to check ambition and avarice, the senatorial offices referred to were probably military commands and governorships, and the equestrian, procuratorships; see note on Claud. xxxiv. 1.","[{""source"": ""loeb2-uc1"", ""page"": ""215"", ""context"": ""to senators and knights to a period\nof"", ""marker_support"": false}]"
suetonius.galba.loeb_eng1.xml,rolfe-galba-note-051,16.1,editor,unresolved,,"According to Plutarch (Galba, 2) it was Nymphidius Sabinus, prefect of the praetorian guard, who made this promise. Praepositi would include those who followed his example.","[{""source"": ""loeb2-uc1"", ""page"": ""217"", ""context"": ""for although their officersa had promised\nthem a"", ""marker_support"": false}]"
suetonius.galba.loeb_eng1.xml,rolfe-galba-note-052,16.1,editor,unresolved,,See chap. xi.,[]
suetonius.galba.loeb_eng1.xml,rolfe-galba-note-053,18.1,editor,unresolved,,As he was on his way to Rome. See chap. iv. 3.,"[{""source"": ""loeb2-uc1"", ""page"": ""219"", ""context"": ""route in\nevery town, an ox, maddened by"", ""marker_support"": false}]"
suetonius.galba.loeb_eng1.xml,rolfe-galba-note-054,18.2,editor,unresolved,,"The fire should have been blazing brightly and a youth clad in white should have carried the incense in a proper box (acerra, see chap. viii.), and the wine in a more costly and appropriate vessel.",[]
suetonius.galba.loeb_eng1.xml,rolfe-galba-note-055,18.3,editor,unresolved,,Of Piso.,[]
suetonius.galba.loeb_eng1.xml,rolfe-galba-note-056,19.1,editor,unresolved,,Of the praetorian guard.,[]
suetonius.galba.loeb_eng1.xml,rolfe-galba-note-057,20.1,editor,unresolved,,Which he had hitherto refused; see chap. xvi. 1.,"[{""source"": ""loeb2-uc1"", ""page"": ""223"", ""context"": ""even promised them largess. but the more general"", ""marker_support"": false}]"
suetonius.galba.loeb_eng1.xml,rolfe-galba-note-058,20.1,editor,unresolved,,See note on Calig. lviii. 2.,[]
suetonius.galba.loeb_eng1.xml,rolfe-galba-note-059,20.2,editor,unresolved,,"In the Forum; see Aug. lvii. 1, and Index.","[{""source"": ""loeb2-uc1"", ""page"": ""223"", ""context"": ""the lake of curtius and was\nleft lying"", ""marker_support"": false}]"
suetonius.galba.loeb_eng1.xml,rolfe-galba-note-060,20.2,editor,unresolved,,"Iliad, 5. 254; Odyss. 21. 426.",[]
suetonius.galba.loeb_eng1.xml,rolfe-galba-note-061,22.1,editor,unresolved,,The meaning of this passage is uncertain and the interpretations various; see the long note in the ed. of Baumgarten-Crusius. The meaning of super manus is particularly dark; the most plausible suggestion is that it is equivalent to ante se.,"[{""source"": ""loeb2-uc1"", ""page"": ""225"", ""context"": ""who waited on\nhim. he was more inclined"", ""marker_support"": false}]"
suetonius.galba.loeb_eng1.xml,rolfe-galba-note-062,23.1,unattributed,unresolved,,69 A.D.,"[{""source"": ""loeb2-uc1"", ""page"": ""225"", ""context"": ""in the seventy-third 69 a.d.\nyear of his age"", ""marker_support"": false}]"
suetonius.jc.holland1898-section.xml,holland-jc-note-002,1.1,unattributed,see curated changes; otherwise unresolved,annotation,"CAIUS CÆSARLVCIVS CAESAR, hee died sodainly at Pisæ in Italy, as hee put on his shooes in a morning, when hee was newe risen. Plin. Natur. Hist. lib. 7, c. 53.",[]
suetonius.jc.holland1898-section.xml,holland-jc-note-001,1.1,unattributed,see curated changes; otherwise unresolved,,"Sequentibus Coss. For at Rome they reckoned the yeares according to their Consuls: whose office ordinarily continued one yeare, and beganbegin with the yeare, upon the first day of Januarie.",[]
suetonius.jc.holland1898-section.xml,holland-jc-note-003,1.1,unattributed,unresolved,annotation,"Flamen Dialis, i. the great Priest of Jupiter. Three Flamens there were at Rome, by the first Institution: Dialis of Jupiter, Martialis of Mars, Quirinalis of Romulus; and these were the principall: unto whom (in processe of time) 12 more were adjoyned, attending all upon severall Godds and Goddesses. Carol. Sig. de ant. Jure Rom. lib. 1, cap. 19.",[]
suetonius.jc.holland1898-section.xml,holland-jc-note-004,1.1,unattributed,unresolved,annotation,"Ut repudiaret. In the civill Lawe, wee observe a difference betweene Repudium and Divortium. Repudium, when the man rejecteth and casteth off the woman betrothed only unto him before mariage in this forme, Conditione tua non utor. And in this wise Cæsar and Cossutia parted before. Divortium, when hee putteth her away after shee is his wedded wife, with these solemne words: Res tuas tibi habeto, or Res tuas tibi agito. Howbeit, in this place Repudiare is to be taken in this latter sense, for Cornelia was his wife, and had borne him a daughter. Paul. Modestin Caius.",[]
suetonius.jc.holland1898-section.xml,holland-jc-note-005,1.1,unattributed,unresolved,,Or Divorse.,[]
suetonius.jc.holland1898-section.xml,holland-jc-note-006,1.2,unattributed,unresolved,annotation,"I take it, that he meaneth such inheritances, as are not Testamentariæ, but Legitima: 1. Which when one dieth intestate, fall unto the children first, and for default of them, to the Agnati and Gentiles, i. to the next of kinne, and to the name. These are called with us, the Right heires at common Law. Vide Car. Sigon. de Judiciis, lib. cap. 4. De antiq. jur. civ. Rom. lib. 1, cap. 7.",[]
suetonius.jc.holland1898-section.xml,holland-jc-note-007,1.2,unattributed,unresolved,,Of Marius.,[]
suetonius.jc.holland1898-section.xml,holland-jc-note-008,1.2,unattributed,unresolved,,To flie into the Sabines Countrie.,[]
suetonius.jc.holland1898-section.xml,holland-jc-note-009,1.2,unattributed,unresolved,annotation,"The principall of them was, Cornelius Phagitas, a Freed man of Sulla, unto whom Cæsar gave two talents, for to escape his hands. See cap. 74, and Plutarchus.",[]
suetonius.jc.holland1898-section.xml,holland-jc-note-010,1.2,unattributed,unresolved,annotation,"It belonged unto these Votaries and Nunnes of Vesta, to goe betweene parties offended, and make reconciliation. See more hereof Alex. ab Alexandr. Genial die, lib. 5, cap. 12.",[]
suetonius.jc.holland1898-section.xml,holland-jc-note-011,1.2,unattributed,unresolved,,For Aurelia was his mother.,[]
suetonius.jc.holland1898-section.xml,holland-jc-note-013,2.1,unattributed,unresolved,annotation,"Young gentlemen of noble bloud, the better to bee trained up in martiall feats, and the knowledge of any Province affaires, were wont to attend the LL. Deputies there, and to be entertained with them in the same pavilion, as familiar companions. Cic. orat. pro Cælio et Plancio.",[]
suetonius.jc.holland1898-section.xml,holland-jc-note-012,2.1,unattributed,unresolved,,M. Minutius Thermus.,[]
suetonius.jc.holland1898-section.xml,holland-jc-note-014,2.1,unattributed,unresolved,annotation,"Libertines were such properly, as of bondmen were manumised and made Free, although Sueto. elsewhere, to wit in Cl. Cæs. nameth the children of such, Libertines; by which it appeareth that hee confoundeth them with Ingenui, i. Freeborne.",[]
suetonius.jc.holland1898-section.xml,holland-jc-note-015,2.1,unattributed,unresolved,annotation,"Clients have a relation to their Patrones: and as these were Patritii and Nobles, so the other were Commoners. And such a mutuall and reciprocall entercourse of duetie was betweene them, that as the Patrons were ready to instruct in the knowledge of the lawes, to defend and protect their Clients, who had put themselves into their patronage: so these were bound to attende their Patrons when they went abroad into the city and returned home, to relieve them with their purse in the bestowing of their daughters etc. And lawfull it was for neither of them to enforme, to depose, to give their voices, or to side with adversaries, one against another, without the note and guilt of treachery and perfidious prodicion.",[]
suetonius.jc.holland1898-section.xml,holland-jc-note-016,2.1,unattributed,unresolved,annotation,"Made of oken branches, or of Ilex, or Esculus, bearing mast, in defect of the Oke for saving the life of a citizen. Although Generals of the field were honoured therewith, in other respects.",[]
suetonius.jc.holland1898-section.xml,holland-jc-note-017,3.1,unattributed,unresolved,,"Surnamed so of the people in Cilicia named Isauri, whom he subdued.",[]
suetonius.jc.holland1898-section.xml,holland-jc-note-018,3.1,unattributed,unresolved,annotation,"Who being Consull with Q. Catulus Luctatius, went about to repeale and anull all the Actes of Sulla late deceased, and so kindled a newe civill warre.",[]
suetonius.jc.holland1898-section.xml,holland-jc-note-019,3.1,unattributed,unresolved,,So variable and indiscreet.,[]
suetonius.jc.holland1898-section.xml,holland-jc-note-020,4.1,unattributed,unresolved,annotation,"By the death of Lepidus, whom his Colleague Catulus drave out of Italy into Sardinia, where he dyed, as some write, of a violent Rheume: or as others, with a deepe thought that he tooke, upon intelligence that he had of his wives adultery, in which melancholy he pyned away. Plutarch.",[]
suetonius.jc.holland1898-section.xml,holland-jc-note-021,4.1,unattributed,unresolved,,Whiles hee governed his Province.,[]
suetonius.jc.holland1898-section.xml,holland-jc-note-022,4.1,unattributed,unresolved,,For calling into question so honorable a person.,[]
suetonius.jc.holland1898-section.xml,holland-jc-note-023,4.1,unattributed,unresolved,,"Moloni, not Molonis, as Plutarch taketh it, that is, the son of Molon.",[]
suetonius.jc.holland1898-section.xml,holland-jc-note-024,4.1,unattributed,unresolved,,"Hibernis mensibus, that is, In the Winter moneths which were Decemb. Januar. Febr.",[]
suetonius.jc.holland1898-section.xml,holland-jc-note-025,4.1,unattributed,unresolved,,Some reade dignatione in a divers sense.,[]
suetonius.jc.holland1898-section.xml,holland-jc-note-026,4.1,unattributed,unresolved,,"Medico, vel amico, that is, a friend.",[]
suetonius.jc.holland1898-section.xml,holland-jc-note-027,4.2,unattributed,unresolved,,Or the rest of his companions and servants.,"[{""source"": ""holland1-uc1"", ""page"": ""17"", ""context"": ""rest of his servants belonging to his\ntraine"", ""marker_support"": false}, {""source"": ""holland1-hvd"", ""page"": ""17"", ""context"": ""rest of his servants belonging to his\ntraine"", ""marker_support"": false}]"
suetonius.jc.holland1898-section.xml,holland-jc-note-028,4.2,unattributed,unresolved,,"To the Cities of Asia, a Province adjoyning.",[]
suetonius.jc.holland1898-section.xml,holland-jc-note-029,5.1,unattributed,unresolved,annotation,"These Tribunes Militarie, call them Colonels over a thousand footmen, whereupon they tooke that name first, to wit, when the Romaine Legion consisted of 3000 according to the three ancient Tribes, Rhamnium, Lucerum and Tatiensium: or High Marshals, as Budæus would have them to be, considering the execution of their office in the campe, not much unlike to our Kn. Marshals in these daies; some by vertue of an Act or Lawe preferred by Rutilus Rufus, were chosen in the Armie by the L. Generall, and named Rutuli or Rufuli, others by the voices of the people in their publick assemblyes for Elections called Comitia, and for distinction sake, named Comitiati. And such a Tribune Militarie was Cæsar in this place.",[]
suetonius.jc.holland1898-section.xml,holland-jc-note-030,5.1,unattributed,unresolved,,"C. Cotta, M. Crassus, and Cn. Pompeius, who were the chiefe.",[]
suetonius.jc.holland1898-section.xml,holland-jc-note-031,5.1,unattributed,unresolved,,A Tribune of the Commons.,[]
suetonius.jc.holland1898-section.xml,holland-jc-note-032,5.1,unattributed,unresolved,annotation,"Rogatione Plotia. A bill preferred, and the same as a Lawe not yet enacted, was called Rogatio, (as one would say) Interrogatio: for that the people were demaunded and asked their opinions in this forme of words: Velitisné, jubeatisné Quirites, etc.: Is it your will and pleasure, yee citizens of Rome, that such a thing should passe, or no? And of him who proposed the same, it tooke the name.",[]
suetonius.jc.holland1898-section.xml,holland-jc-note-033,5.1,unattributed,unresolved,,Lepidus.,[]
suetonius.jc.holland1898-section.xml,holland-jc-note-034,6.1,unattributed,unresolved,,Treasurer.,[]
suetonius.jc.holland1898-section.xml,holland-jc-note-035,6.2,unattributed,unresolved,,"Of the Goddesse Bona: which were celebrated in Cæsars house, being the Pontifex.",[]
suetonius.jc.holland1898-section.xml,holland-jc-note-037,7.1,unattributed,unresolved,,Antistius Vetus.,[]
suetonius.jc.holland1898-section.xml,holland-jc-note-038,7.1,unattributed,unresolved,,In head shire Townes which were called Conventus. Plin.,[]
suetonius.jc.holland1898-section.xml,holland-jc-note-039,7.1,unattributed,unresolved,,"That is, 33. C. Philip. 5.",[]
suetonius.jc.holland1898-section.xml,holland-jc-note-040,8.1,unattributed,unresolved,annotation,"By the Latine Colonies, are meant here those beyond the Po, which being before endowed Latinitate, i. with the freedome of Latium, stood not therwith contented, unlesse they might be donati civitate, i. enjoy the Franchises and Freedome of Rome.",[]
suetonius.jc.holland1898-section.xml,holland-jc-note-042,9.1,unattributed,unresolved,,Or L. rather.,[]
suetonius.jc.holland1898-section.xml,holland-jc-note-043,9.3,unattributed,unresolved,,"So called of a river, neere into which they dwelt beyond the Po.",[]
suetonius.jc.holland1898-section.xml,holland-jc-note-044,9.3,unattributed,unresolved,,"Who was slaine by Spanish Horsemen, of whom hee had the conduct.",[]
suetonius.jc.holland1898-section.xml,holland-jc-note-045,10.1,unattributed,unresolved,annotation,"Commitium was one part of the Forum Romanum, wherein stood the Rostra, and the people used to assemble for election of Magistrates, for making of Lawes, and hearing of publike Orations.",[]
suetonius.jc.holland1898-section.xml,holland-jc-note-046,10.1,unattributed,unresolved,,"Geminis fratribus, that is, Castor and Pollux, who commonly be called Gemini fratres.",[]
suetonius.jc.holland1898-section.xml,holland-jc-note-048,11.1,unattributed,unresolved,,"Ptolomeus Auletes the Father of Cleopatra, who many yeares after by Gabinius was restored to his Kingdome.",[]
suetonius.jc.holland1898-section.xml,holland-jc-note-049,11.1,unattributed,unresolved,,"This is by the figure Prolepsis to be understood of Cæsar when hee was Prætour of the Citie: as who favoured the Faction of Marius both then and before, howsoever it may seem that Suetonius speaketh this of him being Ædile, or presently after his Ædileship: which by Torrentius leave, may well stand with the truth.",[]
suetonius.jc.holland1898-section.xml,holland-jc-note-050,11.1,unattributed,unresolved,annotation,"Sulla, in the time of his proscription and outlawing of the adverse faction of C. Marius, ordained two talents for every one that killed any of the proscribed and brought him his head, not sparing master or father: but that the servant might kill his master and the sonne his father; nay hee made it death if they saved any such.",[]
suetonius.jc.holland1898-section.xml,holland-jc-note-051,11.1,unattributed,unresolved,annotation,Of Cornelius Sulla.,[]
suetonius.jc.holland1898-section.xml,holland-jc-note-052,12.1,unattributed,unresolved,annotation,T. Labienus. Cicero and Hortensius pleaded for him.,[]
suetonius.jc.holland1898-section.xml,holland-jc-note-053,12.1,unattributed,unresolved,annotation,"For, to kill a Tribune of the Commons, who were Sacrosancti and Inviolabili, would beare the Action Perduellionis. And that was laide to Rabirius a Senatour his charge, although indeede hee slewe him not, but one Scava: mary, when he was killed, hee caused his head, in most ludibrious manner to be caried about. Now was the crime Perduellionis, all one with treason against the Common wealth, or a principall person of State: or else Felonie in some high degree.",[]
suetonius.jc.holland1898-section.xml,holland-jc-note-054,12.1,unattributed,unresolved,,In place of the Pretor.,[]
suetonius.jc.holland1898-section.xml,holland-jc-note-055,12.1,unattributed,unresolved,annotation,"The liberty of appealing unto the people, was graunted by Tullus Hostilius the third king of the Romaines, as appeareth by Livius, in the case of Horatius, for killing his owne sister.",[]
suetonius.jc.holland1898-section.xml,holland-jc-note-056,12.1,unattributed,unresolved,,Cæsar.,[]
suetonius.jc.holland1898-section.xml,holland-jc-note-057,13.1,unattributed,unresolved,,"That is, Egipt and the restoring of the king afore said.",[]
suetonius.jc.holland1898-section.xml,holland-jc-note-058,13.1,unattributed,unresolved,annotation,"Q. Lutatius Catulus, and P. Servilius Isauricus.",[]
suetonius.jc.holland1898-section.xml,holland-jc-note-059,13.1,unattributed,unresolved,,Which were 35.,[]
suetonius.jc.holland1898-section.xml,holland-jc-note-061,14.1,unattributed,unresolved,,Ultimum supplicium.,[]
suetonius.jc.holland1898-section.xml,holland-jc-note-062,14.1,unattributed,unresolved,,"As if he ment by ultimum supplicium, imprisonment or some lesse punishment then death.",[]
suetonius.jc.holland1898-section.xml,holland-jc-note-063,14.2,unattributed,unresolved,,Quintus Cicero.,[]
suetonius.jc.holland1898-section.xml,holland-jc-note-064,14.2,unattributed,unresolved,,M. Cicero.,[]
suetonius.jc.holland1898-section.xml,holland-jc-note-065,14.2,unattributed,unresolved,,Of Consul and Senate.,[]
suetonius.jc.holland1898-section.xml,holland-jc-note-066,14.2,unattributed,unresolved,,Plutarch nameth Curio for one of them.,[]
suetonius.jc.holland1898-section.xml,holland-jc-note-067,14.2,unattributed,unresolved,,Of M. T. Cicero the Consul his yeere which now drew to an end.,[]
suetonius.jc.holland1898-section.xml,holland-jc-note-068,15.1,unattributed,unresolved,annotation,"Cæsar envying such an honour unto Catulus, as to reedifie and dedicate the Capitol consumed with fire, a peece of worke that Sulla the Dictatour tooke in hand but finished not, and the onely thing wherby his felicity was not compleat, would have put him by it and conferred it upon another and therefore put the matter in question before the bodie of the people, there to bee discussed and debated, whether it were their minde and will that Catulus should doe it, or some other.",[]
suetonius.jc.holland1898-section.xml,holland-jc-note-069,15.1,unattributed,unresolved,annotation,"A Lawe is said to be promulged, after it is once proposed for to bee considered upon, untill it be fully enacted: during which time, reasons were alledged for the convenience thereof, or otherwise; and free it was for any man who had a voice to impugne or allowe it.",[]
suetonius.jc.holland1898-section.xml,holland-jc-note-070,15.1,unattributed,unresolved,,"That is, to Cn. Pompeius.",[]
suetonius.jc.holland1898-section.xml,holland-jc-note-071,15.1,unattributed,unresolved,annotation,"Optimates and Populares, were in the citie of Rome opposite either against other, and are lively described by Cicero in his Oration, pro Sextio, in these wordes. Duo genera in hac civitate semper fuerunt eorum, qui versari in rep. atque in ea se excellentius gerere studuerunt. Quibus ex generibus, alteri Populares, alter, Optimates et haberi et esse voluerunt. Qui ea quæ faciebant, quæque dicebant, multitudini jucunda esse volebant, Populares: qui autem ita se gerebant, ut sua consilia optimo cuique probarentur; Optimates habebantur. Item. Quis ergo est Optimas? quis? De numero si quæris innumerabiles, neque enim aliter stare possemus. Sunt principes consilii publici. Sunt qui eorum sectam sequuntur. Sunt maximorum Ordinum homines quibus patet Curia, Sunt municipes Rusticique; Roma, Sunt negotia gerentes, sunt etiam Libertini Optimates. Wherby it appeareth, that those were counted Optimates, not simply of noble birth, and of great wealth, etc.: but were they Patritii, Equites, or Plebeii, if they stoode for good thinges, or favoured those that so did; nay, whether they were Burgesses of Free Burroughes, yeomen of the country following husbandry, Merchants and Tradesmen, or very Libertines, so they affected good causes, they were reckoned in the number of Optimates. On the other side, as many as aymed onely at this, to please and content the multitude, were they never so well borne or otherwise qualified, they went in the rancke of Populares; so that it seemeth, that Populares were the Forensis factio, that Livie writeth of, and whome Q. Fabius reduced all in to the foure Tribus urbanas; and Optimates, the Tribus rusticæ, wherein was integer populus, fautor et cultor bonorum. Thus much of the strickt signification of this worde Optimates. But for as much as commonly fewe of the Nobilitie and Gentry of Rome were Popular, and as fewe of the Communaltie favourers of the best things usually; by these Optimates, or the better sort, are ment the Patritii and Gentlemen.",[]
suetonius.jc.holland1898-section.xml,holland-jc-note-072,15.1,unattributed,unresolved,annotation,"Upon the Kalends of January, i. the first day of the yeare, the Consuls entred their officie, on which day attended they were obsequiously by those better sort of the citizens and their friends, waiting upon them, when they went up into the Capitoll for to Sacrifice, and home againe. On this day likewise it appeareth, that Cæsar began his Pretorshipp.",[]
suetonius.jc.holland1898-section.xml,holland-jc-note-073,16.1,unattributed,unresolved,,Surnamed Nepos (as Valerius witnesseth) for his riotous life and behaviour.,"[{""source"": ""holland1-uc1"", ""page"": ""24"", ""context"": ""but, whereas cecilius metellus a tribune of the"", ""marker_support"": false}, {""source"": ""holland1-hvd"", ""page"": ""24"", ""context"": ""but, whereas cecilius metellus a tribune of the"", ""marker_support"": false}]"
suetonius.jc.holland1898-section.xml,holland-jc-note-074,16.1,unattributed,unresolved,annotation,"This purple Robe bordered, called Prætexta, was a Garment not proper to the Pretors onely, but to other Magistrates also. Embrodered it was or garded about with purple. For Plinie writeth, that Lentulus Spinter Ædile Curule, wore in his Robe, purple of a duble die, called thereupon, Dibapha. And thereupon it was called in Greek περιπόρφυρος. And not onely citie-Magistrates, but Priestes and children of gentle birth used the same. Setting aside the border of purple, it was otherwise white.",[]
suetonius.jc.holland1898-section.xml,holland-jc-note-075,16.2,unattributed,unresolved,annotation,"By Curia simply without any adjunction, is ment Curia Hostilia, as witnesseth Alex. ab Alexandro. i. A statly place built by K. Tullius Hostilius in the Forum Romanum, neere unto the Rostra: where, as in the Parliament house assembled the Senators ordinarily to consult upon the affaires of State. For, other places there were, under the name of Curia, wherein likewise the Senat met together, as Curia Pompeii, in which Cæsar was murdered, Divi Augusti, etc., but then they had their addition. I am not ignorant, that other Curiæ there were for the Pontifies and Priestes. To say nothing how the people was divided into Curisa, id est, Parishes, and in every of them was a Curia, and a superintendent or Curate called Curio.",[]
suetonius.jc.holland1898-section.xml,holland-jc-note-076,17.1,unattributed,unresolved,,"Indice, some reade Judice, that is, as if Judex were his surname.","[{""source"": ""holland1-uc1"", ""page"": ""25"", ""context"": ""vettius who appeached him; and also in the"", ""marker_support"": false}, {""source"": ""holland1-hvd"", ""page"": ""25"", ""context"": ""vettius who appeached him; and also in the"", ""marker_support"": false}]"
suetonius.jc.holland1898-section.xml,holland-jc-note-077,17.2,unattributed,unresolved,annotation,"Superiour Magistrates, bee the Consuls, Pretours and Censors, the rest as Ædiles, Questors, were accounted inferiour, etc.",[]
suetonius.jc.holland1898-section.xml,holland-jc-note-079,18.1,unattributed,unresolved,annotation,"Crassus is named for one, who entred into a bond for him of 830 talents, what time Cæsar deeply indebted, said, bis millies et quingenties centena millia numum sibi adesse oportere, ut nihil haberet, id est, that 250 millions of sesterces would but set him cleare with the world.",[]
suetonius.jc.holland1898-section.xml,holland-jc-note-080,18.2,unattributed,unresolved,,"Cato, and his followers.","[{""source"": ""holland1-uc1"", ""page"": ""26"", ""context"": ""and many withstoode him labouring as he did"", ""marker_support"": false}, {""source"": ""holland1-hvd"", ""page"": ""26"", ""context"": ""and many withstoode him labouring as he did"", ""marker_support"": false}]"
suetonius.jc.holland1898-section.xml,holland-jc-note-081,18.2,unattributed,unresolved,annotation,"By the Lawes, none might make suit for a tryumph, but whiles they remained absent without the citie, nor for a Consulship except they were present as private persons within the citie. In these streights, Cæsar made choyce to be Consull, and gave over his right to a triumph, for the victorie obteyned in Spaine over the Calleci and Lusitanes.",[]
suetonius.jc.holland1898-section.xml,holland-jc-note-082,19.1,unattributed,unresolved,annotation,"The manner was at Rome, that they who sued for Magistracies should for the obteining of the peoples voices and suffrages make promise of certaine summes of money to be distributed amonge them, and such as were appointed to deale the saide Largesse, they called Divisores. Now, for that the Election of Consuls passed by Comitia centuriata, that is, by the assembly of the people, by their centuries or Hundreds according as Serv. Tullus first ordeyned them, therefore was this money to bee devided amongst them, as they gave their voices.",[]
suetonius.jc.holland1898-section.xml,holland-jc-note-083,19.1,unattributed,unresolved,,Optimates.,[]
suetonius.jc.holland1898-section.xml,holland-jc-note-084,19.1,unattributed,unresolved,,Consull.,[]
suetonius.jc.holland1898-section.xml,holland-jc-note-085,19.2,unattributed,unresolved,annotation,"Provinces signifie three things, the countries conquered or yeilded, and the same governed by Roman Deputies: and this is the proper and primative signification thereof, also the Region wherein any Roman Generall by commission from the state maketh warr: and last of all, what publick function or affaires soever is to be administred. In which sence it is heere taken.",[]
suetonius.jc.holland1898-section.xml,holland-jc-note-086,19.2,unattributed,unresolved,annotation,"Either for the cutting downe of trees for the best commodities. or els for a gaurd to be kept neare unto them, to suppresse the outrage committed by theeves, haunting the same and robbing and spoyling passengers.",[]
suetonius.jc.holland1898-section.xml,holland-jc-note-087,19.2,unattributed,unresolved,annotation,"To amend the waies and beaten pathes, where, either wayfairing men or beastes shoulde passe with more ease. And verily these were base matters and requiring no great forces to bee performed: and so by consequence, the Consuls employed therein could compasse no greate projects and therefore lesse to be feared.",[]
suetonius.jc.holland1898-section.xml,holland-jc-note-088,19.2,unattributed,see curated changes; otherwise unresolved,annotation,"This societie bred the Civill warre that after ensued, betweene Ceasar and Pompeius unto which the Poet Lucan alluded writing thus. Tu causa malorumFacta tribus dominis communis Roma.",[]
suetonius.jc.holland1898-section.xml,holland-jc-note-089,20.1,unattributed,unresolved,annotation,As well to avoide tedious canvassings and consultations as to provide for the historie and memoriall of every matter.,[]
suetonius.jc.holland1898-section.xml,holland-jc-note-090,20.1,unattributed,unresolved,annotation,"One of the Consuls onely had the twelve Lictors going before him, with the rods and axes to witt, each of them their moneths, by turnes one after the other, Ne si ambo fasces haberent duplicatus terror videretur. As Livie writeth: An ordinance as auncient well neere, as the first institution of Consuls.",[]
suetonius.jc.holland1898-section.xml,holland-jc-note-091,20.1,unattributed,unresolved,annotation,"Accensus, an officer attendant upon Magistrate, so named ab acciendo, id est, of giving summons to any for appearance, or of calling any to the Magistrate.",[]
suetonius.jc.holland1898-section.xml,holland-jc-note-092,20.1,unattributed,unresolved,,"Turbis alias culpis, that is, Trespasses or offences.",[]
suetonius.jc.holland1898-section.xml,holland-jc-note-093,20.1,unattributed,unresolved,,"Obnunciaret, by pronouncing out of the Augurs learning, that the day was nefastus et non comitialis, that is, no Law-day.",[]
suetonius.jc.holland1898-section.xml,holland-jc-note-094,20.1,unattributed,unresolved,,"Per edicta, some read, per lictores, that is, by his Serjeants and Officers.",[]
suetonius.jc.holland1898-section.xml,holland-jc-note-095,20.3,unattributed,unresolved,,At the discretion of xx. men deputed Commissioners for that purpose.,"[{""source"": ""holland1-uc1"", ""page"": ""28"", ""context"": ""divided without casting lots, among\ntwentie thousand citizens"", ""marker_support"": false}, {""source"": ""holland1-hvd"", ""page"": ""28"", ""context"": ""divided without casting lots, among\ntwentie thousand citizens"", ""marker_support"": false}]"
suetonius.jc.holland1898-section.xml,holland-jc-note-096,20.3,unattributed,unresolved,annotation,"Great indulgences, immunities and priviledges were graunted by the Romanes unto those that had jus trium liberorum: but as Appian writeth more particularly to the explication of this place, there assembled 20000 together, craving maintenance and foode every man, for three children and more that they had.",[]
suetonius.jc.holland1898-section.xml,holland-jc-note-097,20.3,unattributed,unresolved,annotation,"Publicanes were they that either for a certaine rent tooke to ferme the publicke revenewes of the City, whether it were corne, pasturage, customes, impostes, etc., or undertooke by the grosse to make provision for the state, or to build and repaire any citie-workes, etc.",[]
suetonius.jc.holland1898-section.xml,holland-jc-note-098,20.3,unattributed,unresolved,,For that they had taken things at too high a rate.,[]
suetonius.jc.holland1898-section.xml,holland-jc-note-101,20.5,unattributed,unresolved,,"Id est Vettius Judex aforesaid: For, dead hee was found in prison by night.",[]
suetonius.jc.holland1898-section.xml,holland-jc-note-102,21.1,unattributed,unresolved,,Whom hee promised in mariage the daughter of Cn. Pompeius.,"[{""source"": ""holland1-uc1"", ""page"": ""29"", ""context"": ""former spouse\nservilius cæpio, by whose helpe especially"", ""marker_support"": false}, {""source"": ""holland1-hvd"", ""page"": ""29"", ""context"": ""former spouse\nservilius cæpio, by whose helpe especially"", ""marker_support"": false}]"
suetonius.jc.holland1898-section.xml,holland-jc-note-103,21.1,unattributed,unresolved,annotation,"This was not more maiorum, for then his sentence should have bene demaunded first, that by the Censors was elected Princeps Senatus, id est, President of the Counsell: but extraordinarily, as appeareth by Aul. Gel. Noct. Attic. lib. 4, cap. 10, and lib. 14, сар. 7.",[]
suetonius.jc.holland1898-section.xml,holland-jc-note-105,22.1,unattributed,unresolved,,Cn. Pompeius.,[]
suetonius.jc.holland1898-section.xml,holland-jc-note-106,22.1,unattributed,unresolved,annotation,"For as Livie testifieth, lib. 38. The Romanes triumphed oftener over the Gaules, than over all the world beside.",[]
suetonius.jc.holland1898-section.xml,holland-jc-note-107,22.1,unattributed,unresolved,annotation,"Which Vatinius a Tribune of the Commons proposed in the behalfe of Julius Ceasar, that for five yeares together, hee should (without casting lots, and the Senates decree), governe Cisalpine Gaule, together with Illyricum: contrarie to the Lawe Sempronia, which provided that such Provinciall Governours, or LL. Deputies, should yearely bee chosen by the Senate. Carol. Sigon. lib. 2, cap. 1, de antiquo jure provinciarum.",[]
suetonius.jc.holland1898-section.xml,holland-jc-note-108,22.1,unattributed,unresolved,annotation,"Cisalpina Gallia, is that, which lay betweene Italy and the Alpes, divided into Cispadana and Transpadana, according to the site thereof, either on this side, or beyond the river Po: it caried the name likewise of Togata, either because it was much inhabited by the Romanes, or for that unto this Province the Romane Robe Toga was graunted, or els in regard that the saide Province was more civill and peaceable, than the other called Transalpina.",[]
suetonius.jc.holland1898-section.xml,holland-jc-note-109,22.1,unattributed,unresolved,annotation,"Comata Gallia, a part of Gallia Transalpina, lying beyond the Alpes, from Italy toward Spaine: so called for the long haire that they wore: and συνεκδοχικῶς put for the whole Transalpine Province, like as Brachata, one part of the said Province, so called of a certaine kinde of apparell, is taken for the whole and confounded with Comata.",[]
suetonius.jc.holland1898-section.xml,holland-jc-note-110,22.2,unattributed,unresolved,annotation,"This terme, which they commonly use, who threaten such as they contemne, may bee drawen to an obsceene and filthy sense, not heere to bee named: and albeit Ceasar hereby was galled to the quick, as privie to himselfe, of the passive abuse of his body with K. Nicomedes, yet in his answere thereto, he turned it to another signification.",[]
suetonius.jc.holland1898-section.xml,holland-jc-note-111,22.2,unattributed,unresolved,annotation,"Warlike women, so called (as some write) of their paps which they did cut off and sear, therby to bee more expedite and nimble in fight, and to shoot at greater ease. See Strabo, Justin. Q. Curtius, Herodotus, etc.",[]
suetonius.jc.holland1898-section.xml,holland-jc-note-112,23.1,unattributed,unresolved,,Whether they should be repealed or stand in force.,"[{""source"": ""holland1-uc1"", ""page"": ""30"", ""context"": ""examination and censure thereof unto the body of"", ""marker_support"": false}, {""source"": ""holland1-hvd"", ""page"": ""30"", ""context"": ""examination and censure thereof unto the body of"", ""marker_support"": false}]"
suetonius.jc.holland1898-section.xml,holland-jc-note-113,23.1,unattributed,unresolved,,When he was Consul.,[]
suetonius.jc.holland1898-section.xml,holland-jc-note-114,23.1,unattributed,unresolved,annotation,"For, if his Questour or Treasurer had beene condemned, it would have beene a shrewde precedent for his conviction also in the same cause.",[]
suetonius.jc.holland1898-section.xml,holland-jc-note-116,24.1,unattributed,unresolved,annotation,"Who stoode in Election for the Consulshippe: so called of the whited robe, which they put on, who sued for such Magistracies and places of Honour. For whereas the ordinarie gowne that Romaine citizens daily wore, was white of it selfe, against such a time they made it whiter with chalke: so that a difference there was betweene Toga alba, and candida, whereupon they were called Candidati, as appeareth by Macrobius, and T. Livius, lib. 4 ab urb. condita.",[]
suetonius.jc.holland1898-section.xml,holland-jc-note-118,24.3,unattributed,unresolved,,"Namely Cato, Plutarch.",[]
suetonius.jc.holland1898-section.xml,holland-jc-note-119,24.3,unattributed,unresolved,annotation,"Supplication, was a solemne Honour done unto the Lord Generall of a Province upon some notable victorie. For the manner was, that LL. Governours, after they were by their Souldiers salute by the name of Emperour, i. Soveraigne commanders, should send their Letters dight with Lawrell unto the Senate, wherin they required both to be stiled by the saide name, and also to have solemne processions made by the people in the Temples, and thanksgiving unto the Gods for their good successe, which solemnity, at the first continued but one day, as T. Livius reporteth in the 304 yeare after the foundation of Rome: but processe of time, it grewe to 4 and 12. And at length, Ceasar obtained it for 15, yea and 20 daies together, as Plutarch testifieth in his life, and himselfe in his owne Comentaries, of the Gauls warre.",[]
suetonius.jc.holland1898-section.xml,holland-jc-note-120,26.1,unattributed,unresolved,,Aurelia a Dame of singular chastitie.,[]
suetonius.jc.holland1898-section.xml,holland-jc-note-121,26.1,unattributed,unresolved,,"Neptem, alii nepotem, that is, Nephew.",[]
suetonius.jc.holland1898-section.xml,holland-jc-note-122,26.1,unattributed,unresolved,,By Milo.,[]
suetonius.jc.holland1898-section.xml,holland-jc-note-123,26.2,unattributed,unresolved,annotation,"Super HS. millies. This character HS. standeth for a Silver coyne in Rome, which is the three halfe pence, farthing, cue, the 4 part of Denarius: and is called Sextertius quasi sesquitertius: as one would say, valuing two brasen Asses and the halfe of a third: so common a peece of money there, that Numus put absolutely alone, standeth for it and no other coine: so that Millies sestertium and millies nummum are both one. Now if the Romaine Denier bee valued at vii d. ob. with us, and 100 Deniers arise to one pound starling: this summe here set downe, that is to say, a Sesterne multiplyed by the Adverbe Millies, amounteth by just account unto 781250 li. starling. And thereto for the overdeale or surplusage ducenties sestertium, which is one 5 part of the former summe, it maketh up 937500 li. sterling. A thing that may be thought incredible, but that we reade that Ceasar himselfe saide, hee was 250 millions in debt when he went into Spaine, and P. Clodius, whom Milo slewe, dwelt in a house, the purchase whereof cost him almost 15 millions. No marvell therefore, if so many houses, which Cæsar must needs buy for the plot of ground aforesaid and in so populous a city, cost not so little as a hundred millions.",[]
suetonius.jc.holland1898-section.xml,holland-jc-note-124,26.2,unattributed,unresolved,,"That is, a hundred millians of Sesterces, and 20, as Plinie writeth, lib. 36, cap. 15, if Glareanus readeth truly, Millies ducenties.",[]
suetonius.jc.holland1898-section.xml,holland-jc-note-125,26.2,unattributed,unresolved,,Domesticatim.,[]
suetonius.jc.holland1898-section.xml,holland-jc-note-127,27.1,unattributed,unresolved,annotation,"The dole given by a Prince or great man unto the people, was properly called a Congiarie, which word tooke name of the measure Congius among the Romaines, consisting of 6 Sextarii, and is answerable to our gallon: by which Oyle or wine was given. Howbeit καταχρηστικώς, any such publicke munificence, in mony or otherwise is so called: and in this place, by it are ment other gifts bestowed upon private persons.",[]
suetonius.jc.holland1898-section.xml,holland-jc-note-128,27.1,unattributed,unresolved,,Or Patrone.,[]
suetonius.jc.holland1898-section.xml,holland-jc-note-129,28.2,unattributed,unresolved,,Ei plebiscito.,[]
suetonius.jc.holland1898-section.xml,holland-jc-note-130,28.2,unattributed,unresolved,annotation,"In some copies, wee reade, Quando nec plebisicito Pompeius postea abrogasset. To this sence: That Cæsar beeing absent, was not eligible by vertue of an Act made by Pompeius to that effect, considering he had not abrogated the same by any ordinance of the people, but onely of his owne authority corrected it after it stood upon record in the city chamber.",[]
suetonius.jc.holland1898-section.xml,holland-jc-note-131,30.2,unattributed,unresolved,annotation,This hath reference unto his violent dealing with his fellowe Consull Bibulis. See before in the 20 chapter.,[]
suetonius.jc.holland1898-section.xml,holland-jc-note-132,33.1,unattributed,unresolved,annotation,"Which is the State and worth of a Romaine knight or gentleman according to this verce of Horace: Si quadringintis sex, septem millia desint, Plebs eris, etc., and amounteth to 3125 li. starling.",[]
suetonius.jc.holland1898-section.xml,holland-jc-note-133,33.1,unattributed,unresolved,annotation,"The fourth finger next unto the little one, honoured especially with a golde ring, for that there is an evident arterie from the heart reaching unto it. Gellius. But Plinie alledgeth another reason.",[]
suetonius.jc.holland1898-section.xml,holland-jc-note-134,33.1,unattributed,unresolved,annotation,"He would doe any thing rather than his souldiers so well deserving at his hands, should not bee satisfied: such a credit caried the ring upon a Romaines finger.",[]
suetonius.jc.holland1898-section.xml,holland-jc-note-136,34.2,unattributed,unresolved,annotation,"As if Petreius, Afranius, and Varro had no skill in martiall feats.",[]
suetonius.jc.holland1898-section.xml,holland-jc-note-137,34.2,unattributed,unresolved,annotation,"He meaneth Cn. Pompeius, for his militarie knowledge and warlike exploytes surnamed Magnus, i. the Greate: whose principall power was now overthrowne at Ilerda in Spaine.",[]
suetonius.jc.holland1898-section.xml,holland-jc-note-138,37.2,unattributed,unresolved,,A streete in Rome.,[]
suetonius.jc.holland1898-section.xml,holland-jc-note-139,37.2,unattributed,unresolved,annotation,"Lychnuchos Gestantibus, bearing either young men that caried Linckes, Torches, and cresset lights: or els braunches and candle stickes, resembling them, and holding the said lights. Some reade, Lychnos gestantibus, i. bearing lights: but to the same affect.",[]
suetonius.jc.holland1898-section.xml,holland-jc-note-140,37.2,unattributed,unresolved,,Sicut cæteri.,[]
suetonius.jc.holland1898-section.xml,holland-jc-note-141,38.1,unattributed,unresolved,annotation,"Super bina HS., i. Sestertia: that is to say, 15 li. 12s. 6d.",[]
suetonius.jc.holland1898-section.xml,holland-jc-note-142,38.1,unattributed,unresolved,,"Or rather vicena, that is 20000.",[]
suetonius.jc.holland1898-section.xml,holland-jc-note-143,38.1,unattributed,unresolved,annotation,"Quaterna Sestertia, i. 31 li. 5s.",[]
suetonius.jc.holland1898-section.xml,holland-jc-note-144,38.1,unattributed,unresolved,,"Rather quadragena, that is 40000. By which reckoning the proportion to horsemen was double.",[]
suetonius.jc.holland1898-section.xml,holland-jc-note-145,38.1,unattributed,unresolved,annotation,"Vicena quaterna millia, 187 li. 10s. By which reckning, hee gave unto horsemen foure times as much as to footemen. Looke in the marginall note to the text, and you shall finde this donative much more: which may seeme incredible: but consider what provinces hee spoyled, and what pillage hee made, in regard whereof hee was called of the Greekes χρηματυποιὸς ἀνήρ.",[]
suetonius.jc.holland1898-section.xml,holland-jc-note-146,38.1,unattributed,unresolved,annotation,"Denos modios, in round reckoning may goe for ten peckes or hoopes with us.",[]
suetonius.jc.holland1898-section.xml,holland-jc-note-147,38.1,unattributed,unresolved,annotation,"Totidem libras, i. so many pynts,",[]
suetonius.jc.holland1898-section.xml,holland-jc-note-148,38.1,unattributed,unresolved,annotation,"Trecenos nummos, i. 46s. 10d. ob.",[]
suetonius.jc.holland1898-section.xml,holland-jc-note-149,38.1,unattributed,unresolved,annotation,"Centenos, i. 15s. 7d. ob. with the better. Which being put together make 100 Denarii or Drachemes, that is, one Mina, and amount in all to 3 li. 2s. 6d.",[]
suetonius.jc.holland1898-section.xml,holland-jc-note-150,38.1,unattributed,unresolved,,"That is, for bearing so long.",[]
suetonius.jc.holland1898-section.xml,holland-jc-note-151,38.2,unattributed,unresolved,annotation,"Bina millia nummorum, i. 15 lib. 12s. 6d.",[]
suetonius.jc.holland1898-section.xml,holland-jc-note-152,38.2,unattributed,unresolved,annotation,"Quingenos sestertios, i. 31. 18s. 1d. ob.",[]
suetonius.jc.holland1898-section.xml,holland-jc-note-153,38.2,unattributed,unresolved,,"Viscerationem: which as some thinke Persius calleth άρτοκεας, and is expounded εὐφραsία, whereupon the Genius of such merriments, is named Εὐφραδής.",[]
suetonius.jc.holland1898-section.xml,holland-jc-note-154,39.1,unattributed,unresolved,annotation,"Regionatim urbe tota. Rome, as Plinie witnesseth, was divided into 14 regions, and every one of these had their severall Stage Playes by themselves.",[]
suetonius.jc.holland1898-section.xml,holland-jc-note-155,39.1,unattributed,unresolved,,To gratifie all strangers that conflowed to Rome.,[]
suetonius.jc.holland1898-section.xml,holland-jc-note-156,39.1,unattributed,unresolved,annotation,"The Games Circenses, I take to be so called of the Greet Cirque or Shewplace, wherein they were performed: and not of swordes, wherewith they were environed, as one would say, Circa enses. Indeede these games resembled the Olympick in Greece by Elis, where the runners with chariots were hemmed in of the one side with the running river, and of the other with swordes pitched pointwise, that they should hold on the race directly, and not swerve aside without danger. Herein were performed running with horses and chariots, justing, tilt, and turnement: baiting and chasing of wild beasts, etc.",[]
suetonius.jc.holland1898-section.xml,holland-jc-note-157,39.1,unattributed,unresolved,annotation,"Pyrrhica: Of some, thought to bee the same that Enoplia was, a kinde of Moriske daunce, after a warlike manner in harnois, devised in Creta first by Pyrrhus. Plin. lib. 7 Nat. Hist. cap. 56. In which young gentlemen were trained to exercise all parts of the body by sundry gestures as well to avoide all venues and defende themselves, as to annoy and offend the enimie.",[]
suetonius.jc.holland1898-section.xml,holland-jc-note-158,39.2,unattributed,see curated changes; otherwise unresolved,annotation,"This Decimus Laberius was a poet also, that kind which wrote wanton Poems or lascivious Comœdies called Mimi. For, howsoever in all Stage Playes, there is represented a lively imitation in gesture and voice of others, yet in these Mimi, these same are done after a more licentious manner and without all modest reverence, even in unseemely and filthy arguments as Ovid testifieth in these words, imitantes turpia Mimi. It seemeth therefore, that as well the Poemes as the Authours and Actours be called Mimi.",[]
suetonius.jc.holland1898-section.xml,holland-jc-note-159,39.2,unattributed,unresolved,annotation,"Orchestra, is here taken for the most commodious place in the Theatre, wherein the Senators and Nobles of Rome were allowed to sit and behold the Stage Playes, apart from the people. For so the Poet Juvenal understandeth it in these words, Similemque videbis Orchestram et populum.",[]
suetonius.jc.holland1898-section.xml,holland-jc-note-160,39.2,unattributed,unresolved,annotation,"As touching this Orchestra and the Poet Laberius above named, Seneca in his second booke of Controversies, and third controversie, reporteth thus. Julius Cæsar, at the solemnitie of his Playes, brought Laberius forth to act upon the Stage: and when he had made him a gentleman, or Knight of Rome, willed him to take his place among them of that degree, but as he came toward them, they all sat so close and neere one another, that there was no rowme for him. Now by the way, you must understand that Cicero then in place, had gotten himselfe an ill name, for that hee was no fast and faithfull friend, either to Pompeius, or to Ceasar, but a flatterer of them both. Againe, Cæsar at that time had chosen many unto the range of Senatours, partly to supply and make up their number, which during the late civill warres was much diminished, and in part to gratifie those who had well deserved of him and the side. Cicero therefore alluding to the extraordinary number of newe Senatours, sent unto Laberius as hee passed by, this word merily, Recepissem te nisi angustè sederem, i. I would have taken you to mee and give you a place, but that I sit my selfe very streight. Then Laberius returned this pleasant answere backe unto him, Atqui solebas duabus sellis sedere, i. And yet you were wont to sit upon two stooles, skoffing at him for his double dealing with Pompeius and Ceasar.",[]
suetonius.jc.holland1898-section.xml,holland-jc-note-161,39.2,unattributed,unresolved,annotation,"Concerning this Cirque why Cæsar enlarged it and brought water round about it, reade Plinie, 8 lib. cap. 7 and 36 lib. cap. 15 Naturall Hist.",[]
suetonius.jc.holland1898-section.xml,holland-jc-note-162,39.2,unattributed,unresolved,annotation,"The Troy fight, was in warlike manner on horsbacke, brought by Æneas into Italy. The manner whereof is described by Virgil, Æneid, 5.",[]
suetonius.jc.holland1898-section.xml,holland-jc-note-163,39.3,unattributed,unresolved,annotation,"These Goales called in Latine Metæ, above which the horses and chariots ranne, were in fashion broad beneath and sharpe above, in manner of Pyramides, Steeples or cocks of hey, and for their mater, of wood first, or of soft gritstone, but afterwards of marble and laid over with gold.",[]
suetonius.jc.holland1898-section.xml,holland-jc-note-164,39.3,unattributed,unresolved,,Or tents.,[]
suetonius.jc.holland1898-section.xml,holland-jc-note-165,39.3,unattributed,unresolved,annotation,"To try maisteries in footemanshippe, leaping, flinging the coit or hammer, darting and wrestling: which Game was called Pentathlon, of those five kindes of exercises.",[]
suetonius.jc.holland1898-section.xml,holland-jc-note-166,39.4,unattributed,unresolved,annotation,"In minore Codeta, which was a place on the further side of Tiberis, so called of certaine plots of young springs or shootes there growing which resemble horsetailes. Some reade In morem cochleæ, that is, narrow beneath and broad above, like to the shell of a periwincle or such like fish.",[]
suetonius.jc.holland1898-section.xml,holland-jc-note-167,40.1,unattributed,unresolved,annotation,"This day is called Bissextus, and falleth out to bee the fift day before the end of Februarie, to wit, the sixt before the Calends of March, by interposing whereof wee say twise Sext Calend Martii, of which day our leape yeare hath the name Bissextilis.",[]
suetonius.jc.holland1898-section.xml,holland-jc-note-169,41.1,unattributed,unresolved,,According to the Law Cassia.,[]
suetonius.jc.holland1898-section.xml,holland-jc-note-170,41.1,unattributed,unresolved,annotation,"Which by the first institution were 300, and by occasion of the late troubles much impaired.",[]
suetonius.jc.holland1898-section.xml,holland-jc-note-171,41.1,unattributed,unresolved,annotation,"Patritios allegit. For those that were Plebei generis, might bee Senatours: or els, as some expound it, he advanced divers to the degree and ranck of the Patritii.",[]
suetonius.jc.holland1898-section.xml,holland-jc-note-172,41.1,unattributed,unresolved,annotation,"All but Consuls, Prætors and Censors, were counted inferiour Magistrates.",[]
suetonius.jc.holland1898-section.xml,holland-jc-note-174,41.2,unattributed,unresolved,,Disabled them for being Judges.,[]
suetonius.jc.holland1898-section.xml,holland-jc-note-175,41.3,unattributed,unresolved,annotation,"For the Censours with the publicke Notaries ordinarily tooke this reviewe, and that in Campus Martius, and Villa publica.",[]
suetonius.jc.holland1898-section.xml,holland-jc-note-176,41.3,unattributed,unresolved,,As who best knew the number of their tennants and inhabitants in their houses.,[]
suetonius.jc.holland1898-section.xml,holland-jc-note-177,41.3,unattributed,unresolved,annotation,"By reason of so great a number receiving corne from the State, the purveyance hereof stoode the city yearely as Plutarch writeth in a thousand two hundred and fiftie talents.",[]
suetonius.jc.holland1898-section.xml,holland-jc-note-178,42.1,unattributed,unresolved,annotation,For they might discontinue out of Italy eleven yeares. Plutarch.,[]
suetonius.jc.holland1898-section.xml,holland-jc-note-179,42.1,unattributed,unresolved,annotation,"Such were called Comites, or quasi ex cohorte Prætoria, as it were gentlemen of the privie chamber.",[]
suetonius.jc.holland1898-section.xml,holland-jc-note-180,42.2,unattributed,unresolved,annotation,"Noverum tabularum. To wit, when the olde bonds being cancelled, and therby former debts remitted, new obligations were made.",[]
suetonius.jc.holland1898-section.xml,holland-jc-note-181,42.2,unattributed,unresolved,,"Either by the Tribunes of the Commons, or the debters themselves.",[]
suetonius.jc.holland1898-section.xml,holland-jc-note-183,42.3,unattributed,unresolved,annotation,"Parricidis, i. Parenticidis, such as kill father, mother, brother, sisters and such like, nere in bloud, as also, any other man or woman wilfully, according to the Lawe of K. Nume, Si quis hominem liberum sciens monti duit parricida esto.",[]
suetonius.jc.holland1898-section.xml,holland-jc-note-184,43.1,unattributed,unresolved,annotation,"Repetundarum convictos. Such governours as by way of extortion pilled and polled the Provinces which they ruled: who after their time expired, were many times called judicially to their answeres.",[]
suetonius.jc.holland1898-section.xml,holland-jc-note-185,43.1,unattributed,unresolved,,Or scarlet in graine.,[]
suetonius.jc.holland1898-section.xml,holland-jc-note-186,43.2,unattributed,unresolved,annotation,"Many Lawes there were called Sumptuariæ and Cibariæ, to restraine the excesse at the table, as namely Fannia, Licinia, Æmilya, Julia, etc. Read Aul. Gell. Noct. Att. lib. 2, cap. 24, Macro. Saturnal. lib. 3.",[]
suetonius.jc.holland1898-section.xml,holland-jc-note-187,44.2,unattributed,unresolved,annotation,"Of whom Terentianus writeth thus, Vir doctissimus undecunque Varro.",[]
suetonius.jc.holland1898-section.xml,holland-jc-note-188,44.3,unattributed,unresolved,annotation,"Isthmus is a narrow straite or foreland by Corinth, five miles over, lying betweene the two seas Ionium and Ægeum, or as Plinie writeth, lib. 4, cap. 4, betweene the two Gulfes Corinthiacus and Saronicus. The cutting through whereof, was attempted before by K. Demetrius, and afterwards by C. Caligula and Nero, but without effect.",[]
suetonius.jc.holland1898-section.xml,holland-jc-note-189,44.3,unattributed,unresolved,annotation,Which Crassus before him had not done; and therefore was overthrowne.,[]
suetonius.jc.holland1898-section.xml,holland-jc-note-190,45.1,unattributed,unresolved,,"Inter res gerendas vel agendas, that is, cum aciem ordinaret, Plutarch. Whiles he was setting his Armie in battaile ray.",[]
suetonius.jc.holland1898-section.xml,holland-jc-note-191,45.1,unattributed,unresolved,annotation,"Comitiali Morbo, so called, for that the assemblies of the people called Comitia, were dissolved and broke up by occasion thereof, in case any one among them fell downe of that disease, according as Q. Serenus Semonicus hath testified in these verses, cap. 57. Est morbi species subiti, cui nomen ab illo est, Quod fieri nobis suffragia justa recusant. Sæpe etenim membris acri languere caducis, Concilium populi labes horrenda diremit. As also for that, they who were subject thereto, fell into a fit thereof ordinarily at such assemblyes, if they were crossed in their suites and businesses there. Cornelius Celsus calleth it Morbum maiorem, i. a great sicknesse. It is named likewise ἱερὸν νόσημα, i. the sacred disease, either because it affecteth the heade, which is the most honorable place of the body and the seate of the Soule, or in regard of the greatnesse thereof, which the Græcians expresse by the ἱερὸν. Also Epilepsia, for the sodaine invasion of it. Herculeus Morbus, either for the strength of the malady, whereby a man is forced to fall, or because Hercules was troubled therewith. Plinie nameth it, Senticus, for the hurt that it doth unto the bodie: others Caducus, for that upon it, men fall to the ground. It is called moreover Lunaticus, of the Moone: because it keepeth time with the course of the Moone, or apprehendeth them that are borne in the change thereof, as the same Serenus reporteth in these verses: Huc quoque commemorant dubiæ per tempora Lunæ, Conceptum talem, quem sæpe ruina profudit. Lastly Hippocrates nameth it Pædicon, i. puerilem morbum, for that children bee subject thereto: whereupon some tearme it, Mater puerorum.",[]
suetonius.jc.holland1898-section.xml,holland-jc-note-194,45.3,unattributed,unresolved,annotation,"This manner of going so loosely girt, might signifie a dissolute and effeminate wanton. Hereupon Cicero made choyce in the civill warre to take part with Pompeius against Ceasar: and when one asked him how it came to passe, that in siding with Pompeius hee was so much overseene, for that hee had the worse, this answere hee made, Præcinctura me decepit, i. deceived I was by that loose girding of his,",[]
suetonius.jc.holland1898-section.xml,holland-jc-note-196,46.1,unattributed,unresolved,,"The paving tiles of marble, etc., whereof such floores are made.",[]
suetonius.jc.holland1898-section.xml,holland-jc-note-197,48.1,unattributed,unresolved,,"Thus Turnebus expoundeth it: but it may be meant of the meaner sort of his Cohors prætoria, who were Sagati or palliati: to put a difference betweene them and the persons of better quality, who were Togati.","[{""source"": ""holland1-uc1"", ""page"": ""50"", ""context"": ""in their warlike habite, or greeks in their"", ""marker_support"": false}, {""source"": ""holland1-hvd"", ""page"": ""50"", ""context"": ""in their warlike habite, or greeks in their"", ""marker_support"": false}]"
suetonius.jc.holland1898-section.xml,holland-jc-note-198,49.1,unattributed,unresolved,,"That is, K. Nicomedes.",[]
suetonius.jc.holland1898-section.xml,holland-jc-note-201,49.3,unattributed,unresolved,annotation,"Cæsar derived his pedegree from Jülus, the sonne of Æneas, whose mother was Venus.",[]
suetonius.jc.holland1898-section.xml,holland-jc-note-202,49.4,unattributed,unresolved,annotation,"The grace which is in the Latine cannot be expressed well in English, because the word, Subegit, carieth a double sence, the one signifieth the conquering of a nation, and so it is taken in the former place, as it is applyed to Gaule: the other, the wanton abuse of the bodie: in which acception it is to bee understood in reference to Ceasar, abused by K. Nichomedes.",[]
suetonius.jc.holland1898-section.xml,holland-jc-note-204,50.2,unattributed,unresolved,,"Proximo, alii legunt primo, that is, first, cum Bibulo.","[{""source"": ""holland1-uc1"", ""page"": ""52"", ""context"": ""both in his\nlast consulship he had bought"", ""marker_support"": false}, {""source"": ""holland1-hvd"", ""page"": ""52"", ""context"": ""both in his\nlast consulship he had bought"", ""marker_support"": false}]"
suetonius.jc.holland1898-section.xml,holland-jc-note-205,50.2,unattributed,unresolved,,"46875 pounds sterling, or 150000 French crowns, according to Budæus.",[]
suetonius.jc.holland1898-section.xml,holland-jc-note-206,50.2,unattributed,unresolved,annotation,"In the twofold sense likewise of these two words, Tertia and Deducta, lyeth the pleasant grace of this conceipted speech. By the one, may be understoode, that a third part of the price was deducted by the other Cicero ment, That her daughter Tertia was brought by her to his bed.",[]
suetonius.jc.holland1898-section.xml,holland-jc-note-207,51.1,unattributed,unresolved,annotation,"This Distichon, or ii verses, which his souldiers after their licentious manner in the Tryumph chaunted may thus be Englished. Looke to your wives, yee cytizens, a lecher bald wee bring. In Gaule Adultery cost thee gold, heere 'tis but borrowing. For, as hee borrowed of other men, so hee lent or paide as much againe, in that his owne wife Pompeia, as is thought, was kept by P. Clodius.",[]
suetonius.jc.holland1898-section.xml,holland-jc-note-208,52.1,unattributed,unresolved,,"Of which the Ægyptians Kings had alwaies ready rigged 800, as Appian writeth.",[]
suetonius.jc.holland1898-section.xml,holland-jc-note-209,52.1,unattributed,unresolved,annotation,"Such a vessell as this named here Thelamegos, and by Seneca, 7 lib. de Beneficiis, Naviscubiculata, Ptolomæus Philopater, as witnesseth Athenæus, had, which caried in length halfe a furlong, in bredth 30 cubites, and in heigth little lesse then 40.",[]
suetonius.jc.holland1898-section.xml,holland-jc-note-210,52.1,unattributed,unresolved,,That is Ptolomæus Cæsario.,[]
suetonius.jc.holland1898-section.xml,holland-jc-note-211,52.2,unattributed,unresolved,,"Incessu, in his gang or manner of going.","[{""source"": ""holland1-uc1"", ""page"": ""53"", ""context"": ""and also in gates: and m. antonius avouched"", ""marker_support"": false}, {""source"": ""holland1-hvd"", ""page"": ""53"", ""context"": ""and also in gate: and m. antonius avouched"", ""marker_support"": false}]"
suetonius.jc.holland1898-section.xml,holland-jc-note-213,52.3,unattributed,unresolved,,"For otherwise, πολυγαμία was unlawfull. And Antonius was the first Romaine that had two wives at once.",[]
suetonius.jc.holland1898-section.xml,holland-jc-note-214,52.3,unattributed,unresolved,annotation,"Impudicitiæ. I observe, that both in this Authour and also in other approved writers, Impudicitia, is properly and peculiarly taken for that abhominable uncleannesse onely, which is named Sodomie: like as Pudicitia, for the integritie of the bodie, and clearenesse from that detestable filthinesse. And so, Pudicus and Impudicus are to bee understoode.",[]
suetonius.jc.holland1898-section.xml,holland-jc-note-215,53.1,unattributed,unresolved,,"Conditum oleum penult. cor. or conditum product id est unguentum, an ointment.","[{""source"": ""holland1-uc1"", ""page"": ""54"", ""context"": ""bord olde ranke oile in steed of greene"", ""marker_support"": false}, {""source"": ""holland1-hvd"", ""page"": ""54"", ""context"": ""bord olde ranke oile in steed of greene"", ""marker_support"": false}]"
suetonius.jc.holland1898-section.xml,holland-jc-note-216,53.1,unattributed,unresolved,,Or friend.,[]
suetonius.jc.holland1898-section.xml,holland-jc-note-218,54.1,unattributed,unresolved,,That is in Portugale.,[]
suetonius.jc.holland1898-section.xml,holland-jc-note-220,54.2,unattributed,unresolved,,"Divenderet, some reade divideret, hee distributed and dealt away.",[]
suetonius.jc.holland1898-section.xml,holland-jc-note-221,54.2,unattributed,unresolved,annotation,"Which commeth to 23 pound, 8 shillings, 9 pence, and is not much more than halfe the worth. According to Budeus it was 7 pound dim of Silver for one of Gold.",[]
suetonius.jc.holland1898-section.xml,holland-jc-note-222,54.3,unattributed,unresolved,annotation,"For it was esteemed a great honour to be called Allies and Associates, or stiled Kings, by the people of Rome.",[]
suetonius.jc.holland1898-section.xml,holland-jc-note-223,54.3,unattributed,unresolved,,Auletes.,[]
suetonius.jc.holland1898-section.xml,holland-jc-note-224,54.3,unattributed,unresolved,,Munerum.,[]
suetonius.jc.holland1898-section.xml,holland-jc-note-225,55.1,unattributed,unresolved,,"Eloquentia, militarique re, after Lipsus.","[{""source"": ""holland1-uc1"", ""page"": ""55"", ""context"": ""and warlike feates together, he either equalled\nor"", ""marker_support"": false}, {""source"": ""holland1-hvd"", ""page"": ""55"", ""context"": ""and warlike feates together, he either equalled\nor"", ""marker_support"": false}]"
suetonius.jc.holland1898-section.xml,holland-jc-note-228,55.4,unattributed,unresolved,,Orat. apud Milites.,"[{""source"": ""holland1-uc1"", ""page"": ""56"", ""context"": ""oration likewise, ad milites, in spaine, the same"", ""marker_support"": false}, {""source"": ""holland1-hvd"", ""page"": ""56"", ""context"": ""oration likewise, ad milites, in spaine, the same"", ""marker_support"": false}]"
suetonius.jc.holland1898-section.xml,holland-jc-note-229,56.1,unattributed,unresolved,,Ad Brutum.,[]
suetonius.jc.holland1898-section.xml,holland-jc-note-230,56.4,unattributed,unresolved,,Asinius Pollio.,[]
suetonius.jc.holland1898-section.xml,holland-jc-note-232,56.5,unattributed,unresolved,,De Analogia.,[]
suetonius.jc.holland1898-section.xml,holland-jc-note-233,56.5,unattributed,unresolved,,Anti-Catones,[]
suetonius.jc.holland1898-section.xml,holland-jc-note-234,56.5,unattributed,unresolved,annotation,"Anticatones. Whereas Cicero had written in the prayse of Cato (Uticensis) he wrote two bookes against the said Cato, which he called Anticatones.",[]
suetonius.jc.holland1898-section.xml,holland-jc-note-235,56.5,unattributed,unresolved,,Iter.,[]
suetonius.jc.holland1898-section.xml,holland-jc-note-236,56.5,unattributed,unresolved,,Or rather 27.,[]
suetonius.jc.holland1898-section.xml,holland-jc-note-238,56.6,unattributed,unresolved,,In manner of Cyphres.,[]
suetonius.jc.holland1898-section.xml,holland-jc-note-239,56.6,unattributed,unresolved,,c for b etc.,[]
suetonius.jc.holland1898-section.xml,holland-jc-note-240,57.1,unattributed,unresolved,,Or bearing armes.,"[{""source"": ""holland1-uc1"", ""page"": ""58"", ""context"": ""in handling his weapons most skilfull he was"", ""marker_support"": false}, {""source"": ""holland1-hvd"", ""page"": ""58"", ""context"": ""in handling his weapon most skilfull he was"", ""marker_support"": false}]"
suetonius.jc.holland1898-section.xml,holland-jc-note-241,57.1,unattributed,unresolved,,Or riding an horse.,[]
suetonius.jc.holland1898-section.xml,holland-jc-note-242,57.1,unattributed,unresolved,,"Or carroch with fowre wheeles, i. τετράκυκλον, οι πετοριτον, Græcè.",[]
suetonius.jc.holland1898-section.xml,holland-jc-note-243,57.1,unattributed,unresolved,,"In imitation hereof the Romains devised Ascogephros, quasi ἀσκογεφύρας, i. bridges founded upon such leather bottles blowne with wind, or lightly stuffed with straw.",[]
suetonius.jc.holland1898-section.xml,holland-jc-note-244,58.1,unattributed,unresolved,,Yet himselfe writeth that he sent C. Vossenus before.,[]
suetonius.jc.holland1898-section.xml,holland-jc-note-246,59.1,unattributed,unresolved,,"Or Salutio. Read Plinie, Natur. Hist. lib. 7. cap. 12.",[]
suetonius.jc.holland1898-section.xml,holland-jc-note-247,60.1,unattributed,unresolved,,"Non saepe. Some read, non tantum, i. not onely etc. but also.",[]
suetonius.jc.holland1898-section.xml,holland-jc-note-248,61.1,unattributed,unresolved,annotation,"Venus, surnamed Genitrix, i. Mother, Cæsar honoured, as the goddesse from the which he was descended, by Jülus or Ascanius, her nephew.",[]
suetonius.jc.holland1898-section.xml,holland-jc-note-249,62.1,unattributed,unresolved,,"Aquilifer. Some read Aquilifero, as if Cæsar threatned the Standerdbearer. See Valer. Max. lib. 3. cap. 2.",[]
suetonius.jc.holland1898-section.xml,holland-jc-note-250,62.1,unattributed,unresolved,,Wherewith it was pitched into the ground.,[]
suetonius.jc.holland1898-section.xml,holland-jc-note-251,62.1,unattributed,unresolved,annotation,"The principall ensigne or standerd of the Romane Legion was an Ægle of Silver, reared upon a Speare toppe, the poynt whereof beneath was sharpe, and fastened into the ground: and the same stood within a little shrine, not to bee remooved, but when the Armie was on foote.",[]
suetonius.jc.holland1898-section.xml,holland-jc-note-252,63.1,unattributed,unresolved,,"Vectoria navicula, a ferrie boat. If you read victor, i. being conquerour, distinguish there.","[{""source"": ""holland1-uc1"", ""page"": ""61"", ""context"": ""a small passengers barke, where he met\nwith"", ""marker_support"": false}, {""source"": ""holland1-hvd"", ""page"": ""61"", ""context"": ""a small passengers barke, where he met\nwith"", ""marker_support"": false}]"
suetonius.jc.holland1898-section.xml,holland-jc-note-253,64.1,unattributed,unresolved,annotation,"Dion, lib. 42, and Appian, Civil. 2, report this otherwise: namely, that he forsoke the said Coat armour (it clogged him so much), and so the Ægyptians got it.",[]
suetonius.jc.holland1898-section.xml,holland-jc-note-255,65.1,unattributed,unresolved,,"a fortuna, πλουτίνδην, others read, a forma, i. beauty, favour, and feature of body.",[]
suetonius.jc.holland1898-section.xml,holland-jc-note-256,66.1,unattributed,unresolved,,"Minuendo, or inhibendo, i. suppressing, which might seeme good pollicie.","[{""source"": ""holland1-uc1"", ""page"": ""62"", ""context"": ""by denying or diminishing, but by augmenting the"", ""marker_support"": false}, {""source"": ""holland1-hvd"", ""page"": ""62"", ""context"": ""by denying or diminishing, but by augmenting the"", ""marker_support"": false}]"
suetonius.jc.holland1898-section.xml,holland-jc-note-257,66.1,unattributed,unresolved,,Fotemen heavily armed.,[]
suetonius.jc.holland1898-section.xml,holland-jc-note-258,66.1,unattributed,unresolved,,Footemen lightly armed.,[]
suetonius.jc.holland1898-section.xml,holland-jc-note-259,67.1,unattributed,unresolved,,"Pro modo, or, pro more, i. after the manner of militarie discipline.",[]
suetonius.jc.holland1898-section.xml,holland-jc-note-261,68.1,unattributed,see curated changes; otherwise unresolved,annotation,"E viatico suo. Albeit viaticum properly signifyeth the store and provision set by for a journey, yet heere it is put for the wealth and the substance of a souldier: like as in Horat. lib. 2, Epist. 2. Luculli miles collecta viatica multisAerumnis, etc. In which sense, ἐφίδιεν likewise in Greeke is taken.",[]
suetonius.jc.holland1898-section.xml,holland-jc-note-262,68.2,unattributed,unresolved,annotation,"Plinie calleth it Lapsana, lib. 19, cap. 8, Natural. Histor. A kinde of wilde worte or cole.",[]
suetonius.jc.holland1898-section.xml,holland-jc-note-263,68.3,unattributed,unresolved,annotation,"To be tithed, i. everie tenth man to suffer death. Appian.",[]
suetonius.jc.holland1898-section.xml,holland-jc-note-264,68.3,unattributed,unresolved,annotation,"Which ordinarily consisted of 550 footemen, and 66 horse, whereof ten went to a Legion. Some, I wot well had more, some fewer. But for this place it may suffice, that it was the tenth part of a Legion.",[]
suetonius.jc.holland1898-section.xml,holland-jc-note-265,68.3,unattributed,unresolved,,"Or fort, at the Siege of Dyrrachium.",[]
suetonius.jc.holland1898-section.xml,holland-jc-note-267,70.1,unattributed,unresolved,annotation,"Quirites, i. Romane Citizens. As freed now from their alleageance, which by their military oath they were bound unto.",[]
suetonius.jc.holland1898-section.xml,holland-jc-note-269,71.1,unattributed,unresolved,annotation,"Which was a great abuse offered, among the Barbarians, who set great store by their beards, and suffered them to grow very long.",[]
suetonius.jc.holland1898-section.xml,holland-jc-note-270,71.1,unattributed,unresolved,,Stipendiarium quoque pronuntiatum: how ever some read pronuntiavit: as if Cæsar had averred openly that he was his waged soldiour.,[]
suetonius.jc.holland1898-section.xml,holland-jc-note-271,72.1,unattributed,unresolved,,In a pallet or mattrice upon the ground.,[]
suetonius.jc.holland1898-section.xml,holland-jc-note-272,72.1,unattributed,unresolved,,Under the Jetty of the house.,[]
suetonius.jc.holland1898-section.xml,holland-jc-note-273,73.1,unattributed,unresolved,,"By saying Nollem factum, etc., I am sorrie for it: and I would I had not so done.",[]
suetonius.jc.holland1898-section.xml,holland-jc-note-275,74.1,unattributed,unresolved,,"2 Talents, Plutarch.",[]
suetonius.jc.holland1898-section.xml,holland-jc-note-276,74.2,unattributed,unresolved,,"Of Bona Dea, in whose chappell it was thought he did the deede disguised in womans apparell.","[{""source"": ""holland1-uc1"", ""page"": ""67"", ""context"": ""polluted the sacred\nceremonies, he denied that he"", ""marker_support"": false}, {""source"": ""holland1-hvd"", ""page"": ""67"", ""context"": ""polluted the sacred\nceremonies, he denied that he"", ""marker_support"": false}]"
suetonius.jc.holland1898-section.xml,holland-jc-note-277,75.5,unattributed,unresolved,,Civili animo tulit.,[]
suetonius.jc.holland1898-section.xml,holland-jc-note-279,76.1,unattributed,unresolved,,"Imperatoris, i. Soveraine and absolute commander.",[]
suetonius.jc.holland1898-section.xml,holland-jc-note-280,76.1,unattributed,unresolved,,In the forum.,[]
suetonius.jc.holland1898-section.xml,holland-jc-note-281,76.1,unattributed,unresolved,annotation,"Thensa or Tensa et ferculum, a Chariot of Silver or Yvorie, with a frame in it sustaining the Images of the gods, which was drawen in most solemne and stately manner unto the Pulvinar.",[]
suetonius.jc.holland1898-section.xml,holland-jc-note-282,76.1,unattributed,unresolved,,"Of himselfe, as a God.",[]
suetonius.jc.holland1898-section.xml,holland-jc-note-283,76.1,unattributed,unresolved,annotation,"Pulvinar. A bed loft, or place where certaine rich beds were made for the said Images to be laid upon.",[]
suetonius.jc.holland1898-section.xml,holland-jc-note-284,76.1,unattributed,unresolved,annotation,"Flamin. A certaine priest, bearing the name of that god, for whose service he was instituted. As Dialis of Jupiter, Martialis of Mars, Quirinalis of Romulus, etc. Cic. 2 Phil saith that M. Antonius was Flamen to Julius Cæsar.",[]
suetonius.jc.holland1898-section.xml,holland-jc-note-285,76.1,unattributed,unresolved,annotation,"Luperci, were certaine young men, who at the licentious feast, Lupercalia, instituted to the honour of Pan Lycæus, otherwise called Inuus, by Romulus and Remus, ran up and downe naked in the Citie of Rome. A new kind of these Luperci ordained Cæsar, of his owne name called Juliani. At this feast Lupercalia, M. Antonius played the part of a Lupercus, at which solemnitie, when Cæsar sat in a Throne of Gold, arayed in a purple robe, the said M. Antonius attempted to doe upon his head the royall Band, called a Diademe. Cicero.",[]
suetonius.jc.holland1898-section.xml,holland-jc-note-286,76.1,unattributed,unresolved,,Juliani,[]
suetonius.jc.holland1898-section.xml,holland-jc-note-287,76.1,unattributed,unresolved,annotation,"Whereas, before it was called Quintilis, he named it Julius.",[]
suetonius.jc.holland1898-section.xml,holland-jc-note-288,76.2,unattributed,unresolved,,Etiam præsente se: some read absente te cleane contrarie.,[]
suetonius.jc.holland1898-section.xml,holland-jc-note-289,76.2,unattributed,unresolved,,The last of December.,[]
suetonius.jc.holland1898-section.xml,holland-jc-note-290,76.2,unattributed,unresolved,annotation,"This was Caninius Rebitus: of whose Consulship, there go divers jestes, as namely these, whereof Cicero was the Author. A vigilant Consull we have had of Caninius, who in all his Consulship never slept winke, Also, A consull we have had so severe and Censar-like, as that during his Consulship, no man dined, no man supped, no man so much as once slept. Likewise Pithalus said of him, Heretofore we had Flamines Diales, and now wee have Consuls Diales, playing upon the æquivocation or double sense of the word Dialis, which being derived of Διός, i. Jupiter, signifieth his Flamin: but of Dies, i. a day, betokeneth a day Consul or Flamin.",[]
suetonius.jc.holland1898-section.xml,holland-jc-note-292,77.1,unattributed,unresolved,annotation,"According to Lucane, Omnia Cæsar erat. Cæsar was all in all.",[]
suetonius.jc.holland1898-section.xml,holland-jc-note-293,77.1,unattributed,unresolved,,Nam Grammatici est dictare.,[]
suetonius.jc.holland1898-section.xml,holland-jc-note-294,77.1,unattributed,unresolved,annotation,"Well knowne it is that Sulla was passing well learned both in Greeke and Latine. But in that he resigned up the absolute power of his Dictatorship, which he tooke upon him, for an hundred and twentie yeares, that is to say, for ever; Cæsar said he was no Gramarian, quia nescivit dictare, quod munus est Grammatici: alluding to the ambiguous word dictare, i. to endite, or give precepts as Grammarians doe to their schollers, as also, to commaund absolutely, whereof it may seeme that Dictator tooke the name.",[]
suetonius.jc.holland1898-section.xml,holland-jc-note-295,77.1,unattributed,unresolved,,Should signifie better fortune.,[]
suetonius.jc.holland1898-section.xml,holland-jc-note-296,78.1,unattributed,unresolved,,"In expiabilem or exitiabilem, i. deadly, and that which brought him to mischeife.",[]
suetonius.jc.holland1898-section.xml,holland-jc-note-297,78.1,unattributed,unresolved,,Not so much as rising up unto them.,[]
suetonius.jc.holland1898-section.xml,holland-jc-note-298,78.2,unattributed,unresolved,annotation,Who were in number 10.,[]
suetonius.jc.holland1898-section.xml,holland-jc-note-299,78.2,unattributed,unresolved,annotation,"Or, if I may for Pontius Aquila: spoken by way of a scornefull Ironia.",[]
suetonius.jc.holland1898-section.xml,holland-jc-note-301,79.1,unattributed,unresolved,,Resembling a Diademe.,[]
suetonius.jc.holland1898-section.xml,holland-jc-note-302,79.2,unattributed,unresolved,annotation,"Plebeio, and not Plebi, for the commons could not endure that name, as may appeare by Ciceroes words in his second Philippica or invective against M. Antonius: Thou shewedst the Diademe. The people all over the common place gave a groane thereat. Thou wert about to set it upon his head, to the great griefe and sorrow of the people, hee rejected it, with as great joy and applause of theirs.",[]
suetonius.jc.holland1898-section.xml,holland-jc-note-303,79.2,unattributed,unresolved,annotation,"The name Optimus Maximus, wherewith the auncients styled Jupiter, signifieth most bountifull and most powerfull: wherein it is observed that Bountie goeth before Power: because as M. Tullius writeth, it is better and more acceptable to doe good unto all, then to have power over all.",[]
suetonius.jc.holland1898-section.xml,holland-jc-note-304,79.3,unattributed,unresolved,annotation,"In Ægypt: a renowmed Citie, built by King Alexander the Great for the pleasant site much commended, and therefore might bee affected by Cæsar: at which, there is no day almost through the yeare, but the Inhabitants behold the Sunne shining cleare upon them and which Ammianus calleth Verticem omnium civitatum, i. The chiefe of Cities.",[]
suetonius.jc.holland1898-section.xml,holland-jc-note-305,79.3,unattributed,unresolved,annotation,"Ilium, a Citie where Troy stood the Citizens whereof, as Strabo writeth, Cæsar in memoriall of his progenitors from thence descended, and namely, from Jülus or Ascanius the Sonne of Æneas, had indowed with many franchises and immunities, and therefore it caried some likelihood, that he ment there to make his abode.",[]
suetonius.jc.holland1898-section.xml,holland-jc-note-306,79.3,unattributed,unresolved,annotation,"These Quindecim-viri, or fifteene men, were instituted in the daies of Cornelius Sylla with this addition Sacrorum: unto whose charge it appertained to see that Sacrifices and Divine service, that supplications, and processions, expiations, and ceremoniall rites should bee duely performed, as also to peruse the bookes and prophesies of Sibylla. At first they were but two, called Duumviri, afterwards x. under the name of Decemviri sacris faciendis. Alex. ab Alex. lib. 3, Genial. dierum. сар. 16.",[]
suetonius.jc.holland1898-section.xml,holland-jc-note-308,80.2,unattributed,unresolved,annotation,"Bonum factum. A forme of preface which in olde time they use, boni omnis causa, before their Edictes and decrees, etc., so commonly, as that these two Capital letters B. F. did betoken the same as ordinarily, as S. C. stand for Senatus consultum. It had the same use, as In nomine Dei with us.",[]
suetonius.jc.holland1898-section.xml,holland-jc-note-309,80.2,unattributed,unresolved,,"Or rather, Idem in curiam, for the same Cæsar brought them into the Senate.",[]
suetonius.jc.holland1898-section.xml,holland-jc-note-310,80.2,unattributed,unresolved,annotation,"Some take these Brache, whereof Brachata Gallia, a part of Transalpine Gaule, tooke name, for frize rugges striped with sundrie colours, which may resemble Irish mantles; but I suppose them to be a kinde of course breches, much like to the Irish trousses, but that they are more full.",[]
suetonius.jc.holland1898-section.xml,holland-jc-note-311,80.2,unattributed,unresolved,annotation,"By rising up unto him, and shouting or applauding as he passed along.",[]
suetonius.jc.holland1898-section.xml,holland-jc-note-312,80.3,unattributed,unresolved,annotation,Utinam viveres.,[]
suetonius.jc.holland1898-section.xml,holland-jc-note-313,80.3,unattributed,unresolved,annotation,"Brutus quia Reges ejecit consul primus factus est: Hic, quia consules ejecit, Rex postremò factus est.",[]
suetonius.jc.holland1898-section.xml,holland-jc-note-314,80.3,unattributed,unresolved,,"Postremus or Postremo, at last.",[]
suetonius.jc.holland1898-section.xml,holland-jc-note-315,80.4,unattributed,unresolved,,M. Brutus.,"[{""source"": ""holland1-uc1"", ""page"": ""73"", ""context"": ""were c. cassius, marcus and\ndecimus brutus; who"", ""marker_support"": false}, {""source"": ""holland1-hvd"", ""page"": ""73"", ""context"": ""were c. cassius, marcus and\ndecimus brutus; who"", ""marker_support"": false}]"
suetonius.jc.holland1898-section.xml,holland-jc-note-316,80.4,unattributed,unresolved,annotation,"Certaine bridges there were for the time made, upon which the Tribes passed when they gave their voyces in Campus Martius, at their solemne Leets and assemblies for Election of Magistrates.",[]
suetonius.jc.holland1898-section.xml,holland-jc-note-317,80.4,unattributed,unresolved,,Some upon the bridge others under it.,[]
suetonius.jc.holland1898-section.xml,holland-jc-note-318,80.4,unattributed,unresolved,,15 of March in honor of Anna Perenna. And because the plaies were exhibited in Pompeis Theatre. Therfore the Senate met also in his Curia.,[]
suetonius.jc.holland1898-section.xml,holland-jc-note-319,81.1,unattributed,unresolved,,Which him selfe promulged.,[]
suetonius.jc.holland1898-section.xml,holland-jc-note-320,81.3,unattributed,unresolved,annotation,"Some take it to bee the same that Regulus, or Trochilus, thought to be the Wren, and is likewise named King of Birdes, in Greeke βασιλεύς, ominous therefore unto Cæsar, seeking to be king.",[]
suetonius.jc.holland1898-section.xml,holland-jc-note-321,81.3,unattributed,unresolved,,"Or Regaviolus, quasi rex avium.",[]
suetonius.jc.holland1898-section.xml,holland-jc-note-322,81.4,unattributed,unresolved,,"Ab Obvio quodam, vel Ovio, I, one Ovius.",[]
suetonius.jc.holland1898-section.xml,holland-jc-note-324,82.1,unattributed,unresolved,,"Alter Cassius or alter e Cassiis one of the Cassi, vel alter, Casce.",[]
suetonius.jc.holland1898-section.xml,holland-jc-note-325,82.1,unattributed,unresolved,annotation,"This is diversly reported by authors. The occasion of which varietie ariseth upon the affinitie of these names, Cassius and Casca. For as there were two Cassii at this action, so likewise were there two Servilii brethren, both surnamed Casca. By Alter Cassius or Casca, therefore, you may understand one of the two brethren, or the second of them. For some write, that the one Casca gave him in the necke a wound, but not deadly, whereupon Cæsar caught hold of his dagger, crying out, Scelerate Casca quid agis? i. What meanest thou, O wicked Casca? and then Casca called unto his brother for helpe, who came in, and gave him his deathes wound, in the breast under the chanell bone. Plutarch.",[]
suetonius.jc.holland1898-section.xml,holland-jc-note-326,82.1,unattributed,unresolved,,"Jugulum, or the chanell bone.",[]
suetonius.jc.holland1898-section.xml,holland-jc-note-327,82.2,unattributed,unresolved,annotation,"Albeit, Graphium doth signifie a writing punch (or steele or wier), otherwise called Stylus, wherewith they wrote in hard matter, as wood, or barke, before the use of our parchment and paper, as also our pen made of a quill or other substance, as brasse, etc., in which sense it is taken in that verse of Ovid, Amor. lib. 1, Eleg. 11: Quid digitos opus est graphium lassare tenendo? And probable it is that Cæsar sitting in counsell was not without such a writing instrument: yet both Dominicus Marius upon the foresaid verse, and Perottus also the author of Cornucopia, expounding this place of Suetonius, takes Graphium, pro pugiunculo, i. a little poyniard, poinado, or pocket dagger. And hapely therwith Cæsar wounded Cassius or Casca (whether you will) being more readie at hand, hanging at his girdle, than the style or steele aforesaid, which by all likelihood was yet in the case or sheath, called Graphiarium, considering Cæsar was but new set. But I leave the exposition of this place, in medio.",[]
suetonius.jc.holland1898-section.xml,holland-jc-note-328,82.2,unattributed,unresolved,,Out of his chaire.,[]
suetonius.jc.holland1898-section.xml,holland-jc-note-329,82.2,unattributed,unresolved,,Which they were wont to cast over their shoulders. Senec. de Benefico. Or tucke up slack above the wast.,[]
suetonius.jc.holland1898-section.xml,holland-jc-note-330,82.2,unattributed,unresolved,annotation,"Valerius Max. under the title of Verecundia, commendeth this maydenlike modestie of Cæsar, who notwithstanding that he was maskared with 23 wounds, for manhood sake forgot not to hide his nakednesse, and to die in decent manner: but as Euripides writeth of the virgin Ladie Polixena. πολλὴν πρόνοιαν ἔσχεν δυσχήμως πεσεῖν. Where, by the way it may be noted, that the Romanes wore not trusses or breches, as we doe, to cover those inferior and secret parts.",[]
suetonius.jc.holland1898-section.xml,holland-jc-note-331,82.2,unattributed,unresolved,,Some read: Καὶ σὺ εἰ ἐκνων.,[]
suetonius.jc.holland1898-section.xml,holland-jc-note-332,82.2,unattributed,unresolved,annotation,"This may have reference to that which is reported before, how in his youth, he loved Servilia, the mother of this Brutus: for his age falleth out to agree fitly with that time in so much as he was commonly thought to be a sonne of his. And yet this attribute Fili, may sort well with the familiaritie that was betweene them. Some read Καί συ εἷς ἐκείνων, i. And art thou one of them?",[]
suetonius.jc.holland1898-section.xml,holland-jc-note-333,82.3,unattributed,unresolved,,Whereby it seemeth he had one given him in his neck before which the Author hath omitted.,[]
suetonius.jc.holland1898-section.xml,holland-jc-note-334,83.1,unattributed,unresolved,,13 of September.,"[{""source"": ""holland1-uc1"", ""page"": ""76"", ""context"": ""the ides of september next before, he had"", ""marker_support"": false}, {""source"": ""holland1-hvd"", ""page"": ""76"", ""context"": ""the ides of september next before, he had"", ""marker_support"": false}]"
suetonius.jc.holland1898-section.xml,holland-jc-note-335,83.1,unattributed,unresolved,annotation,"Virgini Vestali Maxime. That Nun or Vestall virgin, who in age and dignity excelled the rest, and was the Mistresse as it were, and governesse of them, they called Maxima: much like unto the Ladie Abbesse or Prioresse in our daies.",[]
suetonius.jc.holland1898-section.xml,holland-jc-note-336,83.2,unattributed,unresolved,,So hee was there great Unkle.,[]
suetonius.jc.holland1898-section.xml,holland-jc-note-337,83.2,unattributed,unresolved,,"Afterwards Augustus, sonne of Atia Julius Cæsars sisters daughter.",[]
suetonius.jc.holland1898-section.xml,holland-jc-note-338,83.2,unattributed,unresolved,,"As Posthumus, i. borne after his death.",[]
suetonius.jc.holland1898-section.xml,holland-jc-note-339,83.2,unattributed,unresolved,,Of Rome.,[]
suetonius.jc.holland1898-section.xml,holland-jc-note-340,83.2,unattributed,unresolved,,46s. Iod. ob. starling.,[]
suetonius.jc.holland1898-section.xml,holland-jc-note-342,84.1,unattributed,unresolved,,Or Herse.,[]
suetonius.jc.holland1898-section.xml,holland-jc-note-343,84.1,unattributed,unresolved,,"Appion, a pole.",[]
suetonius.jc.holland1898-section.xml,holland-jc-note-344,84.1,unattributed,unresolved,,"Which was, That the magistrates and Senatours shold go before without their badges and robes of dignitie the knights and gentlemen follow in murning weed: then the soldiers, carrying the heads or points of their weapons downeward: last of all, the common people marshalled according to their Tribes.",[]
suetonius.jc.holland1898-section.xml,holland-jc-note-345,84.2,unattributed,unresolved,annotation,"The argument whereof was the deciding of the contention betweene Ajax and Ulysses, about Achilles Armor.",[]
suetonius.jc.holland1898-section.xml,holland-jc-note-346,84.2,unattributed,unresolved,annotation,"For, some of these who tooke part with Pompeius, he had pardoned.",[]
suetonius.jc.holland1898-section.xml,holland-jc-note-347,84.2,unattributed,unresolved,,"Or Atius, who wrote a Tragedie bearing the same title.",[]
suetonius.jc.holland1898-section.xml,holland-jc-note-349,84.3,unattributed,unresolved,,Detulerant.,[]
suetonius.jc.holland1898-section.xml,holland-jc-note-350,84.3,unattributed,unresolved,,Where he was murdered.,[]
suetonius.jc.holland1898-section.xml,holland-jc-note-351,84.3,unattributed,unresolved,annotation,"Quicquid præterea ad manum aderat. Others read, ad donum aderat: understanding thereby those giftes which they brought as offerings to his Ghost, and be called Inferiæ.",[]
suetonius.jc.holland1898-section.xml,holland-jc-note-352,84.5,unattributed,unresolved,,"They affected Caesar (it should seem) in regard of many benefits, and namely for bringing Pompeie to confusion who had forced their cheife Citie.","[{""source"": ""holland1-uc1"", ""page"": ""78"", ""context"": ""all other the jewes: who also for\nmany"", ""marker_support"": false}, {""source"": ""holland1-hvd"", ""page"": ""78"", ""context"": ""all other the jewes: who also for\nmany"", ""marker_support"": false}]"
suetonius.jc.holland1898-section.xml,holland-jc-note-353,85.1,unattributed,unresolved,,Or Piller.,[]
suetonius.jc.holland1898-section.xml,holland-jc-note-354,86.1,unattributed,unresolved,,Insectantium.,[]
suetonius.jc.holland1898-section.xml,holland-jc-note-355,87.1,unattributed,unresolved,,"Cyripædia, 8.",[]
suetonius.jc.holland1898-section.xml,holland-jc-note-356,88.1,unattributed,unresolved,,In the 8 Septimane.,[]
suetonius.jc.holland1898-section.xml,holland-jc-note-357,88.1,unattributed,unresolved,annotation,"Which is counted one of the Climacterich years, in which it falleth out that 7 is multiplied by 8, which two numbers, as Cicero hath observed, 6 de Rep., be complete. A revolution fatal to Scipio Africanus the yonger, to Virgil also and Plinie.",[]
suetonius.jc.holland1898-section.xml,holland-jc-note-358,88.1,unattributed,unresolved,,Consecrate.,[]
suetonius.jc.holland1898-section.xml,holland-jc-note-359,88.1,unattributed,unresolved,annotation,"Appian writeth, that it was in a sodaine uprore of the people burnt to the ground.",[]
suetonius.jc.holland1898-section.xml,holland-jc-note-360,88.1,unattributed,unresolved,annotation,"To signifie, that upon that day, The father of his countrie was killed.",[]
suetonius.jc.holland1898-section.xml,holland-jc-note-361,89.1,unattributed,unresolved,,"Cassius; as Plutarch reporteth, and Brutus according to Dion and the ii. Cascaes. A notable judgement of Almightie God upon the unnatural murderers of their Soveraine.","[{""source"": ""holland1-uc1"", ""page"": ""80"", ""context"": ""battaile: and some\nagaine, shortened their own daies"", ""marker_support"": false}, {""source"": ""holland1-hvd"", ""page"": ""80"", ""context"": ""battaile: and some\nagaine, shortened their own daies"", ""marker_support"": false}]"
suetonius.nero.holland1898-section.xml,holland-nero-note-002,1.1,unattributed,unresolved,numerical,"Capillum, i. Pilum. Gellius.",[]
suetonius.nero.holland1898-section.xml,holland-nero-note-003,1.1,unattributed,unresolved,numerical,Or ruddy.,[]
suetonius.nero.holland1898-section.xml,holland-nero-note-004,1.1,unattributed,unresolved,numerical,Or Copper.,[]
suetonius.nero.holland1898-section.xml,holland-nero-note-005,1.1,unattributed,unresolved,numerical,Or ruddy.,[]
suetonius.nero.holland1898-section.xml,holland-nero-note-007,2.1,unattributed,unresolved,numerical,High Priests.,[]
suetonius.nero.holland1898-section.xml,holland-nero-note-008,2.1,unattributed,unresolved,numerical,Gallia Narbonensis.,[]
suetonius.nero.holland1898-section.xml,holland-nero-note-010,2.2,unattributed,unresolved,numerical,Approbation of the gods.,[]
suetonius.nero.holland1898-section.xml,holland-nero-note-011,2.2,unattributed,unresolved,numerical,The Pompeians.,[]
suetonius.nero.holland1898-section.xml,holland-nero-note-013,3.2,unattributed,unresolved,numerical,The present state governed accorded to his wil and pleasure.,"[{""source"": ""holland2-uc1"", ""page"": ""100"", ""context"": ""were ashamed\nof cleopatra, not daring to accept"", ""marker_support"": false}, {""source"": ""holland2-hvd"", ""page"": ""100"", ""context"": ""were ashamed\nof cleopatra, not daring to accept"", ""marker_support"": false}]"
suetonius.nero.holland1898-section.xml,holland-nero-note-015,4.1,unattributed,unresolved,numerical,"Censorium, not Censorem.",[]
suetonius.nero.holland1898-section.xml,holland-nero-note-017,5.2,unattributed,unresolved,alphabetical,"THESE foure factions or crewes that ran with Chariots for the prise, were distinguished by foure colors of cloth, or liveries, and therupon called by their names, Alba, i. White, Veneta, watchet or light blew, Præsina, i. greene, and Rosea, i. Rose coloured or read. Unto which were added by Domitian Aurata and Purpurea, i. Gold coloured or yellow, and purple. The former foure Sidonius Apollinaris hath comprised in his Hendecasyllabes, thus: Micant colores, Albus cum veneto, virens rubensque. Then shine these crewes and make a gallant shew In white, in blew, in greene and roset hew. Proportionate they are unto the foure seasons of the yeare: white, to the Autumne or end of Sommer, Watchet to the winter, Greene to the spring, and Red to sommer, or as some would have it to the foure Elements.",[]
suetonius.nero.holland1898-section.xml,holland-nero-note-018,5.2,unattributed,unresolved,numerical,"Morbo aquæ intercutis: that kind of dropsy wherein water runneth between the fell and the flesh all the bodie over, Leucophlegmatias in Greeke.",[]
suetonius.nero.holland1898-section.xml,holland-nero-note-019,5.2,unattributed,unresolved,alphabetical,"Physicians have observed three kinds of dropsie. The first is Ascites, wherein the belly doth swell with much water gathered betweene the inner skin or rine of the belly, and the cawle which lappeth the guts, and some wind withall, so named of ἀσκὸς in Greeke, i. A bottle, because in turning of the bodie to a side, the water is perceived to shog in the womb, like as liquor in a bottle halfe full, when it is shaken. The second, Tympanites, wherein the belly is hoven up with wind especially, and some water among. Whereby it will sound like a taber or drum, if one tamper upon it, and thereof it was so called. The third Leucophlegmatias, anasarca, Hyposarca, in Latin Intercus, or Aqua intercutem, in the proper signification [For Cornelius Celsus attributeth this name to all the kindes.], when the bodie all over is puffed up with water and wind running betweene the fell and the flesh. And thereof as should seeme, died this Domitius.",[]
suetonius.nero.holland1898-section.xml,holland-nero-note-021,6.1,unattributed,unresolved,numerical,"Dio sayth, hee was compassed with the sunne beames: and yet no sunne appeared above the Horizon.",[]
suetonius.nero.holland1898-section.xml,holland-nero-note-022,6.1,unattributed,unresolved,numerical,Or Nativitie.,[]
suetonius.nero.holland1898-section.xml,holland-nero-note-023,6.2,unattributed,unresolved,alphabetical,"To wit, the ninth day after he was borne, on which they used to name their sonnes. And as this day was called Nominalia, so there was a goddesse forsooth, president of this complement and ceremonies, whom they named Nundina.",[]
suetonius.nero.holland1898-section.xml,holland-nero-note-024,6.2,unattributed,unresolved,numerical,Forename.,[]
suetonius.nero.holland1898-section.xml,holland-nero-note-026,6.4,unattributed,unresolved,numerical,Her Sonne.,[]
suetonius.nero.holland1898-section.xml,holland-nero-note-027,6.4,unattributed,unresolved,numerical,Or skinne.,[]
suetonius.nero.holland1898-section.xml,holland-nero-note-029,7.1,unattributed,unresolved,numerical,Caligula.,[]
suetonius.nero.holland1898-section.xml,holland-nero-note-031,7.2,unattributed,unresolved,numerical,Or running at tilt.,[]
suetonius.nero.holland1898-section.xml,holland-nero-note-032,7.2,unattributed,unresolved,alphabetical,"The manner was, during these solemnities in the Albane mount, (where the chiefe magistrates were present) to leave for Provost of the Citie, some principall young Gentleman of the Nobilitie, before whom sitting judicially, causes of no great importance should be brought.",[]
suetonius.nero.holland1898-section.xml,holland-nero-note-033,7.2,unattributed,unresolved,numerical,Or declarations.,[]
suetonius.nero.holland1898-section.xml,holland-nero-note-034,7.2,unattributed,unresolved,numerical,Drawne in large bookes.,[]
suetonius.nero.holland1898-section.xml,holland-nero-note-035,8.1,unattributed,unresolved,numerical,Betweene noone and one of the clock.,[]
suetonius.nero.holland1898-section.xml,holland-nero-note-036,8.1,unattributed,unresolved,numerical,Pretorian.,[]
suetonius.nero.holland1898-section.xml,holland-nero-note-037,8.1,unattributed,unresolved,numerical,Father of his Countrey.,[]
suetonius.nero.holland1898-section.xml,holland-nero-note-038,9.1,unattributed,unresolved,numerical,The Emperour.,"[{""source"": ""holland2-uc1"", ""page"": ""105"", ""context"": ""the funerals of claudius, which were most sumptuously"", ""marker_support"": false}, {""source"": ""holland2-hvd"", ""page"": ""105"", ""context"": ""the funerals of claudius, which were most sumptuously"", ""marker_support"": false}]"
suetonius.nero.holland1898-section.xml,holland-nero-note-039,9.1,unattributed,unresolved,numerical,Or corps de guard.,"[{""source"": ""holland2-uc1"", ""page"": ""105"", ""context"": ""tribune of the sentinels, asked of him a"", ""marker_support"": false}, {""source"": ""holland2-hvd"", ""page"": ""105"", ""context"": ""tribune of the sentinels, asked of him a"", ""marker_support"": false}]"
suetonius.nero.holland1898-section.xml,holland-nero-note-041,10.1,unattributed,unresolved,,Poppæa.,[]
suetonius.nero.holland1898-section.xml,holland-nero-note-043,10.1,unattributed,unresolved,,Annuities.,[]
suetonius.nero.holland1898-section.xml,holland-nero-note-044,10.1,unattributed,unresolved,,"More by a fourth part, than the State or worth of a Gentleman of Rome.",[]
suetonius.nero.holland1898-section.xml,holland-nero-note-045,10.1,unattributed,unresolved,,Without paying mony.,[]
suetonius.nero.holland1898-section.xml,holland-nero-note-046,11.1,unattributed,unresolved,alphabetical,"These youthfull sports Iuvenalia, or Iuvenales ludi, were first instituted by this Nero, privately in houses or gardens, and orchards. Wherein, of all degrees, ages and sexes they daunced and revelled.",[]
suetonius.nero.holland1898-section.xml,holland-nero-note-047,11.2,unattributed,unresolved,numerical,Gentlemen and Senatours.,"[{""source"": ""holland2-uc1"", ""page"": ""106"", ""context"": ""many of both degrees and sexes plaied their"", ""marker_support"": false}, {""source"": ""holland2-hvd"", ""page"": ""106"", ""context"": ""many of both degrees and sexes plaied their"", ""marker_support"": false}]"
suetonius.nero.holland1898-section.xml,holland-nero-note-048,11.2,unattributed,unresolved,numerical,"Per Catadromum, for there were Elephanti Funambuli, vide Galb. cap. 6, et Xiphilinum.",[]
suetonius.nero.holland1898-section.xml,holland-nero-note-049,11.2,unattributed,unresolved,numerical,Or Latine.,[]
suetonius.nero.holland1898-section.xml,holland-nero-note-051,12.1,unattributed,unresolved,,A.U.C. 810.,[]
suetonius.nero.holland1898-section.xml,holland-nero-note-052,12.1,unattributed,unresolved,,The fore-stage.,[]
suetonius.nero.holland1898-section.xml,holland-nero-note-053,12.1,unattributed,unresolved,,"Quadringenos, rather quadragenos, i. 40.",[]
suetonius.nero.holland1898-section.xml,holland-nero-note-054,12.1,unattributed,unresolved,,"Sexacentosque, rather Sexagenos, i. 60, according to Justus Lipsius.",[]
suetonius.nero.holland1898-section.xml,holland-nero-note-055,12.1,unattributed,unresolved,,Or great fishes.,[]
suetonius.nero.holland1898-section.xml,holland-nero-note-056,12.1,unattributed,unresolved,,Warlike.,[]
suetonius.nero.holland1898-section.xml,holland-nero-note-057,12.2,unattributed,unresolved,,"Or, among.",[]
suetonius.nero.holland1898-section.xml,holland-nero-note-058,12.2,unattributed,unresolved,letter,"The fabulous reports of Ladie Pasiphæ wife to King Minos, how she was enamoured of a Bull, as also of Icarus the sonne of Dædalus, who would needs attempt to flie in the ayre, be well enough knowen to them that are but meanely seene in Poetrie.",[]
suetonius.nero.holland1898-section.xml,holland-nero-note-059,12.2,unattributed,unresolved,,To the likenesse of that which was devised by Dædalus.,[]
suetonius.nero.holland1898-section.xml,holland-nero-note-060,12.2,unattributed,unresolved,,Of Nero.,[]
suetonius.nero.holland1898-section.xml,holland-nero-note-061,12.2,unattributed,unresolved,,Or pavilion.,[]
suetonius.nero.holland1898-section.xml,holland-nero-note-062,12.2,unattributed,unresolved,letter,"Iuxca cubiculum eius decidit. By Cubiculum, he meaneth heere, a royall seat raised on high within that quarter of the Theater called Orchestra, under a rich Tent or Canopie, where Emperors were wont to sit when they beheld such solemnities. These Pavillions were called in Greeke οὐρανισκοὶ κωνώπεα in some sort resembling bed-chambers.",[]
suetonius.nero.holland1898-section.xml,holland-nero-note-063,12.2,unattributed,unresolved,,Or a pallet.,[]
suetonius.nero.holland1898-section.xml,holland-nero-note-064,12.3,unattributed,unresolved,,A.U.C. 813.,[]
suetonius.nero.holland1898-section.xml,holland-nero-note-065,12.3,unattributed,unresolved,,Or Horse running.,[]
suetonius.nero.holland1898-section.xml,holland-nero-note-066,12.3,unattributed,unresolved,,"So named because they that wrestled, ran, or otherwise exercised, were naked, like as the place itselfe of such exercises thereupon tooke the name Gymnasium.",[]
suetonius.nero.holland1898-section.xml,holland-nero-note-067,12.3,unattributed,unresolved,,Where they were wont to sit as Presidents at other games and playes.,[]
suetonius.nero.holland1898-section.xml,holland-nero-note-068,12.3,unattributed,unresolved,,"In Orchestram, Senatumque aliter, per Orchestram in scenam, by the Orchestra to the very stage.",[]
suetonius.nero.holland1898-section.xml,holland-nero-note-069,12.4,unattributed,unresolved,,To Jupiter Capitolinus.,[]
suetonius.nero.holland1898-section.xml,holland-nero-note-070,12.4,unattributed,unresolved,,A.U.C. 819.,[]
suetonius.nero.holland1898-section.xml,holland-nero-note-071,13.1,unattributed,unresolved,,Or Market place.,[]
suetonius.nero.holland1898-section.xml,holland-nero-note-073,13.2,unattributed,unresolved,,"Which he had laid off again as it shold seeme, like as when he was vanquished by Corbito, he laid downe before the Image of Nero.",[]
suetonius.nero.holland1898-section.xml,holland-nero-note-074,13.2,unattributed,unresolved,,Tanquam nullo residuo bello.,[]
suetonius.nero.holland1898-section.xml,holland-nero-note-075,14.1,unattributed,unresolved,,"A.U.C. 808, 810, 811, 813.",[]
suetonius.nero.holland1898-section.xml,holland-nero-note-077,15.2,unattributed,unresolved,,"Or rather, one peece of a day: See Julius Cæsar cap. 76.",[]
suetonius.nero.holland1898-section.xml,holland-nero-note-078,15.2,unattributed,unresolved,,Or upon occasion of war.,[]
suetonius.nero.holland1898-section.xml,holland-nero-note-079,15.2,unattributed,unresolved,,Which else where be called Epistles.,[]
suetonius.nero.holland1898-section.xml,holland-nero-note-080,15.2,unattributed,unresolved,,Unto whom properly it appertained.,[]
suetonius.nero.holland1898-section.xml,holland-nero-note-081,16.1,unattributed,unresolved,,Ante Insulas.,"[{""source"": ""holland2-uc1"", ""page"": ""110"", ""context"": ""ædifices standing by themselves,\nand other houses, likewise"", ""marker_support"": false}]"
suetonius.nero.holland1898-section.xml,holland-nero-note-082,16.1,unattributed,unresolved,,"Foregates, or Gatehouses.",[]
suetonius.nero.holland1898-section.xml,holland-nero-note-083,16.1,unattributed,unresolved,,From the front of such Ædifices.,[]
suetonius.nero.holland1898-section.xml,holland-nero-note-084,16.1,unattributed,unresolved,,Or promised rather to build.,[]
suetonius.nero.holland1898-section.xml,holland-nero-note-085,16.1,unattributed,unresolved,,To bring an arme of it thither.,[]
suetonius.nero.holland1898-section.xml,holland-nero-note-087,16.2,unattributed,unresolved,letter,"Full and formall suppers, whereto men were invited, and at which the guestes sate orderly marshalled according to their worth place, and were called cænæ rectæ, and after this manner in other Princes daies were their favorites feasted. In steed hereof came in Sportula, i. allowances given unto them, eyther in money, or cates, in recompence of their ordinarie salutations and attendance.",[]
suetonius.nero.holland1898-section.xml,holland-nero-note-088,16.2,unattributed,unresolved,,Ne quid cocti.,[]
suetonius.nero.holland1898-section.xml,holland-nero-note-089,16.2,unattributed,unresolved,,As Potherbs.,[]
suetonius.nero.holland1898-section.xml,holland-nero-note-090,16.2,unattributed,unresolved,,"Cunning Actours, playing all parts, and resembling all gestures.",[]
suetonius.nero.holland1898-section.xml,holland-nero-note-091,16.2,unattributed,unresolved,letter,"As there were sundrie factions or crewes favourizing this or that colour of the Chariotters, so were there likewise of Actours and players, whereupon many roiots, outrages, Fraies and murthers were committed.",[]
suetonius.nero.holland1898-section.xml,holland-nero-note-092,17.1,unattributed,unresolved,,Or uppermost.,[]
suetonius.nero.holland1898-section.xml,holland-nero-note-093,17.1,unattributed,unresolved,,Or cered tables.,[]
suetonius.nero.holland1898-section.xml,holland-nero-note-094,17.1,unattributed,unresolved,,"Pues or seats, some expound this of the Judges Bench, as if their sentences should not be bought and sold.",[]
suetonius.nero.holland1898-section.xml,holland-nero-note-095,17.1,unattributed,unresolved,letter,"It should seeme, that for the pleading and triall of causes, such Tribunal seats, pues, benches and barrs, were erected at first, for the present occasion, and taken downe againe by certaine persons, who gathered therfore a rent of those that went to law.",[]
suetonius.nero.holland1898-section.xml,holland-nero-note-096,17.1,unattributed,unresolved,,Or Pleas.,[]
suetonius.nero.holland1898-section.xml,holland-nero-note-097,18.1,unattributed,unresolved,letter,"Divers Kings of Pontus were named Polemones as of Ægypt Ptolemæi, whereupon the realme Pontus, is by Vopiscus called Polemonius, like as the Alpes Cottiæ of Cottius.",[]
suetonius.nero.holland1898-section.xml,holland-nero-note-099,19.2,unattributed,see curated changes; otherwise unresolved,alphabetical,Many had attempted this beside him but all their cost and labour came to nought: οὕτως χαλεπὸν ἀνθρώπῳ τὰ θεῖα βιάσασθαι..,[]
suetonius.nero.holland1898-section.xml,holland-nero-note-100,19.2,unattributed,unresolved,numerical,"Rastello, i. ligone, the same that Dikella in Greeke with a cloven bit. This by some Writers, was of gold.",[]
suetonius.nero.holland1898-section.xml,holland-nero-note-103,20.1,unattributed,unresolved,alphabetical,τῆς λανθανούσης μουσικῆς οὐδεῖς λόγος.,[]
suetonius.nero.holland1898-section.xml,holland-nero-note-105,20.3,unattributed,unresolved,numerical,i. Ditties.,[]
suetonius.nero.holland1898-section.xml,holland-nero-note-106,20.3,unattributed,unresolved,numerical,"Tuned and composed to the rules and measures of Musick, in the praise of him, by the merchants of Alexandria.",[]
suetonius.nero.holland1898-section.xml,holland-nero-note-107,20.3,unattributed,unresolved,alphabetical,"In respect of a former fleet, that was wont to come before, and bring newes of the second laden with marchandise and under saile. Therefore those ships were called naves Tabellaria. Seneca.",[]
suetonius.nero.holland1898-section.xml,holland-nero-note-108,20.3,unattributed,unresolved,numerical,Or Crewes.,[]
suetonius.nero.holland1898-section.xml,holland-nero-note-109,20.3,unattributed,unresolved,alphabetical,"Bombos, resembling either the buzzing and humming noise of Bees, or the sound of trumpets.",[]
suetonius.nero.holland1898-section.xml,holland-nero-note-110,20.3,unattributed,unresolved,alphabetical,"Imbrices, much after the manner of that rattling, which a sodaine shewre makes upon the tiles of an house, or the sound that crest tiles or gutter tiles may make.",[]
suetonius.nero.holland1898-section.xml,holland-nero-note-111,20.3,unattributed,unresolved,alphabetical,"Testas, to expresse the crashing of potsheards or earthen pots, clattering one against another.",[]
suetonius.nero.holland1898-section.xml,holland-nero-note-112,20.3,unattributed,unresolved,numerical,Pinguissima coma.,[]
suetonius.nero.holland1898-section.xml,holland-nero-note-113,20.3,unattributed,unresolved,alphabetical,"Insignes pinguissima coma. In which sense we read of pingues togæ and Lacerna. Yet some understand thereby λιπαροπλοκάμους, i. whose lokes and faix were so slicke and glib with sweet oyles, that they shone againe.",[]
suetonius.nero.holland1898-section.xml,holland-nero-note-114,20.3,unattributed,unresolved,numerical,Every fifth yeares.,[]
suetonius.nero.holland1898-section.xml,holland-nero-note-115,20.3,unattributed,unresolved,numerical,A Knights living.,[]
suetonius.nero.holland1898-section.xml,holland-nero-note-116,21.1,unattributed,unresolved,numerical,Every fifth yeares.,[]
suetonius.nero.holland1898-section.xml,holland-nero-note-117,21.1,unattributed,unresolved,alphabetical,"For, so would he have it to be called. And Thraseas Pætus was judicially convented, and deeply charged, because he had never offred sacrifice for that heavenly voice of his. Tacit.",[]
suetonius.nero.holland1898-section.xml,holland-nero-note-118,21.2,unattributed,unresolved,numerical,"Wife of Amphion King of Thebes, who priding herself in her faire issewe 6 sonnes and as manie daughters durst compare with Latona, and prefer herselfe before her, who had but 2, Apollo and Diana. Whereupon they two, to wreke their mothers injurie, shot all the said children to death. Wherewith the mother halfe franticke for sorrow, was turned into a stone.","[{""source"": ""holland2-uc1"", ""page"": ""115"", ""context"": ""the storie of niobe1: claudius\nand so continued hee"", ""marker_support"": false}, {""source"": ""holland2-hvd"", ""page"": ""115"", ""context"": ""the storie of niobe 1: claudius\nand so continued hee"", ""marker_support"": false}]"
suetonius.nero.holland1898-section.xml,holland-nero-note-119,21.2,unattributed,unresolved,numerical,Foure of the clocke after noone.,[]
suetonius.nero.holland1898-section.xml,holland-nero-note-120,21.3,unattributed,unresolved,numerical,Or Masques.,[]
suetonius.nero.holland1898-section.xml,holland-nero-note-121,21.3,unattributed,unresolved,alphabetical,"Who was with child by her owne brother Macareus, whereupon her father Æolus caused the childe new borne to be cast before hungrie dogs and sent a sword to his daughter to kill her selfe with.",[]
suetonius.nero.holland1898-section.xml,holland-nero-note-122,21.3,unattributed,unresolved,alphabetical,"In revenge of his father Agamemnons death, by her murdered, whereupon he fell into a furious kinde of deepe melancholie.",[]
suetonius.nero.holland1898-section.xml,holland-nero-note-123,21.3,unattributed,unresolved,alphabetical,"Who unwitting killed his owne father Laius, and as ignorantly wedded his owne mother Iocasta.",[]
suetonius.nero.holland1898-section.xml,holland-nero-note-124,21.3,unattributed,unresolved,alphabetical,"By putting on a garment next his skinne, envenomed with the poison of Nessus the Centaure, and so sent unto him as a token, from his wife Deianira.",[]
suetonius.nero.holland1898-section.xml,holland-nero-note-125,21.3,unattributed,unresolved,numerical,Or young untrained soldiers.,[]
suetonius.nero.holland1898-section.xml,holland-nero-note-126,22.1,unattributed,unresolved,numerical,Or sore wounded and bruised with the wheeles running over him. See Plin. Nat. Hist. lib. 28 cap. 17 .,[]
suetonius.nero.holland1898-section.xml,holland-nero-note-127,22.1,unattributed,unresolved,numerical,"Who was likewise, Raptatus Bigis as Virgil writeth .",[]
suetonius.nero.holland1898-section.xml,holland-nero-note-128,22.1,unattributed,unresolved,numerical,"Or Chariots, to expresse those games Circenses .",[]
suetonius.nero.holland1898-section.xml,holland-nero-note-129,22.1,unattributed,unresolved,numerical,"Secessu, or by way of retyring and recreation .",[]
suetonius.nero.holland1898-section.xml,holland-nero-note-130,22.2,unattributed,unresolved,numerical,"Greges, either agitatorum, i. of chariot drivers: or equorum quadrigariorum, i. of steeds, both to one effecte .","[{""source"": ""holland2-uc1"", ""page"": ""116"", ""context"": ""their crues and companies unlesse they might run"", ""marker_support"": false}, {""source"": ""holland2-hvd"", ""page"": ""116"", ""context"": ""their crues and companies unlesse they might run"", ""marker_support"": false}]"
suetonius.nero.holland1898-section.xml,holland-nero-note-131,22.2,unattributed,unresolved,numerical,Which was their greater gaine .,[]
suetonius.nero.holland1898-section.xml,holland-nero-note-133,23.1,unattributed,unresolved,numerical,Wherein hee thither came.,"[{""source"": ""holland2-uc1"", ""page"": ""117"", ""context"": ""all\ninto one yeare, and some of them"", ""marker_support"": false}, {""source"": ""holland2-hvd"", ""page"": ""117"", ""context"": ""all\ninto one yeare, and some of them"", ""marker_support"": false}]"
suetonius.nero.holland1898-section.xml,holland-nero-note-134,23.1,unattributed,unresolved,numerical,Solemnized twice in the same yeare.,[]
suetonius.nero.holland1898-section.xml,holland-nero-note-135,23.2,unattributed,unresolved,numerical,Thereby to make them relent and not to do their best.,[]
suetonius.nero.holland1898-section.xml,holland-nero-note-137,24.1,unattributed,unresolved,alphabetical,"It may be thought, that he then acted Edipus or Creon or some other King, and therefore carried in his hand a regall staffe or Sceptre. Yet some interprete this of a Lawrel rod or braunch, such as Actors held in their hands while they sung.",[]
suetonius.nero.holland1898-section.xml,holland-nero-note-138,24.1,unattributed,unresolved,numerical,Due to him that had the lowdest voice.,[]
suetonius.nero.holland1898-section.xml,holland-nero-note-139,24.1,unattributed,unresolved,alphabetical,"For, at Olimpia, were Games also of Criers, striving who could cry lowdest, for the prize.",[]
suetonius.nero.holland1898-section.xml,holland-nero-note-140,24.1,unattributed,unresolved,alphabetical,"These were called Hieronica, as one would say, sacred victories, to witt at the solemne games in Greece, Nemea, Pythia, Istmia, and Olimpia.",[]
suetonius.nero.holland1898-section.xml,holland-nero-note-142,25.1,unattributed,unresolved,numerical,Made of the wilde Olive branches.,[]
suetonius.nero.holland1898-section.xml,holland-nero-note-143,25.1,unattributed,unresolved,numerical,Of Lawrell.,[]
suetonius.nero.holland1898-section.xml,holland-nero-note-144,25.1,unattributed,unresolved,numerical,"Isthmian, of Pine, and Nemean of smallach or persley.",[]
suetonius.nero.holland1898-section.xml,holland-nero-note-145,25.1,unattributed,unresolved,alphabetical,"Five thousand were there of these Gallants, as Xiphilinus writeth, ready to applaud him when he chaunted.",[]
suetonius.nero.holland1898-section.xml,holland-nero-note-147,25.3,unattributed,unresolved,numerical,i. Per Nuntios by messengers sent betweene.,[]
suetonius.nero.holland1898-section.xml,holland-nero-note-148,25.3,unattributed,unresolved,numerical,When himself was present.,[]
suetonius.nero.holland1898-section.xml,holland-nero-note-149,25.3,unattributed,unresolved,numerical,A moderatour of his voice.,[]
suetonius.nero.holland1898-section.xml,holland-nero-note-150,26.1,unattributed,unresolved,numerical,Or hood.,[]
suetonius.nero.holland1898-section.xml,holland-nero-note-151,26.1,unattributed,unresolved,alphabetical,"He meaneth eyther a peruke and cap of counterfait haire, Κόμας περιθέτους, Dioni thereby disguising himselfe: the same that in Caligula he termeth Capillamentum, or else some hood covering his head all save the eyes. Julius Capitolinus calleth it Cucullionem, wherewith the Emperour Verus played such parts by night, in imitation of Caligula and Nero.",[]
suetonius.nero.holland1898-section.xml,holland-nero-note-152,26.1,unattributed,unresolved,numerical,Or market.,[]
suetonius.nero.holland1898-section.xml,holland-nero-note-153,26.1,unattributed,unresolved,alphabetical,"Quintana was a Gate or Street rather in the Roman Campe, wherein was usually kept, Forum rerum utensilium, in resemblance whereof, he termed a certaine place in his house Quintana, in which he made sale of such wares and commodities, as he had gotten together by rifling and robbing.",[]
suetonius.nero.holland1898-section.xml,holland-nero-note-154,26.2,unattributed,unresolved,alphabetical,"It appeareth by Tacitus, that this was Julius Montanus, who, albeit he had not sitten in counsell as Senator, yet was Laticlavius, and wore the Senators Robe. Such Gentlemen were called Iuvenes secundi ordinis, in distinction of those of the Imperiall bloud, or otherwise neere allied unto the Emperour.",[]
suetonius.nero.holland1898-section.xml,holland-nero-note-155,26.2,unattributed,unresolved,numerical,Or Licter.,[]
suetonius.nero.holland1898-section.xml,holland-nero-note-156,26.2,unattributed,unresolved,numerical,Or loft.,[]
suetonius.nero.holland1898-section.xml,holland-nero-note-157,26.2,unattributed,unresolved,numerical,The forestage.,[]
suetonius.nero.holland1898-section.xml,holland-nero-note-158,26.2,unattributed,unresolved,numerical,Or among.,[]
suetonius.nero.holland1898-section.xml,holland-nero-note-159,27.2,unattributed,unresolved,alphabetical,"The manner was in old time to imploy the day in businesses, and therein to take no liberall meales, putting off the full refection, and cherishing of the bodie untill night. Convivia de die, argued Intemperance, much more then feasting from noone to midnight.",[]
suetonius.nero.holland1898-section.xml,holland-nero-note-160,27.2,unattributed,unresolved,numerical,"A broad place, wherein a Naval fight had sometime been exhibited but then filled up, yet it caried the former name still.",[]
suetonius.nero.holland1898-section.xml,holland-nero-note-161,27.2,unattributed,unresolved,alphabetical,"Ambubaiarum. These tooke their name (as most expositors have conjectured), Quod circa Baias versarentur. Yet some learned men of later time fetch the same from this Syriacke word Anbubaicæ, as if such were Syrian women, who being otherwise naughtie packes and callots, gat their living also by playing upon certaine instruments of musike, which they brought with them out of their native countrey.",[]
suetonius.nero.holland1898-section.xml,holland-nero-note-162,27.3,unattributed,unresolved,numerical,Or Bay.,"[{""source"": ""holland2-uc1"", ""page"": ""121"", ""context"": ""along the baian creeke, there were provided in"", ""marker_support"": false}, {""source"": ""holland2-hvd"", ""page"": ""121"", ""context"": ""along the baian creeke, there were provided in"", ""marker_support"": false}]"
suetonius.nero.holland1898-section.xml,holland-nero-note-163,27.3,unattributed,unresolved,alphabetical,"Copas imitantium. Although Copæ, properly be such women as keepe victualling houses, readie not onely to entertaine, but also to invite and call in guestes, yet because these commonly are verie bold and unshamefaced, this terme goeth indifferently for strumpets and curtesans. For seldome shall a man see an impudent woman that is not withall incontinent, so inseparably is modestie joyned with Chastitie.",[]
suetonius.nero.holland1898-section.xml,holland-nero-note-164,27.3,unattributed,unresolved,numerical,Quadragies HS.,[]
suetonius.nero.holland1898-section.xml,holland-nero-note-165,27.3,unattributed,unresolved,alphabetical,"The corrupt text in this place hath given occasion of much obscuritie, and ministred matter enough for Criticks to worke upon, while some read Mellita, others Myrtitrichila. By which are ment certaine sweat junkets, as daintie wafers, etc.",[]
suetonius.nero.holland1898-section.xml,holland-nero-note-166,27.3,unattributed,unresolved,alphabetical,"This may be thought incredible, that banqueting conceits at one sitting should cost so much, and the aspersion of rose-water or other odoriferous liquors arise to more. Where is to be noted the observation of some, who for ab Syrtio rosaria read aspersio rosaria, that is to say, the artificiall besprinkling and aromatizing (as I may so say) of banqueting rowmes, out of spouts and pipes, conveying odoriferous waters and oyles, going under the name of Rosaria. Which spouts, if they were made of silver or gold, (as we read they were at the feast of Otho, when he gave Nero entertainment) might soone amount to that somme. To say nothing of the costly compound distilled waters, or extracts and oyles, themselves, drawen out of most pretious simples and spices.",[]
suetonius.nero.holland1898-section.xml,holland-nero-note-168,28.1,unattributed,unresolved,alphabetical,"Him he called, as other Authors write, Sabbina and Poppæa, after the name of his wife deceased.",[]
suetonius.nero.holland1898-section.xml,holland-nero-note-169,29.1,unattributed,unresolved,numerical,Or grate. I wish that both Suetonius and Dio had in this place and such like been altogether silent.,"[{""source"": ""holland2-uc1"", ""page"": ""123"", ""context"": ""forth\nof a cagel and then give the"", ""marker_support"": false}, {""source"": ""holland2-hvd"", ""page"": ""123"", ""context"": ""forth\nof a cagel and then give the"", ""marker_support"": false}]"
suetonius.nero.holland1898-section.xml,holland-nero-note-170,29.1,unattributed,unresolved,alphabetical,"In other writers he is named Pythagoras, so that it should seeme he caried two names.",[]
suetonius.nero.holland1898-section.xml,holland-nero-note-171,29.1,unattributed,unresolved,numerical,,[]
suetonius.nero.holland1898-section.xml,holland-nero-note-172,29.1,unattributed,unresolved,numerical,Confessed of themselves and their owne accord.,[]
suetonius.nero.holland1898-section.xml,holland-nero-note-173,30.2,unattributed,unresolved,alphabetical,"A great Magician, whom he intertained thus royally, because he would have learned magicke of him. See Plinie.",[]
suetonius.nero.holland1898-section.xml,holland-nero-note-174,30.3,unattributed,unresolved,numerical,"Quadringenis Sestertiis. Take Sestertium here in the newter gender: otherwise, it were but a meane venture for such an one as Nero: as amounting not above 3l. 2s. 6d. Whereas now, it ariseth to 3125l.",[]
suetonius.nero.holland1898-section.xml,holland-nero-note-175,30.3,unattributed,unresolved,alphabetical,"Whereas Augustus when he played at this game, ventured no more, than for everie Talus, which were foure in all, a single denier. For it should seeme that the game of Tali heere mentioned, was Pleistobolinda, i. who could throw most with four Tali, whether the same were cockall bones in deed, or made of gold, silver or Ivorie, with foure sides, everie one representing a chaunce, an Ace or unitie and sise, a trey and quatre, opposite, one unto the other. For they wanted deux and cinque, which the Tessera Cubus, or Die carying six faces, hath.",[]
suetonius.nero.holland1898-section.xml,holland-nero-note-176,30.3,unattributed,unresolved,numerical,"Aurato rete. Orosius saith more expresly, retibus aureis.",[]
suetonius.nero.holland1898-section.xml,holland-nero-note-177,30.3,unattributed,unresolved,numerical,Horse men of Africke and Cappadocia.,[]
suetonius.nero.holland1898-section.xml,holland-nero-note-178,30.3,unattributed,unresolved,alphabetical,"It is evident hereby, as also out of that verse of Juvenal, Ut læti phaleris omnes et torquibus omnes, that these Phaleræ were not Trappings and furniture belonging to horses, but some other ornaments, wherewith footmen and horsemen both were trimly decked.",[]
suetonius.nero.holland1898-section.xml,holland-nero-note-180,31.1,unattributed,unresolved,numerical,Or fore-gate.,[]
suetonius.nero.holland1898-section.xml,holland-nero-note-181,31.1,unattributed,unresolved,numerical,"Porticus triplices milliarias. If a man expound it thus: Galleries with three rows of pillers, or as many yles, a thousand foote in length, it wold be more consonant to the truth I suppose. And yet the proportion that followeth is very strange and answerable to the vulgar and received exposition.",[]
suetonius.nero.holland1898-section.xml,holland-nero-note-183,31.2,unattributed,unresolved,numerical,Or heaven.,[]
suetonius.nero.holland1898-section.xml,holland-nero-note-184,31.2,unattributed,unresolved,numerical,Made his first entrie into it after a solemn and festivall manner.,[]
suetonius.nero.holland1898-section.xml,holland-nero-note-186,31.3,unattributed,unresolved,numerical,(Or lake.),[]
suetonius.nero.holland1898-section.xml,holland-nero-note-187,31.3,unattributed,unresolved,numerical,Or Walking places.,[]
suetonius.nero.holland1898-section.xml,holland-nero-note-188,31.3,unattributed,unresolved,numerical,Or ditch.,[]
suetonius.nero.holland1898-section.xml,holland-nero-note-189,31.4,unattributed,unresolved,,A.U.C. 818.,[]
suetonius.nero.holland1898-section.xml,holland-nero-note-190,32.2,unattributed,unresolved,numerical,Remembred him not in their wils and made him not an heyre.,[]
suetonius.nero.holland1898-section.xml,holland-nero-note-192,32.3,unattributed,unresolved,numerical,Or faire.,[]
suetonius.nero.holland1898-section.xml,holland-nero-note-193,32.3,unattributed,unresolved,numerical,Who had bought the saide colours.,[]
suetonius.nero.holland1898-section.xml,holland-nero-note-194,32.3,unattributed,unresolved,numerical,Julia: which Cæsar Dictator made. See in Jul. Cæs. cap. 43.,[]
suetonius.nero.holland1898-section.xml,holland-nero-note-195,32.3,unattributed,unresolved,numerical,Procters or Factours.,[]
suetonius.nero.holland1898-section.xml,holland-nero-note-196,32.4,unattributed,unresolved,numerical,Or possesse.,[]
suetonius.nero.holland1898-section.xml,holland-nero-note-198,33.1,unattributed,unresolved,numerical,Or Proverbe.,"[{""source"": ""holland2-uc1"", ""page"": ""127"", ""context"": ""a greek by-word, to praise mushromes, (in"", ""marker_support"": false}, {""source"": ""holland2-hvd"", ""page"": ""127"", ""context"": ""a greek by-word, to praise mushromes, (in"", ""marker_support"": false}]"
suetonius.nero.holland1898-section.xml,holland-nero-note-199,33.1,unattributed,unresolved,numerical,"θεῶν βρῶμα, alluding to the deification after his death.",[]
suetonius.nero.holland1898-section.xml,holland-nero-note-200,33.1,unattributed,unresolved,alphabetical,"In this verbe Morari, there is couched a double sense, which gives the grace unto this pleasant scoffe. For, being a meere Latin word, and having the first sillable by nature short, it signifieth, to stay or to make long abode: and taking it thus, Nero might be thought to imply thus much, that Claudius was now departed out of the companie of mortall men, and raunged among the heavenly wights. But take the same word, as Nero spake it, derived of μῶρος in Greeke, which signifyeth, A foole, and hath the first syllable long, it importeth, that Claudius played the foole no longer here in the world among men. Read the little pamphlet of Seneca entituled ἀποκολοκήντωσις, if ye would see Claudius depainted in his colours, and in a fooles coat: which he, as it may appeare, composed of purpose to gratifie Nero in that humour of his.",[]
suetonius.nero.holland1898-section.xml,holland-nero-note-201,33.1,unattributed,unresolved,numerical,Bustum.,[]
suetonius.nero.holland1898-section.xml,holland-nero-note-202,33.1,unattributed,unresolved,alphabetical,"The Greekes call this Κανστραν οι τύβον. And the Romans in honour of their Princes, were wont to compasse the same all about with a wall of flint, or other durable stone, as marble.",[]
suetonius.nero.holland1898-section.xml,holland-nero-note-203,33.1,unattributed,unresolved,numerical,As the manner was for certaine daies before the ashes and reliques were gathered up.,[]
suetonius.nero.holland1898-section.xml,holland-nero-note-204,33.2,unattributed,unresolved,numerical,In quantitie.,[]
suetonius.nero.holland1898-section.xml,holland-nero-note-205,33.2,unattributed,unresolved,numerical,De Veneficiis.,[]
suetonius.nero.holland1898-section.xml,holland-nero-note-206,33.3,unattributed,unresolved,numerical,"For her former practise of poisoning, by which she stoode condemned.","[{""source"": ""holland2-uc1"", ""page"": ""128"", ""context"": ""done, he granted impunities: he endued her\nalso"", ""marker_support"": false}, {""source"": ""holland2-hvd"", ""page"": ""128"", ""context"": ""done, he granted impunities: he endued her\nalso"", ""marker_support"": false}]"
suetonius.nero.holland1898-section.xml,holland-nero-note-208,34.1,unattributed,unresolved,numerical,Militum et Germanorum: Hen dia duo.,[]
suetonius.nero.holland1898-section.xml,holland-nero-note-210,34.2,unattributed,unresolved,numerical,Or Pinnace.,[]
suetonius.nero.holland1898-section.xml,holland-nero-note-211,34.2,unattributed,unresolved,numerical,Or to the staires.,[]
suetonius.nero.holland1898-section.xml,holland-nero-note-213,34.4,unattributed,unresolved,numerical,About midnight it was.,[]
suetonius.nero.holland1898-section.xml,holland-nero-note-214,34.4,unattributed,unresolved,alphabetical,"It may be it was in the same forme, that Justinus Martyr citeth out of Orpheus: θύρας δ᾽ ἐπίθεσθε βεβήλος. Fortes opponite profanis. Which Virgil in some sort hath expressed thus: Procul este profani. And Claudian after him: Gressus removete profani.",[]
suetonius.nero.holland1898-section.xml,holland-nero-note-216,34.5,unattributed,unresolved,numerical,"Ex duritia alui, alias enim cibum non transmittit, as Plinie writeth, 26 lib.",[]
suetonius.nero.holland1898-section.xml,holland-nero-note-217,34.5,unattributed,unresolved,numerical,"As if she wold say, If I might see thee once a man growen, etc., for he came to be Emperour before he was 18 yeere olde.",[]
suetonius.nero.holland1898-section.xml,holland-nero-note-218,34.5,unattributed,unresolved,numerical,"You must suppose, he sent for the barber first, etc.",[]
suetonius.nero.holland1898-section.xml,holland-nero-note-219,34.5,unattributed,unresolved,numerical,"As purging was the cure, so it was the colourable means wherby she was killed.",[]
suetonius.nero.holland1898-section.xml,holland-nero-note-220,35.1,unattributed,unresolved,numerical,The daughter of Claudius.,[]
suetonius.nero.holland1898-section.xml,holland-nero-note-221,35.1,unattributed,unresolved,numerical,Or Pompeia as some read.,[]
suetonius.nero.holland1898-section.xml,holland-nero-note-222,35.1,unattributed,unresolved,numerical,Titus Ossius.,[]
suetonius.nero.holland1898-section.xml,holland-nero-note-223,35.1,unattributed,unresolved,numerical,Rufius Crispus.,[]
suetonius.nero.holland1898-section.xml,holland-nero-note-224,35.1,unattributed,unresolved,numerical,In the right line of descent.,[]
suetonius.nero.holland1898-section.xml,holland-nero-note-225,35.1,unattributed,unresolved,numerical,"Statilius who in Augustus time built the great Amphitheatre in Rome, bearing his name.",[]
suetonius.nero.holland1898-section.xml,holland-nero-note-229,35.5,unattributed,unresolved,numerical,Ducatus or Captainships.,[]
suetonius.nero.holland1898-section.xml,holland-nero-note-231,35.5,unattributed,unresolved,numerical,Seneca.,[]
suetonius.nero.holland1898-section.xml,holland-nero-note-232,35.5,unattributed,unresolved,numerical,Eparchos Ton doruphoron.,[]
suetonius.nero.holland1898-section.xml,holland-nero-note-233,35.5,unattributed,unresolved,numerical,A squinancie.,[]
suetonius.nero.holland1898-section.xml,holland-nero-note-234,35.5,unattributed,unresolved,numerical,"Namely, Doriphorus and Pallas: Tacit.",[]
suetonius.nero.holland1898-section.xml,holland-nero-note-236,36.1,unattributed,unresolved,numerical,"And his adherents, Viniciana.",[]
suetonius.nero.holland1898-section.xml,holland-nero-note-237,36.2,unattributed,unresolved,numerical,And by name Sulpitius Asper.,[]
suetonius.nero.holland1898-section.xml,holland-nero-note-238,37.2,unattributed,unresolved,numerical,"Polyphago cuidam, or glutton.",[]
suetonius.nero.holland1898-section.xml,holland-nero-note-239,37.2,unattributed,unresolved,alphabetical,"The like example is reported by Vopiscus in Aurelianus, who tooke wonderfull delight in a mightie Eater (Phagone), that in one day before his owne table, devoured a wild bore full and whole, an hundred loaves of bread, a wether mutton, and a pig.",[]
suetonius.nero.holland1898-section.xml,holland-nero-note-241,37.3,unattributed,unresolved,numerical,Or none of the Emperors knew.,[]
suetonius.nero.holland1898-section.xml,holland-nero-note-242,37.3,unattributed,unresolved,numerical,"In Achaia, nere Corinth.",[]
suetonius.nero.holland1898-section.xml,holland-nero-note-243,37.3,unattributed,unresolved,numerical,"Comprising therein the gentlemens degree: not Senatui, populoque Rom. as the manner had beene.",[]
suetonius.nero.holland1898-section.xml,holland-nero-note-244,38.1,unattributed,unresolved,alphabetical,"This Iambicke verse, as Dion writeth, was rife also in Tiberius Cæsars mouth.",[]
suetonius.nero.holland1898-section.xml,holland-nero-note-245,38.1,unattributed,unresolved,numerical,"Cubiculares, i. the grooms of his chamber.",[]
suetonius.nero.holland1898-section.xml,holland-nero-note-246,38.2,unattributed,unresolved,numerical,Or lodgings.,"[{""source"": ""holland2-uc1"", ""page"": ""135"", ""context"": ""take up their inness and shrowd themselves the"", ""marker_support"": false}, {""source"": ""holland2-hvd"", ""page"": ""135"", ""context"": ""take up their innes and shrowd themselves the"", ""marker_support"": false}]"
suetonius.nero.holland1898-section.xml,holland-nero-note-247,38.2,unattributed,unresolved,alphabetical,"Albeit this word, Insula, beside the common signification of an Iland, is taken for an house standing entire by it selfe, a part from other, yet in this Author I observe that it is put els where for other houses also and tenements let out to tenants by the owners and Landlords, who are called Domini Insularum. And even in this acception, it may well goe in this place.",[]
suetonius.nero.holland1898-section.xml,holland-nero-note-248,38.2,unattributed,unresolved,numerical,With the Carthaginians.,[]
suetonius.nero.holland1898-section.xml,holland-nero-note-249,38.2,unattributed,unresolved,alphabetical,"This toure Horace describeth, Carm. lib. 3, Od. 19, in these words, Molem propinquam nubibus arduis, etc.",[]
suetonius.nero.holland1898-section.xml,holland-nero-note-250,39.1,unattributed,unresolved,numerical,As we say in the Church booke.,[]
suetonius.nero.holland1898-section.xml,holland-nero-note-251,39.1,unattributed,unresolved,numerical,"In whose temple were to be bought or hired, whatsoever pertained to funerals and burials: Varro.",[]
suetonius.nero.holland1898-section.xml,holland-nero-note-252,39.1,unattributed,unresolved,alphabetical,"Which number ariseth to ten thousand a moneth. A mortalitie nothing comparable to that which as Eusebius reporteth, reigned at Rome in the daies of Vespasian, in which there died of the pestilence ten thousand a day, nor to that in Constantinople, when many daies, there were likewise ten thousand dead bodies caried forth. Procop. lib. 2, de bello persico.",[]
suetonius.nero.holland1898-section.xml,holland-nero-note-253,39.1,unattributed,unresolved,numerical,"Camelodunum et Londinium coloniæ, etc. Tacitus. i. Maldon and London ij. Colonies; and togither with them, Verulamium a Burrough free town, (in the ruines wherof S. Albanes now standeth) in which places 7000 (by report) were slain of Citizens and Alies.",[]
suetonius.nero.holland1898-section.xml,holland-nero-note-254,39.2,unattributed,unresolved,alphabetical,"Such a rumor in deed ran rife, but untruly. Tacitus.",[]
suetonius.nero.holland1898-section.xml,holland-nero-note-255,39.2,unattributed,unresolved,numerical,Hexametre and Pentametre.,[]
suetonius.nero.holland1898-section.xml,holland-nero-note-256,39.2,unattributed,unresolved,alphabetical,"Orestes to revenge his father Agamemnons death wrought by Clytemnestra his mother and Ægysthus the adulterer, murdered her.",[]
suetonius.nero.holland1898-section.xml,holland-nero-note-257,39.2,unattributed,unresolved,alphabetical,"Alcmæon sonne of Amphiaraus and Eriphyle, killed her, bycause shee had contrived his fathers death.",[]
suetonius.nero.holland1898-section.xml,holland-nero-note-259,39.2,unattributed,unresolved,numerical,Anchises.,[]
suetonius.nero.holland1898-section.xml,holland-nero-note-260,39.2,unattributed,unresolved,alphabetical,"Æneas caried his old father Anchises upon his shoulders out of the fyre of Troy when it burned. Here is to be noted the duple sense of the verbe [Sustulit] in one and the same Latin verse: for in the former place, it signifieth to Kill, or make away, as Nero did his mother, in the later, to take up and cary, as Æneas did his father. This yeeldeth an elegant grace in Latin, and cannot so well be expressed in English.",[]
suetonius.nero.holland1898-section.xml,holland-nero-note-261,39.2,unattributed,unresolved,numerical,,[]
suetonius.nero.holland1898-section.xml,holland-nero-note-262,39.2,unattributed,unresolved,alphabetical,"Apollo was surnamed Pæan of παίειν in Greek, which signifieth to strike, or of παύειν, to ease and allay paine, as being a God, that both sendeth diseases, and also cureth them. But commonly the Romaines terme him so, in this latter and better sense. He is styled likewise Hecatebeletes in Greek, which is as much, as shooting or wounding from afarr. In these abstruse significations and obscure termes therefore this Epigram implyeth thus much: That whiles Nero in the habit of Apollo plaieth upon the harpe. and would seeme to be a milde and gratious Prince: the Parthian King with bow and arrowes representing Apollo likewise, endaungered the Empire of Rome, and all, through the supine negligence of Nero geven to his Musick and other vanities excessively.",[]
suetonius.nero.holland1898-section.xml,holland-nero-note-263,39.2,unattributed,unresolved,alphabetical,"This is ment by that huge house of Neroes building, and hath a reference to that desolate estate of Rome, when it was sacked and fyred by the French, after the imfortunate battaile of Allia, what time the Romaines were in consultation to abandon the Cittie and departe to Veii, there to inhabite.",[]
suetonius.nero.holland1898-section.xml,holland-nero-note-265,39.3,unattributed,unresolved,numerical,Or evils.,[]
suetonius.nero.holland1898-section.xml,holland-nero-note-266,39.3,unattributed,unresolved,alphabetical,"It seemeth that Nero in his Poeme entituled Troica, had used to chaunt of Nauplius the father of Palamedes, who abid many calamities himselfe, and in revenge of his sonnes death, wrought much mischiefe to others. The Cynicke therefore, noteth Nero for his singing, as also for abusing his owne good parts in perpetrating all wickednesse, or else for mispending his treasure so dissolutely.",[]
suetonius.nero.holland1898-section.xml,holland-nero-note-267,39.3,unattributed,unresolved,numerical,Which were very lascivious and licentious.,[]
suetonius.nero.holland1898-section.xml,holland-nero-note-268,39.3,unattributed,unresolved,alphabetical,"῎Εῤῥωσο δὴ καὶ ὑγίαινε, οὔτε λέγειν οὔτε ἀκούειν, ἀγαθὸν, οὐ γὰρ προσίοντες ἄλλοις, οὔτε μέλλοντές τι πράττειν, ταῦτα λέγουσιν ἄνθρωποι, ἀλλὰ ἀπαλαττόμενοι ἀλλήλων, καὶ πρὸς ἄπνον τρεπόμενοι. Artemidor. lib. 1, cap. ult.",[]
suetonius.nero.holland1898-section.xml,holland-nero-note-269,39.3,unattributed,unresolved,numerical,"Whose son he was by adoption, for some report, he tooke his poison in a cup of drinke and not in a mushrom.",[]
suetonius.nero.holland1898-section.xml,holland-nero-note-270,39.3,unattributed,unresolved,numerical,Who was thought to have perished in the sea and indeede she hardly escaped drowning by swimming.,[]
suetonius.nero.holland1898-section.xml,holland-nero-note-271,39.3,unattributed,unresolved,alphabetical,"By Orcus, or Pluto, taken for the God of Hell or the Grave, is understood death, in this place, readie to seize upon the Senatours, whose overthrow Nero had intended. Now, well knowne it is, that the manner was then, among the Romans, as at this day with us, to cary forth their dead with the feet forward.",[]
suetonius.nero.holland1898-section.xml,holland-nero-note-272,39.3,unattributed,unresolved,numerical,Datus.,[]
suetonius.nero.holland1898-section.xml,holland-nero-note-273,39.3,unattributed,unresolved,numerical,Isidorus.,[]
suetonius.nero.holland1898-section.xml,holland-nero-note-274,40.1,unattributed,unresolved,numerical,Of Gaule.,[]
suetonius.nero.holland1898-section.xml,holland-nero-note-275,40.3,unattributed,unresolved,alphabetical,"It should seeme, this answere was delivered in these words: Ἑξηκοστὸν ἔτος τρισκαιδέκατόντε φυλάττου. Of sixtieth yeare (I doe thee reed)And thirteenth more, see thou take heed. Whereby Apollo (for his oblique aunswers rightly of the Greeks termed Loxias) or the Divell himselfe, whether you will, playing with him in a two-fold and ambiguous construction, (as his manner was) deluded him. For whiles he rested secure, dreaming still of the 73 yeare, which he supposed was meant of his owne age, and which he was farre short of, he fell into the hands of Galba, a man indeede of those yeares.",[]
suetonius.nero.holland1898-section.xml,holland-nero-note-276,40.3,unattributed,unresolved,numerical,As they did to Polycrates that mighty Tyrant of Samos: but it was not long before his fall and destruction.,[]
suetonius.nero.holland1898-section.xml,holland-nero-note-278,40.4,unattributed,unresolved,numerical,"Malum an emphaticall and significant word in this place like as in Livie, lib. 4, Malum militibus meis nisi quieverint. As if he had said, A mischiefe take these Rebels: or, Mischiefe will come to them.",[]
suetonius.nero.holland1898-section.xml,holland-nero-note-279,40.4,unattributed,unresolved,numerical,"Descissent, al. dedissent, as if mischief wold fall upon the authors heads.",[]
suetonius.nero.holland1898-section.xml,holland-nero-note-280,41.1,unattributed,unresolved,numerical,An inflammation or swelling in the throate.,"[{""source"": ""holland2-uc1"", ""page"": ""139"", ""context"": ""an excuse the squinsies whereof hee was sicke"", ""marker_support"": false}, {""source"": ""holland2-hvd"", ""page"": ""139"", ""context"": ""an excuse the squinsies whereof hee was sicke"", ""marker_support"": false}]"
suetonius.nero.holland1898-section.xml,holland-nero-note-281,41.1,unattributed,unresolved,numerical,"Citharadum, a singer to the Harp.",[]
suetonius.nero.holland1898-section.xml,holland-nero-note-282,41.1,unattributed,unresolved,numerical,"Which was the name of his family, and so had he been called before his adoption.",[]
suetonius.nero.holland1898-section.xml,holland-nero-note-283,41.1,unattributed,unresolved,numerical,Nero Claudius Drusus.,[]
suetonius.nero.holland1898-section.xml,holland-nero-note-284,41.2,unattributed,unresolved,numerical,"Which it seems he spake ironically; if simply, he meaneth, in case Vindex interrupted not his sports and the publike felicitie.",[]
suetonius.nero.holland1898-section.xml,holland-nero-note-285,42.2,unattributed,unresolved,numerical,"In that hee plaied without a concurrent, whereas himself but for his Businesses would have put him down.",[]
suetonius.nero.holland1898-section.xml,holland-nero-note-287,43.2,unattributed,unresolved,numerical,"As sometime Cn. Pompeius Magnus was, for the like exploit.",[]
suetonius.nero.holland1898-section.xml,holland-nero-note-288,43.2,unattributed,unresolved,numerical,The Consular authoritie.,[]
suetonius.nero.holland1898-section.xml,holland-nero-note-291,45.1,unattributed,unresolved,numerical,"Or the fleete itself, navis pro classe, as classis pro nave by the figure Synechdoche.",[]
suetonius.nero.holland1898-section.xml,holland-nero-note-292,45.1,unattributed,unresolved,alphabetical,"Rome was wont to be served of corne from Alexandrea in Ægypt, in the time of dearth especially, when Cicilie, otherwise reckoned Horreum populi Romani, i. the people of Romes Garner, was not able to furnish them. Now, when in steede of corne long expected, there arrived certaine saile from thence fraught with dust and sand for the sports of his gallants: no mervaile if all the discontentment and heart-burning of the people conceived against Cornmongers and such as made gaine by the scarcitie of graine, redounded upon Nero and his Courtiers.",[]
suetonius.nero.holland1898-section.xml,holland-nero-note-293,45.2,unattributed,unresolved,numerical,Alluding to his Chariot running.,"[{""source"": ""holland2-uc1"", ""page"": ""143"", ""context"": ""was set a chariot with an imprese\nin"", ""marker_support"": false}, {""source"": ""holland2-hvd"", ""page"": ""143"", ""context"": ""was set a chariot with an imprese\nin"", ""marker_support"": false}]"
suetonius.nero.holland1898-section.xml,holland-nero-note-294,45.2,unattributed,unresolved,alphabetical,Νῦν γὰρ ἐστ᾽ ἀγών. The end of some Trimetre or Senarie Iambicke verse in a Tragedie.,[]
suetonius.nero.holland1898-section.xml,holland-nero-note-295,45.2,unattributed,unresolved,alphabetical,"Νῦν δεῖ ἐλαύνειν ἢ ἕλκειν, . Now 'tis high time to drive or draw. In both which Empreses, by a most tart and bitter Sarcasmus, is taxed his excessive love of Charioting.",[]
suetonius.nero.holland1898-section.xml,holland-nero-note-296,45.2,unattributed,unresolved,numerical,A Sachell ascopera.,[]
suetonius.nero.holland1898-section.xml,holland-nero-note-297,45.2,unattributed,unresolved,numerical,Ego quid potui.,[]
suetonius.nero.holland1898-section.xml,holland-nero-note-298,45.2,unattributed,unresolved,alphabetical,"The speech of the people, or of his mother, who could not reclayme him.",[]
suetonius.nero.holland1898-section.xml,holland-nero-note-299,45.2,unattributed,unresolved,numerical,Culeum.,[]
suetonius.nero.holland1898-section.xml,holland-nero-note-300,45.2,unattributed,unresolved,alphabetical,"As a Paricide or Killer of Parents, etc., whose judgement was to be sowed quicke within a lether budge, etc.",[]
suetonius.nero.holland1898-section.xml,holland-nero-note-301,45.2,unattributed,unresolved,numerical,Pillers.,[]
suetonius.nero.holland1898-section.xml,holland-nero-note-302,45.2,unattributed,unresolved,numerical,Gallos et eum cantando excisse.,[]
suetonius.nero.holland1898-section.xml,holland-nero-note-303,45.2,unattributed,unresolved,alphabetical,"There is not only an Homonyme in the word [Gallos] signifying the French Nation, and the crowing cocks, but an Amphibolie also in the sentence: whereby it may be understood, eyther that Nero with his chaunting, had awakened the French, who began now to revolt, as not able any longer to endure his songs: or that the French awakened him, to bestirre himselfe and looke better about him as if they were the Cockes indeed, to raise him out of his drowsie securitie.",[]
suetonius.nero.holland1898-section.xml,holland-nero-note-304,45.2,unattributed,unresolved,alphabetical,"The ambiguitie of this word [Vindex], implieth both a private chastiser of servants for their faults, and also C. Julius Vindex, a revenger of publicke injuries, and a maintainer of the common libertie.",[]
suetonius.nero.holland1898-section.xml,holland-nero-note-305,45.2,unattributed,unresolved,alphabetical,Who now had taken Armes against Nero.,[]
suetonius.nero.holland1898-section.xml,holland-nero-note-307,46.1,unattributed,unresolved,numerical,Ominum.,[]
suetonius.nero.holland1898-section.xml,holland-nero-note-309,46.2,unattributed,unresolved,numerical,First day.,[]
suetonius.nero.holland1898-section.xml,holland-nero-note-310,46.2,unattributed,unresolved,numerical,All this hapned upon the new-yeares day.,[]
suetonius.nero.holland1898-section.xml,holland-nero-note-311,46.2,unattributed,unresolved,alphabetical,"Auspicia, albeit they properly do signifie presaging tokens delivered by birds: yet the sequence and circumstance of this passage, lead us rather to some other uncouth prodigies and straunge sightes.",[]
suetonius.nero.holland1898-section.xml,holland-nero-note-312,46.3,unattributed,unresolved,alphabetical,"Nero was semblably distained, in another kinde: as having murdered his Father Claudius [Who adopted him.], his mother Agrippina, and his two wives Octavia and Poppæa.",[]
suetonius.nero.holland1898-section.xml,holland-nero-note-313,46.3,unattributed,unresolved,numerical,"Decidis or desisse, i. stayed and gave over.",[]
suetonius.nero.holland1898-section.xml,holland-nero-note-314,47.1,unattributed,unresolved,numerical,See the annotation upon this place.,[]
suetonius.nero.holland1898-section.xml,holland-nero-note-315,47.1,unattributed,unresolved,alphabetical,"A cælatura carminum Homeri. Which if wee straine a little, may be Englished thus, for the workmanship and engraving upon them, out of Homers verses. Alluding to that standing massie cup of Nestors, described by Homer in the eleventh of his Ilias.",[]
suetonius.nero.holland1898-section.xml,holland-nero-note-316,47.2,unattributed,unresolved,alphabetical,"An halfe verse out of Virgil, 12 Æneid. The words of Turnus unto his sister Juturna.",[]
suetonius.nero.holland1898-section.xml,holland-nero-note-317,47.2,unattributed,unresolved,numerical,And to suffer him for to injoy the Empire.,[]
suetonius.nero.holland1898-section.xml,holland-nero-note-318,47.2,unattributed,unresolved,alphabetical,"Although there were divers Præfecturæ in Ægypt, called Nomi, as one would say, Shires or Divisions, as appeareth in Plinie, 5 lib. cap. 9. Yet by this place is to be understood the Presidencie over all Ægypt, which by the institution of Augustus, was ordinarily conferred upon some Gentlemen of Rome. By which, it appeareth, he would play at small game rather than sit out.",[]
suetonius.nero.holland1898-section.xml,holland-nero-note-319,47.2,unattributed,unresolved,numerical,To the Rostra.,[]
suetonius.nero.holland1898-section.xml,holland-nero-note-320,47.3,unattributed,unresolved,numerical,Or starting out of his sleepe.,"[{""source"": ""holland2-uc1"", ""page"": ""145"", ""context"": ""and awakened about midnight; when he understood that"", ""marker_support"": false}, {""source"": ""holland2-hvd"", ""page"": ""145"", ""context"": ""and awakened about midnight; when he understood that"", ""marker_support"": false}]"
suetonius.nero.holland1898-section.xml,holland-nero-note-321,47.3,unattributed,unresolved,numerical,Mirmillonem.,[]
suetonius.nero.holland1898-section.xml,holland-nero-note-323,48.1,unattributed,unresolved,numerical,"The rest were Phaon, Epaphroditus and Neophitus.",[]
suetonius.nero.holland1898-section.xml,holland-nero-note-324,48.3,unattributed,unresolved,numerical,"For feare either of pricking his feete, or of being heard to goe.",[]
suetonius.nero.holland1898-section.xml,holland-nero-note-326,48.3,unattributed,unresolved,numerical,"Or sodden. Plinie reporteth, lib. 31, cap. 3: That Nero devised to seeth water first, then within a glasse to let it stand in snow, wherby it became exceeding cold: partly by the snow, and in part by the former decoction. A delicate drinke in the heate of Sommer.",[]
suetonius.nero.holland1898-section.xml,holland-nero-note-327,49.1,unattributed,unresolved,numerical,"Meaning his singular skill in Musicke, for which pittie it was he should ever die.",[]
suetonius.nero.holland1898-section.xml,holland-nero-note-328,49.1,unattributed,unresolved,numerical,"Or else, What manner of artisane am I now become, thus to prepare mine owne funerall?",[]
suetonius.nero.holland1898-section.xml,holland-nero-note-330,49.2,unattributed,unresolved,numerical,Or set.,[]
suetonius.nero.holland1898-section.xml,holland-nero-note-331,49.2,unattributed,unresolved,numerical,Or rapiers.,[]
suetonius.nero.holland1898-section.xml,holland-nero-note-332,49.2,unattributed,unresolved,numerical,Acie: pro acumine mucronato.,[]
suetonius.nero.holland1898-section.xml,holland-nero-note-333,49.3,unattributed,unresolved,numerical,"Homer, Iliad x. spoken by Nestor.",[]
suetonius.nero.holland1898-section.xml,holland-nero-note-334,49.3,unattributed,unresolved,numerical,Or rapier.,"[{""source"": ""holland2-uc1"", ""page"": ""148"", ""context"": ""resoundeth in mine eares,\nhe set a daggers to his throat, whiles"", ""marker_support"": false}, {""source"": ""holland2-hvd"", ""page"": ""148"", ""context"": ""resoundeth in mine eares,\nhe set a daggers to his throat, whiles"", ""marker_support"": false}]"
suetonius.nero.holland1898-section.xml,holland-nero-note-335,49.3,unattributed,unresolved,numerical,Or his Master of requests.,[]
suetonius.nero.holland1898-section.xml,holland-nero-note-336,49.4,unattributed,unresolved,numerical,By Nero.,[]
suetonius.nero.holland1898-section.xml,holland-nero-note-337,49.4,unattributed,unresolved,numerical,Occasioned by the rebellion in Gaule and Spaine.,[]
suetonius.nero.holland1898-section.xml,holland-nero-note-338,49.4,unattributed,unresolved,numerical,For he might do all in al with Galba. See Galb. 14.,[]
suetonius.nero.holland1898-section.xml,holland-nero-note-341,51.1,unattributed,unresolved,numerical,"As you may see in the coines and pictures of Otho the Emperour; Statius calleth this suggestum comæ, lib. 3, Sylv.",[]
suetonius.nero.holland1898-section.xml,holland-nero-note-342,51.1,unattributed,unresolved,numerical,"Haply in imitation of Apollo (who was Intonsus, and is called by Homer therefore ἀκερσεκόμης) because there especially he professed Musick, whereof Apollo is the Patrone.",[]
suetonius.nero.holland1898-section.xml,holland-nero-note-344,53.1,unattributed,unresolved,numerical,Or couples matched.,[]
suetonius.nero.holland1898-section.xml,holland-nero-note-345,55.1,unattributed,unresolved,,A.U.C. 821.,[]
suetonius.nero.holland1898-section.xml,holland-nero-note-346,55.1,unattributed,unresolved,numerical,Neroes Citty.,[]
suetonius.nero.holland1898-section.xml,holland-nero-note-348,56.1,unattributed,unresolved,numerical,Her image.,[]
suetonius.nero.holland1898-section.xml,holland-nero-note-349,56.1,unattributed,unresolved,numerical,Or unknowen to him.,[]
suetonius.nero.holland1898-section.xml,holland-nero-note-351,57.2,unattributed,unresolved,numerical,"Namely, to Calphurnius Asprenas, to be executed for a lying counterfeit.",[]
suetonius.nero.loeb_eng1.xml,rolfe-nero-note-001,1.1,editor,unresolved,,"The youths were Castor and Pollux, and the victory that at Lake Regillus, in 498 B.C., according to the traditional chronology.",[]
suetonius.nero.loeb_eng1.xml,rolfe-nero-note-002,2.1,editor,unresolved,,Suetonius is in error here; it was the father of the tribune who defeated the Allobroges.,"[{""source"": ""loeb2-uc1"", ""page"": ""89"", ""context"": ""having vanquished the\nallobroges and the arverni in"", ""marker_support"": false}]"
suetonius.nero.loeb_eng1.xml,rolfe-nero-note-003,2.1,editor,unresolved,,122 B.C.,[]
suetonius.nero.loeb_eng1.xml,rolfe-nero-note-004,2.2,editor,unresolved,,"Os has about the force of ""cheek"" in colloquial English.",[]
suetonius.nero.loeb_eng1.xml,rolfe-nero-note-005,2.2,editor,unresolved,,See Jul. xxxiv. 1.,[]
suetonius.nero.loeb_eng1.xml,rolfe-nero-note-006,2.2,editor,unresolved,,54 B.C.,[]
suetonius.nero.loeb_eng1.xml,rolfe-nero-note-007,3.1,editor,unresolved,,"Proposed by Q. Pedius, Caesar's colleague in the consulship. The Pedian law.","[{""source"": ""loeb2-uc1"", ""page"": ""91"", ""context"": ""by the pedian lawa among those\nimplicated in"", ""marker_support"": false}]"
suetonius.nero.loeb_eng1.xml,rolfe-nero-note-008,3.2,editor,unresolved,,31 B.C.,[]
suetonius.nero.loeb_eng1.xml,rolfe-nero-note-009,4.1,editor,unresolved,,"That is, as his executor. The maker of a will chose a man to whom he made a symbolic sale (per aes et libram; see Aug. lxiv. 1) of all his goods in the presence of witnesses. The purchaser then made the designated payments to the heirs and legatees.",[]
suetonius.nero.loeb_eng1.xml,rolfe-nero-note-010,4.1,editor,unresolved,,Aug. lxiv. and lxv.,[]
suetonius.nero.loeb_eng1.xml,rolfe-nero-note-011,5.1,editor,unresolved,,"Gouging out the eyes seems to have been a favourite mode of attack among the Italians; cf. Aug. xxvii. 4, Nero xxvi. 2, and the frequent allusions in comedy.","[{""source"": ""loeb2-uc1"", ""page"": ""93"", ""context"": ""gouged out the\neye of a roman knight"", ""marker_support"": false}]"
suetonius.nero.loeb_eng1.xml,rolfe-nero-note-012,5.2,editor,unresolved,,"And paid for through the bankers; cf. perscriptum fuisset, Jul. xlii. 2.","[{""source"": ""loeb2-uc1"", ""page"": ""93"", ""context"": ""only cheated some bankers of the prices of"", ""marker_support"": false}]"
suetonius.nero.loeb_eng1.xml,rolfe-nero-note-013,5.2,editor,unresolved,,"In his capacity as praetor; this was adding insult to injury, since the edict did not affect the present case.",[]
suetonius.nero.loeb_eng1.xml,rolfe-nero-note-014,5.2,editor,unresolved,,See note on Tib. vii. 2.,[]
suetonius.nero.loeb_eng1.xml,rolfe-nero-note-015,6.1,editor,unresolved,,"Dec. 15, 37 A.D.","[{""source"": ""loeb2-uc1"", ""page"": ""95"", ""context"": ""the death of tiberius, on the eighteenth day"", ""marker_support"": false}]"
suetonius.nero.loeb_eng1.xml,rolfe-nero-note-016,6.1,editor,unresolved,,See note on Tib. vii. 2 and cf. Aug. v.,[]
suetonius.nero.loeb_eng1.xml,rolfe-nero-note-017,6.2,editor,unresolved,,"Boys on the ninth day after birth, and girls on the eight, were purified by a sacrifice and given a name; the ceremony was called lustratio.","[{""source"": ""loeb2-uc1"", ""page"": ""95"", ""context"": ""day of\nhis purification; a for when gaius caesar"", ""marker_support"": false}]"
suetonius.nero.loeb_eng1.xml,rolfe-nero-note-018,6.4,editor,unresolved,,"That is, as if the story had a better foundation, and the serpent had really saved his life through divine agency.","[{""source"": ""loeb2-uc1"", ""page"": ""97"", ""context"": ""snake which\ndarted out from under his pillow"", ""marker_support"": false}]"
suetonius.nero.loeb_eng1.xml,rolfe-nero-note-019,7.1,editor,unresolved,,"So the mss., but it should be the twelfth (Lipsius) or thirteenth (Oudendorp).","[{""source"": ""loeb2-uc1"", ""page"": ""97"", ""context"": ""success.\nin the eleventh year of his age"", ""marker_support"": false}]"
suetonius.nero.loeb_eng1.xml,rolfe-nero-note-020,7.1,editor,unresolved,,50 A.D.,[]
suetonius.nero.loeb_eng1.xml,rolfe-nero-note-021,7.1,editor,unresolved,,"That is, his adoptive father Claudius.",[]
suetonius.nero.loeb_eng1.xml,rolfe-nero-note-022,7.2,editor,unresolved,,See note d on Claud. i. 3.,"[{""source"": ""loeb2-uc1"", ""page"": ""99"", ""context"": ""soldiers, ordered a drill a of the praetorians and"", ""marker_support"": false}]"
suetonius.nero.loeb_eng1.xml,rolfe-nero-note-023,7.2,editor,unresolved,,See note e on Claud. xlii. 1.,[]
suetonius.nero.loeb_eng1.xml,rolfe-nero-note-024,7.2,editor,unresolved,,Cf. Tac. Ann. 12.68.,[]
suetonius.nero.loeb_eng1.xml,rolfe-nero-note-025,8.1,editor,unresolved,,54 A.D.,[]
suetonius.nero.loeb_eng1.xml,rolfe-nero-note-026,9.1,editor,unresolved,,61 A.D.,[]
suetonius.nero.loeb_eng1.xml,rolfe-nero-note-027,10.1,editor,unresolved,,Cf. Vesp. xvii.,"[{""source"": ""loeb2-uc1"", ""page"": ""101"", ""context"": ""means an annual\nsalary, to some as much"", ""marker_support"": false}]"
suetonius.nero.loeb_eng1.xml,rolfe-nero-note-028,10.1,editor,unresolved,,See Claud. xix.,[]
suetonius.nero.loeb_eng1.xml,rolfe-nero-note-029,10.2,editor,unresolved,,"Cf. Aug. liii. 3, nullo submonente.",[]
suetonius.nero.loeb_eng1.xml,rolfe-nero-note-030,10.2,editor,unresolved,,"An honour previously conferred only on generals after a great victory; cf. Jul. xxiv. 3, at the end.",[]
suetonius.nero.loeb_eng1.xml,rolfe-nero-note-031,10.2,editor,unresolved,,"That is, the part which he had read.",[]
suetonius.nero.loeb_eng1.xml,rolfe-nero-note-032,11.1,editor,unresolved,,"In commemoration of the first shaving of his beard; see chap. xii. 4, below.","[{""source"": ""loeb2-uc1"", ""page"": ""103"", ""context"": ""different\nkinds: the juvenales, chariot races in the"", ""marker_support"": false}]"
suetonius.nero.loeb_eng1.xml,rolfe-nero-note-033,11.1,editor,unresolved,,This had previously been done only at the theatre (see note on Jul. xxxix. 2); senators were first given special seats at the Circus by Claudius; see Claud. xxi. 3.,[]
suetonius.nero.loeb_eng1.xml,rolfe-nero-note-034,11.2,editor,unresolved,,"A tight-rope, sloping downwards across the arena; cf. Galba, vi.",[]
suetonius.nero.loeb_eng1.xml,rolfe-nero-note-035,12.1,editor,unresolved,,58 A.D.,[]
suetonius.nero.loeb_eng1.xml,rolfe-nero-note-036,12.1,editor,unresolved,,"The musicians, machinists, etc.; cf. Claud. xxxiv. 2.",[]
suetonius.nero.loeb_eng1.xml,rolfe-nero-note-037,12.1,editor,unresolved,,"Cf. Jul. xxxix. 1. Originally war dances, their scope was extended to pantomime of all kinds, as appears from what follows.",[]
suetonius.nero.loeb_eng1.xml,rolfe-nero-note-038,12.1,editor,unresolved,,See note on Aug. xcviii. 3.,[]
suetonius.nero.loeb_eng1.xml,rolfe-nero-note-039,12.2,editor,unresolved,,"The podium in the amphitheatre was a raised platform, close to the arena, on which the imperial family, the curule magistrates, and the Vestal virgins sat on curule chairs. Nero reclined there on a couch.",[]
suetonius.nero.loeb_eng1.xml,rolfe-nero-note-040,12.3,editor,unresolved,,60 A.D.,[]
suetonius.nero.loeb_eng1.xml,rolfe-nero-note-041,12.3,editor,unresolved,,"The baths, the Thermae Neronianae, were in the Campus Martius, near the Pantheon. The gymnasium, the first permanent building of the kind at Rome, was attached to the baths.",[]
suetonius.nero.loeb_eng1.xml,rolfe-nero-note-042,12.3,editor,unresolved,,And to act as judges.,[]
suetonius.nero.loeb_eng1.xml,rolfe-nero-note-043,12.3,editor,unresolved,,"In the broad sense, including poetry and oratory.",[]
suetonius.nero.loeb_eng1.xml,rolfe-nero-note-044,13.2,editor,unresolved,,Of Pompey.,"[{""source"": ""loeb2-uc1"", ""page"": ""107"", ""context"": ""taken to the\ntheatre, and when he had"", ""marker_support"": false}]"
suetonius.nero.loeb_eng1.xml,rolfe-nero-note-045,13.2,editor,unresolved,,Cf. Aug. xliv. 3.,[]
suetonius.nero.loeb_eng1.xml,rolfe-nero-note-046,14.1,editor,unresolved,,"55, 57, 58, 60 A.D.","[{""source"": ""loeb2-uc1"", ""page"": ""109"", ""context"": ""he held four consulships, the first for two"", ""marker_support"": false}]"
suetonius.nero.loeb_eng1.xml,rolfe-nero-note-047,14.1,editor,unresolved,,He assumed a fifth consulship in 68; see chap. xliii. below.,[]
suetonius.nero.loeb_eng1.xml,rolfe-nero-note-048,15.2,editor,unresolved,,"See Jul. lxxvi. 2, where, however, the man's name is not mentioned.","[{""source"": ""loeb2-uc1"", ""page"": ""109"", ""context"": ""case\nof caninius rebilus, the twenty-four hour"", ""marker_support"": false}]"
suetonius.nero.loeb_eng1.xml,rolfe-nero-note-049,15.2,editor,unresolved,,This was usual only when a triumph was celebrated. See note on Aug. xxii.,[]
suetonius.nero.loeb_eng1.xml,rolfe-nero-note-050,15.2,editor,unresolved,,See note on Aug. xiii. 2.,[]
suetonius.nero.loeb_eng1.xml,rolfe-nero-note-051,16.1,editor,unresolved,,This was undoubtedly after the great fire; see chap. xxxviii.,"[{""source"": ""loeb2-uc1"", ""page"": ""111"", ""context"": ""at his own\ncost. he had also planned"", ""marker_support"": false}]"
suetonius.nero.loeb_eng1.xml,rolfe-nero-note-052,16.2,editor,unresolved,,Various attempts had however been made to check this form of luxury; see note on Claud. xl. 1.,"[{""source"": ""loeb2-uc1"", ""page"": ""111"", ""context"": ""was exposed for sale. punishment was inflicted on"", ""marker_support"": false}]"
suetonius.nero.loeb_eng1.xml,rolfe-nero-note-053,16.2,editor,unresolved,,"Because of their disorderly conduct; see chap xxvi. 2, and Tac. Ann. 13. 25.",[]
suetonius.nero.loeb_eng1.xml,rolfe-nero-note-054,17.1,editor,unresolved,,"The tablets consisted of three leaves, two of which were bound together and sealed. The contract was written twice, on the open leaf and on the closed ones. In cases of dispute the seals were broken in the presence of the signers and the two versions compared.","[{""source"": ""loeb2-uc1"", ""page"": ""111"", ""context"": ""cord was thrice passed. in the case of"", ""marker_support"": false}]"
suetonius.nero.loeb_eng1.xml,rolfe-nero-note-055,17.1,editor,unresolved,,As witnesses. The testator afterwards wrote the names of the heirs on these leaves.,[]
suetonius.nero.loeb_eng1.xml,rolfe-nero-note-056,17.1,editor,unresolved,,"The Cincian law of 204 B.C. forbade fees. Augustus renewed the law in 17 B.C. (Dio, 54. 18). Claudius limited fees to 10,000 sesterces (Tac. Ann. 11. 5-6). The senate again abolished fees at the beginning of Nero's reign (Tac. Ann. 13. 5), but Nero apparently revived the law of Claudius, with a provision against the addition of ""costs.""",[]
suetonius.nero.loeb_eng1.xml,rolfe-nero-note-057,17.1,editor,unresolved,,Instead of coming before the prefects of the treasury; cf. Claud. ix. 2.,[]
suetonius.nero.loeb_eng1.xml,rolfe-nero-note-058,18.1,editor,unresolved,,"That is, his adoptive father Claudius.",[]
suetonius.nero.loeb_eng1.xml,rolfe-nero-note-059,19.2,editor,unresolved,,Of Corinth; cf. Jul. xliv. 3.,"[{""source"": ""loeb2-uc1"", ""page"": ""113"", ""context"": ""cut\nthrough the isthmuse and called together the"", ""marker_support"": false}]"
suetonius.nero.loeb_eng1.xml,rolfe-nero-note-060,19.2,editor,unresolved,,A Roman measure; a little over 5ft. 8in. English.,[]
suetonius.nero.loeb_eng1.xml,rolfe-nero-note-061,20.1,editor,unresolved,,Cf. Gell. 13. 31. 3.,[]
suetonius.nero.loeb_eng1.xml,rolfe-nero-note-062,20.2,editor,unresolved,,"It collapsed in consequence, but not until the audience had dispersed; see Tac. Ann. 15. 34.","[{""source"": ""loeb2-uc1"", ""page"": ""115"", ""context"": ""a sudden earthquake shock. in the same city"", ""marker_support"": false}]"
suetonius.nero.loeb_eng1.xml,rolfe-nero-note-063,20.2,editor,unresolved,,"Literally, full-packed, i.e. full of sound, sonorous.",[]
suetonius.nero.loeb_eng1.xml,rolfe-nero-note-064,20.3,editor,unresolved,,"The first seems to have derived its name from the sound, which was like the humming of bees, the second and third from clapping with the hands rounded or hollowed, like roof-tiles, or flat, like bricks or flat tiles.",[]
suetonius.nero.loeb_eng1.xml,rolfe-nero-note-065,21.2,editor,unresolved,,"Probably asking for the favourable attention of the audience; cf. Dio, 61. 20 and chap. xxiii. 3.","[{""source"": ""loeb2-uc1"", ""page"": ""119"", ""context"": ""finished his preliminary speech,\"" he announced through the"", ""marker_support"": false}]"
suetonius.nero.loeb_eng1.xml,rolfe-nero-note-066,21.2,editor,unresolved,,"That is, those given by the magistrates; under the Empire all but the emperor were privati, regardless of their official positions.",[]
suetonius.nero.loeb_eng1.xml,rolfe-nero-note-067,22.1,editor,unresolved,,By his guardian and teachers.,"[{""source"": ""loeb2-uc1"", ""page"": ""119"", ""context"": ""forbidden to do\nso. once when he was"", ""marker_support"": false}]"
suetonius.nero.loeb_eng1.xml,rolfe-nero-note-068,22.1,editor,unresolved,,See note on Calig. lv. 2.,[]
suetonius.nero.loeb_eng1.xml,rolfe-nero-note-069,22.2,editor,unresolved,,The signal for the start.,"[{""source"": ""loeb2-uc1"", ""page"": ""121"", ""context"": ""freedmen dropping the napkin a from\nthe place usually"", ""marker_support"": false}]"
suetonius.nero.loeb_eng1.xml,rolfe-nero-note-070,22.3,editor,unresolved,,Chap. xix. 1.,"[{""source"": ""loeb2-uc1"", ""page"": ""121"", ""context"": ""as i have said, influenced especially by the"", ""marker_support"": false}]"
suetonius.nero.loeb_eng1.xml,rolfe-nero-note-071,23.1,editor,unresolved,,Cf. Juv. viii. 224 ff.,"[{""source"": ""loeb2-uc1"", ""page"": ""123"", ""context"": ""also, contrary to\ncustom. to avoid being distracted"", ""marker_support"": false}]"
suetonius.nero.loeb_eng1.xml,rolfe-nero-note-072,23.2,editor,unresolved,,Of the theatre; for a similar use of murus see chap. xxxviii. 1.,"[{""source"": ""loeb2-uc1"", ""page"": ""123"", ""context"": ""leaped from the\nwall, since the gates at"", ""marker_support"": false}]"
suetonius.nero.loeb_eng1.xml,rolfe-nero-note-073,23.2,editor,unresolved,,"Oppida, the term applied to the towers and other structures at the entrance to the Circus, seems to be used here of the corresponding part of the theatre.",[]
suetonius.nero.loeb_eng1.xml,rolfe-nero-note-074,23.3,editor,unresolved,,The use of a handkerchief was not allowed; see also Tac. Ann. 16. 4.,"[{""source"": ""loeb2-uc1"", ""page"": ""125"", ""context"": ""brow with his arm.\"" once\nindeed, during the"", ""marker_support"": false}]"
suetonius.nero.loeb_eng1.xml,rolfe-nero-note-075,24.1,editor,unresolved,,"The hypocrites (hypocrita) made the gestures and accompanied the tragic actor on the flute, as he spoke his lines.",[]
suetonius.nero.loeb_eng1.xml,rolfe-nero-note-076,24.1,editor,unresolved,,The heralds for the great festivals were selected by competition among the rival candidates.,[]
suetonius.nero.loeb_eng1.xml,rolfe-nero-note-077,24.1,editor,unresolved,,"The Greek term hieronices, victor in the sacred games, indicates the religious nature of the festivals.",[]
suetonius.nero.loeb_eng1.xml,rolfe-nero-note-078,24.2,editor,unresolved,,"That is, with local self-government, not with actual independence.","[{""source"": ""loeb2-uc1"", ""page"": ""125"", ""context"": ""entire province with freedom and\nat the same"", ""marker_support"": false}]"
suetonius.nero.loeb_eng1.xml,rolfe-nero-note-079,25.1,editor,unresolved,,See note d on chap. xxiv.,"[{""source"": ""loeb2-uc1"", ""page"": ""127"", ""context"": ""in the sacred games.\"" in like manner\nhe"", ""marker_support"": false}]"
suetonius.nero.loeb_eng1.xml,rolfe-nero-note-080,25.1,editor,unresolved,,See chap. xx. 3.,[]
suetonius.nero.loeb_eng1.xml,rolfe-nero-note-081,25.2,editor,unresolved,,"To make more room for the procession, which passed through the Circus (Dio, 63. 20). The reference is probably to the gateway at the eastern end, through which the procession entered and passed out again, after marching around the spina (see note on Claud. xxi. 3). Suetonius mentions only the exit from the Circus. In his time the gateway was formed by the Arch of Vespasian and Titus, erected by Domitian in 81 A.D.","[{""source"": ""loeb2-uc1"", ""page"": ""127"", ""context"": ""which was thrown down, he\nmade his way"", ""marker_support"": false}]"
suetonius.nero.loeb_eng1.xml,rolfe-nero-note-082,25.2,editor,unresolved,,"That is, song-birds, as a compliment to Nero's voice; the other offerings were also typical of his art and his triumph.",[]
suetonius.nero.loeb_eng1.xml,rolfe-nero-note-083,25.3,editor,unresolved,,Cf. Aug. lxxxiv. 2.,[]
suetonius.nero.loeb_eng1.xml,rolfe-nero-note-084,26.1,editor,unresolved,,"Quintana is really the market of a camp, named from the Quintana via, one of the streets of a Roman camp, on which the market was regularly placed.","[{""source"": ""loeb2-uc1"", ""page"": ""129"", ""context"": ""setting up a market\nin the palace, where"", ""marker_support"": false}]"
suetonius.nero.loeb_eng1.xml,rolfe-nero-note-085,26.2,editor,unresolved,,Julius Montanus; see Tac. Ann. 13. 25.,"[{""source"": ""loeb2-uc1"", ""page"": ""129"", ""context"": ""of the senatorial\norder, whose wife he had"", ""marker_support"": false}]"
suetonius.nero.loeb_eng1.xml,rolfe-nero-note-086,26.2,editor,unresolved,,And their bands of partisans; see chap. xvi. 2.,[]
suetonius.nero.loeb_eng1.xml,rolfe-nero-note-087,27.2,editor,unresolved,,Made for sea-fights; see Aug. xliii. 1; Tib. lxxii. 1.,"[{""source"": ""loeb2-uc1"", ""page"": ""131"", ""context"": ""in the great tank in the\ncampus martius"", ""marker_support"": false}]"
suetonius.nero.loeb_eng1.xml,rolfe-nero-note-088,27.3,editor,unresolved,,With mitellita and rosaria we may supply cena; the former means a banquet at which silken turbans were a distinguishing feature.,[]
suetonius.nero.loeb_eng1.xml,rolfe-nero-note-089,28.2,editor,unresolved,,Cf. Claud. xvi. 4.,"[{""source"": ""loeb2-uc1"", ""page"": ""133"", ""context"": ""street of the images, fondly\nkissing him from"", ""marker_support"": false}]"
suetonius.nero.loeb_eng1.xml,rolfe-nero-note-090,29.1,editor,unresolved,,Used in a double sense.,[]
suetonius.nero.loeb_eng1.xml,rolfe-nero-note-091,30.1,editor,unresolved,,"That is, could balance the account of their expenditures. See chap. xiii.",[]
suetonius.nero.loeb_eng1.xml,rolfe-nero-note-092,30.3,editor,unresolved,,"That is, for each pip of the winning throw.","[{""source"": ""loeb2-uc1"", ""page"": ""135"", ""context"": ""thousand sesterces a point. he fished\nwith a"", ""marker_support"": false}]"
suetonius.nero.loeb_eng1.xml,rolfe-nero-note-093,30.3,editor,unresolved,,Celebrated horseman of Mauretania.,[]
suetonius.nero.loeb_eng1.xml,rolfe-nero-note-094,30.3,editor,unresolved,,See note on Aug. xxv. 3.,[]
suetonius.nero.loeb_eng1.xml,rolfe-nero-note-095,31.1,editor,unresolved,,"That is, with three parallel rows of columns.",[]
suetonius.nero.loeb_eng1.xml,rolfe-nero-note-096,31.1,editor,unresolved,,"One may compare Hadrian's villa at Tibur (Tivoli) with its Canopus, its Vale of Tempe, and the like.",[]
suetonius.nero.loeb_eng1.xml,rolfe-nero-note-097,31.2,editor,unresolved,,Suetonius' brevity is here inexact; it was evidently the spherical ceiling which revolved.,"[{""source"": ""loeb2-uc1"", ""page"": ""137"", ""context"": ""night, like the heavens. he had\nbaths supplied"", ""marker_support"": false}]"
suetonius.nero.loeb_eng1.xml,rolfe-nero-note-098,32.2,editor,unresolved,,"That is, had left him nothing in their wills, or an insufficient amount.","[{""source"": ""loeb2-uc1"", ""page"": ""139"", ""context"": ""ungrateful\nto their emperor a should belong to the"", ""marker_support"": false}]"
suetonius.nero.loeb_eng1.xml,rolfe-nero-note-099,32.3,editor,unresolved,,See chap. xxiv. 2.,[]
suetonius.nero.loeb_eng1.xml,rolfe-nero-note-100,32.3,editor,unresolved,,Of course confiscating their property.,[]
suetonius.nero.loeb_eng1.xml,rolfe-nero-note-101,33.1,editor,unresolved,,"According to Dio, 60. 35 (at the end) the saying was original with Nero; but as Dio calls it ""a remark not unworthy of record,"" it perhaps became proverbial among the Greeks.","[{""source"": ""loeb2-uc1"", ""page"": ""141"", ""context"": ""greek proverb has it. at any rate,\nafter"", ""marker_support"": false}]"
suetonius.nero.loeb_eng1.xml,rolfe-nero-note-102,33.1,editor,unresolved,,"The pun on morari, ""to linger, remain"" and mōrari, ""to play the fool,"" seems untranslatable.",[]
suetonius.nero.loeb_eng1.xml,rolfe-nero-note-103,33.1,editor,unresolved,,But cf. chap. ix.,[]
suetonius.nero.loeb_eng1.xml,rolfe-nero-note-104,33.2,editor,unresolved,,"Against assassination (De sicariis), including poisoning, passed by Sulla and renewed by Julius Caesar.",[]
suetonius.nero.loeb_eng1.xml,rolfe-nero-note-105,33.3,editor,unresolved,,For her past offences; see Tac. Ann. 12. 66.,"[{""source"": ""loeb2-uc1"", ""page"": ""143"", ""context"": ""with a\nfull pardon and large estates in"", ""marker_support"": false}]"
suetonius.nero.loeb_eng1.xml,rolfe-nero-note-106,33.3,editor,unresolved,,See Juv. i. 71 f.,[]
suetonius.nero.loeb_eng1.xml,rolfe-nero-note-107,34.2,editor,unresolved,,See Aug. lxxi. 3.,[]
suetonius.nero.loeb_eng1.xml,rolfe-nero-note-108,34.2,editor,unresolved,,The inventor was his freedman Anicetus; Tac. Ann. 14. 3.,[]
suetonius.nero.loeb_eng1.xml,rolfe-nero-note-109,34.4,editor,unresolved,,"Given by the future emperor Otho; see Otho, iii.",[]
suetonius.nero.loeb_eng1.xml,rolfe-nero-note-110,34.4,editor,unresolved,,Tacitus tells us that some denied this; Ann. 14. 9.,[]
suetonius.nero.loeb_eng1.xml,rolfe-nero-note-111,34.5,editor,unresolved,,"That is, ""when I see you arrived at man's estate."" The first shaving of the beard by a young Roman was a symbolic act, usually performed at the age of twenty-one with due ceremony; see chap. xii. 3, above. According to Tac. Ann. 14. 15, and Dio, 61. 19, Nero first shaved his beard in 59 A.D. at the age of twenty-one and commemorated the event by establishing the Juvenales ludi or Juvenalia (chap. xi. 1).","[{""source"": ""loeb2-uc1"", ""page"": ""147"", ""context"": ""as i\nreceive this, i shall gladly die"", ""marker_support"": false}]"
suetonius.nero.loeb_eng1.xml,rolfe-nero-note-112,35.1,editor,unresolved,,"A brutal pun. Just as the consular insignia or ornamenta were given in place of the regular office (see Claud. v.), and the triumphal insignia in place of a triumph, so Octavia ought to be content with being the emperor's wife in name only.",[]
suetonius.nero.loeb_eng1.xml,rolfe-nero-note-113,35.2,editor,unresolved,,Anicetus was at the time prefect of the praetorian fleet at Misenum; see Tac. Ann. 14. 62.,[]
suetonius.nero.loeb_eng1.xml,rolfe-nero-note-114,35.5,editor,unresolved,,Seneca's speech and Nero's reply are preserved by Tacitus (Ann. 14. 53-56).,[]
suetonius.nero.loeb_eng1.xml,rolfe-nero-note-115,35.5,editor,unresolved,,Pallas and Doryphorus; see Tac. Ann. 14. 65.,[]
suetonius.nero.loeb_eng1.xml,rolfe-nero-note-116,36.1,editor,unresolved,,"Tacitus mentions two comets, one in 60 and the other in 64; see Ann. 14. 22; 15. 47.","[{""source"": ""loeb2-uc1"", ""page"": ""151"", ""context"": ""death of great\nrulers. worried by this, and"", ""marker_support"": false}]"
suetonius.nero.loeb_eng1.xml,rolfe-nero-note-117,36.2,editor,unresolved,,"As Dio says (62.24) ""they desired at the same time to be rid of these evils and to give Nero his release from them."" Death was the only remedy for one as far gone in wickedness; hence in attempting to apply this remedy, they were doing him a favour. Cf. also Tac. Ann. 15. 68.",[]
suetonius.nero.loeb_eng1.xml,rolfe-nero-note-118,36.2,editor,unresolved,,The capsarii carried the children's books and writing materials in a box (capsa).,[]
suetonius.nero.loeb_eng1.xml,rolfe-nero-note-119,37.2,editor,unresolved,,"The Greek word means ""a glutton,"" or something stronger,","[{""source"": ""loeb2-uc1"", ""page"": ""153"", ""context"": ""would crunch raw flesh and anything else that"", ""marker_support"": false}]"
suetonius.nero.loeb_eng1.xml,rolfe-nero-note-120,37.3,editor,unresolved,,Such a salutation was usual; see Plin. Paneg. xxiii.,[]
suetonius.nero.loeb_eng1.xml,rolfe-nero-note-121,38.1,editor,unresolved,,"A line put by Dio, 58. 23, into the mouth of Tiberius. It is believed to be from the Bellerophon, a lost play of Euripides.","[{""source"": ""loeb2-uc1"", ""page"": ""155"", ""context"": ""earth consumed by fire,\"" b\nhe rejoined \""nay, rather"", ""marker_support"": false}]"
suetonius.nero.loeb_eng1.xml,rolfe-nero-note-122,38.1,editor,unresolved,,But cf. Tac. Ann. 15. 38.,[]
suetonius.nero.loeb_eng1.xml,rolfe-nero-note-123,38.2,editor,unresolved,,"Insulae here refers to blocks of houses, or tenements, in which rooms were rented to the poorer classes; domus to detached houses or mansions.","[{""source"": ""loeb2-uc1"", ""page"": ""155"", ""context"": ""immense number of\ndwellings, the houses of leaders"", ""marker_support"": false}]"
suetonius.nero.loeb_eng1.xml,rolfe-nero-note-124,38.2,editor,unresolved,,"A tower connected with the house and gardens of Maecenas on the Esquiline; see Hor. Odes, 3. 29. 10, molem propinquam nubibus arduis. It was probably connected with the Palatine by the domus transitoria; see chap. xxi. 2 and Tac. Ann. 15. 39, whose account, as well as that of Dio, 62. 18, differs from that of Suetonius.",[]
suetonius.nero.loeb_eng1.xml,rolfe-nero-note-125,38.2,editor,unresolved,,Probably a composition of his own; cf. Juv. 8. 221 and Vitell. xi. 2.,[]
suetonius.nero.loeb_eng1.xml,rolfe-nero-note-126,39.1,editor,unresolved,,"Venus Libitina, in whose temple funeral outfits and a register of deaths were kept; cf. Hor. Serm. ii. 6, 19.","[{""source"": ""loeb2-uc1"", ""page"": ""157"", ""context"": ""the accounts of libitina; c\na disaster in britain"", ""marker_support"": false}]"
suetonius.nero.loeb_eng1.xml,rolfe-nero-note-127,39.1,editor,unresolved,,"Camulodunum (Meldon) and Verülanium (St. Albans); according to Xiphilinus (61. 1) 80,000 perished.",[]
suetonius.nero.loeb_eng1.xml,rolfe-nero-note-128,39.2,editor,unresolved,,See the reference to the Rh. Mus. in the textual note.,"[{""source"": ""loeb2-uc1"", ""page"": ""159"", ""context"": ""a calculation new. nero his mother slew"", ""marker_support"": false}]"
suetonius.nero.loeb_eng1.xml,rolfe-nero-note-129,39.2,editor,unresolved,,"The numerical value of the Greek letters in Nero's name (1005) is the same as that of the rest of the sentence; hence we have an equation, Nero= the slayer of one's own mother.",[]
suetonius.nero.loeb_eng1.xml,rolfe-nero-note-130,39.2,editor,unresolved,,Referring to Nero's design mentioned in chap. xxxvii. 3.,[]
suetonius.nero.loeb_eng1.xml,rolfe-nero-note-131,40.2,editor,unresolved,,"If the text is right, the remark must be of a general nature (""us"" = mankind). Dio, 63. 27, who reads διαθρέψει, says that Nero when planning to kill the senators, burn Rome, and sail to Alexandria, said: ""Even though we be driven from our empire, yet this little artistic gift of ours shall support us there""; i.e. at Alexandria.","[{""source"": ""loeb2-uc1"", ""page"": ""161"", ""context"": ""affords us daily bread,\"" a doubtless uttered to justify"", ""marker_support"": false}]"
suetonius.nero.loeb_eng1.xml,rolfe-nero-note-132,41.1,editor,unresolved,,Cf. chap. vii. 1.,"[{""source"": ""loeb2-uc1"", ""page"": ""163"", ""context"": ""ahenobarbus instead of nero.a\nwith regard to his"", ""marker_support"": false}]"
suetonius.nero.loeb_eng1.xml,rolfe-nero-note-133,42.1,editor,unresolved,,This and the following sentences show Nero's utter failure to realize the real gravity of the situation and his fluctuation between panic fear and fatuous confidence.,[]
suetonius.nero.loeb_eng1.xml,rolfe-nero-note-134,42.2,editor,unresolved,,"Implying that Nero would have been the centre of attraction, if he were not otherwise engaged.",[]
suetonius.nero.loeb_eng1.xml,rolfe-nero-note-135,43.2,editor,unresolved,,"Since Nero commanded the army, the consul in question must be himself; hence the se of is unnecessary.","[{""source"": ""loeb2-uc1"", ""page"": ""167"", ""context"": ""except by a consul.\"" having assumed\nthe fasces"", ""marker_support"": false}]"
suetonius.nero.loeb_eng1.xml,rolfe-nero-note-136,44.2,editor,unresolved,,Instead of to their landlords. These people had no rating on the census list and their contribution took this form.,"[{""source"": ""loeb2-uc1"", ""page"": ""169"", ""context"": ""to the privy\npurse. with great fastidiousness and"", ""marker_support"": false}]"
suetonius.nero.loeb_eng1.xml,rolfe-nero-note-137,44.2,editor,unresolved,,"That is, tested by fire; see Pliny, N. H. 33. 59.",[]
suetonius.nero.loeb_eng1.xml,rolfe-nero-note-138,45.1,editor,unresolved,,"By using, for his own purposes, ships which would otherwise have been loaded with grain; but the text and the meaning are uncertain.",[]
suetonius.nero.loeb_eng1.xml,rolfe-nero-note-139,45.2,editor,unresolved,,Doubtless an allusion to the long hair which he wore during his Greek trip; see chap. li.,"[{""source"": ""loeb2-uc1"", ""page"": ""169"", ""context"": ""not subjected.\na curld was placed on the"", ""marker_support"": false}]"
suetonius.nero.loeb_eng1.xml,rolfe-nero-note-140,45.2,editor,unresolved,,In contrast with those of the stage.,[]
suetonius.nero.loeb_eng1.xml,rolfe-nero-note-141,45.2,editor,unresolved,,The one in which parricides were put; see Aug. xxxiii. 1. But the text and the meaning are uncertain.,[]
suetonius.nero.loeb_eng1.xml,rolfe-nero-note-142,45.2,editor,unresolved,,"There is obviously a pun on Galli, ""Gauls,"" and galli, ""cocks,"" and on cantare in the sense of ""sing"" and of ""crow.""",[]
suetonius.nero.loeb_eng1.xml,rolfe-nero-note-143,45.2,editor,unresolved,,"Punning of course on Vindex, the leader of the revolt.",[]
suetonius.nero.loeb_eng1.xml,rolfe-nero-note-144,46.2,editor,unresolved,,"On the first of January, for the prosperity of the emperor and the State.","[{""source"": ""loeb2-uc1"", ""page"": ""171"", ""context"": ""preparations for the sacrifice. as he was taking"", ""marker_support"": false}]"
suetonius.nero.loeb_eng1.xml,rolfe-nero-note-145,46.3,editor,unresolved,,Of course used in a double sense.,"[{""source"": ""loeb2-uc1"", ""page"": ""171"", ""context"": ""will do it, augustus.\"" it also had not"", ""marker_support"": false}]"
suetonius.nero.loeb_eng1.xml,rolfe-nero-note-146,47.1,editor,unresolved,,"Pliny, N. H. 37. 29, tells us that the cups were of crystal.","[{""source"": ""loeb2-uc1"", ""page"": ""173"", ""context"": ""from homer's poems.a\nthen taking some poison"", ""marker_support"": false}]"
suetonius.nero.loeb_eng1.xml,rolfe-nero-note-147,47.2,editor,unresolved,,Iliad. 10. 535.,"[{""source"": ""loeb2-uc1"", ""page"": ""173"", ""context"": ""thing then to die?\"" b\nwhereupon he turned over"", ""marker_support"": false}]"
suetonius.nero.loeb_eng1.xml,rolfe-nero-note-148,47.3,editor,unresolved,,The word percussor implies experience in dealing death. Nero wished to be killed swiftly and painlessly.,[]
suetonius.nero.loeb_eng1.xml,rolfe-nero-note-149,48.3,editor,unresolved,,"Referring to a drink of his own contrivance, distilled water cooled in snow; cf. Pliny, N. H. 31. 40.",[]
suetonius.nero.loeb_eng1.xml,rolfe-nero-note-150,48.4,editor,unresolved,,"Cella implies a small room, for the use of slaves.","[{""source"": ""loeb2-uc1"", ""page"": ""177"", ""context"": ""in the first room he came to, on"", ""marker_support"": false}]"
suetonius.nero.loeb_eng1.xml,rolfe-nero-note-151,49.1,editor,unresolved,,The water was for washing the corpse and the fire for burning it. Cf. Claud. xxxiv. 1.,"[{""source"": ""loeb2-uc1"", ""page"": ""177"", ""context"": ""disposing of his body. as\neach of these"", ""marker_support"": false}]"
suetonius.nero.loeb_eng1.xml,rolfe-nero-note-152,49.2,editor,unresolved,,"Two pieces of wood, fastened together in the form of a V.",[]
suetonius.nero.loeb_eng1.xml,rolfe-nero-note-153,49.3,editor,unresolved,,See Domit. xiv. 4.,[]
suetonius.nero.loeb_eng1.xml,rolfe-nero-note-154,49.4,editor,unresolved,,"See Galba, xiv. 2.","[{""source"": ""loeb2-uc1"", ""page"": ""179"", ""context"": ""icelus,\ngalba's freedman, who had shortly before"", ""marker_support"": false}]"
suetonius.nero.loeb_eng1.xml,rolfe-nero-note-155,50.1,editor,unresolved,,The modern Pincio.,[]
suetonius.nero.loeb_eng1.xml,rolfe-nero-note-156,51.1,editor,unresolved,,"The synthesina (sc. vestis), or synthesis, was a loose robe of bright-coloured silk, worn at dinner, during the Saturnalia, and by women at other times. Nero's is described by Dio, 63. 13, as ""a short, flowered tunic with a muslin collar.""",[]
suetonius.nero.loeb_eng1.xml,rolfe-nero-note-157,51.1,editor,unresolved,,"Probably meaning ""in slippers.""",[]
suetonius.nero.loeb_eng1.xml,rolfe-nero-note-158,53.1,editor,unresolved,,See note on Aug. xcvii. 1. Here lustrum is applied to the five-year period of the Olympic games.,"[{""source"": ""loeb2-uc1"", ""page"": ""183"", ""context"": ""at\nthe next lustrum a have competed with the"", ""marker_support"": false}]"
suetonius.nero.loeb_eng1.xml,rolfe-nero-note-159,56.1,editor,unresolved,,"Atargatis, the principal deity of Northern Syria, identified with Magna Mater and Caelestis; often mentioned in inscriptions and called by Apul. Metam. 8. 25, omnipotens et omniparens.","[{""source"": ""loeb2-uc1"", ""page"": ""185"", ""context"": ""of the syrian goddess, and even\nacquired such"", ""marker_support"": false}]"
suetonius.nero.loeb_eng1.xml,rolfe-nero-note-160,57.1,editor,unresolved,,See note on Tib. iv. 2.,"[{""source"": ""loeb2-uc1"", ""page"": ""185"", ""context"": ""put on liberty-caps and ran about all"", ""marker_support"": false}]"
suetonius.nero.loeb_eng1.xml,rolfe-nero-note-161,57.2,editor,unresolved,,"In 88, Terentius Maximus by name; another pseudo-Nero had appeared in 70; see Tac. Hist. 2. 8.",[]
suetonius.otho.holland1898-section.xml,holland-otho-note-002,1.2,unattributed,unresolved,alphabetical,"Nor without the Rampyer and precinct of the Campe, where was the ordinarie place of execution: nor by the ministerie of a Centurion, who by order was deputed, to see Justice done: but in the verie face and most frequented quarter of the Campe called Principia, not farre from the Lord Generals Pavilion, and where the Principall Captaines quartered and lodged: wherein also, the maine Standard named the Ægle and other militarie ensignes of the bandes and cohorts were kept: even in his owne sight being Generall, whose manner was not to be present.",[]
suetonius.otho.holland1898-section.xml,holland-otho-note-004,2.1,unattributed,unresolved,,A.U.C. 785.,[]
suetonius.otho.holland1898-section.xml,holland-otho-note-005,2.1,unattributed,unresolved,numerical,28 Aprill.,"[{""source"": ""holland2-uc1"", ""page"": ""175"", ""context"": ""a.u.c. 785.\nkalends of may 2, when camillus arruntius and"", ""marker_support"": false}, {""source"": ""holland2-hvd"", ""page"": ""175"", ""context"": ""a.u.c. 785.\nkalends of may 2, when camillus arruntius and"", ""marker_support"": false}]"
suetonius.otho.holland1898-section.xml,holland-otho-note-006,2.1,unattributed,unresolved,alphabetical,"This rude and grosse kinde of sport was thereupon called Sagatio, not unlike to that pastime with us in some place called the canvasing, and else where, the vanning of dogs.",[]
suetonius.otho.holland1898-section.xml,holland-otho-note-008,2.2,unattributed,unresolved,numerical,Restoring to his former state.,[]
suetonius.otho.holland1898-section.xml,holland-otho-note-010,3.1,unattributed,unresolved,numerical,Untill he could put awaie Octavia.,[]
suetonius.otho.holland1898-section.xml,holland-otho-note-011,3.1,unattributed,unresolved,numerical,So writeth Plutarch. But Tacitus differeth from this Narration.,[]
suetonius.otho.holland1898-section.xml,holland-otho-note-012,3.1,unattributed,unresolved,numerical,Partner with him in love of that Mistris.,[]
suetonius.otho.holland1898-section.xml,holland-otho-note-013,3.2,unattributed,unresolved,numerical,"Pledge or gage, to wit Poppæa.","[{""source"": ""holland2-uc1"", ""page"": ""176"", ""context"": ""intermingled, demanding his pawne which hee had\nleft"", ""marker_support"": false}]"
suetonius.otho.holland1898-section.xml,holland-otho-note-014,3.2,unattributed,unresolved,numerical,"How Nero had beene excluded and shut out of doores, etc.",[]
suetonius.otho.holland1898-section.xml,holland-otho-note-015,3.2,unattributed,unresolved,numerical,ij. Verses.,[]
suetonius.otho.holland1898-section.xml,holland-otho-note-016,3.2,unattributed,unresolved,alphabetical,"For, after that by commaundement of Nero, he and Poppæa, were in some sort put asunder, he sollicited her as being his owne wedded wife to keepe him companie, which, in regard of her marriage with Nero, was held Adulterie.",[]
suetonius.otho.holland1898-section.xml,holland-otho-note-017,4.1,unattributed,unresolved,numerical,Without rigour.,[]
suetonius.otho.holland1898-section.xml,holland-otho-note-018,4.1,unattributed,unresolved,numerical,"Without pillaging, polling and extortion.",[]
suetonius.otho.holland1898-section.xml,holland-otho-note-019,4.1,unattributed,unresolved,numerical,Of Nero.,"[{""source"": ""holland2-uc1"", ""page"": ""177"", ""context"": ""and opportunitie of revenge 3 was\noffred, he was"", ""marker_support"": false}, {""source"": ""holland2-hvd"", ""page"": ""177"", ""context"": ""and opportunitie of revenge was\noffred, he was"", ""marker_support"": false}]"
suetonius.otho.holland1898-section.xml,holland-otho-note-021,4.2,unattributed,unresolved,numerical,15s. 7d. ob. English.,[]
suetonius.otho.holland1898-section.xml,holland-otho-note-023,5.2,unattributed,unresolved,numerical,100 Aurei: every Aureus being 15s. 7d. ob.,[]
suetonius.otho.holland1898-section.xml,holland-otho-note-024,6.1,unattributed,unresolved,numerical,Scrupulosity.,"[{""source"": ""holland2-uc1"", ""page"": ""178"", ""context"": ""partly upon a superstition that\nhee had, and"", ""marker_support"": false}, {""source"": ""holland2-hvd"", ""page"": ""178"", ""context"": ""partly upon a superstitions that\nhee had, and"", ""marker_support"": false}]"
suetonius.otho.holland1898-section.xml,holland-otho-note-026,6.2,unattributed,unresolved,alphabetical,"A Columne erected in the upper end or head of the Forum Romanum: at which, all the principall high waies in Italy began, with directions therein engraven, to everie gate of the Citie, leading unto the said highwaies.",[]
suetonius.otho.holland1898-section.xml,holland-otho-note-028,6.3,unattributed,unresolved,numerical,A principall place within the Camp.,[]
suetonius.otho.holland1898-section.xml,holland-otho-note-029,7.1,unattributed,unresolved,numerical,"Which either were of wax, or peincted.",[]
suetonius.otho.holland1898-section.xml,holland-otho-note-030,7.1,unattributed,unresolved,numerical,"Commonly of brasse, stoone or such solid matter.",[]
suetonius.otho.holland1898-section.xml,holland-otho-note-031,7.1,unattributed,unresolved,numerical,Quingenties HS. or Sestertium.,[]
suetonius.otho.holland1898-section.xml,holland-otho-note-032,7.2,unattributed,unresolved,numerical,Or Ghost.,"[{""source"": ""holland2-uc1"", ""page"": ""180"", ""context"": ""to appease the spirit of galba,\nwhome hee"", ""marker_support"": false}, {""source"": ""holland2-hvd"", ""page"": ""180"", ""context"": ""to appease the spirit of galba,\nwhome hee"", ""marker_support"": false}]"
suetonius.otho.holland1898-section.xml,holland-otho-note-033,7.2,unattributed,unresolved,numerical,By observing the sacred Birds.,[]
suetonius.otho.holland1898-section.xml,holland-otho-note-034,7.2,unattributed,unresolved,alphabetical,"Some read, for ἀυλοῖς ἀσυλοῖς, to no good sense at all. But the former, accordeth well with Juvenal, Satyr. 11. Who to the same effect saith: Bucca Noscenda est mensura tuæ, and proverbially implyeth thus much, that he was not able to manage the Empire.",[]
suetonius.otho.holland1898-section.xml,holland-otho-note-036,8.2,unattributed,unresolved,numerical,By Otho and the Senate.,"[{""source"": ""holland2-uc1"", ""page"": ""180"", ""context"": ""decreed it had\nbeene, that by the sea"", ""marker_support"": false}, {""source"": ""holland2-hvd"", ""page"": ""180"", ""context"": ""decreed it had\nbeene, that by the sea"", ""marker_support"": false}]"
suetonius.otho.holland1898-section.xml,holland-otho-note-037,8.2,unattributed,unresolved,numerical,"With which the 17th cohort, sent for out of the Colonie Ostia before to Rome, should be armed.",[]
suetonius.otho.holland1898-section.xml,holland-otho-note-038,8.2,unattributed,unresolved,numerical,The Pretorian or gaurd Souldiers.,[]
suetonius.otho.holland1898-section.xml,holland-otho-note-039,8.2,unattributed,unresolved,numerical,"Who to the number of four score, with many Ladies were at supper that night with Otho, and by the souldiers suspected to have plotted his death.",[]
suetonius.otho.holland1898-section.xml,holland-otho-note-040,8.3,unattributed,unresolved,numerical,Of Mars.,[]
suetonius.otho.holland1898-section.xml,holland-otho-note-041,8.3,unattributed,unresolved,numerical,Galli.,[]
suetonius.otho.holland1898-section.xml,holland-otho-note-042,8.3,unattributed,unresolved,numerical,"The infernall God so named quasi dives, i. rich as Pluto, of Ploutose riches, because all things arise out of the earth and fall into it againe.",[]
suetonius.otho.holland1898-section.xml,holland-otho-note-044,9.2,unattributed,unresolved,numerical,"By the name of Commilitones: in ipsa consalutatione. Some read in ipsa consultatione, i. as they were in consultation.",[]
suetonius.otho.holland1898-section.xml,holland-otho-note-045,10.1,unattributed,unresolved,numerical,Or Colonel.,"[{""source"": ""holland2-uc1"", ""page"": ""182"", ""context"": ""qualitie of a tribune of the thirteenth legion"", ""marker_support"": false}, {""source"": ""holland2-hvd"", ""page"": ""182"", ""context"": ""qualitie of a tribune of the thirteenth legion"", ""marker_support"": false}]"
suetonius.otho.holland1898-section.xml,holland-otho-note-046,10.1,unattributed,unresolved,numerical,Angusticlavius.,[]
suetonius.otho.holland1898-section.xml,holland-otho-note-048,11.2,unattributed,unresolved,numerical,Or rapiers.,[]
suetonius.otho.holland1898-section.xml,holland-otho-note-049,11.2,unattributed,unresolved,numerical,Or beds-head.,[]
suetonius.otho.holland1898-section.xml,holland-otho-note-050,11.2,unattributed,unresolved,numerical,"For feare his head should be severed from his bodie, etc.","[{""source"": ""holland2-uc1"", ""page"": ""184"", ""context"": ""to his funerall fire: in the yeere of"", ""marker_support"": false}, {""source"": ""holland2-hvd"", ""page"": ""184"", ""context"": ""to his funerall fire: in the yeere of"", ""marker_support"": false}]"
suetonius.otho.holland1898-section.xml,holland-otho-note-051,12.1,unattributed,unresolved,numerical,Or counterfeit cap of false haire.,"[{""source"": ""holland2-uc1"", ""page"": ""184"", ""context"": ""thin haire\na perrucke, so fitted and fastened"", ""marker_support"": false}, {""source"": ""holland2-hvd"", ""page"": ""184"", ""context"": ""thin haire\na perrucke, so fitted and fastened"", ""marker_support"": false}]"
suetonius.otho.loeb_eng1.xml,rolfe-otho-note-001,1.1,editor,unresolved,,"Like Maecenas, Otho was Tyrrhena regum progenies; Hor. Odes, 3. 29. 1.","[{""source"": ""loeb2-uc1"", ""page"": ""227"", ""context"": ""the princes of etruria.\nhis\ngrandfather marcus salvius"", ""marker_support"": false}]"
suetonius.otho.loeb_eng1.xml,rolfe-otho-note-002,1.2,editor,unresolved,,See Claud. xiii. and xxxv. 2.,"[{""source"": ""loeb2-uc1"", ""page"": ""227"", ""context"": ""the\nrevolt against claudius; and they were executed"", ""marker_support"": false}]"
suetonius.otho.loeb_eng1.xml,rolfe-otho-note-003,1.3,editor,unresolved,,Suetonius does not mention this among the conspiracies against Claudius; see Claud. xiii.,[]
suetonius.otho.loeb_eng1.xml,rolfe-otho-note-004,2.1,unattributed,unresolved,,"Apr. 28, 32 A.D.","[{""source"": ""loeb2-uc1"", ""page"": ""229"", ""context"": ""arruntius and domitius ahenobarbus. apr. 28,\nfrom earliest youth he"", ""marker_support"": false}]"
suetonius.otho.loeb_eng1.xml,rolfe-otho-note-005,2.1,editor,unresolved,,"Instead of the modern blanket a sagum, or military cloak, was used, whence the operation was called sagatio.",[]
suetonius.otho.loeb_eng1.xml,rolfe-otho-note-006,2.2,editor,unresolved,,The penalty for extortion was expulsion from the senate; see Jul. xliii. 1.,[]
suetonius.otho.loeb_eng1.xml,rolfe-otho-note-007,3.1,editor,unresolved,,"See note on Nero, xxxiv. 2.","[{""source"": ""loeb2-uc1"", ""page"": ""231"", ""context"": ""a\nmost elaborate banquet, in order to avert"", ""marker_support"": false}]"
suetonius.otho.loeb_eng1.xml,rolfe-otho-note-008,3.1,editor,unresolved,,"According to Tac. Ann. 13. 45, the marriage was a real one, as is also implied below; see note d.",[]
suetonius.otho.loeb_eng1.xml,rolfe-otho-note-009,3.2,editor,unresolved,,See note above.,"[{""source"": ""loeb2-uc1"", ""page"": ""231"", ""context"": ""nero\nannulled the marriaged and under colour of"", ""marker_support"": false}]"
suetonius.otho.loeb_eng1.xml,rolfe-otho-note-010,4.1,editor,unresolved,,Tacitus and Plutarch give Ptolemaeus as the name of the astrologer.,[]
suetonius.otho.loeb_eng1.xml,rolfe-otho-note-011,6.1,editor,unresolved,,"Between the adoption and the death of Galba, a space of five days.","[{""source"": ""loeb2-uc1"", ""page"": ""235"", ""context"": ""immediately after the adoption, and set upon galba"", ""marker_support"": false}]"
suetonius.otho.loeb_eng1.xml,rolfe-otho-note-012,6.2,editor,unresolved,,"A pillar covered with gilded bronze, erected by Augustus, in 20 B.C., on which were engraved the names of the principal cities of the empire and their distance from Rome. The Roman roads were supposed to converge at that point, but the distances on them were reckoned from the gates.","[{""source"": ""loeb2-uc1"", ""page"": ""235"", ""context"": ""the golden mile-post hard by the temple"", ""marker_support"": false}]"
suetonius.otho.loeb_eng1.xml,rolfe-otho-note-013,7.2,editor,unresolved,,Proverbial of undertaking something beyond one's powers; cf. Cic. ad Att. ii. 16.,[]
suetonius.otho.loeb_eng1.xml,rolfe-otho-note-014,8.2,editor,unresolved,,To Ostia.,"[{""source"": ""loeb2-uc1"", ""page"": ""239"", ""context"": ""shipboard by the\nmarines; but as these were"", ""marker_support"": false}]"
suetonius.otho.loeb_eng1.xml,rolfe-otho-note-015,8.2,editor,unresolved,,Of the armoury.,[]
suetonius.otho.loeb_eng1.xml,rolfe-otho-note-016,8.2,editor,unresolved,,"This difficult passage is obscure because of its brevity and perhaps through corruption of the text. The same story is told by Tacitus (Hist. 1. 80) and Plutarch (Otho, 3.), but the three accounts seem to vary. According to Suetonius the arms were sent from the praetorian camp to Ostia, to fit out the (eighteenth) cohort, and that the riot started in the praetorian camp; the account of Tacitus seems to imply that it was the soldiers from Ostia (joined by the praetorians) that burst into Otho's dining room: insidentes equis urbem ac Palatium petunt. The arms in question would seem to be a part of those belonging to the cohort; hence remitti. See however Hofstee, ad loc.",[]
suetonius.otho.loeb_eng1.xml,rolfe-otho-note-017,8.3,editor,unresolved,,"From the temple of Mars, to be carried through the streets in the sacred procession. To begin any enterprise during that time was considered unlucky, and weddings were avoided; see Ovid, Fasti, iii. 393.",[]
suetonius.otho.loeb_eng1.xml,rolfe-otho-note-018,8.3,editor,unresolved,,"Cybele, whose festival was from March 24 to 30.",[]
suetonius.otho.loeb_eng1.xml,rolfe-otho-note-019,9.2,editor,unresolved,,"Tacitus, Hist. 2. 24, says locus Castorum (= Castoris et Pollucis) vocatur, and that it was twelve miles from Cremona. There was probably a temple there to the Twin Brethren.","[{""source"": ""loeb2-uc1"", ""page"": ""241"", ""context"": ""the place is called. in the final\nand"", ""marker_support"": false}]"
suetonius.tib.holland1898-section.xml,holland-tib-note-002,1.1,unattributed,unresolved,,Or Clausus.,[]
suetonius.tib.holland1898-section.xml,holland-tib-note-003,1.1,unattributed,unresolved,annotation,"IT seemeth that in his owne Native countrey, where the Inhabitantes before time were descended from the Greeks, he had to name Atta Clausus and being once incorporate among the Romans, changed it, into Appius Claudius. Now, Atta savoreth of the Greeke word ἄττειν, which is in going, not to set the sole of the foote firmely upon the ground, but rather lightly to tread as it were, on tiptoe. Heereupon, as Festus noteth, they that have that imperfection in their feete, whereby they can go no better, be called Attæ: which was the occasion, that one of the said house tooke that name first, and so his posteritie after him. Like as among the Romanes, of another accident, arose the name Agryppa first for that one was borne into the world with his feete forward. And these additions, whether they were forenames or surnames in the beginning, it skilleth not: for surnames in continuance of time came to be forenames, and contrariwise.",[]
suetonius.tib.holland1898-section.xml,holland-tib-note-004,1.1,unattributed,unresolved,,"Locum. Some read lucum, not in the strict signification of a sacred Grove, but of a pleasant tuft of trees wherewith monuments were beautified: as you may gather by the Mausoleum of Augustus.",[]
suetonius.tib.holland1898-section.xml,holland-tib-note-005,1.2,unattributed,unresolved,annotation,"If you have recourse unto the Originall, Nero is as much as Νεύρων, Νευρώδης, . Nervatus or Nervosus: that is to say, well compact of nerves and sinewes: and such are strong.",[]
suetonius.tib.holland1898-section.xml,holland-tib-note-006,2.1,unattributed,unresolved,,"A.U.C. 304. 457. 474, 490.",[]
suetonius.tib.holland1898-section.xml,holland-tib-note-007,2.1,unattributed,unresolved,,i. Blind.,[]
suetonius.tib.holland1898-section.xml,holland-tib-note-008,2.1,unattributed,unresolved,annotation,"Seneca reporteth in his booke De Brevitate Vitæ, cap. 12, That this Claudius perswaded the Romanes first, to go to sea, and embarke : whereupon he was styled Caudex, which in our Latin is as much to say, as the framing, and joyning together of many plants or ribs of timber, which is the very Periphrases of a Barke.",[]
suetonius.tib.holland1898-section.xml,holland-tib-note-010,2.2,unattributed,unresolved,,i. One of the ten Decemvirs.,[]
suetonius.tib.holland1898-section.xml,holland-tib-note-011,2.2,unattributed,unresolved,annotation,"One of his predecessours who had a Jurisdiction there, gave it that name, as having built likewise a Forum or Hall of Justice there, whereupon the Inhabitants of it and the territour thereabout, owing service to that court, as Clients and dependants to that Family, afforded this Claudius a meete place for him of Innovation and usurping unlawfull dominion.",[]
suetonius.tib.holland1898-section.xml,holland-tib-note-012,2.2,unattributed,unresolved,,A.U.C. 505.,[]
suetonius.tib.holland1898-section.xml,holland-tib-note-013,2.2,unattributed,unresolved,,i. The Faire.,[]
suetonius.tib.holland1898-section.xml,holland-tib-note-014,2.2,unattributed,unresolved,annotation,"Observing signes from Birds, by their feeding, flying or otherwise, that might give him warrant to go forward with the favour of the Gods, in his Enterprise.",[]
suetonius.tib.holland1898-section.xml,holland-tib-note-015,2.2,unattributed,unresolved,,Or Ilycia.,[]
suetonius.tib.holland1898-section.xml,holland-tib-note-016,2.3,unattributed,unresolved,,"Plin. Nat. hist. lib. 7, cap. 35.","[{""source"": ""holland1-uc1"", ""page"": ""171"", ""context"": ""shee that drew forth the ship with the"", ""marker_support"": false}, {""source"": ""holland1-hvd"", ""page"": ""171"", ""context"": ""shee that drew forth the ship with the"", ""marker_support"": false}]"
suetonius.tib.holland1898-section.xml,holland-tib-note-017,2.3,unattributed,unresolved,,Cybele.,[]
suetonius.tib.holland1898-section.xml,holland-tib-note-018,2.3,unattributed,unresolved,,Or Barr.,[]
suetonius.tib.holland1898-section.xml,holland-tib-note-019,2.3,unattributed,unresolved,,A.U.C. 580.,[]
suetonius.tib.holland1898-section.xml,holland-tib-note-020,2.3,unattributed,unresolved,,"For, unto this time that sex had not beene endited and attaint of treason. See Valer. Max. lib. 8. cap. 1.",[]
suetonius.tib.holland1898-section.xml,holland-tib-note-021,2.3,unattributed,unresolved,,A.U.C. 695.,[]
suetonius.tib.holland1898-section.xml,holland-tib-note-022,2.4,unattributed,unresolved,,C. Fonteius.,[]
suetonius.tib.holland1898-section.xml,holland-tib-note-023,2.4,unattributed,unresolved,annotation,"Adoptions by order of Law, should follow the course of Nature, whereby the sonne, cannot be elder than the Father. The cause why he sought thus extraordinarily to bee adopted a commoner, was that he might be chosen Tribune of the Commons.",[]
suetonius.tib.holland1898-section.xml,holland-tib-note-024,2.4,unattributed,unresolved,annotation,"The usuall manner in Rome was, that those persons who were arrested for criminall causes, during all the time of their trouble and triall, should chaunge their apparell, and in steed of gownes which were faire and white, put on others sullied and foule, thereby to moove mercie and compassion of the people. Whereupon such Rei were called Sordidati.",[]
suetonius.tib.holland1898-section.xml,holland-tib-note-025,2.4,unattributed,unresolved,,A.U.C. 611.,[]
suetonius.tib.holland1898-section.xml,holland-tib-note-026,2.4,unattributed,unresolved,annotation,"These Tribunes of the commons as may appeare in T. Livius were sacrosancti, i. Unviolable, and such as no violent hands might bee laid upon.",[]
suetonius.tib.holland1898-section.xml,holland-tib-note-027,2.4,unattributed,unresolved,,Claudia.,[]
suetonius.tib.holland1898-section.xml,holland-tib-note-028,2.4,unattributed,unresolved,,"Of so reverent regard were these Nunnes, that no magistrate might either attach or crosse them.",[]
suetonius.tib.holland1898-section.xml,holland-tib-note-029,3.1,unattributed,unresolved,,Or mothers grandfather materno avo.,"[{""source"": ""holland1-uc1"", ""page"": ""172"", ""context"": ""by the mothers\nside was adopted thereinto: which"", ""marker_support"": false}, {""source"": ""holland1-hvd"", ""page"": ""172"", ""context"": ""by the mothers\nside was adopted thereinto: which"", ""marker_support"": false}]"
suetonius.tib.holland1898-section.xml,holland-tib-note-030,3.1,unattributed,unresolved,,A.U.C. 550.,[]
suetonius.tib.holland1898-section.xml,holland-tib-note-031,3.1,unattributed,unresolved,annotation,"So called, of Salinæ the salt pits or salt houses. For being Censor he set an impost upon salt, and thereby augmented the revenewes of the State, little to the benefit or contentment of the people.",[]
suetonius.tib.holland1898-section.xml,holland-tib-note-032,3.1,unattributed,unresolved,,Or rather Drusus.,[]
suetonius.tib.holland1898-section.xml,holland-tib-note-033,3.2,unattributed,unresolved,,A.U.C. 471.,"[{""source"": ""holland1-uc1"", ""page"": ""173"", ""context"": ""time and censour besides. drusus,\nupon the killing"", ""marker_support"": false}, {""source"": ""holland1-hvd"", ""page"": ""173"", ""context"": ""time and censour besides. drusus,\nupon the killing"", ""marker_support"": false}]"
suetonius.tib.holland1898-section.xml,holland-tib-note-034,3.2,unattributed,unresolved,,A.U.C. 433.,[]
suetonius.tib.holland1898-section.xml,holland-tib-note-035,3.2,unattributed,unresolved,,A.U.C. 463.,[]
suetonius.tib.holland1898-section.xml,holland-tib-note-036,3.2,unattributed,unresolved,,"Or Nephew, abnepos.",[]
suetonius.tib.holland1898-section.xml,holland-tib-note-037,4.1,unattributed,unresolved,,A.U.C. 707.,[]
suetonius.tib.holland1898-section.xml,holland-tib-note-038,4.1,unattributed,unresolved,,A.U.C. 710.,[]
suetonius.tib.holland1898-section.xml,holland-tib-note-039,4.1,unattributed,unresolved,,Dictator.,[]
suetonius.tib.holland1898-section.xml,holland-tib-note-040,4.1,unattributed,unresolved,,Or Narbo.,[]
suetonius.tib.holland1898-section.xml,holland-tib-note-041,4.1,unattributed,unresolved,,This is that amnestia which Cicero perswaded unto.,[]
suetonius.tib.holland1898-section.xml,holland-tib-note-042,4.2,unattributed,unresolved,,A.U.C. 713.,[]
suetonius.tib.holland1898-section.xml,holland-tib-note-043,4.2,unattributed,unresolved,,"To wit, his sixe lictors or vergers with their Knitches of rods and axes sticking therin. Alexand. ab Alexandr.",[]
suetonius.tib.holland1898-section.xml,holland-tib-note-044,4.2,unattributed,unresolved,annotation,"For the manner was, that Governours of provinces, who (as they were) so would be counted also, more courteous than others, should unrequested allow some of their lectors unto all Roman Senators that repayred unto them, for to doe them honour: Cic. Ep. ad Cornificium.",[]
suetonius.tib.holland1898-section.xml,holland-tib-note-045,4.2,unattributed,unresolved,,Servis ad pileum vocatis: because the cap or bonet was the badge of freedome.,[]
suetonius.tib.holland1898-section.xml,holland-tib-note-046,4.3,unattributed,unresolved,,A.U.C. 712.,"[{""source"": ""holland1-uc1"", ""page"": ""174"", ""context"": ""and left his children\nsurviving him, namely tiberius"", ""marker_support"": false}]"
suetonius.tib.holland1898-section.xml,holland-tib-note-047,5.1,unattributed,unresolved,annotation,"In token of his nativitie there, which as they gave out, was borne to the good urbis et orbis, i. Of Rome and the whole world besides, for so, by way of flatterie they magnified their Princes.",[]
suetonius.tib.holland1898-section.xml,holland-tib-note-048,5.1,unattributed,unresolved,,Or his grandame by the mothers side.,[]
suetonius.tib.holland1898-section.xml,holland-tib-note-049,5.1,unattributed,unresolved,,"Falicitatis, or Facunditatis, i. fruitfulnes.",[]
suetonius.tib.holland1898-section.xml,holland-tib-note-050,5.1,unattributed,unresolved,,The sixteenth of November.,[]
suetonius.tib.holland1898-section.xml,holland-tib-note-051,5.1,unattributed,unresolved,,Genitum.,[]
suetonius.tib.holland1898-section.xml,holland-tib-note-052,6.1,unattributed,unresolved,,"Luxuriosam, i. growing a pace to maturity.",[]
suetonius.tib.holland1898-section.xml,holland-tib-note-053,6.1,unattributed,unresolved,annotation,"Some read, Luctuosam, i. sorrowfull, in regard of many hurts and dangers.",[]
suetonius.tib.holland1898-section.xml,holland-tib-note-054,6.1,unattributed,unresolved,,Or discovered.,[]
suetonius.tib.holland1898-section.xml,holland-tib-note-055,6.4,unattributed,unresolved,,Or spirenpole.,[]
suetonius.tib.holland1898-section.xml,holland-tib-note-056,6.4,unattributed,unresolved,annotation,"When a chariot is drawne by a teeme of foure steeds all in one ranke or affront, as we may see them pourtraited upon divers coines, it must needs bee that the two middle are joyned or yoaked as it were to the spire pole running betweene them and these be called sύγιοι. The other two then are without, the one on the left, and the other on the right side, called παρήοροι in Greeke, and in this place by our Authour Funales, because they are guided and ruled by a cord, or some reines or cheine in lieu thereof. And say, that these quadrigæ or foure steeds drawe two by two in files, one payre before the other: those which be next unto the chariot be aptly called Jugales, and those before them beyond the spire, Funales, of which, Tiberius rode upon one and Marcellus upon the other.",[]
suetonius.tib.holland1898-section.xml,holland-tib-note-057,7.1,unattributed,unresolved,,A.U.C. 744.,[]
suetonius.tib.holland1898-section.xml,holland-tib-note-058,7.1,unattributed,unresolved,,At 17 yeeres of age.,[]
suetonius.tib.holland1898-section.xml,holland-tib-note-059,7.1,unattributed,unresolved,,Or great market place.,[]
suetonius.tib.holland1898-section.xml,holland-tib-note-060,7.1,unattributed,unresolved,,Livia.,[]
suetonius.tib.holland1898-section.xml,holland-tib-note-061,7.1,unattributed,unresolved,,Augustus.,[]
suetonius.tib.holland1898-section.xml,holland-tib-note-062,7.2,unattributed,unresolved,,Whom Tacitus calleth Vipsania after the surname of her father.,[]
suetonius.tib.holland1898-section.xml,holland-tib-note-063,7.3,unattributed,unresolved,,Readie as it were to run out of his head.,[]
suetonius.tib.holland1898-section.xml,holland-tib-note-064,7.3,unattributed,unresolved,,Or disagree.,[]
suetonius.tib.holland1898-section.xml,holland-tib-note-065,7.3,unattributed,unresolved,,Who died when he was Consul.,[]
suetonius.tib.holland1898-section.xml,holland-tib-note-066,8.1,unattributed,unresolved,,A.U.C. 735.,[]
suetonius.tib.holland1898-section.xml,holland-tib-note-067,8.1,unattributed,unresolved,,"Whilest hee was Questour, and but 19 yeares olde.",[]
suetonius.tib.holland1898-section.xml,holland-tib-note-068,8.1,unattributed,unresolved,,Ergastulorum. Such as bridewel and houses of correction.,[]
suetonius.tib.holland1898-section.xml,holland-tib-note-069,9.1,unattributed,unresolved,,A.U.C. 728.,[]
suetonius.tib.holland1898-section.xml,holland-tib-note-070,9.1,unattributed,unresolved,,Colonell of a thousand footmen.,[]
suetonius.tib.holland1898-section.xml,holland-tib-note-071,9.1,unattributed,unresolved,,"A.U.C. 737, 738, 742, 747.",[]
suetonius.tib.holland1898-section.xml,holland-tib-note-073,10.1,unattributed,unresolved,,A.U.C. 748.,[]
suetonius.tib.holland1898-section.xml,holland-tib-note-074,10.1,unattributed,unresolved,annotation,"According to the vulgar speach, Nimia familiaritas parit contemptum.",[]
suetonius.tib.holland1898-section.xml,holland-tib-note-075,10.1,unattributed,unresolved,,In administration of the common weale.,[]
suetonius.tib.holland1898-section.xml,holland-tib-note-076,10.1,unattributed,unresolved,,To darken their light.,[]
suetonius.tib.holland1898-section.xml,holland-tib-note-077,11.1,unattributed,unresolved,,Or publike place of exercises.,[]
suetonius.tib.holland1898-section.xml,holland-tib-note-078,11.1,unattributed,unresolved,,He was then Tribune of the Commons and Consul the second time.,[]
suetonius.tib.holland1898-section.xml,holland-tib-note-079,11.2,unattributed,unresolved,,"Ægros, some read agros, as if he minded to walk the fields.","[{""source"": ""holland1-uc1"", ""page"": ""180"", ""context"": ""visite all the sicke in the cittie. these"", ""marker_support"": false}, {""source"": ""holland1-hvd"", ""page"": ""180"", ""context"": ""visite all the sicke in the cittie. these"", ""marker_support"": false}]"
suetonius.tib.holland1898-section.xml,holland-tib-note-080,11.3,unattributed,unresolved,,Rhetoricians.,"[{""source"": ""holland1-uc1"", ""page"": ""180"", ""context"": ""braule among the\nsophisters opposite in arguing cases"", ""marker_support"": false}, {""source"": ""holland1-hvd"", ""page"": ""180"", ""context"": ""braule among the\nsophisters opposite in arguing cases"", ""marker_support"": false}]"
suetonius.tib.holland1898-section.xml,holland-tib-note-081,11.4,unattributed,unresolved,,A.U.C. 752.,[]
suetonius.tib.holland1898-section.xml,holland-tib-note-083,12.2,unattributed,unresolved,,The sonne of his wife Julia by Agrippa.,[]
suetonius.tib.holland1898-section.xml,holland-tib-note-085,13.1,unattributed,unresolved,,The gowne.,"[{""source"": ""holland1-uc1"", ""page"": ""182"", ""context"": ""laid by the habite of his native\ncountrie"", ""marker_support"": false}, {""source"": ""holland1-hvd"", ""page"": ""182"", ""context"": ""laid by the habite of his native\ncountrie"", ""marker_support"": false}]"
suetonius.tib.holland1898-section.xml,holland-tib-note-086,13.1,unattributed,unresolved,,Pantofles or corke shooes after the greekish fashion.,[]
suetonius.tib.holland1898-section.xml,holland-tib-note-088,13.2,unattributed,unresolved,,His mothers husband.,[]
suetonius.tib.holland1898-section.xml,holland-tib-note-089,14.1,unattributed,unresolved,,A.U.C. 755.,[]
suetonius.tib.holland1898-section.xml,holland-tib-note-091,14.3,unattributed,unresolved,,Under Julius Cæsar or Augustus.,"[{""source"": ""holland1-uc1"", ""page"": ""183"", ""context"": ""of the\nvictorious legions in time past at"", ""marker_support"": false}, {""source"": ""holland1-hvd"", ""page"": ""183"", ""context"": ""of the\nvictorious legions in time past at"", ""marker_support"": false}]"
suetonius.tib.holland1898-section.xml,holland-tib-note-092,14.3,unattributed,unresolved,,"Subitis ignibus, i. When the fire was taken from them.",[]
suetonius.tib.holland1898-section.xml,holland-tib-note-093,14.3,unattributed,unresolved,,"Or Cockals, talos.",[]
suetonius.tib.holland1898-section.xml,holland-tib-note-094,14.3,unattributed,unresolved,annotation,"These dice were called Tali, because at first they used with such cockall bones named Tali to play: but afterwards they were made of Ivory, gold, etc. Among many sorts of sorceries and divinations, one there was by these bones or dies, and the wisards that professed their cunning in it, were termed 'Αστραγαλομαντεῖς.",[]
suetonius.tib.holland1898-section.xml,holland-tib-note-095,14.3,unattributed,unresolved,,"Venus or Cous, which is the best chance.",[]
suetonius.tib.holland1898-section.xml,holland-tib-note-096,14.4,unattributed,unresolved,annotation,"For the greater light to this place, and better proofe of Thrasillus skill, Dion reporteth, that when Tiberius intended verily to throw him downe headlong, he perceived him by his countenance to be much troubled and disquieted in minde, whereupon he demaunded the cause thereof, and then Thrasyllus answered, that by speculation of the Stars he foresaw some present daunger to himselfe, and so Tiberius durst not proceede to execute this intent of his.",[]
suetonius.tib.holland1898-section.xml,holland-tib-note-097,14.4,unattributed,unresolved,,Which broght the messenger of his returne.,[]
suetonius.tib.holland1898-section.xml,holland-tib-note-099,15.1,unattributed,unresolved,,Which was in the streete Carinæ.,[]
suetonius.tib.holland1898-section.xml,holland-tib-note-100,15.1,unattributed,unresolved,,"Or Exquiliæ, an other streete in Rome.",[]
suetonius.tib.holland1898-section.xml,holland-tib-note-102,15.2,unattributed,unresolved,,One that was sui juris.,[]
suetonius.tib.holland1898-section.xml,holland-tib-note-103,15.2,unattributed,unresolved,,Falling unto him by the Testaments of his friendes.,[]
suetonius.tib.holland1898-section.xml,holland-tib-note-104,15.2,unattributed,unresolved,,"A stocke given and granted unto one by him under whose tuition he is, be hee father or maister.",[]
suetonius.tib.holland1898-section.xml,holland-tib-note-105,16.1,unattributed,unresolved,,Germanie.,[]
suetonius.tib.holland1898-section.xml,holland-tib-note-106,16.1,unattributed,unresolved,,A.U.C. 757.,[]
suetonius.tib.holland1898-section.xml,holland-tib-note-107,16.1,unattributed,unresolved,,Out of Germanie.,[]
suetonius.tib.holland1898-section.xml,holland-tib-note-108,16.1,unattributed,unresolved,,A.U.C. 760.,[]
suetonius.tib.holland1898-section.xml,holland-tib-note-109,17.1,unattributed,unresolved,,A.U.C. 762.,[]
suetonius.tib.holland1898-section.xml,holland-tib-note-110,17.2,unattributed,unresolved,,i. Augustus.,[]
suetonius.tib.holland1898-section.xml,holland-tib-note-111,17.2,unattributed,unresolved,,Of Rome.,[]
suetonius.tib.holland1898-section.xml,holland-tib-note-112,17.2,unattributed,unresolved,annotation,"Septa, was a place in Mars Field railed about at first like a sheepe Pen: whereupon it was called Ovilia. But afterwards mounded with Marble stone, beautified also with stately galleries and walks, within which cloysture and precinct, the people oftentimes assembled about Election of Magistrates and other publicke affayres: yea and with wares which were there set out to be sold. As Alex. ab Alexandro witnesseth.",[]
suetonius.tib.holland1898-section.xml,holland-tib-note-113,18.1,unattributed,unresolved,,A.U.C. 763.,[]
suetonius.tib.holland1898-section.xml,holland-tib-note-114,18.1,unattributed,unresolved,,"Deponerentur, vel deportarentur, i. transported and caried over.",[]
suetonius.tib.holland1898-section.xml,holland-tib-note-115,19.1,unattributed,unresolved,,A Rhuteno quodam.,[]
suetonius.tib.holland1898-section.xml,holland-tib-note-116,19.1,unattributed,unresolved,annotation,"Some read Bructero, of which name there is a nation, as well as of the Rhutaine in Gaule. Others, Rutero, as if he meant one of those horsemen or riders in Germanie, which at this day be called Rutters.",[]
suetonius.tib.holland1898-section.xml,holland-tib-note-117,20.1,unattributed,unresolved,,A.U.C. 765.,[]
suetonius.tib.holland1898-section.xml,holland-tib-note-118,20.1,unattributed,unresolved,annotation,"A long robe embrodred and garded with purple, a cassocke branched with Date tree worke, a rich mantell of sundry colours. A chaplet of Laurell, a staffe and chaire, both of Ivorie. Liv. lib. 30.",[]
suetonius.tib.holland1898-section.xml,holland-tib-note-119,20.1,unattributed,unresolved,,Augustus Cæsar.,[]
suetonius.tib.holland1898-section.xml,holland-tib-note-120,21.1,unattributed,unresolved,,A.U.C. 767.,"[{""source"": ""holland1-uc1"", ""page"": ""188"", ""context"": ""into illyricum. and being\na.u.c. 767. incontinently called backe out"", ""marker_support"": false}, {""source"": ""holland1-hvd"", ""page"": ""188"", ""context"": ""into illyricum. and being\na.u.c. 767. incontinently called backe out"", ""marker_support"": false}]"
suetonius.tib.holland1898-section.xml,holland-tib-note-121,21.2,unattributed,unresolved,annotation,"By this ænigmaticall speech, Augustus compareth the state of the people of Rome, unto the miserable case of one, whom some savage and cruell beast hath gotten betweene his teeth, not devouring and dispatching him at once, but there holdeth and cheweth him a long while in exceeding paine: alluding to the secret malice, and dreaming nature withall of Tiberius.",[]
suetonius.tib.holland1898-section.xml,holland-tib-note-122,21.3,unattributed,unresolved,annotation,"It should seeme that in adopting him, he used these very words, Hoc Reipub. causa facio, i. This doe I for the common-wealthes sake.",[]
suetonius.tib.holland1898-section.xml,holland-tib-note-124,21.5,unattributed,unresolved,annotation,Alluding to this verse of Ennius in the commendation of Qu. Fabius Max. Unus homo nobis cunctando restituit rem. One man alone by sage delay Restor'd our state fall'n to decay.,[]
suetonius.tib.holland1898-section.xml,holland-tib-note-125,21.6,unattributed,unresolved,,Iliadiae.,[]
suetonius.tib.holland1898-section.xml,holland-tib-note-126,21.6,unattributed,unresolved,annotation,"In the tenth booke of his Iliads, where Diomedes in making choise of Ulysses, to exploit a peece of service with him, giveth him this praise.",[]
suetonius.tib.holland1898-section.xml,holland-tib-note-129,22.1,unattributed,unresolved,,Or warrant.,[]
suetonius.tib.holland1898-section.xml,holland-tib-note-130,23.1,unattributed,unresolved,annotation,"The Tribunes of the commons had power to call a Senate, but not whensoever they would, without a speciall Decree graunted by the Nobles.",[]
suetonius.tib.holland1898-section.xml,holland-tib-note-131,23.1,unattributed,unresolved,,Which hee had penned.,[]
suetonius.tib.holland1898-section.xml,holland-tib-note-132,23.1,unattributed,unresolved,,For the death of Augustus.,[]
suetonius.tib.holland1898-section.xml,holland-tib-note-133,23.1,unattributed,unresolved,,"That is to say, in 8 parts of twelve, or 2 third parts.",[]
suetonius.tib.holland1898-section.xml,holland-tib-note-134,25.2,unattributed,unresolved,annotation,"The cohort or band of Souldiers which were of the Princes Guard, were called Prætoriani, taking that name of Prætorium which signifieth the Lord Generals Pavilion in the campe, his Royall Pallace in Rome and else where. As also the Lord Deputies house of Estate in any Province. Now those Souldiers that gave attendance and served in this place about the Prince or Governour, were intertained in better condition than the rest, because their wages was greater, and the time of their service shorter. For Augustus had set downe their terme twelve yeares, whereas the rest, before they could be discharged, were to serve sixteene.",[]
suetonius.tib.holland1898-section.xml,holland-tib-note-135,25.2,unattributed,unresolved,annotation,"It may be thought, that Germaniciani as well by the Grammaticall Analogie of the letter, as also by some circumstance of this verie place, import a reference unto Germanicus the son of Drusus disceased. Like as Vitelliani, Flaviani, etc. But the learned observe, that as an Armie lying encamped or in Garrison, in Germanie, is properly in Latin called Germanicus, so the Soldiours of the said Armie be fitly named Germaniciani.",[]
suetonius.tib.holland1898-section.xml,holland-tib-note-137,26.1,unattributed,unresolved,annotation,"These solemnities were exhibited about the midst of November, whereas the other, named Romani, were held in the beginning of Septembe.",[]
suetonius.tib.holland1898-section.xml,holland-tib-note-139,26.2,unattributed,unresolved,,"Or September, of his mothers.",[]
suetonius.tib.holland1898-section.xml,holland-tib-note-140,26.2,unattributed,unresolved,annotation,"It is to be noted, that the name of Imperator in the Roman Historie is taken three waies: First, for him, who by commission or warrant from the State, hath the conducting of an Armie: and in this sense, it hath relation to Souldiers, and is all one with Lord Generall of the field, or a commaunder, etc., and the same that Prætor was in olde time. Secondly, for a Victor or Conquerer, namely when such a Generall or chiefetaine hath by martial prowesse atchieved many valiant exploits, and put to sword such a number of enemies, as the law setteth downe. For then the souldiers were wont to salute him by the name of Imperator, i. Conquerour. Lastly for a Soveraigne Prince, King and Monarch. In the first acception, it is a meere Relative, in the second a surname, in the third and last, the forename of all the Romane Emperours, to wit, from Julius Cæsar forward. Who although they wore not the Crowne and Diademe, were neverthelesse abso-lute Princes, Soveraignes, Kings and Monarches. The want of this distinction may breed some trouble in the readers of the Romane Historie.",[]
suetonius.tib.holland1898-section.xml,holland-tib-note-141,26.2,unattributed,unresolved,annotation,"Made of Oke branches, or in default thereof, of some other tree bearing mast: which garland by the first institution, was given to that souldier, who in battell had rescued a Citizen of Rome and saved his life. And afterwards, it, together with the Laurell, beautified the gates of the Cæsars Palaces, although some of them were bloodie Tyrants, and made no spare of their citizens and subjects lives.",[]
suetonius.tib.holland1898-section.xml,holland-tib-note-142,26.2,unattributed,unresolved,,From the Calends or first day of January to the 15 of May.,[]
suetonius.tib.holland1898-section.xml,holland-tib-note-143,27.1,unattributed,unresolved,annotation,"The manner was, if Prince or Senatour were caried in his Litter, usually supported by eight bond-servants, and thereupon called Octo-phoron, to have a companie of Citizens in their gownes going before, and accompanying him by his side, as also certaine servitours to carie his curule chaire of ivory behinde.",[]
suetonius.tib.holland1898-section.xml,holland-tib-note-144,27.1,unattributed,unresolved,,"One who had beene Consull: Tacitus saith, it was Quintus Haterius.",[]
suetonius.tib.holland1898-section.xml,holland-tib-note-145,27.1,unattributed,unresolved,,"Whereby, the said Q. Haterius had like to have beene killed by the guard.",[]
suetonius.tib.holland1898-section.xml,holland-tib-note-146,27.1,unattributed,unresolved,,Or Lord.,[]
suetonius.tib.holland1898-section.xml,holland-tib-note-147,28.1,unattributed,unresolved,,"Ad vos, vel ad nos, unto us.",[]
suetonius.tib.holland1898-section.xml,holland-tib-note-148,28.1,unattributed,unresolved,,"Such as might beseeme one Citizen to speake of another, and not a Prince of his subjects.",[]
suetonius.tib.holland1898-section.xml,holland-tib-note-151,30.1,unattributed,unresolved,,"Whereas by course he shold have had his triall before the Lord General, or prince himselfe.",[]
suetonius.tib.holland1898-section.xml,holland-tib-note-152,31.1,unattributed,unresolved,,Liberam legationem.,[]
suetonius.tib.holland1898-section.xml,holland-tib-note-153,31.1,unattributed,unresolved,annotation,"This free embassage, called Libera legatio, was granted many times to such, as being desirous eyther to travell and see forraine countries, or to fly, for avoiding of daungerous troubles at home: therby to be better intertained abroad, and with the more honest colour, to con-ceale the occasion of their departure, and absence as if they were sent from the state, about the affayres onely of Common-weale.",[]
suetonius.tib.holland1898-section.xml,holland-tib-note-154,31.1,unattributed,unresolved,,Or Trebians.,[]
suetonius.tib.holland1898-section.xml,holland-tib-note-155,32.1,unattributed,unresolved,,"As collars, Cheines, speares, chaplets, etc.",[]
suetonius.tib.holland1898-section.xml,holland-tib-note-156,32.1,unattributed,unresolved,annotation,It was not ordinarie with the Emperours to accompanie the corpes unto the funerall Fire: but onely to vouchsafe their presence at the Funerall Oration in the Forum or common place. This therefore may be attributed unto Tiberius his civill humanitie.,[]
suetonius.tib.holland1898-section.xml,holland-tib-note-157,32.2,unattributed,unresolved,annotation,"It appeareth by Dion, that they had omitted to subscribe the clause which went in this forme, Vota facimus pro te, Imperator, i. We make our vowes (and pray) for thee O Emperour.",[]
suetonius.tib.holland1898-section.xml,holland-tib-note-158,32.2,unattributed,unresolved,,Or reade a lecture.,[]
suetonius.tib.holland1898-section.xml,holland-tib-note-159,32.2,unattributed,unresolved,,Once a weeke or every 7 day.,[]
suetonius.tib.holland1898-section.xml,holland-tib-note-161,33.1,unattributed,unresolved,annotation,"Causes were heard judicially, and Justice ministred, eyther from a superiour place as the Tribunall, or beneath upon the even and plaine ground, de plano, as the Lawyers speake, so that there were a Chaire or seat for the judge to sit upon. And the said place of Justice wheresoever, eyther pro tribunali, or de plano posita sella, is properly called Ius: as Carolus Sigonus hath observed, lib. 1, cap. 5, de Judiciis. Whereupon commeth the usuall phrase, In ius vocare. It seemeth therefore, that Tiberius would come into the Comitium or Hall of Justice, and take his place, sometime within the Tribunall (for it was a spacious rowme) or else sit in his Curule chaire of Ivory beneath, as a moderator, which is expressed heere by the terme de plano.",[]
suetonius.tib.holland1898-section.xml,holland-tib-note-163,34.1,unattributed,unresolved,annotation,"As Marchpanes, Tarts, Gingerbreed, Custards, Sugred Bisket, and generally all manner of pastrie-conceits, wrought with honie or sugar. The workeman is called Dulciarius, and the things, Bellaria Mellita, or Pemmata. Toyes not onely needlesse, but hurtfull also to the bodie, according to that in Aulus Gellius, lib. 13, cap. 11, Noct. Attic. ex varone. Bellaria ea maxime sunt millita quæ mellita non sunt : Πέμμασι γὰρ πέψει, societas infida, i. Such junkets sort not well with Con-coction 1 [Or digestion].",[]
suetonius.tib.holland1898-section.xml,holland-tib-note-165,35.1,unattributed,unresolved,,That married her daughter.,[]
suetonius.tib.holland1898-section.xml,holland-tib-note-166,35.2,unattributed,unresolved,,"Juliæ, etc., de Adulteriis.","[{""source"": ""holland1-uc1"", ""page"": ""199"", ""context"": ""might delude\nthe lawes and avoide the penalties"", ""marker_support"": false}, {""source"": ""holland1-hvd"", ""page"": ""199"", ""context"": ""might delude\nthe lawes and avoide the penalties"", ""marker_support"": false}]"
suetonius.tib.holland1898-section.xml,holland-tib-note-167,35.2,unattributed,unresolved,annotation,"Diverse Statutes there were sharpely punishing the adulterie of Matrones or maried wives. An Act likewise passed in the Senate, that no Person of Knights degree or above, should play upon the stage, performe sword-fight, or combat with wild beastes for hire. Providing all to preserve the honour of wedlocke entire, and to maintaine the reputation of Knighthood and Nobilitie. Those shamelesse dames therefore, of whom Suetonius writeth in this place, eyther because they would be thought unworthie to be reckoned within the censure of Law, or as Tacitus writeth, deemed to have abidden punishment enough in making profession of so base a trade and life: these lewde persons likewise, and unreclaimable unthrifts suffering themselves thus to appeare noted with infamie, and that upon record, made accompt, both the one and the other not to be obnoxious or liable unto the statutes and acts aforesaid.",[]
suetonius.tib.holland1898-section.xml,holland-tib-note-168,35.2,unattributed,unresolved,,As well Senatours as gentlemen.,[]
suetonius.tib.holland1898-section.xml,holland-tib-note-169,35.2,unattributed,unresolved,,In sword-fight at the sharpe.,[]
suetonius.tib.holland1898-section.xml,holland-tib-note-170,35.2,unattributed,unresolved,,By committing some leawd parts.,[]
suetonius.tib.holland1898-section.xml,holland-tib-note-171,35.2,unattributed,unresolved,,He deprived him from his Senatours place.,[]
suetonius.tib.holland1898-section.xml,holland-tib-note-172,35.2,unattributed,unresolved,annotation,"The manner was at Rome, for Tenaunts to remoove and flit out of one house into another, upon the first day of July, like as with us, at the feastes of Saint Michaell and the Anunciation of the Virgin Marie: which are the ordinarie rent daies.",[]
suetonius.tib.holland1898-section.xml,holland-tib-note-173,35.2,unattributed,unresolved,,Without the Cittie.,[]
suetonius.tib.holland1898-section.xml,holland-tib-note-174,35.2,unattributed,unresolved,,"i. The morrow: his levitie was notable as well in making choise so slightly, as in casting her of so quickely, making but a game of mariage.",[]
suetonius.tib.holland1898-section.xml,holland-tib-note-175,36.1,unattributed,unresolved,,Romaine Citizens.,"[{""source"": ""holland1-uc1"", ""page"": ""200"", ""context"": ""given to that superstition, for to burne all"", ""marker_support"": false}, {""source"": ""holland1-hvd"", ""page"": ""200"", ""context"": ""given to that superstition, for to burne all"", ""marker_support"": false}]"
suetonius.tib.holland1898-section.xml,holland-tib-note-176,36.1,unattributed,unresolved,annotation,"Josephus, lib. 18, Antiquit. Judaic. writeth that Tiberius sent 4000 of them into Sardinia, an Iland in Summer time especially, verie in-temperate and unwholsome, as may appeare by that pretie Epigram of Martialis, wherein he opposeth the healthie Citie Tibur, to the pestilent Isle Sardinia. Nullo fata loco possis excludere, cum mors Venerit, in medio Tibure Sardinia est. No place exempt from fatall death, for when our time is come, Mid Tibur, will Sardinia be found of all and some.",[]
suetonius.tib.holland1898-section.xml,holland-tib-note-179,37.3,unattributed,unresolved,,"Senatours, or Aldermen.",[]
suetonius.tib.holland1898-section.xml,holland-tib-note-180,38.1,unattributed,unresolved,annotation,"This Callipides, who gave occasion of this By-word, was a famous Stage-player, or one of these Mimi, counterfaiting other mens gestures, as Beraaldus supposeth. See Plutarch in Apophtheg. Laconic.",[]
suetonius.tib.holland1898-section.xml,holland-tib-note-181,39.1,unattributed,unresolved,,A.U.C. 779.,[]
suetonius.tib.holland1898-section.xml,holland-tib-note-182,39.1,unattributed,unresolved,,Adopted.,[]
suetonius.tib.holland1898-section.xml,holland-tib-note-183,39.1,unattributed,unresolved,,Naturall.,[]
suetonius.tib.holland1898-section.xml,holland-tib-note-184,40.1,unattributed,unresolved,,Strangers that conflowed thither to see the showes.,"[{""source"": ""holland1-uc1"", ""page"": ""203"", ""context"": ""fideny xx thousand folke1 and more, tiberius\nat a solemn fight"", ""marker_support"": false}, {""source"": ""holland1-hvd"", ""page"": ""203"", ""context"": ""fideny xx thousand folke1 and more, tiberius\nat a solemn fight"", ""marker_support"": false}]"
suetonius.tib.holland1898-section.xml,holland-tib-note-185,42.1,unattributed,unresolved,annotation,"Biberius, a bibendo, i. of drinking. Calius, a Calda, or Calida, i. hote. Mero of Merum, i. strong wine. An elegant Agnominiation: whereby is shewed, that he loved to drinke wine hote, which is right delicate, and goeth downe more merily.",[]
suetonius.tib.holland1898-section.xml,holland-tib-note-186,42.1,unattributed,unresolved,,In eating and drinking.,[]
suetonius.tib.holland1898-section.xml,holland-tib-note-188,42.2,unattributed,unresolved,annotation,"The Italicke Amphor conteyneth 48 Sextarii, everie Sextarius 20 ounces Mensurales, which is a wine pinte and halfe of our measure with the better. By which reckoning he dranke at one meale a rundlet of ten wine gallons well neere.",[]
suetonius.tib.holland1898-section.xml,holland-tib-note-189,42.2,unattributed,unresolved,,Or tendered it unto him.,[]
suetonius.tib.holland1898-section.xml,holland-tib-note-190,42.2,unattributed,unresolved,annotation,"A Bird that feedeth upon grapes and figges especially, whereupon it tooke the name. In Autumne or the latter end of Summer it is so called: at other times Melanocoryphos, or Atricapilla, of the blacke cop, or hair-like fethers that it carieth upon the head. Of this Bird for the daintie flesh of it Martiall made this Epigram, Inter aves, turdus, si quis me judice certet, Inter quadrupedes, gloria prima Lepus. Of fethered foules, if I may judge, the blackbirde is the best, Among four-footed beasts the Hare surpasseth all the rest.",[]
suetonius.tib.holland1898-section.xml,holland-tib-note-191,42.2,unattributed,unresolved,annotation,To invent and devise new pleasures.,[]
suetonius.tib.holland1898-section.xml,holland-tib-note-192,42.2,unattributed,unresolved,,"For the devising of newe pleasures, etc.",[]
suetonius.tib.holland1898-section.xml,holland-tib-note-193,43.2,unattributed,see curated changes; otherwise unresolved,,Or Caprinicus: or Caproneus.,[]
suetonius.tib.holland1898-section.xml,holland-tib-note-194,43.2,unattributed,unresolved,annotation,"Alluding partly to the Isle Capræa, and in part eyther to Capra in Latin, a goat, or to Καπρός in Greek, a wild bore, and that member, Quo viri sumus.",[]
suetonius.tib.holland1898-section.xml,holland-tib-note-195,44.1,unattributed,see curated changes; otherwise unresolved,,Irrumatio.,[]
suetonius.tib.holland1898-section.xml,holland-tib-note-196,44.2,unattributed,see curated changes; otherwise unresolved,,Or incense pan.,[]
suetonius.tib.holland1898-section.xml,holland-tib-note-197,45.1,unattributed,see curated changes; otherwise unresolved,,Or dagger.,[]
suetonius.tib.holland1898-section.xml,holland-tib-note-198,46.1,unattributed,see curated changes; otherwise unresolved,,Or ranke.,[]
suetonius.tib.holland1898-section.xml,holland-tib-note-199,47.1,unattributed,unresolved,,At Rome.,[]
suetonius.tib.holland1898-section.xml,holland-tib-note-200,47.1,unattributed,unresolved,,An Actour in a Comædie.,[]
suetonius.tib.holland1898-section.xml,holland-tib-note-201,47.1,unattributed,unresolved,,"He had maried a young wife upon hope of maintenance by vertue of the lawes Papia, Poppea, and Julia.",[]
suetonius.tib.holland1898-section.xml,holland-tib-note-203,48.1,unattributed,unresolved,,That therby their moneymight come abroad.,[]
suetonius.tib.holland1898-section.xml,holland-tib-note-204,48.1,unattributed,unresolved,,i. debts paid.,[]
suetonius.tib.holland1898-section.xml,holland-tib-note-205,48.1,unattributed,unresolved,,For then it was that xx thousand were killed at Fideney by the fall of a Theater.,[]
suetonius.tib.holland1898-section.xml,holland-tib-note-207,48.2,unattributed,unresolved,,Or Guard.,[]
suetonius.tib.holland1898-section.xml,holland-tib-note-208,48.2,unattributed,unresolved,,As of their Generall.,[]
suetonius.tib.holland1898-section.xml,holland-tib-note-209,48.2,unattributed,unresolved,,"With allowance of lands, fees or yearely Pensions for their service.",[]
suetonius.tib.holland1898-section.xml,holland-tib-note-210,48.2,unattributed,unresolved,,"In number 12. Plin. lib. 2, cap. 84; Euseb. Chronic. 13.",[]
suetonius.tib.holland1898-section.xml,holland-tib-note-211,49.1,unattributed,unresolved,annotation,"Seneca reporteth thus, lib. 2, de Benefic. cap. 27, Quater millies sestertium suum vidit, i. He saw of his owne, 400 millions of Sesterces.",[]
suetonius.tib.holland1898-section.xml,holland-tib-note-212,49.1,unattributed,unresolved,,Her husband.,[]
suetonius.tib.holland1898-section.xml,holland-tib-note-213,49.1,unattributed,unresolved,,And therfore he hoped to be his heire.,[]
suetonius.tib.holland1898-section.xml,holland-tib-note-214,49.2,unattributed,unresolved,,More than by law they might.,[]
suetonius.tib.holland1898-section.xml,holland-tib-note-215,49.2,unattributed,unresolved,annotation,"Provided it was by an auncient law, and the same revived by Jul. Cæsar Dictator, that no person should in silver or gold possesse above 60 sestertia, that is, three score thousand sestertii. This also may have a relation to that order set downe by him a little before, That monied men and usurers should lay out two third parts of their stocke in lands and houses, etc.",[]
suetonius.tib.holland1898-section.xml,holland-tib-note-216,50.3,unattributed,unresolved,,Mother of her Country.,[]
suetonius.tib.holland1898-section.xml,holland-tib-note-217,51.1,unattributed,unresolved,annotation,"As we say, to make him Justice of Quorum, etc: for the decuries of Judges were they Quorum nomina, were written in the Commission Roll.",[]
suetonius.tib.holland1898-section.xml,holland-tib-note-218,51.1,unattributed,unresolved,,"Quorum nomina, or such like.",[]
suetonius.tib.holland1898-section.xml,holland-tib-note-219,51.2,unattributed,unresolved,,"Or wheele and bucket in Antliam. Some read, in Antiliam, or Anticyram, i. an Iland: or else Latumiam, a dungeon in the common prison.",[]
suetonius.tib.holland1898-section.xml,holland-tib-note-220,52.1,unattributed,unresolved,,Of Drusus.,"[{""source"": ""holland1-uc1"", ""page"": ""211"", ""context"": ""vices of the one. for drusus was\nof"", ""marker_support"": false}, {""source"": ""holland1-hvd"", ""page"": ""211"", ""context"": ""vices of the one. for drusus was\nof"", ""marker_support"": false}]"
suetonius.tib.holland1898-section.xml,holland-tib-note-221,52.1,unattributed,unresolved,,"Iustitium, as the maner was in any mournfull time.",[]
suetonius.tib.holland1898-section.xml,holland-tib-note-223,52.3,unattributed,unresolved,,"Increpitum: others read inscriptum, i. This inscription was in many places set upon his Statues.",[]
suetonius.tib.holland1898-section.xml,holland-tib-note-225,53.1,unattributed,unresolved,annotation,"The Greeke verse is red thus, Εἰ μὴ τυραννεῖς, θύγατερ, ἀδικεῖσθαι δοκεῖς, οι Εἰ μὴ τυραννεῖς, τέκνον, etc.",[]
suetonius.tib.holland1898-section.xml,holland-tib-note-226,53.2,unattributed,unresolved,,Scale.,[]
suetonius.tib.holland1898-section.xml,holland-tib-note-227,53.2,unattributed,unresolved,annotation,"Scale Gemonica. A place at Rome upon the Aventine hill, into which the dead bodies of malefactors were dragged and throwen with shame.",[]
suetonius.tib.holland1898-section.xml,holland-tib-note-229,54.2,unattributed,unresolved,,To famish his owne selfe wilfully.,"[{""source"": ""holland1-uc1"", ""page"": ""213"", ""context"": ""starved\nthem to death; nero, within the isle"", ""marker_support"": false}, {""source"": ""holland1-hvd"", ""page"": ""213"", ""context"": ""starved\nthem to death; nero, within the isle"", ""marker_support"": false}]"
suetonius.tib.holland1898-section.xml,holland-tib-note-230,54.2,unattributed,unresolved,,Or executioner.,[]
suetonius.tib.holland1898-section.xml,holland-tib-note-231,54.2,unattributed,unresolved,,"To strangle him, and drag him to the Scale Gemoniæ.",[]
suetonius.tib.holland1898-section.xml,holland-tib-note-232,54.2,unattributed,unresolved,,Or bed.,[]
suetonius.tib.holland1898-section.xml,holland-tib-note-233,54.2,unattributed,unresolved,,Bones and ashes which was done by him of spight.,[]
suetonius.tib.holland1898-section.xml,holland-tib-note-235,56.1,unattributed,unresolved,annotation,"They speake the Greeke language generally throughout all Greece, yet not after one manner. For in divers parts were different kindes of Greeke called Dialects, to wit, Attick, Ionick, Æolick, etc. Like as with us in Great Britaine a common English tongue goeth wel neere throughout the whole Iland, albeit there is a diversity perceived between the Scottish or Northren English, and the Southerne, betweene the Cornish and the Kentish, etc.",[]
suetonius.tib.holland1898-section.xml,holland-tib-note-236,57.1,unattributed,unresolved,,Or mire.,[]
suetonius.tib.holland1898-section.xml,holland-tib-note-237,57.1,unattributed,unresolved,,"Clay so tempered becommeth verie strong, tough and stiffe.",[]
suetonius.tib.holland1898-section.xml,holland-tib-note-238,57.2,unattributed,unresolved,,A scoffing jester.,"[{""source"": ""holland1-uc1"", ""page"": ""215"", ""context"": ""a certaine buffon there was,\nwho as"", ""marker_support"": false}, {""source"": ""holland1-hvd"", ""page"": ""215"", ""context"": ""a certaine buffon there was,\nwho as"", ""marker_support"": false}]"
suetonius.tib.holland1898-section.xml,holland-tib-note-239,57.2,unattributed,unresolved,,"Elato mortuo, or clare mortuo, i. with a loude voice called upon the dead man, etc.",[]
suetonius.tib.holland1898-section.xml,holland-tib-note-240,57.2,unattributed,unresolved,,"The Pompeiani, that took part with Pompeius against Julius Cæsar.",[]
suetonius.tib.holland1898-section.xml,holland-tib-note-241,58.1,unattributed,unresolved,,High treason.,"[{""source"": ""holland1-uc1"", ""page"": ""215"", ""context"": ""the case of majestie, or no? he made"", ""marker_support"": false}, {""source"": ""holland1-hvd"", ""page"": ""215"", ""context"": ""the case of majestie, or no? he made"", ""marker_support"": false}]"
suetonius.tib.holland1898-section.xml,holland-tib-note-242,58.1,unattributed,unresolved,,"Fled thither for refuge as unto a Sanctuarie, or otherwise how so ever.",[]
suetonius.tib.holland1898-section.xml,holland-tib-note-243,58.1,unattributed,unresolved,annotation,"In so doing the bodie must needes be bared and some shame discovered which being an Impietie before the sacred Images of the Gods, was made Treason also before the Emperours Statue, unto whom divine honours were exhibited.",[]
suetonius.tib.holland1898-section.xml,holland-tib-note-244,58.1,unattributed,unresolved,,Either of Tiberius or Augustus.,[]
suetonius.tib.holland1898-section.xml,holland-tib-note-245,59.2,unattributed,unresolved,annotation,"The last Hexastichon or 6 verses, seemeth to make one entier Epigram by it selfe. Every Distichon before, carieth a severall sense. And as for the first two, they seeme to have a reference to the time, whiles he abode in Rhodes, before he was Sui Iuris.",[]
suetonius.tib.holland1898-section.xml,holland-tib-note-246,59.2,unattributed,unresolved,,"Read Seneca de beneficiis, lib. 3, cap. 26.",[]
suetonius.tib.holland1898-section.xml,holland-tib-note-248,60.1,unattributed,unresolved,,Or garden.,[]
suetonius.tib.holland1898-section.xml,holland-tib-note-249,60.1,unattributed,unresolved,,With cudgels: which punishment was called Fustuarium.,[]
suetonius.tib.holland1898-section.xml,holland-tib-note-250,61.1,unattributed,unresolved,,Quam Seianum quærenti occasiones subministrasse.,[]
suetonius.tib.holland1898-section.xml,holland-tib-note-251,61.2,unattributed,unresolved,annotation,"At which times, both among the Greekes and Romans also, the manner was to forbeare Execution, yea and to ease prisoners of their yrons.",[]
suetonius.tib.holland1898-section.xml,holland-tib-note-252,61.3,unattributed,unresolved,,The soverain Captaine and Generall of the Greekes at Troye.,[]
suetonius.tib.holland1898-section.xml,holland-tib-note-253,61.3,unattributed,unresolved,annotation,As if under his person he had offered abuse unto the Emperour Tiberius.,[]
suetonius.tib.holland1898-section.xml,holland-tib-note-254,61.3,unattributed,unresolved,,"A. Cremutius Cordus: read Seneca Consolat. ad Marcum, cap. 22.",[]
suetonius.tib.holland1898-section.xml,holland-tib-note-255,61.3,unattributed,unresolved,,Who slew Julius Cæsar and were accoumpted Tyrannoctonoi.,[]
suetonius.tib.holland1898-section.xml,holland-tib-note-256,61.3,unattributed,unresolved,annotation,"He would say, The courage and generositys of the Romans died with them, seing that none arose to recover their libertie oppressed and trode under foote by this Tyrant Tiberius.",[]
suetonius.tib.holland1898-section.xml,holland-tib-note-257,61.4,unattributed,unresolved,annotation,"Rather, two hundred and twentie. For Tacitus, lib. 6, Annal. reporteth, that all the suspected complices of Sejanus were killed, Lacuit immensa strages, omnis sexus, omnis ætas, etc.",[]
suetonius.tib.holland1898-section.xml,holland-tib-note-258,61.5,unattributed,unresolved,annotation,"The like hypocriticall Religion was practised during the bloudie proscription in the Triumvirate. A young Gentleman nobly borne, because he might not be killed lawfully, prætextatus, i. under age, and wearing still his embrodered garment prætexta, hee commaunded to put on his virile gowne, and so he was murthered. Appian. Dio.",[]
suetonius.tib.holland1898-section.xml,holland-tib-note-259,61.5,unattributed,unresolved,,Or Calvilius.,[]
suetonius.tib.holland1898-section.xml,holland-tib-note-260,61.5,unattributed,unresolved,,"Who had beene sometime consul, and therefore to be credited.",[]
suetonius.tib.holland1898-section.xml,holland-tib-note-263,62.1,unattributed,unresolved,,Among other examinates.,[]
suetonius.tib.holland1898-section.xml,holland-tib-note-264,62.1,unattributed,unresolved,,Done unto him.,[]
suetonius.tib.holland1898-section.xml,holland-tib-note-267,63.1,unattributed,unresolved,,In manner of a Lottery.,[]
suetonius.tib.holland1898-section.xml,holland-tib-note-268,63.1,unattributed,unresolved,,Of Fortune at Preneste.,[]
suetonius.tib.holland1898-section.xml,holland-tib-note-269,63.2,unattributed,unresolved,,L. Ælius Lamia and L. Arruntius.,"[{""source"": ""holland1-hvd"", ""page"": ""221"", ""context"": ""him one or two consulare ll. deputies"", ""marker_support"": false}]"
suetonius.tib.holland1898-section.xml,holland-tib-note-270,63.2,unattributed,unresolved,,Or Presidents that had beene Consuls.,[]
suetonius.tib.holland1898-section.xml,holland-tib-note-272,64.1,unattributed,unresolved,,Because they shold not aske who was within.,[]
suetonius.tib.holland1898-section.xml,holland-tib-note-273,65.1,unattributed,unresolved,,For he remained still at Capreæ.,"[{""source"": ""holland1-uc1"", ""page"": ""222"", ""context"": ""in his long absence he had taken upon"", ""marker_support"": false}, {""source"": ""holland1-hvd"", ""page"": ""222"", ""context"": ""in his long absence he had taken upon"", ""marker_support"": false}]"
suetonius.tib.holland1898-section.xml,holland-tib-note-274,65.1,unattributed,unresolved,,To be matched in mariage with on of his neipces.,[]
suetonius.tib.holland1898-section.xml,holland-tib-note-275,65.1,unattributed,unresolved,,Or Epistle rather written unto the Senat.,[]
suetonius.tib.holland1898-section.xml,holland-tib-note-277,65.2,unattributed,unresolved,,"Or ferme house, in the Isle Capreæ.",[]
suetonius.tib.holland1898-section.xml,holland-tib-note-278,66.1,unattributed,unresolved,,Where the Senatours sat to behold the plaies.,[]
suetonius.tib.holland1898-section.xml,holland-tib-note-279,67.2,unattributed,unresolved,,For he was wonderfully addicted to the study of Astrologie and such curious Arts.,[]
suetonius.tib.holland1898-section.xml,holland-tib-note-280,67.2,unattributed,unresolved,annotation,"For wonderfully addicted he was to the studie of Astrologie, and such curious Arts.",[]
suetonius.tib.holland1898-section.xml,holland-tib-note-281,68.1,unattributed,unresolved,annotation,"The full stature of men in Italy, was six foot wanting two ynches, if men grew higher than sixe they were accompted exceeding tall, if to seven, (and to that height men may grow, as Varro, Gellius and Solinus doe write) they went for Giants. So that in Musters yong men were chosen soldiours, five foote high and ten ynches, which was called Iusta Statura.",[]
suetonius.tib.holland1898-section.xml,holland-tib-note-283,68.2,unattributed,unresolved,annotation,"Some read subiti, and not subtiles, to signifie that such pimples continued not, but arose and fell at times, much like to those that the Physitians call Hidroa, Sudamina, or papulas sudorum, according to Plinie, proceeding of heat or sweat, if the humours be sharpe.",[]
suetonius.tib.holland1898-section.xml,holland-tib-note-284,68.2,unattributed,unresolved,,For such prominent eyes are not commonly quicke of sight.,[]
suetonius.tib.holland1898-section.xml,holland-tib-note-285,68.3,unattributed,unresolved,,Manner of going.,[]
suetonius.tib.holland1898-section.xml,holland-tib-note-286,68.3,unattributed,unresolved,,Or downeward into his bosome.,[]
suetonius.tib.holland1898-section.xml,holland-tib-note-287,68.3,unattributed,unresolved,annotation,"Such be termed in Greeke βυσαυχένες. And if we may beleeve the Physiognomie delivered by Aristotle: they be by nature deceitfull and wilie, given to circumvent, entrap and supplant others.",[]
suetonius.tib.holland1898-section.xml,holland-tib-note-288,68.4,unattributed,unresolved,annotation,"Cornelius Celsus, among other good rules and precepts of Health, writeth thus, Sanus homo qui et bene valet et sucæ spontis est, nullis obligare se legibus debet, ac ne medico neque alipta egere, etc. But give he what directions he will, and let us say what wee can to this point, that men and women may be Physicians to themselves, such is there misgovernment in diet and otherwise, that Physitians shall never want imployment. And as touching thirty years of age, Tacitus addeth moreover and saith, That he was wont to mock those and hold them to be fooles, who after the said yeares had neede of other mens instructions, to know what was good or hurtfull for their bodies. Whereupon might arise our English proverbe, A foole or a physician.",[]
suetonius.tib.holland1898-section.xml,holland-tib-note-290,69.1,unattributed,unresolved,,Or upon his head in maner of a Coronet.,[]
suetonius.tib.holland1898-section.xml,holland-tib-note-291,69.1,unattributed,unresolved,,"As Plinie reporteth, lib. 2 and 15.",[]
suetonius.tib.holland1898-section.xml,holland-tib-note-293,70.1,unattributed,unresolved,,Prose.,[]
suetonius.tib.holland1898-section.xml,holland-tib-note-294,70.1,unattributed,unresolved,,Of a sodaine.,[]
suetonius.tib.holland1898-section.xml,holland-tib-note-295,70.2,unattributed,unresolved,annotation,"Such as were sung to the Harpe. In which kinde Pindarus excelled among the Greekes, and Horace among the Romans.",[]
suetonius.tib.holland1898-section.xml,holland-tib-note-296,70.2,unattributed,unresolved,,"One of Augustus sonnes, yet some expound it of Julius Cæsar, Dictator.",[]
suetonius.tib.holland1898-section.xml,holland-tib-note-297,70.2,unattributed,unresolved,annotation,One of Augustus [adopted] sonnes. Yet some read Julius Cæsar.,[]
suetonius.tib.holland1898-section.xml,holland-tib-note-298,70.2,unattributed,unresolved,,"De hiis, haply of their doing.",[]
suetonius.tib.holland1898-section.xml,holland-tib-note-299,70.3,unattributed,unresolved,,Wherein many tales or fables are inserted.,"[{""source"": ""holland1-uc1"", ""page"": ""226"", ""context"": ""knowledge of fabulous historie, even unto meere fooleries"", ""marker_support"": false}, {""source"": ""holland1-hvd"", ""page"": ""226"", ""context"": ""knowledge of fabulous historie, even unto meere fooleries"", ""marker_support"": false}]"
suetonius.tib.holland1898-section.xml,holland-tib-note-300,70.3,unattributed,unresolved,,The daughters of King Lycomedes in the Isle Scyros where hee faigned him selfe to bee a maiden.,[]
suetonius.tib.holland1898-section.xml,holland-tib-note-301,70.3,unattributed,unresolved,,Androgeus.,[]
suetonius.tib.holland1898-section.xml,holland-tib-note-302,71.1,unattributed,unresolved,annotation,"A word usuall with us in these daies, for who knoweth not that Monopoly is, when one man engrosseth some commoditie into his owne handes, that none may sell the same but himselfe, or from him?",[]
suetonius.tib.holland1898-section.xml,holland-tib-note-303,71.1,unattributed,unresolved,annotation,"It signifieth in this place a peece of workmanship set upon a cup or other vessell of Gold or Silver to garnish the same, so fitted, as it may be put to, or taken away at our pleasure. The auncient Poets in Latin called such devises Insertas.",[]
suetonius.tib.holland1898-section.xml,holland-tib-note-304,71.1,unattributed,unresolved,annotation,"Contrarie to Augustus Cæsar, whose manner was ever and anone in his speeches and writings to interlace Greeke words and sentences.",[]
suetonius.tib.holland1898-section.xml,holland-tib-note-305,72.1,unattributed,unresolved,,With three ranks of oares.,[]
suetonius.tib.holland1898-section.xml,holland-tib-note-306,72.1,unattributed,unresolved,annotation,"A place neere the river Tiberis, so called of a Navell fight exhibited sometime there, by Julius Cæsar Dictator, within a spatious pit receiving water for that purpose.",[]
suetonius.tib.holland1898-section.xml,holland-tib-note-307,72.1,unattributed,unresolved,,Ad septimum lapidem.,[]
suetonius.tib.holland1898-section.xml,holland-tib-note-308,72.1,unattributed,unresolved,annotation,"In the port high waies from Rome, the manner of the Romans, was at everie miles ende to pitch downe a great stone, and according thereto were the miles reckoned, like as with us in some places there stand crosses of wood or stone to that end.",[]
suetonius.tib.holland1898-section.xml,holland-tib-note-309,72.1,unattributed,unresolved,,When he came by the River.,[]
suetonius.tib.holland1898-section.xml,holland-tib-note-310,72.2,unattributed,unresolved,annotation,"i. A creeping Dragon. Which implieth, that there be others winged, or at least wise supposed to flie, in the common opinion of men. For the attribute, Serpens, signifieth Creeping. Now, because all of them use most so to do, the general name of Dragons, goeth under Serpents. And as for the word Dragon, it is given to the whole kinde for their quicke sight, comming of Draco, in Latine, and δράκων in Greeke, ἀπὸ τοῦ δρακεῖν, ἱ. of seeing.",[]
suetonius.tib.holland1898-section.xml,holland-tib-note-311,72.2,unattributed,unresolved,annotation,"Recidiva peior radice, say the Physitians. The relapse unto a former disease is more dangerous, than it was before.",[]
suetonius.tib.holland1898-section.xml,holland-tib-note-312,72.3,unattributed,unresolved,,"Venas, for Arterias by the trope Catachresis, for they onely beat.",[]
suetonius.tib.holland1898-section.xml,holland-tib-note-313,72.3,unattributed,unresolved,,"Who waited uppon him, or upon whom he leaned.",[]
suetonius.tib.holland1898-section.xml,holland-tib-note-314,72.3,unattributed,unresolved,,"Valere dicentes, or as they saluted him, after the Greeke phrase, Chairein Kaieuprattein. Gaudere et bene rem gerere - Horat. All haile and faire cheere you.",[]
suetonius.tib.holland1898-section.xml,holland-tib-note-315,73.1,unattributed,unresolved,,With full intent as it should seeme to bee revenged of the Senate.,[]
suetonius.tib.holland1898-section.xml,holland-tib-note-316,73.1,unattributed,unresolved,,Or manner house.,[]
suetonius.tib.holland1898-section.xml,holland-tib-note-317,73.1,unattributed,unresolved,,"Of Lucullus, who either built it, or there dwelt.",[]
suetonius.tib.holland1898-section.xml,holland-tib-note-318,73.1,unattributed,unresolved,annotation,"It tooke the name of L. Lucullus, the Lord thereof.",[]
suetonius.tib.holland1898-section.xml,holland-tib-note-319,73.1,unattributed,unresolved,,16 of March.,[]
suetonius.tib.holland1898-section.xml,holland-tib-note-320,73.2,unattributed,unresolved,,"Caligula, Emperour after him.","[{""source"": ""holland1-uc1"", ""page"": ""228"", ""context"": ""some thinke that caius & had given\nhim a"", ""marker_support"": false}, {""source"": ""holland1-hvd"", ""page"": ""228"", ""context"": ""some thinke that caius & had given\nhim a"", ""marker_support"": false}]"
suetonius.tib.holland1898-section.xml,holland-tib-note-321,73.2,unattributed,unresolved,,"Some leave out this clause, and read thus, as he desired meat, etc., a pillow was, etc.",[]
suetonius.tib.holland1898-section.xml,holland-tib-note-322,73.2,unattributed,unresolved,,Or cushin.,[]
suetonius.tib.holland1898-section.xml,holland-tib-note-323,73.2,unattributed,unresolved,,Intellecta defectione. Some expound this of the slinking away of his familiars and those that were about him.,[]
suetonius.tib.holland1898-section.xml,holland-tib-note-324,73.2,unattributed,unresolved,,Upon which he ware the ring.,[]
suetonius.tib.holland1898-section.xml,holland-tib-note-325,74.1,unattributed,unresolved,,Unto sea men and passengers by night.,"[{""source"": ""holland1-uc1"", ""page"": ""229"", ""context"": ""tower that gave light at capreæ by an"", ""marker_support"": false}, {""source"": ""holland1-hvd"", ""page"": ""229"", ""context"": ""tower that gave light at capreæ by an"", ""marker_support"": false}]"
suetonius.tib.holland1898-section.xml,holland-tib-note-327,75.3,unattributed,unresolved,annotation,"A towne in Campania where he tooke so great delight, and a place infamous for the licentious life of the inhabitants, whereupon grew the name of those lascivious and filthie Comedies, Atellana. A place I say suiting well to his beastly behaviour. As if he had beene unworthie to be conveyed to Rome, the Citie which so long before he had abandoned.",[]
suetonius.tib.holland1898-section.xml,holland-tib-note-328,75.3,unattributed,unresolved,annotation,"As poore begger bodies were wont to be served in hast, by the common bearers, and not fully burnt with leasure.",[]
suetonius.tib.holland1898-section.xml,holland-tib-note-329,75.3,unattributed,unresolved,annotation,Where malefactors ordinarily were burnt.,[]
suetonius.tib.holland1898-section.xml,holland-tib-note-331,,unattributed,see curated changes; otherwise unresolved,unattached,"Or shape, as the kind is of such beasts to do.",[]
suetonius.tib.holland1898-section.xml,holland-tib-note-332,,unattributed,see curated changes; otherwise unresolved,unattached,In monie.,[]
suetonius.tib.holland1898-section.xml,holland-tib-note-333,,unattributed,see curated changes; otherwise unresolved,unattached,"Some reade Gracorum, i. Greekes by way of contempt.",[]
suetonius.tib.loeb_eng1.xml,rolfe-tib-note-001,1.1,editor,unresolved,,504 B.C. in the traditional chronology.,"[{""source"": ""loeb1-uc1"", ""page"": ""291"", ""context"": ""expulsion of the kings. it was\nadmitted among"", ""marker_support"": false}]"
suetonius.tib.loeb_eng1.xml,rolfe-tib-note-002,1.2,editor,unresolved,,See note on Aug. xxii.,[]
suetonius.tib.loeb_eng1.xml,rolfe-tib-note-003,2.1,grc,unresolved,edition-variant,1951: Appius the Blind,[]
suetonius.tib.loeb_eng1.xml,rolfe-tib-note-004,2.1,editor,unresolved,,280 B.C.,[]
suetonius.tib.loeb_eng1.xml,rolfe-tib-note-005,2.1,editor,unresolved,,264 B.C.,[]
suetonius.tib.loeb_eng1.xml,rolfe-tib-note-006,2.1,editor,unresolved,,207 B.C.,[]
suetonius.tib.loeb_eng1.xml,rolfe-tib-note-007,2.2,editor,unresolved,,449 B.C. in the traditional chronology.,"[{""source"": ""loeb1-uc1"", ""page"": ""293"", ""context"": ""plebeians from the\npatricians. claudius russus, having set"", ""marker_support"": false}]"
suetonius.tib.loeb_eng1.xml,rolfe-tib-note-008,2.2,editor,unresolved,,249 B.C.,[]
suetonius.tib.loeb_eng1.xml,rolfe-tib-note-009,2.3,editor,unresolved,,"Cybele, a Phrygian goddess worshipped near Mount Ida. In the year 204 B.C. her cult was introduced into Rome, where she was worshipped as the Magna Mater.","[{""source"": ""loeb1-uc1"", ""page"": ""293"", ""context"": ""mother of the gods from the\nshoal in"", ""marker_support"": false}]"
suetonius.tib.loeb_eng1.xml,rolfe-tib-note-010,2.3,editor,unresolved,,204 B.C.,[]
suetonius.tib.loeb_eng1.xml,rolfe-tib-note-011,2.3,grc,unresolved,edition-variant,1951: tried by the people for,[]
suetonius.tib.loeb_eng1.xml,rolfe-tib-note-012,2.3,editor,unresolved,,246 B.C.,"[{""source"": ""loeb1-uc1"", ""page"": ""295"", ""context"": ""by the people for treason, 246 a\nan unprecedented thing in"", ""marker_support"": false}]"
suetonius.tib.loeb_eng1.xml,rolfe-tib-note-013,2.4,editor,unresolved,,60 B.C.,[]
suetonius.tib.loeb_eng1.xml,rolfe-tib-note-014,2.4,editor,unresolved,,Cf. Jul. xx. 4.,[]
suetonius.tib.loeb_eng1.xml,rolfe-tib-note-015,2.4,editor,unresolved,,143 B.C.,[]
suetonius.tib.loeb_eng1.xml,rolfe-tib-note-016,3.2,editor,unresolved,,"That is, affixed the mark of ignominy (nota) to their names on the census roll.",[]
suetonius.tib.loeb_eng1.xml,rolfe-tib-note-017,3.2,editor,unresolved,,204 B.C.,[]
suetonius.tib.loeb_eng1.xml,rolfe-tib-note-018,3.2,editor,unresolved,,390 B.C.,[]
suetonius.tib.loeb_eng1.xml,rolfe-tib-note-019,3.2,editor,unresolved,,122 B.C.,[]
suetonius.tib.loeb_eng1.xml,rolfe-tib-note-020,3.2,editor,unresolved,,91 B.C.,[]
suetonius.tib.loeb_eng1.xml,rolfe-tib-note-021,4.1,editor,unresolved,,48-47 B.C.,"[{""source"": ""loeb1-uc1"", ""page"": ""297"", ""context"": ""materially to the\nvictory. for this he was"", ""marker_support"": false}]"
suetonius.tib.loeb_eng1.xml,rolfe-tib-note-022,4.2,editor,unresolved,,41 B.C.,[]
suetonius.tib.loeb_eng1.xml,rolfe-tib-note-023,4.2,editor,unresolved,,"Ad pilleum: the pilleus, a close-fitting felt cap, was given to slaves on manumission, as a token of freedom.",[]
suetonius.tib.loeb_eng1.xml,rolfe-tib-note-024,4.3,editor,unresolved,,See Aug. lxii. 2.,"[{""source"": ""loeb1-uc1"", ""page"": ""299"", ""context"": ""borne him\na son. not long afterward he"", ""marker_support"": false}]"
suetonius.tib.loeb_eng1.xml,rolfe-tib-note-025,5.1,editor,unresolved,,"Nov. 16, 42 B.C.","[{""source"": ""loeb1-uc1"", ""page"": ""299"", ""context"": ""the\nkalends of december, in the consulship of"", ""marker_support"": false}]"
suetonius.tib.loeb_eng1.xml,rolfe-tib-note-026,6.4,editor,unresolved,,See Aug. xxii.,"[{""source"": ""loeb1-uc1"", ""page"": ""301"", ""context"": ""at the\ncity festival, and took part in"", ""marker_support"": false}]"
suetonius.tib.loeb_eng1.xml,rolfe-tib-note-027,6.4,editor,unresolved,,Cf. Jul. xxxix. 2.,[]
suetonius.tib.loeb_eng1.xml,rolfe-tib-note-028,7.1,editor,unresolved,,The one built by Statilius Taurus; see Aug. xxix. 5.,[]
suetonius.tib.loeb_eng1.xml,rolfe-tib-note-029,7.1,editor,unresolved,,"Rudiarius: presented with the rudis, or wooden sword, a symbol of honourable discharge; cf. Hor. Epist. 1. 1. 2.",[]
suetonius.tib.loeb_eng1.xml,rolfe-tib-note-030,7.2,editor,unresolved,,"A child at birth was laid at his father's feet. He then acknowledged him by taking him in his arms (tollere), or the child was disowned and cast out (expositus).","[{""source"": ""loeb1-uc1"", ""page"": ""303"", ""context"": ""son from her, drusus,\nalthough she was thoroughly"", ""marker_support"": false}]"
suetonius.tib.loeb_eng1.xml,rolfe-tib-note-031,7.2,editor,unresolved,,11 B.C.,[]
suetonius.tib.loeb_eng1.xml,rolfe-tib-note-032,7.2,editor,unresolved,,Cf. Aug. lxiii. 2.,[]
suetonius.tib.loeb_eng1.xml,rolfe-tib-note-033,7.3,editor,unresolved,,9 B.C.,[]
suetonius.tib.loeb_eng1.xml,rolfe-tib-note-034,8.1,editor,unresolved,,23 B.C.,[]
suetonius.tib.loeb_eng1.xml,rolfe-tib-note-035,8.1,editor,unresolved,,See note on Aug. xxxii. 1.,[]
suetonius.tib.loeb_eng1.xml,rolfe-tib-note-036,9.1,editor,unresolved,,25 B.C.,"[{""source"": ""loeb1-uc1"", ""page"": ""305"", ""context"": ""campaign against the cantabrians;\nthen he led an"", ""marker_support"": false}]"
suetonius.tib.loeb_eng1.xml,rolfe-tib-note-037,9.1,editor,unresolved,,Cf. Aug. xxi. 3.,[]
suetonius.tib.loeb_eng1.xml,rolfe-tib-note-038,9.1,editor,unresolved,,"Transalpine Gaul was called Comata, ""long-haired."" The southern part was called Braccata, ""breeches-wearing,"" and Cisalpine Gaul, Togata.",[]
suetonius.tib.loeb_eng1.xml,rolfe-tib-note-039,9.2,editor,unresolved,,"i.e. celebrating a iustum triumphum; see note on Aug. xxii., and cf. Vell. 2. 121. For a different version see Dio, 54. 31.",[]
suetonius.tib.loeb_eng1.xml,rolfe-tib-note-040,9.3,editor,unresolved,,"Since he was quaestor in 23 B.C. and consul for the first time in 13 B.C., paene iunctim is used loosely, to indicate a general disregard of the ages required for the various offices and the prescribed intervals.","[{""source"": ""loeb1-uc1"", ""page"": ""307"", ""context"": ""almost without an interval\""; then after a time"", ""marker_support"": false}]"
suetonius.tib.loeb_eng1.xml,rolfe-tib-note-041,9.3,editor,unresolved,,6 B.C.,[]
suetonius.tib.loeb_eng1.xml,rolfe-tib-note-042,10.2,editor,unresolved,,Cf. Aug. lxvi. 3.,[]
suetonius.tib.loeb_eng1.xml,rolfe-tib-note-043,12.1,editor,unresolved,,The title of legatus gave him an official position and concealed the fact that his absence was a forced one.,[]
suetonius.tib.loeb_eng1.xml,rolfe-tib-note-044,13.1,editor,unresolved,,The Greek dress; see note on Aug. xcviii. 3.,"[{""source"": ""loeb1-uc1"", ""page"": ""313"", ""context"": ""the cloak and slippers; and in this\nstate"", ""marker_support"": false}]"
suetonius.tib.loeb_eng1.xml,rolfe-tib-note-045,13.1,editor,unresolved,,"In Gallia Comata, where Tiberius had been governor; see chap. ix. 1.",[]
suetonius.tib.loeb_eng1.xml,rolfe-tib-note-046,14.1,editor,unresolved,,2 A.D.,[]
suetonius.tib.loeb_eng1.xml,rolfe-tib-note-047,14.3,editor,unresolved,,42 B.C.,"[{""source"": ""loeb1-uc1"", ""page"": ""315"", ""context"": ""accord with sudden\nfires. when later, on his"", ""marker_support"": false}]"
suetonius.tib.loeb_eng1.xml,rolfe-tib-note-048,14.4,grc,unresolved,edition-variant,1951: learned man,[]
suetonius.tib.loeb_eng1.xml,rolfe-tib-note-049,15.1,editor,unresolved,,"The Keels, so-called from its shape, on the western slope of the Esquiline Hill, where the church of S. Pietro in Vincoli now stands.","[{""source"": ""loeb1-uc1"", ""page"": ""317"", ""context"": ""moved from\nthe carinae and the house of"", ""marker_support"": false}]"
suetonius.tib.loeb_eng1.xml,rolfe-tib-note-050,15.2,editor,unresolved,,Cf. Aug. xxvi. 2.,"[{""source"": ""loeb1-uc1"", ""page"": ""317"", ""context"": ""died within three years,\nhe was adopted by"", ""marker_support"": false}]"
suetonius.tib.loeb_eng1.xml,rolfe-tib-note-051,15.2,editor,unresolved,,"Peculium was the term applied to the savings of a slave or of a son under his father's control, which they were allowed to hold as their own property, though technically belonging to the master or father.",[]
suetonius.tib.loeb_eng1.xml,rolfe-tib-note-052,20.1,editor,unresolved,,12 A.D.,[]
suetonius.tib.loeb_eng1.xml,rolfe-tib-note-053,20.1,editor,unresolved,,"At the Porta Triumphalis, at the head of the senate, who met the triumphing general there, and joined in the procession.",[]
suetonius.tib.loeb_eng1.xml,rolfe-tib-note-054,20.1,editor,unresolved,,"Ordinarily the leaders of the enemy were strangled in the carcer, or dungeon, at the foot of the Capitoline Hill.",[]
suetonius.tib.loeb_eng1.xml,rolfe-tib-note-055,20.1,editor,unresolved,,See Aug. xcvii. 1.,[]
suetonius.tib.loeb_eng1.xml,rolfe-tib-note-056,21.4,editor,unresolved,,"If the text is correct, the reference is to Tiberius' literary tastes; cf. Horace, Odes, 3. 4. 37 ff.; Epist. 1. 3.",[]
suetonius.tib.loeb_eng1.xml,rolfe-tib-note-057,21.5,editor,unresolved,,Cf. Enn. Ann. 370 V2; where cunctando takes the place of vigilando.,[]
suetonius.tib.loeb_eng1.xml,rolfe-tib-note-058,21.6,editor,unresolved,,"Literally, ""by the god of Truth""; Fidius was one of the surnames of Jupiter.","[{""source"": ""loeb1-uc1"", ""page"": ""327"", ""context"": ""so help me heaven, for my dear tiberius"", ""marker_support"": false}]"
suetonius.tib.loeb_eng1.xml,rolfe-tib-note-059,21.6,editor,unresolved,,"Iliad, 10. 246 f.",[]
suetonius.tib.loeb_eng1.xml,rolfe-tib-note-060,22.1,grc,unresolved,edition-variant,1951: wrote it herself,[]
suetonius.tib.loeb_eng1.xml,rolfe-tib-note-061,25.1,editor,unresolved,,"A Greek proverb; cf. Ter. Phorm, 506 and Donatus, ad loc.","[{""source"": ""loeb1-uc1"", ""page"": ""331"", ""context"": ""wolf by\nthe ears.a\"" for a slave of"", ""marker_support"": false}]"
suetonius.tib.loeb_eng1.xml,rolfe-tib-note-062,25.3,editor,unresolved,,"The secespita, or sacrificial knife, had a long, sharp point and a double edge, with an ivory handle ornamented with gold and silver.",[]
suetonius.tib.loeb_eng1.xml,rolfe-tib-note-063,26.1,editor,unresolved,,"Civilis means ""suited to a citizen"" (of the days of the Republic). His conduct was that of a magistrate of the olden time, who had regard to the laws and the rights of his fellow-citizens.","[{""source"": ""loeb1-uc1"", ""page"": ""333"", ""context"": ""a\nmost unassuming part, almost humbler than that"", ""marker_support"": false}]"
suetonius.tib.loeb_eng1.xml,rolfe-tib-note-064,26.2,editor,unresolved,,"The reference is to an oath taken by all the citizens to support what the emperor had done in the past and might do in the future; see Dio, 57. 8.","[{""source"": ""loeb1-uc1"", ""page"": ""333"", ""context"": ""taken ratifying his acts, nor the\nname tiberius"", ""marker_support"": false}]"
suetonius.tib.loeb_eng1.xml,rolfe-tib-note-065,26.2,editor,unresolved,,Cf. Jul. lxxvi. 1.,[]
suetonius.tib.loeb_eng1.xml,rolfe-tib-note-066,26.2,editor,unresolved,,"See note on Jul. ii. This had been conferred on Augustus honoris causa, as the saviour of all the citizens.",[]
suetonius.tib.loeb_eng1.xml,rolfe-tib-note-067,26.2,editor,unresolved,,See Aug. ci. 2.,[]
suetonius.tib.loeb_eng1.xml,rolfe-tib-note-068,26.2,editor,unresolved,,"18, 21, and 31 A.D.",[]
suetonius.tib.loeb_eng1.xml,rolfe-tib-note-069,27.1,editor,unresolved,,See Aug. liii. 1.,[]
suetonius.tib.loeb_eng1.xml,rolfe-tib-note-070,29.1,editor,unresolved,,The flattery of the term dominos is the more marked because Tiberius himself shrank from it; cf. xxvii.,"[{""source"": ""loeb1-uc1"", ""page"": ""337"", ""context"": ""just, and indulgent masters, and still so regard"", ""marker_support"": false}]"
suetonius.tib.loeb_eng1.xml,rolfe-tib-note-071,30.1,editor,unresolved,,"That is, the granting to an individual or a company of the exclusive right to sell certain commodities. Forbidden in Cod. Just. 4. 59. 1.","[{""source"": ""loeb1-uc1"", ""page"": ""337"", ""context"": ""about revenues and monopolies,\nconstructing and restoring public"", ""marker_support"": false}]"
suetonius.tib.loeb_eng1.xml,rolfe-tib-note-072,31.1,editor,unresolved,,"That is, to make use of the public post; see Aug. xlix. 3, and Cic. de Leg. 3. 18.","[{""source"": ""loeb1-uc1"", ""page"": ""339"", ""context"": ""privileges of an ambassador. on another occasion\nwhen"", ""marker_support"": false}]"
suetonius.tib.loeb_eng1.xml,rolfe-tib-note-073,32.1,editor,unresolved,,See Aug. xxv. 3.,"[{""source"": ""loeb1-uc1"", ""page"": ""339"", ""context"": ""of\nsome military prizes, as if they had"", ""marker_support"": false}]"
suetonius.tib.loeb_eng1.xml,rolfe-tib-note-074,32.2,editor,unresolved,,"Consisting of prayers for the emperor's welfare; see Dio, 57. 11, and cf. Plin. Epist. 10. 1, Fortem te et hilarem, Imperator optime, et privatim et publice opto.","[{""source"": ""loeb1-uc1"", ""page"": ""341"", ""context"": ""without the concluding formula, he uttered not a"", ""marker_support"": false}]"
suetonius.tib.loeb_eng1.xml,rolfe-tib-note-075,32.2,editor,unresolved,,"The designation of the seventh day of the week (Saturday) by the Jewish term ""Sabbath"" seems to have been common; cf. Aug. lxxvi. 2.",[]
suetonius.tib.loeb_eng1.xml,rolfe-tib-note-076,33.1,editor,unresolved,,"That is, at one end of the curved platform, to leave room for the praetor in the middle; cf. Tac. Ann. 1. 75, iudiciis adsidebat in cornu tribunalis, ne praetorem curuli depelleret.","[{""source"": ""loeb1-uc1"", ""page"": ""341"", ""context"": ""end of the platform;\nand if it was"", ""marker_support"": false}]"
suetonius.tib.loeb_eng1.xml,rolfe-tib-note-077,34.1,editor,unresolved,,Cf. Aug. lxx. 2.,"[{""source"": ""loeb1-uc1"", ""page"": ""343"", ""context"": ""prices of corinthian\nbronzes had risen to an"", ""marker_support"": false}]"
suetonius.tib.loeb_eng1.xml,rolfe-tib-note-078,34.1,editor,unresolved,,See note on Jul. xvii. 1.,[]
suetonius.tib.loeb_eng1.xml,rolfe-tib-note-079,34.2,editor,unresolved,,"Both an hygienic and a moral measure, see Plin. N. H. 26. 1 ff., and Mart. xi. 99.","[{""source"": ""loeb1-uc1"", ""page"": ""343"", ""context"": ""edict forbidding general kissing, as\nwell as the"", ""marker_support"": false}]"
suetonius.tib.loeb_eng1.xml,rolfe-tib-note-080,34.2,editor,unresolved,,"Strena, Fr. étrenne, literally ""an omen,"" meant strictly gifts given for good luck.",[]
suetonius.tib.loeb_eng1.xml,rolfe-tib-note-081,34.2,editor,unresolved,,"That is, of four times the value of the one which he received.",[]
suetonius.tib.loeb_eng1.xml,rolfe-tib-note-082,35.2,editor,unresolved,,"The punishments for adultery had been made very severe by Augustus (cf. Aug. xxxiv.). To escape these some matrons registered with the aediles as prostitutes, thereby sacrificing their rights as matrons, as well as their responsibilities; cf. Tac. Ann. 2. 85.","[{""source"": ""loeb1-uc1"", ""page"": ""345"", ""context"": ""open profession of prostitution,\nto avoid the punishment"", ""marker_support"": false}]"
suetonius.tib.loeb_eng1.xml,rolfe-tib-note-083,35.2,editor,unresolved,,"The first of July was the date for renting and hiring houses and rooms; hence it was ""moving-day."" See Mart. 12. 32.",[]
suetonius.tib.loeb_eng1.xml,rolfe-tib-note-084,35.2,editor,unresolved,,To determine his province or the sphere of his duty. The reason for his divorcing his wife is problematical. Evidently his marriage brought him some advantage which no longer existed after his province was determined.,[]
suetonius.tib.loeb_eng1.xml,rolfe-tib-note-085,36.1,grc,unresolved,edition-variant,1951: less healthy,[]
suetonius.tib.loeb_eng1.xml,rolfe-tib-note-086,37.2,editor,unresolved,,"That is, the supporters and partisans of the rival actors; see Tac. Ann. 1. 77.","[{""source"": ""loeb1-uc1"", ""page"": ""347"", ""context"": ""leaders of the\nfactions, as well as the"", ""marker_support"": false}]"
suetonius.tib.loeb_eng1.xml,rolfe-tib-note-087,37.3,editor,unresolved,,The members of the local senate.,[]
suetonius.tib.loeb_eng1.xml,rolfe-tib-note-088,37.3,editor,unresolved,,Taking refuge in temples and holy places to avoid punishment for crimes; for its abuse see Tac. Ann. 3. 60.,[]
suetonius.tib.loeb_eng1.xml,rolfe-tib-note-089,38.1,grc,unresolved,edition-variant,1951: revisit,[]
suetonius.tib.loeb_eng1.xml,rolfe-tib-note-090,38.1,editor,unresolved,,"The same proverb is mentioned by Cic. ad Att. 13. 12. The reference is to an Athenian actor of mimes, who imitated the movements of running but remained in the same spot; cf. Xen. Symp. 3. 11; Plut. Agis, 21.",[]
suetonius.tib.loeb_eng1.xml,rolfe-tib-note-091,40.1,editor,unresolved,,"That is, to make some amends for his conduct.","[{""source"": ""loeb1-uc1"", ""page"": ""351"", ""context"": ""all, the more willingly because\nhe had given"", ""marker_support"": false}]"
suetonius.tib.loeb_eng1.xml,rolfe-tib-note-092,41.1,editor,unresolved,,The divisions selected for jury duty.,"[{""source"": ""loeb1-uc1"", ""page"": ""351"", ""context"": ""decuries of the\nknights, nor changing the tribunes"", ""marker_support"": false}]"
suetonius.tib.loeb_eng1.xml,rolfe-tib-note-093,42.1,editor,unresolved,,See Index s. v. Biberius.,[]
suetonius.tib.loeb_eng1.xml,rolfe-tib-note-094,42.2,editor,unresolved,,"Probably the emperor took a sip from the huge vessel and passed it to the man, who drained it to the dregs; cf. Verg. Aen. 1. 738. Since the amphora as a measure contained about seven gallons, the word is here probably used of a large tankard of that shape.","[{""source"": ""loeb1-uc1"", ""page"": ""353"", ""context"": ""an amphora of wine at a\nbanquet. he"", ""marker_support"": false}]"
suetonius.tib.loeb_eng1.xml,rolfe-tib-note-095,42.2,grc,unresolved,edition-variant,1951: Finally he,[]
suetonius.tib.loeb_eng1.xml,rolfe-tib-note-096,43.1,grc,see curated changes; otherwise unresolved,,The 1914 English column leaves chapters 43–44 in Latin. The inherited Gemini English supplements are retained and labelled in those chapters. Chapters 45–47 already have Rolfe English in 1914. The former claim that all five chapters were untranslated was incorrect.,[]
suetonius.tib.loeb_eng1.xml,rolfe-tib-note-097,46.1,unattributed,see curated changes; otherwise unresolved,,See chap. lvi.,[]
suetonius.tib.loeb_eng1.xml,rolfe-tib-note-098,47.1,editor,unresolved,,Cf. Aug. xli. 1; Tac. Ann. 2. 37.,[]
suetonius.tib.loeb_eng1.xml,rolfe-tib-note-099,48.1,editor,unresolved,,"This occurred twice, in 27 and 36; see Tac. Ann. 4. 64 and 6. 45. The second fire was on and near the Aventine.","[{""source"": ""loeb1-uc1"", ""page"": ""359"", ""context"": ""which had burned down. the\nformer was forced"", ""marker_support"": false}]"
suetonius.tib.loeb_eng1.xml,rolfe-tib-note-100,48.1,editor,unresolved,,The decree is quoted by Tac. Ann. 6. 17. The purpose was to put the money into circulation and at the same time to allow the debtors to pay in land.,[]
suetonius.tib.loeb_eng1.xml,rolfe-tib-note-101,48.1,editor,unresolved,,"According to Tacitus (Ann. 4. 64) this was done by the senate, because the statue of Tiberius remained uninjured in the midst of the burned district.",[]
suetonius.tib.loeb_eng1.xml,rolfe-tib-note-102,48.2,editor,unresolved,,"The standards had a sacred character; see, for example, Tac. Ann. 1. 39.7; and the head of the reigning emperor was often placed under the eagle or other emblem.","[{""source"": ""loeb1-uc1"", ""page"": ""359"", ""context"": ""sejanus among\ntheir standards. he also very rarely"", ""marker_support"": false}]"
suetonius.tib.loeb_eng1.xml,rolfe-tib-note-103,48.2,editor,unresolved,,Since he would save the rewards to be paid on the completion of their term of service.,[]
suetonius.tib.loeb_eng1.xml,rolfe-tib-note-104,49.2,editor,unresolved,,"Under pretence that they were hoarding money for revolutionary purposes. Caesar had limited the amount to be held by any one person in Italy to 60,000 sesterces; cf. Tac. Ann. 6. 16; Dio, 41. 38. But cf. chap. xi. 4, above.","[{""source"": ""loeb1-uc1"", ""page"": ""361"", ""context"": ""property in ready money; that many states and"", ""marker_support"": false}]"
suetonius.tib.loeb_eng1.xml,rolfe-tib-note-105,50.1,editor,unresolved,,See note on chap. xv. 2.,[]
suetonius.tib.loeb_eng1.xml,rolfe-tib-note-106,51.1,editor,unresolved,,Sacrarium is really a shrine (perhaps to Augustus) in which the letters had been deposited.,"[{""source"": ""loeb1-uc1"", ""page"": ""363"", ""context"": ""from a secret place and\nread some old"", ""marker_support"": false}]"
suetonius.tib.loeb_eng1.xml,rolfe-tib-note-107,54.2,editor,unresolved,,A sign that he was condemned to death; the noose was for strangling him and the hooks for dragging his body to the Tiber.,[]
suetonius.tib.loeb_eng1.xml,rolfe-tib-note-108,57.2,editor,unresolved,,With a play on the double meaning of debitum.,"[{""source"": ""loeb1-uc1"", ""page"": ""373"", ""context"": ""be given his duea and put\nto death"", ""marker_support"": false}]"
suetonius.tib.loeb_eng1.xml,rolfe-tib-note-109,59.1,editor,unresolved,,"A knight must possess four hundred thousand sesterces; Tiberius, as the adopted son of Augustus, had no property. See chap. xv. 2.",[]
suetonius.tib.loeb_eng1.xml,rolfe-tib-note-110,59.1,editor,unresolved,,"That is, not even a Roman citizen, since an exile lost his citizenship; still less a knight.",[]
suetonius.tib.loeb_eng1.xml,rolfe-tib-note-111,59.2,editor,unresolved,,Sulla adopted the surname Felix.,[]
suetonius.tib.loeb_eng1.xml,rolfe-tib-note-112,59.2,unattributed,see curated changes; otherwise unresolved,,Cf. Calig. xxx. 1.,[]
suetonius.tib.loeb_eng1.xml,rolfe-tib-note-113,60.1,unattributed,see curated changes; otherwise unresolved,,"If the text is correct, primae cohortes would seem to refer to the praetorians.",[]
suetonius.tib.loeb_eng1.xml,rolfe-tib-note-114,63.1,editor,unresolved,,Of Fortuna Primigenia.,[]
suetonius.tib.loeb_eng1.xml,rolfe-tib-note-115,65.1,editor,unresolved,,31 A.D.,"[{""source"": ""loeb1-uc1"", ""page"": ""385"", ""context"": ""absent from the city. then beguiling\nhim with"", ""marker_support"": false}]"
suetonius.tib.loeb_eng1.xml,rolfe-tib-note-116,65.1,editor,unresolved,,"Since Tiberius and Sejanus were consuls for the year, the reference is to consules suffecti, appointed to succeed to the honour for a part of the year, probably from July 1st.",[]
suetonius.tib.loeb_eng1.xml,rolfe-tib-note-117,65.2,editor,unresolved,,A somewhat similar method of telegraphy is mentioned at the beginning of the Agamemnon of Aeschylus as the means of sending the news of the fall of Troy to Mycenae.,"[{""source"": ""loeb1-uc1"", ""page"": ""387"", ""context"": ""messengers should be delayed.\nbut even when the"", ""marker_support"": false}]"
suetonius.tib.loeb_eng1.xml,rolfe-tib-note-118,66.1,editor,unresolved,,Where the senators sat at the theatre; cf. Aug. lv.,"[{""source"": ""loeb1-uc1"", ""page"": ""387"", ""context"": ""placed in the orchestra.c\nby these, however, he"", ""marker_support"": false}]"
suetonius.tib.loeb_eng1.xml,rolfe-tib-note-119,66.1,editor,unresolved,,For this meaning of parricidium see note on Jul. xlii. 3.,[]
suetonius.tib.loeb_eng1.xml,rolfe-tib-note-120,67.1,editor,unresolved,,32 A.D.,[]
suetonius.tib.loeb_eng1.xml,rolfe-tib-note-121,67.1,editor,unresolved,,Quoted also by Tac. Ann. 6. 6.,[]
suetonius.tib.loeb_eng1.xml,rolfe-tib-note-122,67.2,editor,unresolved,,"That is, the change in his character and its consequences.","[{""source"": ""loeb1-uc1"", ""page"": ""389"", ""context"": ""one day awaited\nhim; and that therefore when"", ""marker_support"": false}]"
suetonius.tib.loeb_eng1.xml,rolfe-tib-note-123,69.1,editor,unresolved,,One of the strongest arguments against the truth of the tales of his debauchery.,[]
suetonius.tib.loeb_eng1.xml,rolfe-tib-note-124,69.1,editor,unresolved,,See note on Aug. xc.,[]
suetonius.tib.loeb_eng1.xml,rolfe-tib-note-125,70.3,editor,unresolved,,"The grammaticus was a critic and teacher of literature, but ""grammarian"" has become conventional in this sense, as well as in its more restricted meaning.","[{""source"": ""loeb1-uc1"", ""page"": ""393"", ""context"": ""he was especially interested,\nby questions something like"", ""marker_support"": false}]"
suetonius.tib.loeb_eng1.xml,rolfe-tib-note-126,71.1,editor,unresolved,,"Monopoly, a Greek word transliterated into Latin; see note on chap. xxx.",[]
suetonius.tib.loeb_eng1.xml,rolfe-tib-note-127,71.1,editor,unresolved,,"The Greek word for inlaid figures of metal riveted or soldered to cups. There is no exact equivalent in Latin, but Cicero twice uses the transliterated form emblema (In Verr. 4. 49).",[]
suetonius.tib.loeb_eng1.xml,rolfe-tib-note-128,72.1,editor,unresolved,,See Jul. xxxix. 4.,"[{""source"": ""loeb1-uc1"", ""page"": ""395"", ""context"": ""near the\nartificial lake, after first posting a"", ""marker_support"": false}]"
suetonius.tib.loeb_eng1.xml,rolfe-tib-note-129,73.1,editor,unresolved,,"Mar. 16, 37 A.D.",[]
suetonius.tib.loeb_eng1.xml,rolfe-tib-note-130,74.1,editor,unresolved,,"This statue, which took its name from Temenos, a suburb of Syracuse, was a celebrated one; cf. Cic. In Verr. 2. 4. 119. Of Augustus, on the western slope of the Palatine Hill.","[{""source"": ""loeb1-uc1"", ""page"": ""399"", ""context"": ""of the new temple, appeared to\nhim in"", ""marker_support"": false}]"
suetonius.tib.loeb_eng1.xml,rolfe-tib-note-131,74.1,editor,unresolved,,"Pharos, the lighthouse at Alexandria, became a general term. Cf. euripus, Jul. xxxix. 2.",[]
suetonius.tib.loeb_eng1.xml,rolfe-tib-note-132,75.2,editor,unresolved,,21 A.D.,"[{""source"": ""loeb1-uc1"", ""page"": ""399"", ""context"": ""off for ten days, and it chanced that"", ""marker_support"": false}]"
suetonius.tib.loeb_eng1.xml,rolfe-tib-note-133,75.3,editor,unresolved,,"The exact point is not clear. Perhaps an amphitheatre was chosen for the sake of ignominy, as well as to furnish accommodation for spectators, and that of Atella seems to have been the one nearest to Misenum. Or it may have been because of Tiberius's failure to entertain the people with shows (see chap. xlvii.) that it was proposed to make a farce of his funeral in Atella, the home of the popular Atellan farces.","[{""source"": ""loeb1-uc1"", ""page"": ""401"", ""context"": ""burned in the amphitheatre; but it was taken"", ""marker_support"": false}]"
suetonius.tit.holland1898-section.xml,holland-tit-note-002,1.1,unattributed,unresolved,alphabetical,"A PLACE in Rome so called of a building there, which stood upon seven courses of Columnes or Pillars, arising all round and higher every one than other, in manner of so many circles or girdles.",[]
suetonius.tit.holland1898-section.xml,holland-tit-note-003,2.1,unattributed,unresolved,numerical,Metoposcopum.,[]
suetonius.tit.holland1898-section.xml,holland-tit-note-004,2.1,unattributed,unresolved,alphabetical,"He meaneth not a Physiognomer, who hath taken upon him by inspection of eyes, forehead, face, etc., to tell ones nature and disposition: such a one as Zopyrus was, who noted Socrates for to be by naturall inclination a wanton lover of women: but a fortune teller, by looking on the forehead onely. Such as in these daies, by the art of Palmestrie, for-sooth, can assure folke, how long they shall live, and what not. If they do but see lines in the palmes of their hands, or by feaxe in the forehead, will say, how many wives a man shall have, etc. As vaine as those, who by counting the letters of the husband and the wives name, will confidently pronounce, whether of them shall burie the other.",[]
suetonius.tit.holland1898-section.xml,holland-tit-note-005,2.1,unattributed,unresolved,numerical,Britannicus.,[]
suetonius.tit.holland1898-section.xml,holland-tit-note-006,2.1,unattributed,unresolved,numerical,Britannicus.,[]
suetonius.tit.holland1898-section.xml,holland-tit-note-008,4.1,unattributed,unresolved,numerical,Temperate behaviour.,[]
suetonius.tit.holland1898-section.xml,holland-tit-note-009,4.1,unattributed,unresolved,alphabetical,"By titles in this place, and many others of Suetonius, are to be understood inscriptions, testifying for what considerations such Statues were erected. Such also were usually set up at publicke executions, to shew the offences and causes why any suffered. A thing usuall among the Romanes in their government, in what Province so ever, as may appeare by that which stood upon the Crosse of our Saviour Christ.",[]
suetonius.tit.holland1898-section.xml,holland-tit-note-011,4.2,unattributed,unresolved,numerical,In entertaining al matters whatsoever.,[]
suetonius.tit.holland1898-section.xml,holland-tit-note-012,4.3,unattributed,unresolved,numerical,Neere to the Lake Genezareth.,"[{""source"": ""holland2-uc1"", ""page"": ""227"", ""context"": ""under his subjection taricheas and gamala two most"", ""marker_support"": false}, {""source"": ""holland2-hvd"", ""page"": ""227"", ""context"": ""under his subjection taricheas and gamala two most"", ""marker_support"": false}]"
suetonius.tit.holland1898-section.xml,holland-tit-note-013,5.1,unattributed,unresolved,numerical,In Paphos a citie within the Isle Cyprus.,"[{""source"": ""holland2-uc1"", ""page"": ""227"", ""context"": ""oracle of venus\npaphia: where, whilst he asked"", ""marker_support"": false}, {""source"": ""holland2-hvd"", ""page"": ""227"", ""context"": ""oracle of venus\npaphia: where, whilst he asked"", ""marker_support"": false}]"
suetonius.tit.holland1898-section.xml,holland-tit-note-014,5.2,unattributed,unresolved,numerical,Propugnatores.,"[{""source"": ""holland2-uc1"", ""page"": ""227"", ""context"": ""that defended\nthe wall, with just so many"", ""marker_support"": false}, {""source"": ""holland2-hvd"", ""page"": ""227"", ""context"": ""that defended\nthe wall, with just so many"", ""marker_support"": false}]"
suetonius.tit.holland1898-section.xml,holland-tit-note-015,5.2,unattributed,unresolved,numerical,"8th of September, Joseph. lib. 7: De Bello Judaico.",[]
suetonius.tit.holland1898-section.xml,holland-tit-note-016,5.3,unattributed,unresolved,alphabetical,That is to say a white band or ribband: such as the Royall Diademe at first was.,[]
suetonius.tit.holland1898-section.xml,holland-tit-note-019,7.1,unattributed,unresolved,numerical,Agnitionibus.,[]
suetonius.tit.holland1898-section.xml,holland-tit-note-021,7.3,unattributed,unresolved,numerical,Celeriter.,[]
suetonius.tit.holland1898-section.xml,holland-tit-note-022,7.3,unattributed,unresolved,alphabetical,"Of these Baines, with what speede and celerity they were finished, Martialis writeth thus: Hic ubi miramur velocia munera, Thermas.",[]
suetonius.tit.holland1898-section.xml,holland-tit-note-023,8.2,unattributed,unresolved,numerical,"Who were opposite to the Mirmillones, that were armed after the French fashion.",[]
suetonius.tit.holland1898-section.xml,holland-tit-note-026,8.4,unattributed,unresolved,numerical,"In the Country, as Columnes, statues, painted tables, etc.",[]
suetonius.tit.holland1898-section.xml,holland-tit-note-027,9.2,unattributed,unresolved,numerical,"As their armour, weapons, etc.",[]
suetonius.tit.holland1898-section.xml,holland-tit-note-028,9.2,unattributed,unresolved,alphabetical,"Dooing them thus much credit in the eyes of the world, as to give the allowance and approbation, or otherwise, of the weapons wherewith they should fight. For, in this sense may Ornaments be taken: the rather, because some copies have Ferramenta. Or this place may be understood of other furniture, as well as armes, wherwith they should come appointed into the listes.",[]
suetonius.tit.holland1898-section.xml,holland-tit-note-029,9.2,unattributed,unresolved,numerical,Ascendents of their Nativity.,[]
suetonius.tit.holland1898-section.xml,holland-tit-note-031,10.1,unattributed,see curated changes; otherwise unresolved,alphabetical,"This hath beene observed in all ages, to fore-runne the death of some Prince. Thus, before the end of Julius Cæsar, as Virgil writeth, Non alias lato occiderunt plura serenoFulgura, etc. Horace likewise, Per purum sonantesEgit equos volucremque currum. Our owne Chronicles also exemplifie no lesse. To say nothing of the fresh resemblance of that, which happened with us three yeares since, in July.",[]
suetonius.tit.holland1898-section.xml,holland-tit-note-032,10.2,unattributed,unresolved,numerical,Domitia.,[]
suetonius.tit.holland1898-section.xml,holland-tit-note-033,11.1,unattributed,unresolved,alphabetical,"Some write, and Tzetzes by name, that hee was poysoned with eating of Sea-hares.",[]
suetonius.tit.holland1898-section.xml,holland-tit-note-034,11.1,unattributed,unresolved,numerical,13th of September.,[]
suetonius.titus.loeb_eng1.xml,rolfe-tit-note-001,1.1,editor,unresolved,,Some building of seven stories; the famous Septizonium on the Palatine was the work of Septimius Severus.,[]
suetonius.titus.loeb_eng1.xml,rolfe-tit-note-002,1.1,unattributed,unresolved,,"Dec. 30, 41 A.D.",[]
suetonius.titus.loeb_eng1.xml,rolfe-tit-note-003,2.1,unattributed,see curated changes; otherwise unresolved,,"Cf. Nero, xxxiii. 2 and 3.",[]
suetonius.titus.loeb_eng1.xml,rolfe-tit-note-004,4.2,unattributed,see curated changes; otherwise unresolved,,"See Galba xiv. 2, and note e.",[]
suetonius.titus.loeb_eng1.xml,rolfe-tit-note-005,4.3,unattributed,unresolved,,67 A.D.,[]
suetonius.titus.loeb_eng1.xml,rolfe-tit-note-006,5.1,unattributed,unresolved,,68 A.D.,"[{""source"": ""loeb2-uc1"", ""page"": ""325"", ""context"": ""to congratulate galba on 68 a.d.\nbecoming ruler of the"", ""marker_support"": false}]"
suetonius.titus.loeb_eng1.xml,rolfe-tit-note-007,5.2,editor,unresolved,,By the accession of his father Vespasian.,"[{""source"": ""loeb2-uc1"", ""page"": ""325"", ""context"": ""soon realising his hope and left behind to"", ""marker_support"": false}]"
suetonius.titus.loeb_eng1.xml,rolfe-tit-note-008,5.2,editor,unresolved,,See Aug. xiii. 2.,[]
suetonius.titus.loeb_eng1.xml,rolfe-tit-note-009,6.1,unattributed,unresolved,,73 A.D.,[]
suetonius.titus.loeb_eng1.xml,rolfe-tit-note-010,6.1,unattributed,unresolved,,"70, 72, 74, 75, 76, 77, 79 A.D.",[]
suetonius.titus.loeb_eng1.xml,rolfe-tit-note-011,6.1,unattributed,unresolved,,"See Nero xv. 2, and note a.",[]
suetonius.titus.loeb_eng1.xml,rolfe-tit-note-012,7.3,unattributed,see curated changes; otherwise unresolved,,See note on Vesp. ix.,[]
suetonius.titus.loeb_eng1.xml,rolfe-tit-note-013,7.3,unattributed,unresolved,,80 A.D.,"[{""source"": ""loeb2-uc1"", ""page"": ""331"", ""context"": ""and costly gladiatorial show. he presented a sham"", ""marker_support"": false}]"
suetonius.titus.loeb_eng1.xml,rolfe-tit-note-014,7.3,unattributed,see curated changes; otherwise unresolved,,See Aug. xliii. 1.,[]
suetonius.titus.loeb_eng1.xml,rolfe-tit-note-015,7.3,unattributed,see curated changes; otherwise unresolved,,"When the water had been let out; cf. Nero, xxvii. 2.",[]
suetonius.titus.loeb_eng1.xml,rolfe-tit-note-016,8.2,editor,unresolved,,"By humorously pretending to wrangle with those who favoured other gladiators than the Thracians; see Index, s.v. gladiator.","[{""source"": ""loeb2-uc1"", ""page"": ""333"", ""context"": ""well as observing\njustice. not to omit any"", ""marker_support"": false}]"
suetonius.titus.loeb_eng1.xml,rolfe-tit-note-017,8.3,unattributed,unresolved,,79 A.D.,"[{""source"": ""loeb2-uc1"", ""page"": ""333"", ""context"": ""rome which continued three 79 a.d.\ndays and as many"", ""marker_support"": false}]"
suetonius.titus.loeb_eng1.xml,rolfe-tit-note-018,8.3,unattributed,unresolved,,80 A.D.,"[{""source"": ""loeb2-uc1"", ""page"": ""331"", ""context"": ""and costly gladiatorial show. he presented a sham"", ""marker_support"": false}]"
suetonius.titus.loeb_eng1.xml,rolfe-tit-note-019,8.4,editor,unresolved,,"Implying that it was his personal loss, which he would make good.","[{""source"": ""loeb2-uc1"", ""page"": ""333"", ""context"": ""except \"" i am ruined,\"" and he set aside"", ""marker_support"": false}]"
suetonius.titus.loeb_eng1.xml,rolfe-tit-note-020,8.4,editor,unresolved,,"To propitiate the gods, who were supposed to inflict such evils upon mankind by way of punishment.",[]
suetonius.titus.loeb_eng1.xml,rolfe-tit-note-021,9.1,editor,unresolved,,"The office was seldom taken so seriously. Julius Caesar, for instance, held it during his campaigns in Gaul.","[{""source"": ""loeb2-uc1"", ""page"": ""335"", ""context"": ""keeping\nhis hands unstained, he was true to"", ""marker_support"": false}]"
suetonius.titus.loeb_eng1.xml,rolfe-tit-note-022,9.2,editor,unresolved,,"The weapons of gladiators were regularly examined by the editor, or giver of the games, to see if they were sharp enough; cf. Dio, 68. 3, who tells a similar story of the emperor Nerva.",[]
suetonius.titus.loeb_eng1.xml,rolfe-tit-note-023,10.2,editor,unresolved,,Possibly Domitian's charge was true; cf. Dom. ii. 3.,[]
suetonius.titus.loeb_eng1.xml,rolfe-tit-note-024,11.1,editor,unresolved,,"The old homestead at Cutilae, near Reate; see Vesp. xxiv. That this continued to be a villa rustica is implied in Vesp. ii. 1.",[]
suetonius.titus.loeb_eng1.xml,rolfe-tit-note-025,11.1,unattributed,unresolved,,"Sept. 13, 81 A.D.",[]
suetonius.titus.loeb_eng1.xml,rolfe-tit-note-026,,editor,unresolved,rejected,"See Nero xv. 2, and note c.",[]
suetonius.vesp.holland1898-section.xml,holland-vesp-note-003,1.2,unattributed,unresolved,numerical,Such be called Causarii.,[]
suetonius.vesp.holland1898-section.xml,holland-vesp-note-004,1.2,unattributed,unresolved,numerical,"Publicanum, or Publcium, both to the same effect.",[]
suetonius.vesp.holland1898-section.xml,holland-vesp-note-005,1.2,unattributed,unresolved,alphabetical,THE fortieth part. Happily the fortieth penie of all bargaines of sales that were unlawfull.,[]
suetonius.vesp.holland1898-section.xml,holland-vesp-note-006,1.2,unattributed,unresolved,numerical,Or customer.,[]
suetonius.vesp.holland1898-section.xml,holland-vesp-note-008,1.3,unattributed,unresolved,numerical,Or camp maister.,[]
suetonius.vesp.holland1898-section.xml,holland-vesp-note-009,1.4,unattributed,unresolved,numerical,Beyond the river Po in respect of Rome.,"[{""source"": ""holland2-uc1"", ""page"": ""204"", ""context"": ""of\nthe transpadane region, and was an undertaker"", ""marker_support"": false}, {""source"": ""holland2-hvd"", ""page"": ""204"", ""context"": ""of\nthe transpadane region, and was an undertaker"", ""marker_support"": false}]"
suetonius.vesp.holland1898-section.xml,holland-vesp-note-010,2.1,unattributed,unresolved,numerical,The Emperour.,[]
suetonius.vesp.holland1898-section.xml,holland-vesp-note-011,2.1,unattributed,unresolved,numerical,17th of November.,[]
suetonius.vesp.holland1898-section.xml,holland-vesp-note-013,2.2,unattributed,unresolved,alphabetical,"Which had a border or broade gard about it, embroidered with purple studdes like naile-heads, and therefore was called Latas clavus: and thereupon, Senators themselves, Laticlavii.",[]
suetonius.vesp.holland1898-section.xml,holland-vesp-note-014,3.1,unattributed,unresolved,numerical,Or notarie.,[]
suetonius.vesp.holland1898-section.xml,holland-vesp-note-015,3.1,unattributed,unresolved,numerical,Or Keeper of her books and accompts.,[]
suetonius.vesp.holland1898-section.xml,holland-vesp-note-017,4.3,unattributed,unresolved,numerical,Or turneps.,[]
suetonius.vesp.holland1898-section.xml,holland-vesp-note-018,4.3,unattributed,unresolved,alphabetical,"In liew of φυλλοβολία : for, in token of love and affection they should have heaped upon him gay flowers, greene leaves and pleasant fruits.",[]
suetonius.vesp.holland1898-section.xml,holland-vesp-note-019,4.3,unattributed,unresolved,numerical,Mangonicos quæstus.,[]
suetonius.vesp.holland1898-section.xml,holland-vesp-note-020,4.3,unattributed,unresolved,numerical,Which extendeth also to slaves and old wares or thripperie.,[]
suetonius.vesp.holland1898-section.xml,holland-vesp-note-021,4.4,unattributed,unresolved,numerical,Jurie.,"[{""source"": ""holland2-uc1"", ""page"": ""207"", ""context"": ""goverment of a province with the commaund of"", ""marker_support"": false}, {""source"": ""holland2-hvd"", ""page"": ""207"", ""context"": ""goverment of a province with the commaund of"", ""marker_support"": false}]"
suetonius.vesp.holland1898-section.xml,holland-vesp-note-022,4.5,unattributed,unresolved,numerical,Who then looked for their Messias and doe so still.,[]
suetonius.vesp.holland1898-section.xml,holland-vesp-note-023,4.5,unattributed,unresolved,alphabetical,"This, no doubt, had relation to the prophesie of the True Messias, and Saviour, Jesus Christ. The very words imply no lesse, according with these out of Holy Scripture: Ἐκ σοῦ ἐξελεύσεται ὁ ἡγούμενος, etc. Read Joseph. 6 book, chap. 31, of the destruction of Jerusalem.",[]
suetonius.vesp.holland1898-section.xml,holland-vesp-note-024,4.5,unattributed,unresolved,numerical,"Or governour, Sabinus.",[]
suetonius.vesp.holland1898-section.xml,holland-vesp-note-025,4.5,unattributed,unresolved,numerical,Gallus.,[]
suetonius.vesp.holland1898-section.xml,holland-vesp-note-026,4.5,unattributed,unresolved,numerical,i. The maine standerd.,[]
suetonius.vesp.holland1898-section.xml,holland-vesp-note-028,4.6,unattributed,unresolved,numerical,These cornets and cohorts seeme to bee Auxiliaries.,[]
suetonius.vesp.holland1898-section.xml,holland-vesp-note-029,4.6,unattributed,unresolved,numerical,Titus.,[]
suetonius.vesp.holland1898-section.xml,holland-vesp-note-030,4.6,unattributed,unresolved,numerical,Or Provinces rather in the East part.,[]
suetonius.vesp.holland1898-section.xml,holland-vesp-note-031,5.2,unattributed,unresolved,numerical,One of these that prie into beastes bowels.,"[{""source"": ""holland2-uc1"", ""page"": ""208"", ""context"": ""answere of\na southsayer, brought word backe (by"", ""marker_support"": false}, {""source"": ""holland2-hvd"", ""page"": ""208"", ""context"": ""answere of\na southsayer, brought word backe (by"", ""marker_support"": false}]"
suetonius.vesp.holland1898-section.xml,holland-vesp-note-032,5.2,unattributed,unresolved,numerical,Tertulla the Grandmother of Vespasian.,[]
suetonius.vesp.holland1898-section.xml,holland-vesp-note-033,5.2,unattributed,unresolved,numerical,Emperour.,[]
suetonius.vesp.holland1898-section.xml,holland-vesp-note-034,5.6,unattributed,unresolved,alphabetical,"There is an hill of that name in Judæa. And because answers had beene given from thence, and nothing there was to be seene, neyther Image of a God, nor Temple, but a bare Altar, and the reverence onely of the place, both Tacitus and Suetonius by the name of Carmelus, call that unknowen God unto them, who reigneth for ever.",[]
suetonius.vesp.holland1898-section.xml,holland-vesp-note-035,5.6,unattributed,unresolved,numerical,Who wrote the Jewish historie.,[]
suetonius.vesp.holland1898-section.xml,holland-vesp-note-037,5.7,unattributed,unresolved,numerical,Vespasians.,[]
suetonius.vesp.holland1898-section.xml,holland-vesp-note-038,5.7,unattributed,unresolved,alphabetical,"This sight, and the other following, betokened soveraigntie unto Vespasian, who warred then in the East countries, Judæa and Syria.",[]
suetonius.vesp.holland1898-section.xml,holland-vesp-note-039,6.3,unattributed,unresolved,numerical,Or Governour.,[]
suetonius.vesp.holland1898-section.xml,holland-vesp-note-040,6.3,unattributed,unresolved,numerical,The first day.,[]
suetonius.vesp.holland1898-section.xml,holland-vesp-note-041,6.3,unattributed,unresolved,numerical,The II of July.,[]
suetonius.vesp.holland1898-section.xml,holland-vesp-note-043,6.4,unattributed,unresolved,numerical,Mucianus.,[]
suetonius.vesp.holland1898-section.xml,holland-vesp-note-044,6.4,unattributed,unresolved,numerical,Unto Vespasian.,[]
suetonius.vesp.holland1898-section.xml,holland-vesp-note-045,6.4,unattributed,unresolved,numerical,K. Vologesus.,[]
suetonius.vesp.holland1898-section.xml,holland-vesp-note-046,7.1,unattributed,unresolved,alphabetical,"This Basilides seemeth rather to have beene some Priest, or principall man of note, and not Libertus, i. his freed man, as some copies have. But who ever he was, to the setting forward of this dissignement of Vespasian, Nomen et omen erat.",[]
suetonius.vesp.holland1898-section.xml,holland-vesp-note-047,7.1,unattributed,unresolved,numerical,The Palsey.,[]
suetonius.vesp.holland1898-section.xml,holland-vesp-note-048,7.1,unattributed,unresolved,numerical,"80 Miles; happily, the same whom Tacitus reporteth to have been the Priest of Carmelus.",[]
suetonius.vesp.holland1898-section.xml,holland-vesp-note-049,7.2,unattributed,unresolved,numerical,Vespasian.,"[{""source"": ""holland2-uc1"", ""page"": ""212"", ""context"": ""their dreames: that hee & should restore the one"", ""marker_support"": false}, {""source"": ""holland2-hvd"", ""page"": ""212"", ""context"": ""their dreames: that hee should restore the one"", ""marker_support"": false}]"
suetonius.vesp.holland1898-section.xml,holland-vesp-note-051,8.3,unattributed,unresolved,numerical,Or charge.,"[{""source"": ""holland2-uc1"", ""page"": ""213"", ""context"": ""thanks for an\noffice obtained at his hands"", ""marker_support"": false}, {""source"": ""holland2-hvd"", ""page"": ""213"", ""context"": ""thanks for an\noffice obtained at his hands"", ""marker_support"": false}]"
suetonius.vesp.holland1898-section.xml,holland-vesp-note-052,8.3,unattributed,unresolved,numerical,"Per vices, some reade per vicos, i. along the townes and villages.",[]
suetonius.vesp.holland1898-section.xml,holland-vesp-note-053,8.3,unattributed,unresolved,numerical,Barefoote.,[]
suetonius.vesp.holland1898-section.xml,holland-vesp-note-054,8.4,unattributed,unresolved,numerical,Whereas they had been free States.,"[{""source"": ""holland2-uc1"", ""page"": ""213"", ""context"": ""and samos,\nfirst diffranchised: likewise, thracia, cilicia and"", ""marker_support"": false}, {""source"": ""holland2-hvd"", ""page"": ""213"", ""context"": ""and samos,\nfirst diffranchised: likewise, thracia, cilicia and"", ""marker_support"": false}]"
suetonius.vesp.holland1898-section.xml,holland-vesp-note-055,8.5,unattributed,unresolved,numerical,"For in them were engraven the publike evidences and records, etc.",[]
suetonius.vesp.holland1898-section.xml,holland-vesp-note-056,9.1,unattributed,unresolved,numerical,Claudius his wife.,"[{""source"": ""holland2-uc1"", ""page"": ""214"", ""context"": ""beene begun by agrippina, but almost\nfrom the"", ""marker_support"": false}, {""source"": ""holland2-hvd"", ""page"": ""214"", ""context"": ""beene begun by agrippina, but almost\nfrom the"", ""marker_support"": false}]"
suetonius.vesp.holland1898-section.xml,holland-vesp-note-057,9.1,unattributed,unresolved,numerical,"Ut destinasse compererat Augustum, amplissimum.",[]
suetonius.vesp.holland1898-section.xml,holland-vesp-note-060,10.1,unattributed,unresolved,numerical,"Which pertained to the Centumvirs Court: to wit, Civile causes between private persons, as probates of Testaments, etc. Vide Cicer. I. de Oratore.",[]
suetonius.vesp.holland1898-section.xml,holland-vesp-note-061,10.1,unattributed,unresolved,alphabetical,"Out of the 35 Tribes of Rome, were chosen certaine Judges or Commissioners, named Centumvirs, to wit, out of every Tribe three, and albeit their number arose to an hundred and five, yet roundly they went for an hundred, and so were called. These I say, being ordained Stelitibus judicandis, determined private and civill matters betweene man and man, de Testamentis, Stillicidiis, and such like of no great moment. They put forth or erected a speare in the place where they sate in Jurisdiction: whereupon their court was named Hasta Centumviralis.",[]
suetonius.vesp.holland1898-section.xml,holland-vesp-note-062,10.1,unattributed,unresolved,numerical,Plantifes and defendants.,[]
suetonius.vesp.holland1898-section.xml,holland-vesp-note-063,11.1,unattributed,unresolved,numerical,"Si iunxisset, as Sabellicus expoundeth it or, at large, carnally.","[{""source"": ""holland2-uc1"", ""page"": ""215"", ""context"": ""her selfe in wedlocke unto another mans\nbondservant"", ""marker_support"": false}, {""source"": ""holland2-hvd"", ""page"": ""215"", ""context"": ""her selfe in wedlocke unto another mans\nbondservant"", ""marker_support"": false}]"
suetonius.vesp.holland1898-section.xml,holland-vesp-note-064,12.1,unattributed,unresolved,numerical,By which salt was brought out of the Sabines countrey to Rome.,[]
suetonius.vesp.holland1898-section.xml,holland-vesp-note-065,12.1,unattributed,unresolved,numerical,Extrinsecus.,[]
suetonius.vesp.holland1898-section.xml,holland-vesp-note-066,12.1,unattributed,unresolved,numerical,Who were but of meane calling.,[]
suetonius.vesp.holland1898-section.xml,holland-vesp-note-067,12.1,unattributed,unresolved,numerical,"Being three-score of age, and therefore past the ambitious desire of such glory.",[]
suetonius.vesp.holland1898-section.xml,holland-vesp-note-069,13.1,unattributed,unresolved,numerical,His friend.,[]
suetonius.vesp.holland1898-section.xml,holland-vesp-note-070,13.1,unattributed,unresolved,numerical,For he was the chiefe helper of him to the Empire.,[]
suetonius.vesp.holland1898-section.xml,holland-vesp-note-071,13.1,unattributed,unresolved,numerical,Whatsoever you are: noting him for that he was Pathicus.,[]
suetonius.vesp.holland1898-section.xml,holland-vesp-note-072,13.1,unattributed,unresolved,numerical,A Lawyer.,[]
suetonius.vesp.holland1898-section.xml,holland-vesp-note-073,13.1,unattributed,unresolved,numerical,"Noting Vespasian, as if he had a longing eye after his wealth and therefore sought his condemnation.",[]
suetonius.vesp.holland1898-section.xml,holland-vesp-note-074,13.1,unattributed,unresolved,numerical,A philosopher.,[]
suetonius.vesp.holland1898-section.xml,holland-vesp-note-075,13.1,unattributed,unresolved,numerical,"Post dominationem alias damnationem, i. after he was condemned, for Vespasian had banished al Philosophers out of Rome and confined this Demetrius to an Iland. Xiphilin.",[]
suetonius.vesp.holland1898-section.xml,holland-vesp-note-076,13.1,unattributed,unresolved,alphabetical,"Alluding to the name Cynicus. For these Philosophers tooke this denomination Cynicks, eyther of their dogged and currish demaund, or of a place where they taught and disputed, called Cynosarges.",[]
suetonius.vesp.holland1898-section.xml,holland-vesp-note-078,15.1,unattributed,unresolved,numerical,Not Cæsar nor Augustus nor Imperator.,[]
suetonius.vesp.holland1898-section.xml,holland-vesp-note-079,17.1,unattributed,unresolved,alphabetical,Which in Augustus Cæsars time amounted to twelve hundred thousand Sestertii: triple to the worth of a Roman Knight.,[]
suetonius.vesp.holland1898-section.xml,holland-vesp-note-081,18.1,unattributed,unresolved,numerical,Or hyred.,[]
suetonius.vesp.holland1898-section.xml,holland-vesp-note-082,18.1,unattributed,unresolved,alphabetical,"This Colossus, Zenodorus a famous workeman, made before time for Nero.",[]
suetonius.vesp.holland1898-section.xml,holland-vesp-note-083,18.1,unattributed,unresolved,numerical,Or reward.,[]
suetonius.vesp.holland1898-section.xml,holland-vesp-note-084,18.1,unattributed,unresolved,numerical,"To allow them wages for their painefull labor in such works rather then to have the same done without them and as we say, to keep poore people at worke.",[]
suetonius.vesp.holland1898-section.xml,holland-vesp-note-085,19.1,unattributed,unresolved,numerical,"Eare delights, as Players, Musicians, etc.",[]
suetonius.vesp.holland1898-section.xml,holland-vesp-note-086,19.1,unattributed,unresolved,alphabetical,"As namely, Pueros Symphoniacos, etc., Choristers or quiristers with most sweet breaths and pleasant voyces, etc.",[]
suetonius.vesp.holland1898-section.xml,holland-vesp-note-087,19.1,unattributed,unresolved,numerical,Recta: in opposition to sportula.,[]
suetonius.vesp.holland1898-section.xml,holland-vesp-note-088,19.1,unattributed,unresolved,alphabetical,"For, then had women their Saturnalia, like as the men in December. Those festivall holidaies were called Matronalia, in memoriall of Ladie Hersilia and other noble Dames, who in old time upon that day, interposed themselves as Mediatrices, betweene the Romans and Sabines, readie to strike a most bloodie battell.",[]
suetonius.vesp.holland1898-section.xml,holland-vesp-note-089,20.1,unattributed,unresolved,alphabetical,"This is reprehended by Cornelius Celsus, lib. 2, cap. 14, in these words, Neque audiendi sunt, qui numero finiunt, quoties aliquis perfricandus est: Illud enim ex viribus hominis colligendum est.",[]
suetonius.vesp.holland1898-section.xml,holland-vesp-note-090,20.1,unattributed,unresolved,numerical,A round place of exercise belonging to the baines. Some would have it to be a tennis court.,[]
suetonius.vesp.holland1898-section.xml,holland-vesp-note-091,20.1,unattributed,unresolved,numerical,"Naturall, 2. 24 houres.",[]
suetonius.vesp.holland1898-section.xml,holland-vesp-note-093,21.1,unattributed,unresolved,alphabetical,"To be caried between men in a chayre or seat called thereupon Sella gestatoria, or Lectica. Celsus reckoneth sundrie sorts of this Gestation, to wit, Navi, Lectica, Scamno, Vehiculo.",[]
suetonius.vesp.holland1898-section.xml,holland-vesp-note-094,21.1,unattributed,unresolved,numerical,"A Secrete, or retiring place.",[]
suetonius.vesp.holland1898-section.xml,holland-vesp-note-095,22.1,unattributed,unresolved,numerical,"Et semper alias Cum amicis, etc. Others read, et super aleas Communissimus, i. and whiles he plaied at hazard, etc.",[]
suetonius.vesp.holland1898-section.xml,holland-vesp-note-096,22.1,unattributed,unresolved,alphabetical,"For, it was an ordinarie matter, in supper time, betweene the services and severall dishes, to cast the Dice or cockall bones, by fits.",[]
suetonius.vesp.holland1898-section.xml,holland-vesp-note-097,22.1,unattributed,unresolved,alphabetical,"Prætextata verba, by the figure Antiphrasis, are put for such words as beseemed not either the mouth or the eares of Prætextati, i. youths well borne, and of gentle bloud descended: who, in truth, should be modest and maidenlike: and in like manner, prætextati mores, signifie such behaviour.",[]
suetonius.vesp.holland1898-section.xml,holland-vesp-note-098,22.1,unattributed,unresolved,numerical,A word in Latine that signifieth Cartes or waines.,[]
suetonius.vesp.holland1898-section.xml,holland-vesp-note-099,22.1,unattributed,unresolved,numerical,And not Florus.,[]
suetonius.vesp.holland1898-section.xml,holland-vesp-note-100,22.1,unattributed,unresolved,alphabetical,Noting him for his ridiculous vanitie: which φλαύρος in Greeke doth signifie.,[]
suetonius.vesp.holland1898-section.xml,holland-vesp-note-101,22.1,unattributed,unresolved,numerical,"Cum perducta, etc., not perducta, in a quite contrarie sense, as if he had given her so much.",[]
suetonius.vesp.holland1898-section.xml,holland-vesp-note-102,22.1,unattributed,unresolved,numerical,"Quadraginta Sestertia, alias quadringenta sestertia, i. 400 thousand.",[]
suetonius.vesp.holland1898-section.xml,holland-vesp-note-103,22.1,unattributed,unresolved,numerical,"To wit, in the page of receits.",[]
suetonius.vesp.holland1898-section.xml,holland-vesp-note-104,22.1,unattributed,unresolved,numerical,Or received.,[]
suetonius.vesp.holland1898-section.xml,holland-vesp-note-105,22.1,unattributed,unresolved,alphabetical,"Or, if ye read before, [perductæ] it must so stand in the Page of expenses, to this sense, laid out, for, or to Vespasian beloved: as if he had given her a reward for loving him, whereas she should have given unto him.",[]
suetonius.vesp.holland1898-section.xml,holland-vesp-note-106,23.1,unattributed,unresolved,alphabetical,"Some read, in steed of Improbius irato, improbius nato, that is to say, of no good making, but ill shaped to his height.",[]
suetonius.vesp.holland1898-section.xml,holland-vesp-note-107,23.1,unattributed,unresolved,alphabetical,"A peece of a verse in Homer, Iliad 7, spoken there of Ajax, advancing forward to fight with Hector, unto whom, or to whose long pike rather, he likeneth this gangrell.",[]
suetonius.vesp.holland1898-section.xml,holland-vesp-note-108,23.2,unattributed,unresolved,numerical,The partie that came to sollicite his owne cause.,[]
suetonius.vesp.holland1898-section.xml,holland-vesp-note-109,23.3,unattributed,unresolved,alphabetical,"Eyther of Fullers, Walkers, and Diers, who gathered and occupied much thereof about their clothes, or else, for the tubs that commonly stoode in od corners and noukes of the streets, to receive every mans water, that he made as he went.",[]
suetonius.vesp.holland1898-section.xml,holland-vesp-note-110,23.3,unattributed,unresolved,numerical,For to receive the money.,[]
suetonius.vesp.holland1898-section.xml,holland-vesp-note-111,23.3,unattributed,unresolved,numerical,Meaning his hand.,[]
suetonius.vesp.holland1898-section.xml,holland-vesp-note-113,23.4,unattributed,unresolved,numerical,The Mausoleum.,[]
suetonius.vesp.holland1898-section.xml,holland-vesp-note-114,23.4,unattributed,unresolved,numerical,Wheras himself was not of that line.,[]
suetonius.vesp.holland1898-section.xml,holland-vesp-note-115,23.4,unattributed,unresolved,numerical,A blazing starre.,[]
suetonius.vesp.holland1898-section.xml,holland-vesp-note-116,23.4,unattributed,unresolved,numerical,Whereupon is called Stella Crinita and Cometes in Greeke.,[]
suetonius.vesp.holland1898-section.xml,holland-vesp-note-117,23.4,unattributed,unresolved,numerical,"Am a dying, and so, grow to be a god.",[]
suetonius.vesp.holland1898-section.xml,holland-vesp-note-118,24.1,unattributed,unresolved,alphabetical,"At the foresaid Cutiliæ, which was a naturall bath in the Sabines country, of medicinable waters, howbeit exceeding cold. Plin. lib. 31, cap. 31.",[]
suetonius.vesp.holland1898-section.xml,holland-vesp-note-119,24.1,unattributed,unresolved,numerical,These waters of Catiliæ as Plinie writeth were exceeding cold.,[]
suetonius.vesp.holland1898-section.xml,holland-vesp-note-120,24.1,unattributed,unresolved,numerical,To avoid the ordure of the guttes.,[]
suetonius.vesp.holland1898-section.xml,holland-vesp-note-121,24.1,unattributed,unresolved,numerical,24 June.,[]
suetonius.vesp.holland1898-section.xml,holland-vesp-note-122,24.1,unattributed,unresolved,numerical,Superque mensem ac diem septimum.,[]
suetonius.vesp.holland1898-section.xml,holland-vesp-note-123,25.1,unattributed,unresolved,numerical,Or nativitie.,"[{""source"": ""holland2-uc1"", ""page"": ""224"", ""context"": ""of his owne horoscope and his childrens, that"", ""marker_support"": false}, {""source"": ""holland2-hvd"", ""page"": ""224"", ""context"": ""of his owne horoscope and his childrens, that"", ""marker_support"": false}]"
suetonius.vesp.loeb_eng1.xml,rolfe-vesp-note-001,1.2,editor,unresolved,,"A position held by tried and skilful officers, especially centurions of the first grade (primipili; C. I. L. iii. 6809, etc.). Cf. Vegetius, Epit. Rei Milit. 2. 10, is post longam probatamque militiam peritissimus omnium legebatur, ut recte doceret alios quod ipse cum laude fecisset.","[{""source"": ""loeb2-uc1"", ""page"": ""281"", ""context"": ""or a volunteer\nveterana on pompey's side"", ""marker_support"": false}]"
suetonius.vesp.loeb_eng1.xml,rolfe-vesp-note-002,1.2,editor,unresolved,edition-variant,"A duty (portorium) of two and a half per cent. on imports and exports; cf. Jul. xliii. 1. [1951: changes the text to ""twentieth"" and provides this note instead: A tax of five per cent. on the value of every slave who was set free, paid by the slave himself or by his master.]",[]
suetonius.vesp.loeb_eng1.xml,rolfe-vesp-note-003,2.1,unattributed,unresolved,,"Nov. 14, 9 A.D.","[{""source"": ""loeb2-uc1"", ""page"": ""283"", ""context"": ""before the kalends of nov. 14,\ndecember, in the consulate"", ""marker_support"": false}]"
suetonius.vesp.loeb_eng1.xml,rolfe-vesp-note-004,2.2,editor,unresolved,,"The anteambulo was the client who walked before his patron on the street and compelled people to make way for him; cf. Mart. 2. 18. 5, tumidique anteambulo regis, where regis means ""patron,"" as in Hor. Epist. 1. 17. 43 and elsewhere.",[]
suetonius.vesp.loeb_eng1.xml,rolfe-vesp-note-005,2.3,unattributed,unresolved,,38 A.D.,"[{""source"": ""loeb2-uc1"", ""page"": ""285"", ""context"": ""candidate for the aedileship\nand then for the"", ""marker_support"": false}]"
suetonius.vesp.loeb_eng1.xml,rolfe-vesp-note-006,2.3,unattributed,unresolved,,39 A.D.,[]
suetonius.vesp.loeb_eng1.xml,rolfe-vesp-note-007,2.3,editor,unresolved,,See Calig. xlviii. and xlix.,[]
suetonius.vesp.loeb_eng1.xml,rolfe-vesp-note-008,2.3,editor,unresolved,,Lepidus and Gaetulicus; see Claud. ix. 1.,[]
suetonius.vesp.loeb_eng1.xml,rolfe-vesp-note-009,2.3,editor,unresolved,,The senate.,[]
suetonius.vesp.loeb_eng1.xml,rolfe-vesp-note-010,3.1,editor,unresolved,,See note on Aug. xlvii.,[]
suetonius.vesp.loeb_eng1.xml,rolfe-vesp-note-011,4.1,editor,unresolved,,See Claud xvii.,"[{""source"": ""loeb2-uc1"", ""page"": ""287"", ""context"": ""was transferred to britain,a\nwhere he fought thirty"", ""marker_support"": false}]"
suetonius.vesp.loeb_eng1.xml,rolfe-vesp-note-012,4.1,editor,unresolved,,The Isle of Wight.,"[{""source"": ""loeb2-uc1"", ""page"": ""287"", ""context"": ""the island of vectis,\nnear britain, partly under"", ""marker_support"": false}]"
suetonius.vesp.loeb_eng1.xml,rolfe-vesp-note-013,4.2,unattributed,unresolved,,51 A.D.,[]
suetonius.vesp.loeb_eng1.xml,rolfe-vesp-note-014,4.3,unattributed,unresolved,,63 A.D.,"[{""source"": ""loeb2-uc1"", ""page"": ""287"", ""context"": ""then gave him africa, 63 a.d.\nwhich he governed with"", ""marker_support"": false}]"
suetonius.vesp.loeb_eng1.xml,rolfe-vesp-note-015,4.3,editor,unresolved,,"Mango (cf. Gk. μάγγανον, ""charm"") was the term applied to a dealer in slaves, cattle, or wares, to which he tried to give an appearance of greater value than they actually possessed. The nickname applied to Vespasian implies that his trade was in mules.",[]
suetonius.vesp.loeb_eng1.xml,rolfe-vesp-note-016,4.4,editor,unresolved,,"See Nero, xxii. ff.","[{""source"": ""loeb2-uc1"", ""page"": ""289"", ""context"": ""asleep, if he remained. being in consequence\nbanished"", ""marker_support"": false}]"
suetonius.vesp.loeb_eng1.xml,rolfe-vesp-note-017,4.6,editor,unresolved,,Probably of auxiliaries.,"[{""source"": ""loeb2-uc1"", ""page"": ""289"", ""context"": ""eight divisions of cavalry and ten\ncohorts. he"", ""marker_support"": false}]"
suetonius.vesp.loeb_eng1.xml,rolfe-vesp-note-018,5.4,editor,unresolved,,"The hand was typical of power, and manus is often used in the sense of potestas.",[]
suetonius.vesp.loeb_eng1.xml,rolfe-vesp-note-019,5.7,editor,unresolved,,Of Nero's lodging.,"[{""source"": ""loeb2-uc1"", ""page"": ""293"", ""context"": ""the house of vespasian and from there to"", ""marker_support"": false}]"
suetonius.vesp.loeb_eng1.xml,rolfe-vesp-note-020,6.3,unattributed,unresolved,,July 1,[]
suetonius.vesp.loeb_eng1.xml,rolfe-vesp-note-021,6.3,editor,unresolved,,"July 11; according to Tac. Hist. 2. 79, it was the fifth day before the Nones, July 3.",[]
suetonius.vesp.loeb_eng1.xml,rolfe-vesp-note-022,6.4,editor,unresolved,,Governor of the neighbouring province of Syria.,[]
suetonius.vesp.loeb_eng1.xml,rolfe-vesp-note-023,7.1,editor,unresolved,,The strategic importance of Egypt is shown by Tac. Ann. 2. 59; cf. Jul. xxxv. 1 (at the end); Aug. xviii. 2.,"[{""source"": ""loeb2-uc1"", ""page"": ""297"", ""context"": ""the\nkey to egypt. there he dismissed all"", ""marker_support"": false}]"
suetonius.vesp.loeb_eng1.xml,rolfe-vesp-note-024,7.1,editor,unresolved,,"The freedman's name, connected with Greek Βασιλεύς, ""king,"" was an additional omen.",[]
suetonius.vesp.loeb_eng1.xml,rolfe-vesp-note-025,8.1,unattributed,unresolved,,"70, 71, 72, 74, 75, 76, 77, 79 A.D.","[{""source"": ""loeb2-uc1"", ""page"": ""299"", ""context"": ""he added eight consulships 70, 71, 72,\nto his former one"", ""marker_support"": false}]"
suetonius.vesp.loeb_eng1.xml,rolfe-vesp-note-026,8.3,editor,unresolved,,"They were stationed at Ostia and Puteoli as a fire brigade (see Claud. xxv. 2), and the various divisions were on duty now in one town, now in the other, and again in Rome.","[{""source"": ""loeb2-uc1"", ""page"": ""301"", ""context"": ""and puteoli to rome, asked that an allowance"", ""marker_support"": false}]"
suetonius.vesp.loeb_eng1.xml,rolfe-vesp-note-027,8.5,editor,unresolved,,"Literally, ""on his own neck""; in a basket.","[{""source"": ""loeb2-uc1"", ""page"": ""301"", ""context"": ""on his own head. he undertook to restore"", ""marker_support"": false}]"
suetonius.vesp.loeb_eng1.xml,rolfe-vesp-note-028,9.1,editor,unresolved,,"The Colosseum, known as the Flavian amphitheatre until the Middle Ages.",[]
suetonius.vesp.loeb_eng1.xml,rolfe-vesp-note-029,9.2,editor,unresolved,,"That is, a citizen could return the abuse of another citizen, regardless of their respective ranks.",[]
suetonius.vesp.loeb_eng1.xml,rolfe-vesp-note-030,10.1,editor,unresolved,,During the civil wars.,"[{""source"": ""loeb2-uc1"", ""page"": ""303"", ""context"": ""arisen through\nthe disorder of the times. he"", ""marker_support"": false}]"
suetonius.vesp.loeb_eng1.xml,rolfe-vesp-note-031,10.1,editor,unresolved,,See note on Aug. xxxvi.,[]
suetonius.vesp.loeb_eng1.xml,rolfe-vesp-note-032,11.1,editor,unresolved,,"In the legal sense; filii familiarum were sons who were still under the control of their fathers, regardless of their age; cf. Tib. xv. 2.","[{""source"": ""loeb2-uc1"", ""page"": ""305"", ""context"": ""lend money\nto minors a should never have a"", ""marker_support"": false}]"
suetonius.vesp.loeb_eng1.xml,rolfe-vesp-note-033,12.1,editor,unresolved,,"His tribunician power was reckoned from July 1, 69, the day when he was proclaimed emperor by the army. The meaning of the sentence is not clear.","[{""source"": ""loeb2-uc1"", ""page"": ""305"", ""context"": ""his country until late. as\nfor the custom"", ""marker_support"": false}]"
suetonius.vesp.loeb_eng1.xml,rolfe-vesp-note-034,12.1,editor,unresolved,,See Claud. xxxv.,[]
suetonius.vesp.loeb_eng1.xml,rolfe-vesp-note-035,13.1,editor,unresolved,,Implying that Mucianus was effeminate and unchaste.,[]
suetonius.vesp.loeb_eng1.xml,rolfe-vesp-note-036,14.1,editor,unresolved,,"A made-up name from morbus, ""illness""; the expression is equivalent to ""go to the devil.""","[{""source"": ""loeb2-uc1"", ""page"": ""307"", ""context"": ""to \""go to morbovia\""; but when the man"", ""marker_support"": false}]"
suetonius.vesp.loeb_eng1.xml,rolfe-vesp-note-037,15.1,editor,unresolved,,"That is, in their superscriptions; see note on Tib. xxxii. 2.",[]
suetonius.vesp.loeb_eng1.xml,rolfe-vesp-note-038,15.1,editor,unresolved,,"Cogere (redigere) in ordinem is used of one who resists or does not show proper respect to a magistrate; that is, attempts to reduce him to the level of an ordinary citizen. It seems to have been originally a military expression. Cf. Claud. xxxviii. 1; Pliny, Epist. 1. 23. 1; Livy, 3. 51. 13.",[]
suetonius.vesp.loeb_eng1.xml,rolfe-vesp-note-039,17.1,editor,unresolved,,"This had been increased to 1,200,000 sesterces by Augustus.",[]
suetonius.vesp.loeb_eng1.xml,rolfe-vesp-note-040,17.1,editor,unresolved,,See note on Aug. xli. 2.,[]
suetonius.vesp.loeb_eng1.xml,rolfe-vesp-note-041,18.1,editor,unresolved,,"Doubtless referring to the statue of Venus consecrated by Vespasian in his temple of Peace, the sculptor of which, according to Pliny, was unknown. The Venus of Cos was the work of Praxiteles.","[{""source"": ""loeb2-uc1"", ""page"": ""311"", ""context"": ""the venus of cos and of the\ncolossus"", ""marker_support"": false}]"
suetonius.vesp.loeb_eng1.xml,rolfe-vesp-note-042,18.1,editor,unresolved,,"The colossal statue of Nero; see Nero, xxxi. 1.",[]
suetonius.vesp.loeb_eng1.xml,rolfe-vesp-note-043,19.1,editor,unresolved,,See Aug. lxxiv. and the note.,[]
suetonius.vesp.loeb_eng1.xml,rolfe-vesp-note-044,19.1,editor,unresolved,,"The Matronalia or feast of married women; see Hor. Odes, 3. 8, 1.",[]
suetonius.vesp.loeb_eng1.xml,rolfe-vesp-note-045,19.1,editor,unresolved,,See note d on Calig. lv. 2.,[]
suetonius.vesp.loeb_eng1.xml,rolfe-vesp-note-046,19.2,editor,unresolved,,"A transliterated Greek word, κυβιοσάκτης, meaning ""dealer in square pieces (κύβοι) of salt fish.""","[{""source"": ""loeb2-uc1"", ""page"": ""313"", ""context"": ""in calling him cybiosactes, the surname of\none"", ""marker_support"": false}]"
suetonius.vesp.loeb_eng1.xml,rolfe-vesp-note-047,20.1,editor,unresolved,,"According to Celsus, 2. 1, quadratum is applied to a well-proportioned body, neither slender nor fat.","[{""source"": ""loeb2-uc1"", ""page"": ""313"", ""context"": ""he was well built, with strong, sturdy\nlimbs"", ""marker_support"": false}]"
suetonius.vesp.loeb_eng1.xml,rolfe-vesp-note-048,22.1,editor,unresolved,,"Cf. Macrobius, Saturn. 2. 1. 9, impudica et praetextata verba; Gell. N.A. 9. 10. 4, non praetextatis sed puris honestisque verbis. Various explanations of the term are given. It perhaps means words such as boys use; but see Festus, s. v. praetextum sermonem.","[{""source"": ""loeb2-uc1"", ""page"": ""315"", ""context"": ""refrain from obscene expressions.a\nyet many of his"", ""marker_support"": false}]"
suetonius.vesp.loeb_eng1.xml,rolfe-vesp-note-049,22.1,editor,unresolved,,"Plaustra was the original form of the word for ""wagons,"" but there was also a plebeian form plostra; see Hor. Serm. 1. 6. 42 and cf. Claudius, Clodius.",[]
suetonius.vesp.loeb_eng1.xml,rolfe-vesp-note-050,23.1,editor,unresolved,,Iliad 7. 213.,"[{""source"": ""loeb2-uc1"", ""page"": ""317"", ""context"": ""casts a long\nshadow,\"" a\nand of the freedman"", ""marker_support"": false}]"
suetonius.vesp.loeb_eng1.xml,rolfe-vesp-note-051,23.1,editor,unresolved,,"Menander, Fr. 223. 2, Koch.","[{""source"": ""loeb2-uc1"", ""page"": ""317"", ""context"": ""once\nto cerylus again.\"" b\nbut he particularly resorted"", ""marker_support"": false}]"
suetonius.vesp.loeb_eng1.xml,rolfe-vesp-note-052,23.4,editor,unresolved,,Of Augustus; see Aug. c. 4.,"[{""source"": ""loeb2-uc1"", ""page"": ""319"", ""context"": ""other portents the mausoleum a opened on a sudden"", ""marker_support"": false}]"
suetonius.vesp.loeb_eng1.xml,rolfe-vesp-note-053,23.4,editor,unresolved,,"The connection between the stella crinita and the long hair of the Parthian king is obvious; it does not seem accidental that Calvina is connected with calvus, ""bald,"" though this word-play seems to have been overlooked.",[]
suetonius.vesp.loeb_eng1.xml,rolfe-vesp-note-054,24.1,unattributed,unresolved,,79 A.D.,"[{""source"": ""loeb2-uc1"", ""page"": ""319"", ""context"": ""he had a slight 79 a.d.\nillness in campania, and"", ""marker_support"": false}]"
suetonius.vesp.loeb_eng1.xml,rolfe-vesp-note-055,24.1,unattributed,unresolved,,"June 23, 79 A.D.",[]
suetonius.vesp.loeb_eng1.xml,rolfe-vesp-note-056,25.1,editor,unresolved,,"Claudius and Nero reigned thirteen and fourteen years respectively; Vespasian, ten; Titus, two; and Domitian, fifteen.",[]
suetonius.vitellius.holland1898-section.xml,holland-vitellius-note-001,1.2,unattributed,unresolved,numerical,"Extat Q. Eulogii, etc.",[]
suetonius.vitellius.holland1898-section.xml,holland-vitellius-note-002,1.2,unattributed,unresolved,alphabetical,THIS Quintus Eulogius was the freed man of the said Quintus Vitellius.,[]
suetonius.vitellius.holland1898-section.xml,holland-vitellius-note-003,1.3,unattributed,unresolved,numerical,Or causey.,[]
suetonius.vitellius.holland1898-section.xml,holland-vitellius-note-004,1.3,unattributed,unresolved,numerical,"An hill on the other side of Tiberis, adjoyning to Rome by a bridge.",[]
suetonius.vitellius.holland1898-section.xml,holland-vitellius-note-005,1.3,unattributed,unresolved,numerical,By the Romaines.,[]
suetonius.vitellius.holland1898-section.xml,holland-vitellius-note-006,2.1,unattributed,unresolved,numerical,Sutorem veteramentarium.,[]
suetonius.vitellius.holland1898-section.xml,holland-vitellius-note-007,2.1,unattributed,unresolved,alphabetical,"Some read Sectionibus et Suturis: expounding it thus, as if his sonne had been not a cobler, but a shoomaker indeed, occupied in cutting of new shoes and sowing them together.",[]
suetonius.vitellius.holland1898-section.xml,holland-vitellius-note-008,2.1,unattributed,unresolved,numerical,Sectionibus et cognituris.,[]
suetonius.vitellius.holland1898-section.xml,holland-vitellius-note-009,2.1,unattributed,unresolved,numerical,Or proscribed and outlawed.,[]
suetonius.vitellius.holland1898-section.xml,holland-vitellius-note-010,2.2,unattributed,unresolved,numerical,"Which as Onuphrius saith, was Nepos.","[{""source"": ""holland2-uc1"", ""page"": ""187"", ""context"": ""also their fathers surname: and distinguished onely by"", ""marker_support"": false}, {""source"": ""holland2-hvd"", ""page"": ""187"", ""context"": ""also their fathers surname*: and distinguished onely by"", ""marker_support"": false}]"
suetonius.vitellius.holland1898-section.xml,holland-vitellius-note-011,2.3,unattributed,unresolved,numerical,Germanicus Cæsar.,"[{""source"": ""holland2-uc1"", ""page"": ""187"", ""context"": ""piso his\nmortall enemies, and the man who"", ""marker_support"": false}, {""source"": ""holland2-hvd"", ""page"": ""187"", ""context"": ""piso his\nmortall enemies, and the man who"", ""marker_support"": false}]"
suetonius.vitellius.holland1898-section.xml,holland-vitellius-note-012,2.3,unattributed,unresolved,numerical,Aulus.,[]
suetonius.vitellius.holland1898-section.xml,holland-vitellius-note-013,2.3,unattributed,unresolved,numerical,Or restraint of liberty and duresse.,[]
suetonius.vitellius.holland1898-section.xml,holland-vitellius-note-015,2.4,unattributed,unresolved,alphabetical,"These kinde people, so double diligent about the feminine sexe, be fitly called good womens-men: and doting overmuch upon their wives, Uxorii in Latin, as one would say Bridegroomes still. Such an one Seneca makes report he knew, who could not endure to be without his wives company, one minute of an houre: and if upon necessitie he went abroad into the towne, yet would he take with him a stomacher of hers, and weare it ever next his heart, etc.",[]
suetonius.vitellius.holland1898-section.xml,holland-vitellius-note-016,2.4,unattributed,unresolved,numerical,A Collution.,[]
suetonius.vitellius.holland1898-section.xml,holland-vitellius-note-017,2.4,unattributed,unresolved,numerical,Arterias.,[]
suetonius.vitellius.holland1898-section.xml,holland-vitellius-note-018,2.5,unattributed,unresolved,numerical,Or salute after a devout manner.,[]
suetonius.vitellius.holland1898-section.xml,holland-vitellius-note-019,2.5,unattributed,unresolved,numerical,Caligula.,[]
suetonius.vitellius.holland1898-section.xml,holland-vitellius-note-020,2.5,unattributed,unresolved,numerical,Which be the reverent gestures used in worshipping the Gods. See Plin. lib. 28 cap. 2.,[]
suetonius.vitellius.holland1898-section.xml,holland-vitellius-note-021,2.5,unattributed,unresolved,alphabetical,"No doubt the same was garnished with Gold, rich stones and pretious pearles. See Plin. lib. 9, cap. 35.",[]
suetonius.vitellius.holland1898-section.xml,holland-vitellius-note-022,2.5,unattributed,unresolved,numerical,"So called, because they were solemnized but once in an hundred, or an hundred and x. yeeres.",[]
suetonius.vitellius.holland1898-section.xml,holland-vitellius-note-023,3.1,unattributed,unresolved,alphabetical,"It may be gathered it was Hemiplegia, which we call the dead Palsey, taking the one side of the bodie, and most commonly ensuing upon an Apoplexie, if it were not the verie Apoplexie it selfe, (which is none other but an universall palsey) considering the quicke dispatch it made.",[]
suetonius.vitellius.holland1898-section.xml,holland-vitellius-note-024,3.1,unattributed,unresolved,numerical,Subaudi (A man).,[]
suetonius.vitellius.holland1898-section.xml,holland-vitellius-note-025,3.2,unattributed,unresolved,numerical,24 September.,"[{""source"": ""holland2-uc1"", ""page"": ""189"", ""context"": ""the calends of october: or,\nas some will"", ""marker_support"": false}, {""source"": ""holland2-hvd"", ""page"": ""189"", ""context"": ""the calends of october: or,\nas some will"", ""marker_support"": false}]"
suetonius.vitellius.holland1898-section.xml,holland-vitellius-note-026,3.2,unattributed,unresolved,numerical,7th of September.,[]
suetonius.vitellius.holland1898-section.xml,holland-vitellius-note-027,3.2,unattributed,unresolved,numerical,Or fortune by the Horoscope of his Nativity.,[]
suetonius.vitellius.holland1898-section.xml,holland-vitellius-note-028,3.2,unattributed,unresolved,numerical,Emperour.,[]
suetonius.vitellius.holland1898-section.xml,holland-vitellius-note-029,3.2,unattributed,unresolved,numerical,A deviser of new fashions and formes of filthy uncleannes.,[]
suetonius.vitellius.holland1898-section.xml,holland-vitellius-note-031,7.1,unattributed,unresolved,numerical,"Veneta, which Galba likewise with them favoured.",[]
suetonius.vitellius.holland1898-section.xml,holland-vitellius-note-032,7.1,unattributed,unresolved,alphabetical,"He meaneth the crew, or faction of chariotiers holding of the blew or watchet colour: which Vitellius and Galba both affected.",[]
suetonius.vitellius.holland1898-section.xml,holland-vitellius-note-033,7.2,unattributed,unresolved,numerical,"For in such, tenants dwelt, whereas the Lord himselfe kept beneath.","[{""source"": ""holland2-uc1"", ""page"": ""191"", ""context"": ""a little upper\nlodging that he rented"", ""marker_support"": false}, {""source"": ""holland2-hvd"", ""page"": ""191"", ""context"": ""a little upper\nlodging that he rented"", ""marker_support"": false}]"
suetonius.vitellius.holland1898-section.xml,holland-vitellius-note-034,7.2,unattributed,unresolved,numerical,Tooke for rent.,[]
suetonius.vitellius.holland1898-section.xml,holland-vitellius-note-038,9.1,unattributed,unresolved,numerical,In Fraunce within the province Narbonensis.,[]
suetonius.vitellius.holland1898-section.xml,holland-vitellius-note-040,10.1,unattributed,unresolved,numerical,Or Tribunes.,[]
suetonius.vitellius.holland1898-section.xml,holland-vitellius-note-041,10.3,unattributed,unresolved,numerical,"Before Bebriacum, or Betriacum.","[{""source"": ""holland2-uc1"", ""page"": ""194"", ""context"": ""fields\nwhere the battailes was fought: and some"", ""marker_support"": false}]"
suetonius.vitellius.holland1898-section.xml,holland-vitellius-note-042,10.3,unattributed,unresolved,numerical,"Some conclude the former periode heare, and begin a new sentence thus, Pari vanitate, etc., With like vanitie, etc.",[]
suetonius.vitellius.holland1898-section.xml,holland-vitellius-note-043,10.3,unattributed,unresolved,numerical,M. Othonis.' Plutarch.,[]
suetonius.vitellius.holland1898-section.xml,holland-vitellius-note-044,10.3,unattributed,unresolved,numerical,Or Mausoleum.,[]
suetonius.vitellius.holland1898-section.xml,holland-vitellius-note-045,10.3,unattributed,unresolved,numerical,Or wake.,[]
suetonius.vitellius.holland1898-section.xml,holland-vitellius-note-046,11.1,unattributed,unresolved,numerical,"Or among the Standards and other Ensignes, inter signa et vexilla.","[{""source"": ""holland2-uc1"", ""page"": ""195"", ""context"": ""ensignes, banners and flags: his followers\nand dependants"", ""marker_support"": false}, {""source"": ""holland2-hvd"", ""page"": ""195"", ""context"": ""ensignes, banners and flags: his followers\nand dependants"", ""marker_support"": false}]"
suetonius.vitellius.holland1898-section.xml,holland-vitellius-note-047,11.2,unattributed,unresolved,alphabetical,"So called, of an infortunate battaile fought that day neere the river Allia: in which, the Romans were overthrowne by the French : who following the train of their victory, advanced their ensignes to Rome, forced the Citie, and put it to the sacke.",[]
suetonius.vitellius.holland1898-section.xml,holland-vitellius-note-048,11.2,unattributed,unresolved,numerical,Or Folk mote.,[]
suetonius.vitellius.holland1898-section.xml,holland-vitellius-note-049,11.2,unattributed,unresolved,numerical,Nero.,[]
suetonius.vitellius.holland1898-section.xml,holland-vitellius-note-050,11.2,unattributed,unresolved,alphabetical,"Some read De Dominico, i. out of Dominicus, for so it may seeme, was the booke of Neroes Canticles entituled, alluding to himselfe, who would be called Rerum Dominus, i. Lord of the world.",[]
suetonius.vitellius.holland1898-section.xml,holland-vitellius-note-052,12.1,unattributed,unresolved,numerical,Statimque solvit.,[]
suetonius.vitellius.holland1898-section.xml,holland-vitellius-note-053,12.1,unattributed,unresolved,numerical,"Ferocitatem or furacitatem, i. theeverie.",[]
suetonius.vitellius.holland1898-section.xml,holland-vitellius-note-054,12.1,unattributed,unresolved,numerical,In manner of mountbankes.,[]
suetonius.vitellius.holland1898-section.xml,holland-vitellius-note-055,13.1,unattributed,unresolved,numerical,After supper.,"[{""source"": ""holland2-uc1"", ""page"": ""196"", ""context"": ""supper and rere-bankets, able to beare them"", ""marker_support"": false}, {""source"": ""holland2-hvd"", ""page"": ""196"", ""context"": ""supper and rere-bankets, able to beare them"", ""marker_support"": false}]"
suetonius.vitellius.holland1898-section.xml,holland-vitellius-note-056,13.1,unattributed,unresolved,alphabetical,"Cornelius Celsus findeth no fault with Asclepiades, who condemned vomiting, Offensus eorum consuetudine, qui quotidie eiiciendo vorandi facultatem moliuntur, i. as utterly disliking their manner, who by daily casting up their gorge, seeke to enable themselves for beastly gourdmandise. And to the same purpose he saith: Istud luxuria causa fieri non oportere, i. That this ought not to be put in use, for to maintaine riotous excesse. He admonisheth also, Ne quis qui valere et senescere volet, hoc quotidianum faciat, That no man who desireth to live long and in health would make it a daily practise. But Seneca reproveth such verie aptly in these words: Edunt ut vomant, vomunt ut edant. They eat, to vomit, and they vomit, to eat.",[]
suetonius.vitellius.holland1898-section.xml,holland-vitellius-note-057,13.1,unattributed,unresolved,numerical,3125l. sterling.,[]
suetonius.vitellius.holland1898-section.xml,holland-vitellius-note-058,13.2,unattributed,unresolved,numerical,Or charger.,"[{""source"": ""holland2-uc1"", ""page"": ""196"", ""context"": ""dedication of that platter, which for the huge"", ""marker_support"": false}, {""source"": ""holland2-hvd"", ""page"": ""196"", ""context"": ""dedication of that platter, which for the huge"", ""marker_support"": false}]"
suetonius.vitellius.holland1898-section.xml,holland-vitellius-note-059,13.2,unattributed,unresolved,numerical,Minerva.,[]
suetonius.vitellius.holland1898-section.xml,holland-vitellius-note-060,13.2,unattributed,unresolved,numerical,Scarorum.,[]
suetonius.vitellius.holland1898-section.xml,holland-vitellius-note-061,13.2,unattributed,unresolved,alphabetical,"If Scarus were not the guilt head, a delicate fish no doubt it was in those daies, and better esteemed than the Acipenser, i. the Sturgion. It cheweth cud, and hath plaine teeth to grind withall, not indented like a combe or saw.",[]
suetonius.vitellius.holland1898-section.xml,holland-vitellius-note-062,13.2,unattributed,unresolved,numerical,Per nauarchos ac triremes: Hen dio duo.,[]
suetonius.vitellius.holland1898-section.xml,holland-vitellius-note-065,14.4,unattributed,unresolved,alphabetical,"Veraculis or vericulis, or divinaculis: all to one sense, Such as will take upon them to tell fortunes, etc. Women of this profession Apuleius termeth veratrices.",[]
suetonius.vitellius.holland1898-section.xml,holland-vitellius-note-066,14.4,unattributed,unresolved,numerical,i. Astrologers.,[]
suetonius.vitellius.holland1898-section.xml,holland-vitellius-note-067,14.4,unattributed,unresolved,alphabetical,"Bonum factum. The usuall preface or preamble premised before Edicts and Proclamations, Boni ominis causa.",[]
suetonius.vitellius.holland1898-section.xml,holland-vitellius-note-068,14.4,unattributed,unresolved,numerical,Or first day.,[]
suetonius.vitellius.holland1898-section.xml,holland-vitellius-note-069,14.4,unattributed,unresolved,numerical,Or to bee seene.,[]
suetonius.vitellius.holland1898-section.xml,holland-vitellius-note-070,14.4,unattributed,unresolved,numerical,"Not in Rome and Italy onely, as before he denounced unto them.",[]
suetonius.vitellius.holland1898-section.xml,holland-vitellius-note-071,14.5,unattributed,unresolved,numerical,"Or by a wise woman of that country where the people Catti inhabit, in Germanie.","[{""source"": ""holland2-uc1"", ""page"": ""198"", ""context"": ""thereto by one catta, a wise\nwoman, (in"", ""marker_support"": false}, {""source"": ""holland2-hvd"", ""page"": ""198"", ""context"": ""thereto by one catta, a wise\nwoman, (in"", ""marker_support"": false}]"
suetonius.vitellius.holland1898-section.xml,holland-vitellius-note-072,15.1,unattributed,unresolved,numerical,Masiarum: because there was the high and the low.,[]
suetonius.vitellius.holland1898-section.xml,holland-vitellius-note-073,15.1,unattributed,unresolved,numerical,Or offer.,[]
suetonius.vitellius.holland1898-section.xml,holland-vitellius-note-074,15.3,unattributed,unresolved,numerical,"Nihil iam metuens, some read metuentes, to this sense, that he chased them fearing no such thing.","[{""source"": ""holland2-uc1"", ""page"": ""199"", ""context"": ""that now fearing nothing at all hee came"", ""marker_support"": false}, {""source"": ""holland2-hvd"", ""page"": ""199"", ""context"": ""that now fearing nothing at all hee came"", ""marker_support"": false}]"
suetonius.vitellius.holland1898-section.xml,holland-vitellius-note-075,15.3,unattributed,unresolved,numerical,The faction of Flavius Vespatianus.,[]
suetonius.vitellius.holland1898-section.xml,holland-vitellius-note-076,15.3,unattributed,unresolved,numerical,For yee must remember how much hee was given to gourmandise.,[]
suetonius.vitellius.holland1898-section.xml,holland-vitellius-note-077,15.4,unattributed,unresolved,numerical,"Pugionem or rapier, a pungendo quia punctim potius quam cæsim vulnerat.",[]
suetonius.vitellius.holland1898-section.xml,holland-vitellius-note-078,15.4,unattributed,unresolved,alphabetical,"By this ceremonie, he seemed to resigne up his Empyre.",[]
suetonius.vitellius.holland1898-section.xml,holland-vitellius-note-079,16.1,unattributed,unresolved,numerical,Or Licter.,"[{""source"": ""holland2-uc1"", ""page"": ""200"", ""context"": ""within a bearing chaire, accompanied with two persons"", ""marker_support"": false}, {""source"": ""holland2-hvd"", ""page"": ""200"", ""context"": ""within a bearing chaire, accompanied with two persons"", ""marker_support"": false}]"
suetonius.vitellius.holland1898-section.xml,holland-vitellius-note-080,16.1,unattributed,unresolved,numerical,That made his deinty pastry works and sweet meates: meete grooms to accompanie such a glutton.,[]
suetonius.vitellius.holland1898-section.xml,holland-vitellius-note-081,16.1,unattributed,unresolved,numerical,Or bandelier.,[]
suetonius.vitellius.holland1898-section.xml,holland-vitellius-note-082,16.1,unattributed,unresolved,numerical,15 Shilling peeces and better.,[]
suetonius.vitellius.holland1898-section.xml,holland-vitellius-note-083,16.1,unattributed,unresolved,alphabetical,"Making semblance thereby, that he was fled and gone, for, the manner was, at the Porters lodge doore, if no bodie were within, to tie up a mastive dog, for to give warning abroad if any man came. And not farre from the said lodge, such a dog, with a chaine, was usually painted upon the wall, with these words, in great letters: Cave, Cave Canem, i. Beware, Beware the Dog.",[]
suetonius.vitellius.holland1898-section.xml,holland-vitellius-note-085,17.1,unattributed,unresolved,numerical,Or market place.,[]
suetonius.vitellius.holland1898-section.xml,holland-vitellius-note-086,17.1,unattributed,unresolved,numerical,Sacra via reacheth from the palace to the Forum.,[]
suetonius.vitellius.holland1898-section.xml,holland-vitellius-note-087,17.1,unattributed,unresolved,numerical,As a gag.,[]
suetonius.vitellius.holland1898-section.xml,holland-vitellius-note-088,17.2,unattributed,unresolved,numerical,"Or firebrand, because he burnt the Capitoll.",[]
suetonius.vitellius.holland1898-section.xml,holland-vitellius-note-089,17.2,unattributed,unresolved,numerical,"Or Platter Knight, for his gormandize and huge platter afore-said.",[]
suetonius.vitellius.holland1898-section.xml,holland-vitellius-note-090,17.2,unattributed,unresolved,numerical,Caligula.,[]
suetonius.vitellius.holland1898-section.xml,holland-vitellius-note-091,18.1,unattributed,unresolved,alphabetical,"He meaneth that Gallus Gallinaceus, or dunghill cocke, that before had perched upon his head and shoulders, alluding to the French, who are likewise named Galli.",[]
suetonius.vitellius.holland1898-section.xml,holland-vitellius-note-092,18.1,unattributed,unresolved,numerical,"Or Becco a beak in English, which may somewhat confirme the learned conjecture of him, who guesseth that both our auncient nation and language were extract from Gaule.",[]
suetonius.vitellius.loeb_eng1.xml,rolfe-vitellius-note-001,2.2,unattributed,unresolved,,32 A.D.,[]
suetonius.vitellius.loeb_eng1.xml,rolfe-vitellius-note-002,2.2,editor,unresolved,,See Tac. Ann. 2. 48.,[]
suetonius.vitellius.loeb_eng1.xml,rolfe-vitellius-note-003,2.3,unattributed,unresolved,,20 A.D.,"[{""source"": ""loeb2-uc1"", ""page"": ""251"", ""context"": ""gnaeus piso, the enemy 20 a.d.\nand murderer of his"", ""marker_support"": false}]"
suetonius.vitellius.loeb_eng1.xml,rolfe-vitellius-note-004,2.3,unattributed,unresolved,,35 A.D.,[]
suetonius.vitellius.loeb_eng1.xml,rolfe-vitellius-note-005,2.4,unattributed,unresolved,,34 A.D.,"[{""source"": ""loeb2-uc1"", ""page"": ""251"", ""context"": ""to hold a con- 34 a.d.\nference with him, but"", ""marker_support"": false}]"
suetonius.vitellius.loeb_eng1.xml,rolfe-vitellius-note-006,2.4,unattributed,unresolved,,"43, 47, 50, 44 A.D.",[]
suetonius.vitellius.loeb_eng1.xml,rolfe-vitellius-note-007,2.5,editor,unresolved,,See Calig. xiv. 3.,[]
suetonius.vitellius.loeb_eng1.xml,rolfe-vitellius-note-008,2.5,editor,unresolved,,See Claud. xxi. 2.,[]
suetonius.vitellius.loeb_eng1.xml,rolfe-vitellius-note-009,3.2,unattributed,unresolved,,"Sept.24, 15 A.D.","[{""source"": ""loeb2-uc1"", ""page"": ""253"", ""context"": ""the kalends of october, sept. 24,\nor according to some"", ""marker_support"": false}]"
suetonius.vitellius.loeb_eng1.xml,rolfe-vitellius-note-010,3.2,unattributed,unresolved,,Sept. 7,[]
suetonius.vitellius.loeb_eng1.xml,rolfe-vitellius-note-011,3.2,editor,unresolved,,See Tib. xliii. 1.,[]
suetonius.vitellius.loeb_eng1.xml,rolfe-vitellius-note-012,4.1,editor,unresolved,,"See Nero, xii. 3 and xxi.",[]
suetonius.vitellius.loeb_eng1.xml,rolfe-vitellius-note-013,5.1,unattributed,unresolved,,60 A.D.,"[{""source"": ""loeb2-uc1"", ""page"": ""255"", ""context"": ""africa as proconsul and 60 a.d.\nserved as curator of"", ""marker_support"": false}]"
suetonius.vitellius.loeb_eng1.xml,rolfe-vitellius-note-014,7.1,editor,unresolved,,A faction in the Circus; see note on Calig. lv. 2.,"[{""source"": ""loeb2-uc1"", ""page"": ""257"", ""context"": ""support of the greens. but since\ngalba openly"", ""marker_support"": false}]"
suetonius.vitellius.loeb_eng1.xml,rolfe-vitellius-note-015,7.3,editor,unresolved,,"Supinis manibus, ""with hands uplifted,"" to the gods in gratitude. See Aug. xxxii. 2.","[{""source"": ""loeb2-uc1"", ""page"": ""259"", ""context"": ""gladly with open arms, as if he had"", ""marker_support"": false}]"
suetonius.vitellius.loeb_eng1.xml,rolfe-vitellius-note-016,8.1,editor,unresolved,,"Cf. Aug. lxxiii. and the note. See also Seneca, De Trang. An. 1. 5, placet non ex arcula prolata vestis sed domestica et vilis, nec servata nec sumenda sollicite.",[]
suetonius.vitellius.loeb_eng1.xml,rolfe-vitellius-note-017,9.1,editor,unresolved,,"Vienne, on the Rhone.","[{""source"": ""loeb2-uc1"", ""page"": ""261"", ""context"": ""the tribunal at vienna, a cock perched on"", ""marker_support"": false}]"
suetonius.vitellius.loeb_eng1.xml,rolfe-vitellius-note-018,9.1,editor,unresolved,,See chap. xviii. below.,[]
suetonius.vitellius.loeb_eng1.xml,rolfe-vitellius-note-019,10.1,editor,unresolved,,In deserting Galba for Otho.,"[{""source"": ""loeb2-uc1"", ""page"": ""261"", ""context"": ""set a pernicious example,\nand bade them hand"", ""marker_support"": false}]"
suetonius.vitellius.loeb_eng1.xml,rolfe-vitellius-note-020,10.2,editor,unresolved,,See note con Calig. liv. 2. The connection suggests an orgy in celebration of his victory.,"[{""source"": ""loeb2-uc1"", ""page"": ""263"", ""context"": ""garlands, amid lavish\nentertainments, with no discipline among"", ""marker_support"": false}]"
suetonius.vitellius.loeb_eng1.xml,rolfe-vitellius-note-021,10.3,editor,unresolved,,Modern Cologne.,"[{""source"": ""loeb2-uc1"", ""page"": ""263"", ""context"": ""the colony of\nagrippina, to be dedicated to"", ""marker_support"": false}]"
suetonius.vitellius.loeb_eng1.xml,rolfe-vitellius-note-022,11.2,editor,unresolved,,A day of special ill omen because of the defeat by the Gauls in 390 B. C.,[]
suetonius.vitellius.loeb_eng1.xml,rolfe-vitellius-note-023,11.2,editor,unresolved,,Dominicus (liber) was the name applied to a collection of Nero's compositions.,[]
suetonius.vitellius.loeb_eng1.xml,rolfe-vitellius-note-024,12.1,editor,unresolved,,A drink made of sour wine or vinegar mixed with water.,"[{""source"": ""loeb2-uc1"", ""page"": ""265"", ""context"": ""upon him\nselling posca at puteoli, he put"", ""marker_support"": false}]"
suetonius.vitellius.loeb_eng1.xml,rolfe-vitellius-note-025,13.1,editor,unresolved,,The ientaculum was ordinarily a very light breakfast: Vitellius made a banquet of it.,"[{""source"": ""loeb2-uc1"", ""page"": ""267"", ""context"": ""four a day, breakfast, luncheon, dinner, and a"", ""marker_support"": false}]"
suetonius.vitellius.loeb_eng1.xml,rolfe-vitellius-note-026,13.2,editor,unresolved,,"Pliny, N.H. 35. 163 ff., says that the platter cost a million sesterces, and that to make it a special furnace was built in the open fields.","[{""source"": ""loeb2-uc1"", ""page"": ""267"", ""context"": ""dedication of a platter, which on account of"", ""marker_support"": false}]"
suetonius.vitellius.loeb_eng1.xml,rolfe-vitellius-note-027,13.2,editor,unresolved,,Probably referring to the colossal statue of Athena Promachos on the Acropolis at Athens.,[]
suetonius.vitellius.loeb_eng1.xml,rolfe-vitellius-note-028,13.2,editor,unresolved,,"That is, from the eastern to the western limits of the Roman world.",[]
suetonius.vitellius.loeb_eng1.xml,rolfe-vitellius-note-029,14.3,editor,unresolved,,See Calig. liv. 2.,"[{""source"": ""loeb2-uc1"", ""page"": ""269"", ""context"": ""of the blue faction, thinking\nthat they had"", ""marker_support"": false}]"
suetonius.vitellius.loeb_eng1.xml,rolfe-vitellius-note-030,14.4,editor,unresolved,,"Vernaculus and verna are used by Martial 10. 3. 1 and 1. 41. 2 in the sense of ""buffoons,"" a meaning derived from the proverbial insolence of the vernae, or home-born slaves. The connection of the word here with mathematicis, and the fact that only the astrologers are mentioned in what follows, would seem to imply that the lampoons of these jesters contained predictions about Vitellius.",[]
suetonius.vitellius.loeb_eng1.xml,rolfe-vitellius-note-031,14.4,editor,unresolved,,See note on Jul. lxxx. 2.,[]
suetonius.vitellius.loeb_eng1.xml,rolfe-vitellius-note-032,14.4,editor,unresolved,,See note on Jul. lxxx. 2.,[]
suetonius.vitellius.loeb_eng1.xml,rolfe-vitellius-note-033,15.4,editor,unresolved,,As a sign that he was willing to renounce the power of life and death over the people; Tac. Hist. 3. 68.,"[{""source"": ""loeb2-uc1"", ""page"": ""273"", ""context"": ""senators, one\nby one. when no one would"", ""marker_support"": false}]"
suetonius.vitellius.loeb_eng1.xml,rolfe-vitellius-note-034,18.1,editor,unresolved,,"Chap. ix., above.","[{""source"": ""loeb2-uc1"", ""page"": ""277"", ""context"": ""as we have\nstated, that he was destined"", ""marker_support"": false}]"
suetonius.vitellius.loeb_eng1.xml,rolfe-vitellius-note-035,18.1,editor,unresolved,,"Gallus means ""a cock,"" as well as ""a Gaul.""",[]
