witness,kind,a,b,before,after,left,right,status
uc1,replace,0,1,cæsar,caius julius cesar dictator æsar,,in the sixteenth yeare of his age,"Incoming XML comparison candidate; may be OCR marker, header, punctuation/ligature, or reading-order noise. Consult changes.json."
uc1,replace,15,16,following,following¹,lost his father and in the yeare,being elected flamen dialis he cast off,"Incoming XML comparison candidate; may be OCR marker, header, punctuation/ligature, or reading-order noise. Consult changes.json."
uc1,replace,70,73,away where upon,away2c whereupon,by sulla the dictatour to put her,deprived of his sacerdotall dignitie loosing the,"Incoming XML comparison candidate; may be OCR marker, header, punctuation/ligature, or reading-order noise. Consult changes.json."
uc1,insert,92,92,,d,his wife and forfeiting all his heritages,descended unto him from his linage and,"Incoming XML comparison candidate; may be OCR marker, header, punctuation/ligature, or reading-order noise. Consult changes.json."
uc1,replace,184,185,kinsfolke,kinsfolkes,mamercus æmilius and aurelius cotta his neere,and allied unto him hee obtained pardon,"Incoming XML comparison candidate; may be OCR marker, header, punctuation/ligature, or reading-order noise. Consult changes.json."
uc1,insert,204,204,,1 or divorse 3 of marius 5,when he had denied a good while,the request of those right worshipfull persons,"Incoming XML comparison candidate; may be OCR marker, header, punctuation/ligature, or reading-order noise. Consult changes.json."
uc1,replace,231,232,importuned,ima u c 670 portuned,earnest suiters still for him being thus,and at length overcome brake forth aloud,"Incoming XML comparison candidate; may be OCR marker, header, punctuation/ligature, or reading-order noise. Consult changes.json."
uc1,replace,328,329,pretour,pretour¹,the domesticall retinue of m thermus the,by whom being sent into bithynia for,"Incoming XML comparison candidate; may be OCR marker, header, punctuation/ligature, or reading-order noise. Consult changes.json."
uc1,insert,421,421,,d,thermus honored him with a civike guirland,he was a souldiour also under servilius,"Incoming XML comparison candidate; may be OCR marker, header, punctuation/ligature, or reading-order noise. Consult changes.json."
uc1,replace,428,429,isauricus,isauricus2,he was a souldiour also under servilius,in cilicia but it was not long,"Incoming XML comparison candidate; may be OCR marker, header, punctuation/ligature, or reading-order noise. Consult changes.json."
uc1,insert,511,511,,a u c 676 1 m minutius thermus named isauri whom he subdued 2 surnamed so of the people in cilicia 3 so variable and indiscreet,he found nothing answerable to his expectation,howbeit when that civill discord and sedition,"Incoming XML comparison candidate; may be OCR marker, header, punctuation/ligature, or reading-order noise. Consult changes.json."
uc1,insert,525,525,,1,was appeased hee judicially accused for extortion,cornelius dolobella a man who had beene,"Incoming XML comparison candidate; may be OCR marker, header, punctuation/ligature, or reading-order noise. Consult changes.json."
uc1,replace,563,564,world,world2,well to decline the hatred of the,as by occasion of that leasure and,"Incoming XML comparison candidate; may be OCR marker, header, punctuation/ligature, or reading-order noise. Consult changes.json."
uc1,insert,581,581,,3,the art of oratorie under apollonius molon,a most renowmed rhetorician in those daies,"Incoming XML comparison candidate; may be OCR marker, header, punctuation/ligature, or reading-order noise. Consult changes.json."
uc1,insert,598,598,,4,the seas thitherward being now winter time,his fortune was about the isle pharmacusa,"Incoming XML comparison candidate; may be OCR marker, header, punctuation/ligature, or reading-order noise. Consult changes.json."
uc1,insert,621,621,,5,remained in custodie not without exceeding indignation,for the space well neere of xl,"Incoming XML comparison candidate; may be OCR marker, header, punctuation/ligature, or reading-order noise. Consult changes.json."
uc1,insert,814,814,,1 3 4 5 6 7 8 c,wavering and at the point to revolt,in his militarie tribuneship which was the,"Incoming XML comparison candidate; may be OCR marker, header, punctuation/ligature, or reading-order noise. Consult changes.json."
uc1,replace,850,851,commons,commons¹,all his might those patrones of the,who stoode out for the restitution of,"Incoming XML comparison candidate; may be OCR marker, header, punctuation/ligature, or reading-order noise. Consult changes.json."
uc1,insert,882,882,,2b,vertue of an act proposed by plotius,that l cinna his wives brother and,"Incoming XML comparison candidate; may be OCR marker, header, punctuation/ligature, or reading-order noise. Consult changes.json."
uc1,insert,912,912,,³,with lepidus and after the consuls death,fled unto sertorius might returne safely into,"Incoming XML comparison candidate; may be OCR marker, header, punctuation/ligature, or reading-order noise. Consult changes.json."
uc1,insert,941,941,,4,the body of the people being questour,hee made as the auncient manner was,"Incoming XML comparison candidate; may be OCR marker, header, punctuation/ligature, or reading-order noise. Consult changes.json."
uc1,insert,1140,1140,,gary 1 tribune of the commons lepidus 4 treasurer 2 a,suspecting that she had beene naught with,p clodius of whom there went so,"Incoming XML comparison candidate; may be OCR marker, header, punctuation/ligature, or reading-order noise. Consult changes.json."
uc1,insert,1194,1194,,1,pollution of those sacred rites and mysteries,during his questureship it fell unto him,"Incoming XML comparison candidate; may be OCR marker, header, punctuation/ligature, or reading-order noise. Consult changes.json."
uc1,insert,1204,1204,,a u c 687,it fell unto him by lot to,execute his office in the farther province,"Incoming XML comparison candidate; may be OCR marker, header, punctuation/ligature, or reading-order noise. Consult changes.json."
uc1,insert,1213,1213,,2,office in the farther province of spaine,where when as by the commaundement of,"Incoming XML comparison candidate; may be OCR marker, header, punctuation/ligature, or reading-order noise. Consult changes.json."
uc1,replace,1222,1223,pretour,pretour³,as by the commaundement of the lord,he rode his circuit to keepe the,"Incoming XML comparison candidate; may be OCR marker, header, punctuation/ligature, or reading-order noise. Consult changes.json."
uc1,insert,1284,1284,,5,yet no memorable act at those yeeres,wherein alexander had conquered the whole world,"Incoming XML comparison candidate; may be OCR marker, header, punctuation/ligature, or reading-order noise. Consult changes.json."
uc1,delete,1329,1330,a,,being moreover much disquieted and dismayed with,dreame the night before for he imagined,"Incoming XML comparison candidate; may be OCR marker, header, punctuation/ligature, or reading-order noise. Consult changes.json."
uc1,insert,1406,1406,,a,is counted the mother of all things,departing therefore thence before his time was,"Incoming XML comparison candidate; may be OCR marker, header, punctuation/ligature, or reading-order noise. Consult changes.json."
uc1,replace,1420,1421,colonies,coloniesª,fully expired hee went unto the latine,which were now devising and in counsell,"Incoming XML comparison candidate; may be OCR marker, header, punctuation/ligature, or reading-order noise. Consult changes.json."
uc1,insert,1446,1446,,1 2 called betica antistius vetus 4 5 library of the university of yauforνια,no doubt had solicited and excited them,to attempt some tumult and trouble in,"Incoming XML comparison candidate; may be OCR marker, header, punctuation/ligature, or reading-order noise. Consult changes.json."
uc1,insert,1520,1520,,¹,m crassus a man of consular degree,with p sulla likewise and p autronius,"Incoming XML comparison candidate; may be OCR marker, header, punctuation/ligature, or reading-order noise. Consult changes.json."
uc1,insert,1526,1526,,2,degree with p sulla likewise and p,autronius who after they were consuls elect,"Incoming XML comparison candidate; may be OCR marker, header, punctuation/ligature, or reading-order noise. Consult changes.json."
uc1,insert,1798,1798,,a u c 688 1 that had been consul 2 or l rather,and that by the occasion and meanes,of the lambranes and inhabitants beyond the,"Incoming XML comparison candidate; may be OCR marker, header, punctuation/ligature, or reading-order noise. Consult changes.json."
uc1,replace,1800,1801,lambranes,lambranes¹,by the occasion and meanes of the,and inhabitants beyond the po but the,"Incoming XML comparison candidate; may be OCR marker, header, punctuation/ligature, or reading-order noise. Consult changes.json."
uc1,insert,1826,1826,,2,frustrate by reason of piso his death,when he was ædile besides the comitium,"Incoming XML comparison candidate; may be OCR marker, header, punctuation/ligature, or reading-order noise. Consult changes.json."
uc1,replace,1834,1836,market place,marketplace,he was ædile besides the comitium the,and statelie halls of justice hee beautified,"Incoming XML comparison candidate; may be OCR marker, header, punctuation/ligature, or reading-order noise. Consult changes.json."
uc1,insert,2005,2005,,3,of rome unto both the twin brethren,beareth the name of castor alone even,"Incoming XML comparison candidate; may be OCR marker, header, punctuation/ligature, or reading-order noise. Consult changes.json."
uc1,insert,2066,2066,,4,by a good many than he purposed,for buying up as he did such,"Incoming XML comparison candidate; may be OCR marker, header, punctuation/ligature, or reading-order noise. Consult changes.json."
uc1,delete,2073,2074,a,,for buying up as he did such,sort of fencers from all parts out,"Incoming XML comparison candidate; may be OCR marker, header, punctuation/ligature, or reading-order noise. Consult changes.json."
uc1,insert,2128,2128,,a 1 2 4 a u c 689,no man might retaine anie at rome,thus when he had gained the harts,"Incoming XML comparison candidate; may be OCR marker, header, punctuation/ligature, or reading-order noise. Consult changes.json."
uc1,insert,2139,2139,,a u c 690,gained the harts and favour of the,people he gave the attempt by some,"Incoming XML comparison candidate; may be OCR marker, header, punctuation/ligature, or reading-order noise. Consult changes.json."
uc1,insert,2149,2149,,¹,the attempt by some of the tribunes,and sued to have the province of,"Incoming XML comparison candidate; may be OCR marker, header, punctuation/ligature, or reading-order noise. Consult changes.json."
uc1,replace,2156,2157,ægypt,egypt,and sued to have the province of,by an act of the commons conferred,"Incoming XML comparison candidate; may be OCR marker, header, punctuation/ligature, or reading-order noise. Consult changes.json."
uc1,replace,2186,2187,roialme,roialme²,had driven their king out of his,whom the senate had styled with the,"Incoming XML comparison candidate; may be OCR marker, header, punctuation/ligature, or reading-order noise. Consult changes.json."
uc1,replace,2270,2271,againe,againe³,by sulla he erected and set up,also in sitting upon a commission for,"Incoming XML comparison candidate; may be OCR marker, header, punctuation/ligature, or reading-order noise. Consult changes.json."
uc1,insert,2282,2282,,4,a commission for the examination of murderers,hee reckoned those in the number of,"Incoming XML comparison candidate; may be OCR marker, header, punctuation/ligature, or reading-order noise. Consult changes.json."
uc1,insert,2313,2313,,ª,bringing in the heads of romaine citizens,notwithstanding they were excepted by vertue of,"Incoming XML comparison candidate; may be OCR marker, header, punctuation/ligature, or reading-order noise. Consult changes.json."
uc1,insert,2323,2323,,b,excepted by vertue of the lawes corneliæ,moreover he suborned one and set him,"Incoming XML comparison candidate; may be OCR marker, header, punctuation/ligature, or reading-order noise. Consult changes.json."
uc1,replace,2330,2331,on,onª,moreover he suborned one and set him,to endite c rabirius of high treason,"Incoming XML comparison candidate; may be OCR marker, header, punctuation/ligature, or reading-order noise. Consult changes.json."
uc1,insert,2338,2338,,b,to endite c rabirius of high treason,by whose helpe especially some yeares before,"Incoming XML comparison candidate; may be OCR marker, header, punctuation/ligature, or reading-order noise. Consult changes.json."
uc1,insert,2397,2397,,6 1 that hee might governe it and place the king againe in his roiall seate 2 3 as torrentius saith 5 6 cæsar,good as the rigour of the judge,having laied a side all hope of,"Incoming XML comparison candidate; may be OCR marker, header, punctuation/ligature, or reading-order noise. Consult changes.json."
uc1,insert,2407,2407,,¹,side all hope of the foresaid province,he stood to be the highest priest,"Incoming XML comparison candidate; may be OCR marker, header, punctuation/ligature, or reading-order noise. Consult changes.json."
uc1,insert,2418,2418,,a u c 691,the highest priest not without excessive and,most lavish largesse wherein considering how deepely,"Incoming XML comparison candidate; may be OCR marker, header, punctuation/ligature, or reading-order noise. Consult changes.json."
uc1,insert,2499,2499,,2,than both of them in all throughout,being created pretour when as the conspiracie,"Incoming XML comparison candidate; may be OCR marker, header, punctuation/ligature, or reading-order noise. Consult changes.json."
uc1,replace,2501,2502,pretour,pretour³,of them in all throughout being created,when as the conspiracie of catiline was,"Incoming XML comparison candidate; may be OCR marker, header, punctuation/ligature, or reading-order noise. Consult changes.json."
uc1,insert,2617,2617,,5,nor unwilling to mollifie his owne award,with a gentle exposition because it had,"Incoming XML comparison candidate; may be OCR marker, header, punctuation/ligature, or reading-order noise. Consult changes.json."
uc1,insert,2635,2635,,as,alter it and eate his owne words,if it had beene taken and construed,"Incoming XML comparison candidate; may be OCR marker, header, punctuation/ligature, or reading-order noise. Consult changes.json."
uc1,replace,2699,2700,as,1 2 which were 35 3 ultimum supplicium 5 quintus cicéro m cicero,all the senatours in their former sentence,who now were at the point to,"Incoming XML comparison candidate; may be OCR marker, header, punctuation/ligature, or reading-order noise. Consult changes.json."
uc1,insert,2743,2743,,¹,place in armes for guard and defence,threatned to dispatch him out of the,"Incoming XML comparison candidate; may be OCR marker, header, punctuation/ligature, or reading-order noise. Consult changes.json."
uc1,insert,2795,2795,,2,their armes and putting their gownes betweene,hardly and with much a doo saved,"Incoming XML comparison candidate; may be OCR marker, header, punctuation/ligature, or reading-order noise. Consult changes.json."
uc1,insert,2836,2836,,a u c 692,forbare to come into the senate house,the very first day of his pretourship,"Incoming XML comparison candidate; may be OCR marker, header, punctuation/ligature, or reading-order noise. Consult changes.json."
uc1,replace,2875,2876,lawe,laweb,of the capitoll having withall promulged a,by vertue whereof hee transferred the charge,"Incoming XML comparison candidate; may be OCR marker, header, punctuation/ligature, or reading-order noise. Consult changes.json."
uc1,insert,2888,2888,,4,the charge of that worke unto another,but not able to match the nobles,"Incoming XML comparison candidate; may be OCR marker, header, punctuation/ligature, or reading-order noise. Consult changes.json."
uc1,insert,2941,2941,,d,their officious attendance upon the new consuls,hee gave over this action but whereas,"Incoming XML comparison candidate; may be OCR marker, header, punctuation/ligature, or reading-order noise. Consult changes.json."
uc1,insert,3011,3011,,1 of consul and senate 4 5,administration of the common wealth howbeit presuming,neverthelesse to continue in his magistracie and,"Incoming XML comparison candidate; may be OCR marker, header, punctuation/ligature, or reading-order noise. Consult changes.json."
uc1,insert,3144,3144,,b,them sent for him into the curia,and after they had in most honourable,"Incoming XML comparison candidate; may be OCR marker, header, punctuation/ligature, or reading-order noise. Consult changes.json."
uc1,replace,3253,3254,catiline,catilinė,owne hand writing which he gave unto,but this was such an indignitie as,"Incoming XML comparison candidate; may be OCR marker, header, punctuation/ligature, or reading-order noise. Consult changes.json."
uc1,insert,3353,3353,,1 d a u c 693,after the same sort he served novius,the questour because hee suffered him a,"Incoming XML comparison candidate; may be OCR marker, header, punctuation/ligature, or reading-order noise. Consult changes.json."
uc1,replace,3376,3377,his,his¹,in his house after this pretourship of,having the government of the farther province,"Incoming XML comparison candidate; may be OCR marker, header, punctuation/ligature, or reading-order noise. Consult changes.json."
uc1,insert,3540,3540,,a u c 695,the writs and proclamations were out for,the great assemblie to election of consuls,"Incoming XML comparison candidate; may be OCR marker, header, punctuation/ligature, or reading-order noise. Consult changes.json."
uc1,insert,3597,3597,,b,by the consulship to forgoe his triumph,of the two competitours with him for,"Incoming XML comparison candidate; may be OCR marker, header, punctuation/ligature, or reading-order noise. Consult changes.json."
uc1,replace,3680,3681,magistrate,1 2 cato and his followers 3 optimates magistrate¹,were afraide that being once a soveraigne,and having a collegue ready at his,"Incoming XML comparison candidate; may be OCR marker, header, punctuation/ligature, or reading-order noise. Consult changes.json."
uc1,insert,3781,3781,,b,this yeere following should have the provinces,and commissions of least affaire and importance,"Incoming XML comparison candidate; may be OCR marker, header, punctuation/ligature, or reading-order noise. Consult changes.json."
uc1,replace,3799,3800,pathes,pathesd,unto forrests and woods unto lanes and,cæsar taking this wrong and disgrace most,"Incoming XML comparison candidate; may be OCR marker, header, punctuation/ligature, or reading-order noise. Consult changes.json."
uc1,replace,3962,3963,him,himb,knitches of rods with axes borne before,a publique officer called accensus should huisher,"Incoming XML comparison candidate; may be OCR marker, header, punctuation/ligature, or reading-order noise. Consult changes.json."
uc1,insert,4024,4024,,1 consull,the morrow after when the saide bibulus,had made his complaint in the senate,"Incoming XML comparison candidate; may be OCR marker, header, punctuation/ligature, or reading-order noise. Consult changes.json."
uc1,replace,4066,4067,tumults,tumults¹,censure thereof as often times in lighter,and stirres there had passed many decrees,"Incoming XML comparison candidate; may be OCR marker, header, punctuation/ligature, or reading-order noise. Consult changes.json."
uc1,insert,4102,4102,,2,house and never prohibited any proceedings else,but by way of edicts from that,"Incoming XML comparison candidate; may be OCR marker, header, punctuation/ligature, or reading-order noise. Consult changes.json."
uc1,replace,4106,4107,edicts,edict,any proceedings else but by way of,from that time forward cæsar alone managed,"Incoming XML comparison candidate; may be OCR marker, header, punctuation/ligature, or reading-order noise. Consult changes.json."
uc1,replace,4270,4271,more,mored,citizens who could shew three children or,the publicanes making request for some easement,"Incoming XML comparison candidate; may be OCR marker, header, punctuation/ligature, or reading-order noise. Consult changes.json."
uc1,insert,4280,4280,,5,making request for some easement hee relieved,by striking of a third part of,"Incoming XML comparison candidate; may be OCR marker, header, punctuation/ligature, or reading-order noise. Consult changes.json."
uc1,insert,4343,4343,,1 2 4 5,gaine said him but went any about,to thwart him he was soone frighted,"Incoming XML comparison candidate; may be OCR marker, header, punctuation/ligature, or reading-order noise. Consult changes.json."
uc1,replace,4438,4439,thereof,thereof¹,very same day at the ninth houre,hee brought p clodius his enemie to,"Incoming XML comparison candidate; may be OCR marker, header, punctuation/ligature, or reading-order noise. Consult changes.json."
uc1,insert,4498,4498,,2,generall of the contrary faction an appeacher,to professe that he was sollicited by,"Incoming XML comparison candidate; may be OCR marker, header, punctuation/ligature, or reading-order noise. Consult changes.json."
uc1,insert,4580,4580,,³,poysoned the partie whom he had suborned,and made him away for telling any,"Incoming XML comparison candidate; may be OCR marker, header, punctuation/ligature, or reading-order noise. Consult changes.json."
uc1,insert,4672,4672,,1 2 l vettius according to dion and appian,the custome was that the consul should,observe that order all the yeere following,"Incoming XML comparison candidate; may be OCR marker, header, punctuation/ligature, or reading-order noise. Consult changes.json."
uc1,insert,4705,4705,,¹,favour and assistance of his wives father,and sonne in law out of all,"Incoming XML comparison candidate; may be OCR marker, header, punctuation/ligature, or reading-order noise. Consult changes.json."
uc1,insert,4709,4709,,2,his wives father and sonne in law,out of all that choice of provinces,"Incoming XML comparison candidate; may be OCR marker, header, punctuation/ligature, or reading-order noise. Consult changes.json."
uc1,replace,4735,4736,triumphs,triumphsa,his hand and minister matter sufficient of,and verily at the first by vertue,"Incoming XML comparison candidate; may be OCR marker, header, punctuation/ligature, or reading-order noise. Consult changes.json."
uc1,replace,4746,4747,vatinia,vatiniab,the first by vertue of the law,he tooke upon him the government of,"Incoming XML comparison candidate; may be OCR marker, header, punctuation/ligature, or reading-order noise. Consult changes.json."
uc1,replace,4772,4773,comata,comatad,the senate that also which was called,for the nobilitie feared least if they,"Incoming XML comparison candidate; may be OCR marker, header, punctuation/ligature, or reading-order noise. Consult changes.json."
uc1,replace,4987,4988,him,hima,and immediately his questour for to prejudice,was drawne into trouble and indited upon,"Incoming XML comparison candidate; may be OCR marker, header, punctuation/ligature, or reading-order noise. Consult changes.json."
uc1,insert,4992,4992,,a u c 696 1 piso stand in force 2cn pompeius whether they should be repealed or when he was consul,to prejudice him was drawne into trouble,and indited upon certaine crimes within a,"Incoming XML comparison candidate; may be OCR marker, header, punctuation/ligature, or reading-order noise. Consult changes.json."
uc1,insert,5113,5113,,1,defend and maintaine him in his absence,for assurance of which their covenant he,"Incoming XML comparison candidate; may be OCR marker, header, punctuation/ligature, or reading-order noise. Consult changes.json."
uc1,insert,5145,5145,,a,l domitius a candidate for the consulship,threatned openly that were he once consul,"Incoming XML comparison candidate; may be OCR marker, header, punctuation/ligature, or reading-order noise. Consult changes.json."
uc1,insert,5288,5288,,2 2,french word for named it was alauda,which being trained in militarie discipline armed,"Incoming XML comparison candidate; may be OCR marker, header, punctuation/ligature, or reading-order noise. Consult changes.json."
uc1,insert,5312,5312,,1 a u c 698,enfranchized throughout and made free of rome,neither from this time forward forbare he,"Incoming XML comparison candidate; may be OCR marker, header, punctuation/ligature, or reading-order noise. Consult changes.json."
uc1,insert,5649,5649,,1 namely cato plutarch,an ambush and put to the sword,within the compasse of which very same,"Incoming XML comparison candidate; may be OCR marker, header, punctuation/ligature, or reading-order noise. Consult changes.json."
uc1,insert,5664,5664,,¹,hee lost by death first his mother,then his daughter julia and not long,"Incoming XML comparison candidate; may be OCR marker, header, punctuation/ligature, or reading-order noise. Consult changes.json."
uc1,insert,5674,5674,,2,julia and not long after his neece,by the said daughter and in this,"Incoming XML comparison candidate; may be OCR marker, header, punctuation/ligature, or reading-order noise. Consult changes.json."
uc1,insert,5696,5696,,³,and astonied at the murder of clodius,when the senate thought good there should,"Incoming XML comparison candidate; may be OCR marker, header, punctuation/ligature, or reading-order noise. Consult changes.json."
uc1,insert,5938,5938,,5,he provided neverthelesse by his houshold servants,all the notable and well knowne sword,"Incoming XML comparison candidate; may be OCR marker, header, punctuation/ligature, or reading-order noise. Consult changes.json."
uc1,insert,5984,5984,,1 by milo 4 5 domesticatim a u c 700 e,and charged they should be had away,by force and reserved for himselfe as,"Incoming XML comparison candidate; may be OCR marker, header, punctuation/ligature, or reading-order noise. Consult changes.json."
uc1,insert,6142,6142,,1,will of pompeius octavia his sisters neece,wedded unto c marcellus hee affianced and,"Incoming XML comparison candidate; may be OCR marker, header, punctuation/ligature, or reading-order noise. Consult changes.json."
uc1,replace,6256,6257,maister,maister2,were in favour with their lord and,tasted of his liberality moreover there was,"Incoming XML comparison candidate; may be OCR marker, header, punctuation/ligature, or reading-order noise. Consult changes.json."
uc1,insert,6328,6328,,or patrone 1,or were so low brought or had,been so excessive in riot as that,"Incoming XML comparison candidate; may be OCR marker, header, punctuation/ligature, or reading-order noise. Consult changes.json."
uc1,replace,6501,6502,common,commona u c 703,as touching the maine point of the,weale proposed unto the senate that for,"Incoming XML comparison candidate; may be OCR marker, header, punctuation/ligature, or reading-order noise. Consult changes.json."
uc1,insert,6580,6580,,1ª,had annulled that act of the people,by vertue whereof it was graunted that,"Incoming XML comparison candidate; may be OCR marker, header, punctuation/ligature, or reading-order noise. Consult changes.json."
uc1,insert,6692,6692,,1 ei plebiscito a u c 704,especiall favour of him but he made,a motion moreover that those inhabitants whom,"Incoming XML comparison candidate; may be OCR marker, header, punctuation/ligature, or reading-order noise. Consult changes.json."
uc1,insert,7236,7236,,and wrought,of the people which he had raised,of his comming therefore he intended to,"Incoming XML comparison candidate; may be OCR marker, header, punctuation/ligature, or reading-order noise. Consult changes.json."
uc1,insert,7429,7429,,a u c 705,would they needes have and i caius,ceasar after so many worthie exploites atchieved,"Incoming XML comparison candidate; may be OCR marker, header, punctuation/ligature, or reading-order noise. Consult changes.json."
uc1,replace,8131,8132,finger,fingerb,plucke the ring from off his owne,those that stood hinmost in the assembly,"Incoming XML comparison candidate; may be OCR marker, header, punctuation/ligature, or reading-order noise. Consult changes.json."
uc1,insert,8251,8251,,¹,along the coast of the adriatick sea,to brundis whether the consuls and pompeius,"Incoming XML comparison candidate; may be OCR marker, header, punctuation/ligature, or reading-order noise. Consult changes.json."
uc1,replace,8383,8384,armie,armieb,from thence to a captaine without an,and albeit the besieging of massilia which,"Incoming XML comparison candidate; may be OCR marker, header, punctuation/ligature, or reading-order noise. Consult changes.json."
uc1,replace,8465,8466,dis,disa u c 706 1 that is venice gulf,most mighty trenches and strong rampiers he,comfited at the last in the pharsalian,"Incoming XML comparison candidate; may be OCR marker, header, punctuation/ligature, or reading-order noise. Consult changes.json."
uc1,insert,8578,8578,,a u c 707,besides to fight having atchieved the victory,he graunted the kingdome of ægypt unto,"Incoming XML comparison candidate; may be OCR marker, header, punctuation/ligature, or reading-order noise. Consult changes.json."
uc1,replace,8681,8683,over bold,overbold,yea and now bare himselfe presumptuous and,for his manifold victories and great successe,"Incoming XML comparison candidate; may be OCR marker, header, punctuation/ligature, or reading-order noise. Consult changes.json."
uc1,insert,8752,8752,,a u c 708,this he defeited scipio and juba repairing,the reliques of that side in africk,"Incoming XML comparison candidate; may be OCR marker, header, punctuation/ligature, or reading-order noise. Consult changes.json."
uc1,insert,8826,8826,,709 f,fought his battailes alwaies most fortunatly and,never was so much as in any,"Incoming XML comparison candidate; may be OCR marker, header, punctuation/ligature, or reading-order noise. Consult changes.json."
uc1,insert,8994,8994,,¹,triumph as he rode along the velabrum,he had like to have beene shaken,"Incoming XML comparison candidate; may be OCR marker, header, punctuation/ligature, or reading-order noise. Consult changes.json."
uc1,insert,9088,9088,,2,noting his expedition in despatching the warre,throughout the legions of old souldiers he,"Incoming XML comparison candidate; may be OCR marker, header, punctuation/ligature, or reading-order noise. Consult changes.json."
uc1,insert,9123,9123,,b,beginning of the civill tumult 4000 sestertii,and to the horse men 24000 a,"Incoming XML comparison candidate; may be OCR marker, header, punctuation/ligature, or reading-order noise. Consult changes.json."
uc1,insert,9131,9131,,4,to the horse men 24000 a piece,he assigned lands also unto them but,"Incoming XML comparison candidate; may be OCR marker, header, punctuation/ligature, or reading-order noise. Consult changes.json."
uc1,insert,9141,9141,,1 a streete in rome 2 sicut cateri 3 4,also unto them but not lying all,together because none of the owners should,"Incoming XML comparison candidate; may be OCR marker, header, punctuation/ligature, or reading-order noise. Consult changes.json."
uc1,replace,9161,9162,modii,modiid,among the people of rome beside x,of corne and as many pints of,"Incoming XML comparison candidate; may be OCR marker, header, punctuation/ligature, or reading-order noise. Consult changes.json."
uc1,replace,9191,9192,100,100g,times past promised with an overdeale of,a peece to boote for time hee,"Incoming XML comparison candidate; may be OCR marker, header, punctuation/ligature, or reading-order noise. Consult changes.json."
uc1,replace,9197,9198,time,time¹,of 100 a peece to boote for,hee remitted moreover one yeeres house rent,"Incoming XML comparison candidate; may be OCR marker, header, punctuation/ligature, or reading-order noise. Consult changes.json."
uc1,replace,9230,9231,500,5001,italie if the said rent exceeded not,furthermore hee made them a generall great,"Incoming XML comparison candidate; may be OCR marker, header, punctuation/ligature, or reading-order noise. Consult changes.json."
uc1,insert,9246,9246,,2,and distributed a dole of raw flesh,yea and after his victorie in spaine,"Incoming XML comparison candidate; may be OCR marker, header, punctuation/ligature, or reading-order noise. Consult changes.json."
uc1,insert,9299,9299,,a u c 708,of sundry sorts as namely a sword,fight of fencers at sharpe hee set,"Incoming XML comparison candidate; may be OCR marker, header, punctuation/ligature, or reading-order noise. Consult changes.json."
uc1,insert,9333,9333,,b,all languages semblably the solemne games circenses,hee shewed and brought foorth champions also,"Incoming XML comparison candidate; may be OCR marker, header, punctuation/ligature, or reading-order noise. Consult changes.json."
uc1,replace,9416,9417,laberius,laberiusd,bithynia during the stage plaies aforesaid d,a gentleman of rome acted his owne,"Incoming XML comparison candidate; may be OCR marker, header, punctuation/ligature, or reading-order noise. Consult changes.json."
uc1,insert,9462,9462,,1 2,the knights in the 14 foremost seates,at the games circenses against which the,"Incoming XML comparison candidate; may be OCR marker, header, punctuation/ligature, or reading-order noise. Consult changes.json."
uc1,replace,9512,9513,game,game¹,gentlemen of the nobilitie the warlike trojan,was performed by a two fold troupe,"Incoming XML comparison candidate; may be OCR marker, header, punctuation/ligature, or reading-order noise. Consult changes.json."
uc1,insert,9597,9597,,¹,steed of them were pitched two campes,confronting one another as for the champions,"Incoming XML comparison candidate; may be OCR marker, header, punctuation/ligature, or reading-order noise. Consult changes.json."
uc1,replace,9661,9662,codeta,codeta¹,for a great poole in the lesse,wherein certaine gallies as well with two,"Incoming XML comparison candidate; may be OCR marker, header, punctuation/ligature, or reading-order noise. Consult changes.json."
uc1,insert,9828,9828,,1 or tents,course of the sunne that it should,containe 365 daies and by abolishing the,"Incoming XML comparison candidate; may be OCR marker, header, punctuation/ligature, or reading-order noise. Consult changes.json."
uc1,replace,9845,9846,betweene,betweeneª,day every fourth yeare might be inserted,now to the end that the computation,"Incoming XML comparison candidate; may be OCR marker, header, punctuation/ligature, or reading-order noise. Consult changes.json."
uc1,replace,9864,9865,januarie,januarie¹,come might from the new kalends of,agree the better betweene november and december,"Incoming XML comparison candidate; may be OCR marker, header, punctuation/ligature, or reading-order noise. Consult changes.json."
uc1,insert,9914,9914,,ª,up the full number of the senatours,and chose unto that place new patritii,"Incoming XML comparison candidate; may be OCR marker, header, punctuation/ligature, or reading-order noise. Consult changes.json."
uc1,insert,9921,9921,,2 b,and chose unto that place new patritii,the number of pretours ediles questors and,"Incoming XML comparison candidate; may be OCR marker, header, punctuation/ligature, or reading-order noise. Consult changes.json."
uc1,insert,10091,10091,,3,those who had been proscript and outlawed,he reduced all judgements unto two sorts,"Incoming XML comparison candidate; may be OCR marker, header, punctuation/ligature, or reading-order noise. Consult changes.json."
uc1,insert,10128,10128,,4,had been the third he utterly abolished,the generall survay and numbering of the,"Incoming XML comparison candidate; may be OCR marker, header, punctuation/ligature, or reading-order noise. Consult changes.json."
uc1,replace,10142,10143,manner,mannerd,people he held neither after the accustomed,nor in the usuall place but streete,"Incoming XML comparison candidate; may be OCR marker, header, punctuation/ligature, or reading-order noise. Consult changes.json."
uc1,insert,10147,10147,,1 calendis januariis novis trary to the law cornelia 2 4 3 concaius,the accustomed manner nor in the usuall,place but streete by streete and that,"Incoming XML comparison candidate; may be OCR marker, header, punctuation/ligature, or reading-order noise. Consult changes.json."
uc1,insert,10166,10166,,1,owners of messuages and tenements standing together,and whereas 320000 citizens received allowance of,"Incoming XML comparison candidate; may be OCR marker, header, punctuation/ligature, or reading-order noise. Consult changes.json."
uc1,replace,10168,10169,320000,3 020 000,messuages and tenements standing together and whereas,citizens received allowance of corne from the,"Incoming XML comparison candidate; may be OCR marker, header, punctuation/ligature, or reading-order noise. Consult changes.json."
uc1,insert,10342,10342,,b,the familiar traine of a chiefe magistrate,should travaile forth of italie item that,"Incoming XML comparison candidate; may be OCR marker, header, punctuation/ligature, or reading-order noise. Consult changes.json."
uc1,insert,10471,10471,,1,of the principall whatsoever had beene paide,or set downe in the obligations for,"Incoming XML comparison candidate; may be OCR marker, header, punctuation/ligature, or reading-order noise. Consult changes.json."
uc1,insert,10535,10535,,¹,the sooner because they went into banishment,and saved their whole patrimonies and estates,"Incoming XML comparison candidate; may be OCR marker, header, punctuation/ligature, or reading-order noise. Consult changes.json."
uc1,insert,10543,10543,,a,saved their whole patrimonies and estates parricides,therfore and wilfull murderers as cicero writeth,"Incoming XML comparison candidate; may be OCR marker, header, punctuation/ligature, or reading-order noise. Consult changes.json."
uc1,replace,10675,10676,sumptuaria,sumptuariab,ages and upon special daies the law,to represse excessive cost in fare he,"Incoming XML comparison candidate; may be OCR marker, header, punctuation/ligature, or reading-order noise. Consult changes.json."
uc1,insert,10781,10781,,1 2 or scarlet in graine,escaped the hands of the foresaid warders,for as concerning his purpose to adorne,"Incoming XML comparison candidate; may be OCR marker, header, punctuation/ligature, or reading-order noise. Consult changes.json."
uc1,replace,11011,11012,isthmus,isthmusb,river tibris and to digge through the,moreover to bridle the dakes who had,"Incoming XML comparison candidate; may be OCR marker, header, punctuation/ligature, or reading-order noise. Consult changes.json."
uc1,replace,11174,11175,affaires,affaires¹,also in the midst of his martiall,he was surprized with the falling sicknes,"Incoming XML comparison candidate; may be OCR marker, header, punctuation/ligature, or reading-order noise. Consult changes.json."
uc1,replace,11181,11182,sicknes,sicknesª,affaires he was surprized with the falling,about the trimming of his body he,"Incoming XML comparison candidate; may be OCR marker, header, punctuation/ligature, or reading-order noise. Consult changes.json."
uc1,replace,11191,11192,curious,curious2,trimming of his body he was over,so as he would not onely be,"Incoming XML comparison candidate; may be OCR marker, header, punctuation/ligature, or reading-order noise. Consult changes.json."
uc1,insert,11319,11319,,³,his apparel he was noted for singularity,as who used to goe in his,"Incoming XML comparison candidate; may be OCR marker, header, punctuation/ligature, or reading-order noise. Consult changes.json."
uc1,insert,11381,11381,,b,the boy that went girded so dissolutely,he dwelt at first in the suburra,"Incoming XML comparison candidate; may be OCR marker, header, punctuation/ligature, or reading-order noise. Consult changes.json."
uc1,insert,11388,11388,,4,he dwelt at first in the suburra,but after he was high priest in,"Incoming XML comparison candidate; may be OCR marker, header, punctuation/ligature, or reading-order noise. Consult changes.json."
uc1,insert,11462,11462,,2 or fantasticall 8 4 g,pulled quite downe although as yet he,was but of meane estate and deepely,"Incoming XML comparison candidate; may be OCR marker, header, punctuation/ligature, or reading-order noise. Consult changes.json."
uc1,replace,11493,11494,cut,cut¹,of checker worke made of quarels square,so as they might be taken asunder,"Incoming XML comparison candidate; may be OCR marker, header, punctuation/ligature, or reading-order noise. Consult changes.json."
uc1,insert,11747,11747,,2 thus 1,wife albeit no man made complaint thereof,his good name for continencie and cleane,"Incoming XML comparison candidate; may be OCR marker, header, punctuation/ligature, or reading-order noise. Consult changes.json."
uc1,replace,11802,11803,cæsaris,cæsaris¹,of calvus licinius bithynia quicquid et pædicator,unquam habuit looke what it was that,"Incoming XML comparison candidate; may be OCR marker, header, punctuation/ligature, or reading-order noise. Consult changes.json."
uc1,insert,11871,11871,,2,nameth him nicomeedes his filth and harlot,yea and the bithynian brothel house i,"Incoming XML comparison candidate; may be OCR marker, header, punctuation/ligature, or reading-order noise. Consult changes.json."
uc1,insert,12065,12065,,1 that is k nicomedes 2 stabulum 3,him who was descended from venus became,defiled and desteind in bithynia one time,"Incoming XML comparison candidate; may be OCR marker, header, punctuation/ligature, or reading-order noise. Consult changes.json."
uc1,replace,12320,12321,ægisthus,ægisthus¹,a deepe sigh and groane to call,his daughter i say afterwards hee espoused,"Incoming XML comparison candidate; may be OCR marker, header, punctuation/ligature, or reading-order noise. Consult changes.json."
uc1,insert,12378,12378,,1 2 3,and also unto whom during the civill,warre over and above other free gifts,"Incoming XML comparison candidate; may be OCR marker, header, punctuation/ligature, or reading-order noise. Consult changes.json."
uc1,replace,12429,12431,penny worth,pennyworth,know quoth hee shee hath the better,in the purchase tertia deducta est for,"Incoming XML comparison candidate; may be OCR marker, header, punctuation/ligature, or reading-order noise. Consult changes.json."
uc1,insert,12437,12437,,a,worth in the purchase tertia deducta est,for it was thought that servilia was,"Incoming XML comparison candidate; may be OCR marker, header, punctuation/ligature, or reading-order noise. Consult changes.json."
uc1,insert,12490,12490,,ª,by his souldiours at the gaule triumph,urbani servate uxores mœchum calvum ad ducimus,"Incoming XML comparison candidate; may be OCR marker, header, punctuation/ligature, or reading-order noise. Consult changes.json."
uc1,replace,12493,12494,mœchum,machum,at the gaule triumph urbani servate uxores,calvum ad ducimus auro in gallia stuprum,"Incoming XML comparison candidate; may be OCR marker, header, punctuation/ligature, or reading-order noise. Consult changes.json."
uc1,insert,12581,12581,,¹,also in the same barge or galley,called thalamegos had passed into ægypt almost,"Incoming XML comparison candidate; may be OCR marker, header, punctuation/ligature, or reading-order noise. Consult changes.json."
uc1,replace,12582,12583,thalamegos,thalamegosª,in the same barge or galley called,had passed into ægypt almost as farre,"Incoming XML comparison candidate; may be OCR marker, header, punctuation/ligature, or reading-order noise. Consult changes.json."
uc1,insert,12641,12641,,2,sonne she bare after his owne name,whom verily some greek writers have recorded,"Incoming XML comparison candidate; may be OCR marker, header, punctuation/ligature, or reading-order noise. Consult changes.json."
uc1,replace,12661,12662,gate,gates,cæsar both in shape and also in,and m antonius avouched unto the senate,"Incoming XML comparison candidate; may be OCR marker, header, punctuation/ligature, or reading-order noise. Consult changes.json."
uc1,insert,12688,12688,,1 2 that is ptolomæus cæsario 3,averring withall that c matius caius oppius,and the rest of cæsars friends knew,"Incoming XML comparison candidate; may be OCR marker, header, punctuation/ligature, or reading-order noise. Consult changes.json."
uc1,replace,12777,12778,wives,wives¹,be lawfull for him to marrie what,and as many as he would for,"Incoming XML comparison candidate; may be OCR marker, header, punctuation/ligature, or reading-order noise. Consult changes.json."
uc1,insert,12784,12784,,2,wives and as many as he would,for to get children upon and that,"Incoming XML comparison candidate; may be OCR marker, header, punctuation/ligature, or reading-order noise. Consult changes.json."
uc1,replace,12808,12809,kinde,kindeb,was both for uncleannesse of body against,and also for adulteries curio the father,"Incoming XML comparison candidate; may be OCR marker, header, punctuation/ligature, or reading-order noise. Consult changes.json."
uc1,insert,12940,12940,,4,not be thought to blame his host,either for negligence or rusticitie from other,"Incoming XML comparison candidate; may be OCR marker, header, punctuation/ligature, or reading-order noise. Consult changes.json."
uc1,insert,12986,12986,,5,recorded he took money of the proconsul,and the allies there and that by,"Incoming XML comparison candidate; may be OCR marker, header, punctuation/ligature, or reading-order noise. Consult changes.json."
uc1,insert,13009,13009,,1 3 4 or friend 5 tubero 6 that is in portugale twelve cesars,and certaine townes of the lusitanes he,sacked in hostile manner albeit they denied,"Incoming XML comparison candidate; may be OCR marker, header, punctuation/ligature, or reading-order noise. Consult changes.json."
uc1,replace,13044,13045,temples,temples¹,he robbed and spoiled the chappels and,of the gods full of rich gifts,"Incoming XML comparison candidate; may be OCR marker, header, punctuation/ligature, or reading-order noise. Consult changes.json."
uc1,replace,13115,13116,weight,weightª,after 3000 sesterces of silver the pound,in his first consulship when he had,"Incoming XML comparison candidate; may be OCR marker, header, punctuation/ligature, or reading-order noise. Consult changes.json."
uc1,insert,13163,13163,,b,titles he gave for summes of money,as who for example from ptolomeus that,"Incoming XML comparison candidate; may be OCR marker, header, punctuation/ligature, or reading-order noise. Consult changes.json."
uc1,insert,13179,13179,,4,one tooke away wel neere 6000 talents,in the name of himselfe and pompeius,"Incoming XML comparison candidate; may be OCR marker, header, punctuation/ligature, or reading-order noise. Consult changes.json."
uc1,insert,13211,13211,,5,also of his triumphes and solemne shewes,exhibited to the people in eloquence and,"Incoming XML comparison candidate; may be OCR marker, header, punctuation/ligature, or reading-order noise. Consult changes.json."
uc1,insert,13344,13344,,3 auletes 4 sc of silver after 80 pound weight the talent 5 munerum,cumming thicker who for words yeelded more,gallant or more elegant hee seemeth whiles,"Incoming XML comparison candidate; may be OCR marker, header, punctuation/ligature, or reading-order noise. Consult changes.json."
uc1,insert,13395,13395,,¹,it is said that in his pronunciation,he used an high and shrill voyce,"Incoming XML comparison candidate; may be OCR marker, header, punctuation/ligature, or reading-order noise. Consult changes.json."
uc1,insert,13492,13492,,2,inscription pro metello but quam scripsit metello,being as it is indeede a speech,"Incoming XML comparison candidate; may be OCR marker, header, punctuation/ligature, or reading-order noise. Consult changes.json."
uc1,insert,13655,13655,,4,of cæsar cicero in the same booke,writeth thus hee wrote commentaries exceeding well,"Incoming XML comparison candidate; may be OCR marker, header, punctuation/ligature, or reading-order noise. Consult changes.json."
uc1,insert,13692,13692,,which he wrote for or to 1 metellus 3 orat apud milites ad brutum,ornaments and trimme attire of style but,while his mind was that other disposed,"Incoming XML comparison candidate; may be OCR marker, header, punctuation/ligature, or reading-order noise. Consult changes.json."
uc1,replace,13819,13820,asinius,asinius¹,facilitie and expedition he wrote them pollio,thinketh they were compiled with smal care,"Incoming XML comparison candidate; may be OCR marker, header, punctuation/ligature, or reading-order noise. Consult changes.json."
uc1,insert,13902,13902,,2,books de analogia and as many anticatones,besides a poeme entituled iter of which,"Incoming XML comparison candidate; may be OCR marker, header, punctuation/ligature, or reading-order noise. Consult changes.json."
uc1,insert,13946,13946,,4ª,gaule to his armie those next following,about the time of the battaile at,"Incoming XML comparison candidate; may be OCR marker, header, punctuation/ligature, or reading-order noise. Consult changes.json."
uc1,insert,13959,13959,,5,at munda and the last of all,whiles he travailed from the citie of,"Incoming XML comparison candidate; may be OCR marker, header, punctuation/ligature, or reading-order noise. Consult changes.json."
uc1,insert,14054,14054,,anti1 asinius pollio 2 3 de analogia catones 5 iter 6 or rather 27 a booke of remembrance h of the library university of alifornia,if any matters of secrecie were to,be carried he wrote them by privie,"Incoming XML comparison candidate; may be OCR marker, header, punctuation/ligature, or reading-order noise. Consult changes.json."
uc1,insert,14062,14062,,1,carried he wrote them by privie markes,that is to say placing the letters,"Incoming XML comparison candidate; may be OCR marker, header, punctuation/ligature, or reading-order noise. Consult changes.json."
uc1,insert,14111,14111,,2,d for a and the rest likewise,furthermore there be certaine workes of his,"Incoming XML comparison candidate; may be OCR marker, header, punctuation/ligature, or reading-order noise. Consult changes.json."
uc1,replace,14139,14140,tragedie,tragœdie,as namely the praises of hercules the,of edipus as also collects of sayings,"Incoming XML comparison candidate; may be OCR marker, header, punctuation/ligature, or reading-order noise. Consult changes.json."
uc1,replace,14189,14190,weapon,weapons,ordering of his libraries in handling his,most skilfull he was and in horsemanship,"Incoming XML comparison candidate; may be OCR marker, header, punctuation/ligature, or reading-order noise. Consult changes.json."
uc1,insert,14223,14223,,4,was to be formost sometime on horsebacke,more often on foote bare headed whether,"Incoming XML comparison candidate; may be OCR marker, header, punctuation/ligature, or reading-order noise. Consult changes.json."
uc1,insert,14331,14331,,1 in manner of cyphres c for b etc 3 or bearing armes 4 or riding an horse 5 or carroch with fowre wheeles i τετράκυκλον or πετοριτον gracè,his armie at any time through wayes,dangerous for ambushments before he had throughly,"Incoming XML comparison candidate; may be OCR marker, header, punctuation/ligature, or reading-order noise. Consult changes.json."
uc1,insert,14360,14360,,¹,untill he had beforehand in proper person,sounded the havens and tryed the manner,"Incoming XML comparison candidate; may be OCR marker, header, punctuation/ligature, or reading-order noise. Consult changes.json."
uc1,insert,14422,14422,,2,dirrhachium he sayled over sea in winter,betweene ii fleetes of the enemies riding,"Incoming XML comparison candidate; may be OCR marker, header, punctuation/ligature, or reading-order noise. Consult changes.json."
uc1,insert,14653,14653,,3 1 2 3 or,reproch of his life was surnamed saluito,he fought not often set fields appointed,"Incoming XML comparison candidate; may be OCR marker, header, punctuation/ligature, or reading-order noise. Consult changes.json."
uc1,replace,14656,14657,often,often¹,life was surnamed saluito he fought not,set fields appointed before hand but uppon,"Incoming XML comparison candidate; may be OCR marker, header, punctuation/ligature, or reading-order noise. Consult changes.json."
uc1,insert,14928,14928,,a,afterwards before the temple of venus genitrix,many a time himselfe alone renued the,"Incoming XML comparison candidate; may be OCR marker, header, punctuation/ligature, or reading-order noise. Consult changes.json."
uc1,insert,14970,14970,,1,upon the enemies thus dealt he i,say with his own soldiers when they,"Incoming XML comparison candidate; may be OCR marker, header, punctuation/ligature, or reading-order noise. Consult changes.json."
uc1,insert,14992,14992,,¹,a standerdbearer threatned as he staied him,to smite him with the footepoinct of,"Incoming XML comparison candidate; may be OCR marker, header, punctuation/ligature, or reading-order noise. Consult changes.json."
uc1,insert,15226,15226,,5,behaviour nor of welth and outward estate,but onely of bodily strength and he,"Incoming XML comparison candidate; may be OCR marker, header, punctuation/ligature, or reading-order noise. Consult changes.json."
uc1,insert,15246,15246,,1 2 3 4,with like indulgence also and sufferance for,he awed and chastised them not in,"Incoming XML comparison candidate; may be OCR marker, header, punctuation/ligature, or reading-order noise. Consult changes.json."
uc1,insert,15487,15487,,2,10 legions of 30000 men of armes,an hundred thowsand light armours and three,"Incoming XML comparison candidate; may be OCR marker, header, punctuation/ligature, or reading-order noise. Consult changes.json."
uc1,insert,15575,15575,,3 footemen lightly armed 1 2 fotemen heavily armed,tooke knowledge of them all nor yet,punished them fully to the proportion but,"Incoming XML comparison candidate; may be OCR marker, header, punctuation/ligature, or reading-order noise. Consult changes.json."
uc1,replace,15580,15581,proportion,proportion¹,nor yet punished them fully to the,but as he made streight inquisition after,"Incoming XML comparison candidate; may be OCR marker, header, punctuation/ligature, or reading-order noise. Consult changes.json."
uc1,insert,15743,15743,,2,when he heard of titurius his overthrow,he suffred the haire of his head,"Incoming XML comparison candidate; may be OCR marker, header, punctuation/ligature, or reading-order noise. Consult changes.json."
uc1,replace,15811,15812,stocke,stockea,peece provided out of their owne private,and generally all his soldiers offred their,"Incoming XML comparison candidate; may be OCR marker, header, punctuation/ligature, or reading-order noise. Consult changes.json."
uc1,insert,15909,15909,,1 2 and,were beseeged but also when themselves beleagured,others they indured so resolutely that during,"Incoming XML comparison candidate; may be OCR marker, header, punctuation/ligature, or reading-order noise. Consult changes.json."
uc1,replace,15935,15936,herbe,herbeb,kinde of bread made of a certaine,they lived upon said he had to,"Incoming XML comparison candidate; may be OCR marker, header, punctuation/ligature, or reading-order noise. Consult changes.json."
uc1,replace,16047,16048,cohort,cohortd,forces of their enemies to conclude one,and no more of the 6 legion,"Incoming XML comparison candidate; may be OCR marker, header, punctuation/ligature, or reading-order noise. Consult changes.json."
uc1,replace,16061,16062,skonce,skonce¹,legion which had the keeping of a,made good the place and held out,"Incoming XML comparison candidate; may be OCR marker, header, punctuation/ligature, or reading-order noise. Consult changes.json."
uc1,insert,16166,16166,,2,likewise with the shot of 120 arrowes,yet defended the guard of the fort,"Incoming XML comparison candidate; may be OCR marker, header, punctuation/ligature, or reading-order noise. Consult changes.json."
uc1,insert,16264,16264,,1 2 plutarch 130,mutinied in the civill warres some times,they did yet so as they were,"Incoming XML comparison candidate; may be OCR marker, header, punctuation/ligature, or reading-order noise. Consult changes.json."
uc1,replace,16558,16559,hiempsal,hiempsal¹,masintha a noble young gentleman against king,so earnestly that in the debate and,"Incoming XML comparison candidate; may be OCR marker, header, punctuation/ligature, or reading-order noise. Consult changes.json."
uc1,replace,16581,16582,beard,bearda,kings sonne and caught him by the,after that the said masintha was pronounced,"Incoming XML comparison candidate; may be OCR marker, header, punctuation/ligature, or reading-order noise. Consult changes.json."
uc1,replace,16592,16594,tribu tarie,tribu1 i tarie¹,said masintha was pronounced definitively the kings,he forthwith both rescued him out of,"Incoming XML comparison candidate; may be OCR marker, header, punctuation/ligature, or reading-order noise. Consult changes.json."
uc1,insert,16712,16712,,2,selfe lay all night upon the ground,without doores moreover being now become emperour,"Incoming XML comparison candidate; may be OCR marker, header, punctuation/ligature, or reading-order noise. Consult changes.json."
uc1,insert,16714,16714,,3,all night upon the ground without doores,moreover being now become emperour and lord,"Incoming XML comparison candidate; may be OCR marker, header, punctuation/ligature, or reading-order noise. Consult changes.json."
uc1,delete,16819,16820,him,,had made most bitter invectives against him,and hee againe written unto him as,"Incoming XML comparison candidate; may be OCR marker, header, punctuation/ligature, or reading-order noise. Consult changes.json."
uc1,replace,16911,16912,him,him1 3 3,branded with perpetuall infamie when he excused,selfe unto him and was readie to,"Incoming XML comparison candidate; may be OCR marker, header, punctuation/ligature, or reading-order noise. Consult changes.json."
uc1,insert,16921,16921,,¹,him and was readie to make satisfaction,he bad him to supper that verie,"Incoming XML comparison candidate; may be OCR marker, header, punctuation/ligature, or reading-order noise. Consult changes.json."
uc1,insert,16996,16996,,2,first cut and then to be crucified,cornelius phagita whose for laying him by,"Incoming XML comparison candidate; may be OCR marker, header, punctuation/ligature, or reading-order noise. Consult changes.json."
uc1,insert,17019,17019,,³,although he gave him a good reward,but had like to have beene brought,"Incoming XML comparison candidate; may be OCR marker, header, punctuation/ligature, or reading-order noise. Consult changes.json."
uc1,insert,17222,17222,,1 2 3 2 talents,maintaine the common wealth he for his,part pronounced openly that he wold make,"Incoming XML comparison candidate; may be OCR marker, header, punctuation/ligature, or reading-order noise. Consult changes.json."
uc1,insert,17687,17687,,1,would have done at an others hand,howbeit the rest of his deedes and,"Incoming XML comparison candidate; may be OCR marker, header, punctuation/ligature, or reading-order noise. Consult changes.json."
uc1,replace,17746,17747,emperour,emperour³,and more than so the forename of,the surname father of his countrie his,"Incoming XML comparison candidate; may be OCR marker, header, punctuation/ligature, or reading-order noise. Consult changes.json."
uc1,insert,17806,17806,,4,in the curia and before the tribunal,a sacred chariot and therein a frame,"Incoming XML comparison candidate; may be OCR marker, header, punctuation/ligature, or reading-order noise. Consult changes.json."
uc1,insert,17809,17809,,a,and before the tribunal a sacred chariot,and therein a frame carrying an image,"Incoming XML comparison candidate; may be OCR marker, header, punctuation/ligature, or reading-order noise. Consult changes.json."
uc1,replace,17837,17838,loft,loftb,neere unto the gods a sacred bed,for such images to be bestowed upon,"Incoming XML comparison candidate; may be OCR marker, header, punctuation/ligature, or reading-order noise. Consult changes.json."
uc1,replace,17848,17849,luperci,lupercid,to be bestowed upon a flamin certaine,and the denomination of one monethe after,"Incoming XML comparison candidate; may be OCR marker, header, punctuation/ligature, or reading-order noise. Consult changes.json."
uc1,insert,17927,17927,,1 civili animo tulit i 4 in the forum 5 6 juliani,as in the meane time he held,no election but of tribunes and ædiles,"Incoming XML comparison candidate; may be OCR marker, header, punctuation/ligature, or reading-order noise. Consult changes.json."
uc1,replace,17933,17934,ædiles,ediles,held no election but of tribunes and,of the commons in steed of pretours,"Incoming XML comparison candidate; may be OCR marker, header, punctuation/ligature, or reading-order noise. Consult changes.json."
uc1,replace,17956,17957,present,a u c 709 present¹,of the citie even whiles he was,and upon the very last day of,"Incoming XML comparison candidate; may be OCR marker, header, punctuation/ligature, or reading-order noise. Consult changes.json."
uc1,insert,18051,18051,,3,better then halfe barbarians he admitted senatours,furthermore over the mint and receipt of,"Incoming XML comparison candidate; may be OCR marker, header, punctuation/ligature, or reading-order noise. Consult changes.json."
uc1,insert,18133,18133,,ª,was now no more any reall thing,but a name onely without forme and,"Incoming XML comparison candidate; may be OCR marker, header, punctuation/ligature, or reading-order noise. Consult changes.json."
uc1,insert,18149,18149,,4b,sulla was altogether unlettered and no grammarian,in giving over his dictature that men,"Incoming XML comparison candidate; may be OCR marker, header, punctuation/ligature, or reading-order noise. Consult changes.json."
uc1,insert,18234,18234,,5,joyfull and fortunate if it pleased him,neither was it to be taken for,"Incoming XML comparison candidate; may be OCR marker, header, punctuation/ligature, or reading-order noise. Consult changes.json."
uc1,insert,18252,18252,,2 the last of december 3 4 nam grammatici est dictare 5 should signifie better fortune,token if a beast wanted an heart,but the greatest envie and inexpiable hatred,"Incoming XML comparison candidate; may be OCR marker, header, punctuation/ligature, or reading-order noise. Consult changes.json."
uc1,insert,18269,18269,,¹,himselfe by this occasion most of all,what time as al the senatours in,"Incoming XML comparison candidate; may be OCR marker, header, punctuation/ligature, or reading-order noise. Consult changes.json."
uc1,replace,18335,18336,them,them³,c trebatius advertised him to arise unto,he looked backe upon him with a,"Incoming XML comparison candidate; may be OCR marker, header, punctuation/ligature, or reading-order noise. Consult changes.json."
uc1,replace,18394,18395,thereat,therat,trybunes pues tooke such snuffe and indignation,that he brake out alowd into these,"Incoming XML comparison candidate; may be OCR marker, header, punctuation/ligature, or reading-order noise. Consult changes.json."
uc1,insert,18440,18440,,b,if pontius aquila will give me leave,to this contumelious and notorious behaviour of,"Incoming XML comparison candidate; may be OCR marker, header, punctuation/ligature, or reading-order noise. Consult changes.json."
uc1,insert,18446,18446,,4,leave to this contumelious and notorious behaviour,of his toward the senate thus despised,"Incoming XML comparison candidate; may be OCR marker, header, punctuation/ligature, or reading-order noise. Consult changes.json."
uc1,insert,18571,18571,,1 in expiabilem or exitiabilem i deadly and mischeife 2 sir remember you are cæsar 4 or gesture that which brought him to saying with all what 5 resembling a diademe,glorie of refusing it sharpely rebuked the,tribunes and deprived them both of their,"Incoming XML comparison candidate; may be OCR marker, header, punctuation/ligature, or reading-order noise. Consult changes.json."
uc1,insert,18611,18611,,a,he both made answere unto a commoner,saluting him by the name of a,"Incoming XML comparison candidate; may be OCR marker, header, punctuation/ligature, or reading-order noise. Consult changes.json."
uc1,insert,18660,18660,,b,into the capitoll to jupiter optimus maximus,moreover sundrie rumours ran rife abroad that,"Incoming XML comparison candidate; may be OCR marker, header, punctuation/ligature, or reading-order noise. Consult changes.json."
uc1,insert,18677,18677,,d,for ever to alexandria or to ilium,having at once translated and remooved thither,"Incoming XML comparison candidate; may be OCR marker, header, punctuation/ligature, or reading-order noise. Consult changes.json."
uc1,replace,18869,18870,libell,libell¹,the order of senatours there was a,proposed in this form bonum factum etc,"Incoming XML comparison candidate; may be OCR marker, header, punctuation/ligature, or reading-order noise. Consult changes.json."
uc1,insert,18894,18894,,1 or bill,senatours and these verses were commonly chaunted,gallos ceasar in triumphum ducit iidem in,"Incoming XML comparison candidate; may be OCR marker, header, punctuation/ligature, or reading-order noise. Consult changes.json."
uc1,replace,18899,18900,iidem,lidem,commonly chaunted gallos ceasar in triumphum ducit,in curia galli bracas deposuerunt latum clavum,"Incoming XML comparison candidate; may be OCR marker, header, punctuation/ligature, or reading-order noise. Consult changes.json."
uc1,replace,18901,18902,curia,curia¹,gallos ceasar in triumphum ducit iidem in,galli bracas deposuerunt latum clavum sumpserunt the,"Incoming XML comparison candidate; may be OCR marker, header, punctuation/ligature, or reading-order noise. Consult changes.json."
uc1,insert,18904,18904,,2b,triumphum ducit iidem in curia galli bracas,deposuerunt latum clavum sumpserunt the french in,"Incoming XML comparison candidate; may be OCR marker, header, punctuation/ligature, or reading-order noise. Consult changes.json."
uc1,insert,19026,19026,,d,these words would god thou were alive,likewise under the statue of cæsar himselfe,"Incoming XML comparison candidate; may be OCR marker, header, punctuation/ligature, or reading-order noise. Consult changes.json."
uc1,insert,19043,19043,,º,the kings was created consul the first,this man for expelling the consuls is,"Incoming XML comparison candidate; may be OCR marker, header, punctuation/ligature, or reading-order noise. Consult changes.json."
uc1,insert,19054,19054,,4,the consuls is become king the last,there conspired against him more than three,"Incoming XML comparison candidate; may be OCR marker, header, punctuation/ligature, or reading-order noise. Consult changes.json."
uc1,insert,19161,19161,,8,of pompeius upon the ides of march,they soone agreed of this time and,"Incoming XML comparison candidate; may be OCR marker, header, punctuation/ligature, or reading-order noise. Consult changes.json."
uc1,insert,19182,19182,,1 2 bracas or trousses or brachas some take them for mantels 3 histor 5 m brutus 6 7 in which cæsar dwelt after he had beene high priest 8 k,had faire warning of his death before,it came by many evident prodigies and,"Incoming XML comparison candidate; may be OCR marker, header, punctuation/ligature, or reading-order noise. Consult changes.json."
uc1,replace,19205,19206,julia,julia¹,inhabitants brought by vertue of the law,to dwell in the colonie capua overthrew,"Incoming XML comparison candidate; may be OCR marker, header, punctuation/ligature, or reading-order noise. Consult changes.json."
uc1,insert,19463,19463,,2 a,it fortuned that as the birde regaliolus,was flying with a little branch of,"Incoming XML comparison candidate; may be OCR marker, header, punctuation/ligature, or reading-order noise. Consult changes.json."
uc1,insert,19563,19563,,1 which him selfe promulged 2,verie bosome and sodainely withall the chamber,doore of it selfe flew open hereupon,"Incoming XML comparison candidate; may be OCR marker, header, punctuation/ligature, or reading-order noise. Consult changes.json."
uc1,insert,19651,19651,,¹,when one met him by the way,and offered him a written scrole of,"Incoming XML comparison candidate; may be OCR marker, header, punctuation/ligature, or reading-order noise. Consult changes.json."
uc1,replace,19656,19658,scrole of,pamphlet which layd open,the way and offered him a written,the conspiratours names and those that were,"Incoming XML comparison candidate; may be OCR marker, header, punctuation/ligature, or reading-order noise. Consult changes.json."
uc1,replace,19659,19661,conspiratours names,conspiracie,offered him a written scrole of the,and those that were that sought his,"Incoming XML comparison candidate; may be OCR marker, header, punctuation/ligature, or reading-order noise. Consult changes.json."
uc1,replace,19662,19664,those that,who they,written scrole of the conspiratours names and,were that sought his life he shuffled,"Incoming XML comparison candidate; may be OCR marker, header, punctuation/ligature, or reading-order noise. Consult changes.json."
uc1,insert,19771,19771,,³,once that he had taken his place,and was set they stood round about,"Incoming XML comparison candidate; may be OCR marker, header, punctuation/ligature, or reading-order noise. Consult changes.json."
uc1,insert,19849,19849,,5,he cried out this is violence cassius,came in full a front and wounded,"Incoming XML comparison candidate; may be OCR marker, header, punctuation/ligature, or reading-order noise. Consult changes.json."
uc1,insert,19851,19851,,2,out this is violence cassius came in,full a front and wounded him a,"Incoming XML comparison candidate; may be OCR marker, header, punctuation/ligature, or reading-order noise. Consult changes.json."
uc1,insert,19862,19862,,6,wounded him a litle beneth the throat,then cæsar catching cassius by the arme,"Incoming XML comparison candidate; may be OCR marker, header, punctuation/ligature, or reading-order noise. Consult changes.json."
uc1,insert,19886,19886,,7,with that being about to leape forward,he was met with another wound and,"Incoming XML comparison candidate; may be OCR marker, header, punctuation/ligature, or reading-order noise. Consult changes.json."
uc1,insert,19887,19887,,a u c 710 1 of pompeius spicati or conspirati i the conspiratours stood round about him before had beene his great friend and sided with him alter e cassiis one of the cassi vel alter casca 6 7 out of his chaire 3 con4 who 5 alter cassius or,that being about to leape forward he,was met with another wound and stayed,"Incoming XML comparison candidate; may be OCR marker, header, punctuation/ligature, or reading-order noise. Consult changes.json."
uc1,replace,19924,19925,lap,lap¹,but withall he let downe the large,with his left hand to his legges,"Incoming XML comparison candidate; may be OCR marker, header, punctuation/ligature, or reading-order noise. Consult changes.json."
uc1,insert,19994,19994,,2,upon him he said καὶ σὺ τέκνον,i and thou my sonne when all,"Incoming XML comparison candidate; may be OCR marker, header, punctuation/ligature, or reading-order noise. Consult changes.json."
uc1,insert,19999,19999,,d,σὺ τέκνον i and thou my sonne,when all others fled sundrie waies there,"Incoming XML comparison candidate; may be OCR marker, header, punctuation/ligature, or reading-order noise. Consult changes.json."
uc1,replace,20029,20030,downe,downe³,licter and so with one arme hanging,carried him home neither in so many,"Incoming XML comparison candidate; may be OCR marker, header, punctuation/ligature, or reading-order noise. Consult changes.json."
uc1,insert,20058,20058,,4,which he received second in his breast,the conspiratours were minded to have dragged,"Incoming XML comparison candidate; may be OCR marker, header, punctuation/ligature, or reading-order noise. Consult changes.json."
uc1,replace,20159,20160,virgin,virgina,to the keeping of the chiefe vestal,q tubero writeth that from his first,"Incoming XML comparison candidate; may be OCR marker, header, punctuation/ligature, or reading-order noise. Consult changes.json."
uc1,insert,20211,20211,,1 2 3 some expound this of the licter as if one corner thereof hung downe carried as it was by three 4 5 13 of september,testament of his he ordained three coheires,the nephewes all of his sisters to,"Incoming XML comparison candidate; may be OCR marker, header, punctuation/ligature, or reading-order noise. Consult changes.json."
uc1,insert,20217,20217,,1,coheires the nephewes all of his sisters,to wit c octavius of three fourth,"Incoming XML comparison candidate; may be OCR marker, header, punctuation/ligature, or reading-order noise. Consult changes.json."
uc1,replace,20220,20221,octavius,octavius²,all of his sisters to wit c,of three fourth parts l pinarius and,"Incoming XML comparison candidate; may be OCR marker, header, punctuation/ligature, or reading-order noise. Consult changes.json."
uc1,insert,20270,20270,,³,he nominated for guardiers to his sonne,if it fortuned he had any borne,"Incoming XML comparison candidate; may be OCR marker, header, punctuation/ligature, or reading-order noise. Consult changes.json."
uc1,insert,20282,20282,,be one of his second heires in remainder hee bequeathed,any borne yea and decimus brutus to,in his legacies unto the people his,"Incoming XML comparison candidate; may be OCR marker, header, punctuation/ligature, or reading-order noise. Consult changes.json."
uc1,insert,20288,20288,,4,to in his legacies unto the people,his hortyards about tiberis to ly common,"Incoming XML comparison candidate; may be OCR marker, header, punctuation/ligature, or reading-order noise. Consult changes.json."
uc1,insert,20331,20331,,6,field neere unto the tombe of julia,before the rostra was placed a chappell,"Incoming XML comparison candidate; may be OCR marker, header, punctuation/ligature, or reading-order noise. Consult changes.json."
uc1,insert,20405,20405,,10,given that without observing the strict order,every man might bring which way and,"Incoming XML comparison candidate; may be OCR marker, header, punctuation/ligature, or reading-order noise. Consult changes.json."
uc1,insert,20465,20465,,a men,of pacuvius entituled the judgement of armour,men servasse ut essent qui me perderent,"Incoming XML comparison candidate; may be OCR marker, header, punctuation/ligature, or reading-order noise. Consult changes.json."
uc1,replace,20489,20490,grave,graveb 1 2 3 of rome 546s iod ob starling 6 7 or herse 8 or bierre 9 appion a pole 10,bloudy death to bring me to my,as also another out of that of,"Incoming XML comparison candidate; may be OCR marker, header, punctuation/ligature, or reading-order noise. Consult changes.json."
uc1,replace,20497,20498,accius,accius¹,as also another out of that of,to the same sence insteed of a,"Incoming XML comparison candidate; may be OCR marker, header, punctuation/ligature, or reading-order noise. Consult changes.json."
uc1,insert,20820,20820,,2 or 1 bierre 3 detulerant 4 where he was murdered 5 or benches,sepulture and where his bodie was burnt,the common people streight after his funerall,"Incoming XML comparison candidate; may be OCR marker, header, punctuation/ligature, or reading-order noise. Consult changes.json."
uc1,replace,20876,20877,invective,invectivé,the day before had made a bitter,as touching cæsar and whom they sought,"Incoming XML comparison candidate; may be OCR marker, header, punctuation/ligature, or reading-order noise. Consult changes.json."
uc1,insert,20911,20911,,¹,erected in the forum a solide columne,almost 20 foote high of numidian marble,"Incoming XML comparison candidate; may be OCR marker, header, punctuation/ligature, or reading-order noise. Consult changes.json."
uc1,insert,21167,21167,,1 or piller 2 insectantium,farre worse then ever it had beene,this one thing verily all men well,"Incoming XML comparison candidate; may be OCR marker, header, punctuation/ligature, or reading-order noise. Consult changes.json."
uc1,replace,21201,21202,xenophon,xenophon¹,a time when he had read in,how cyrus beeing at the point of,"Incoming XML comparison candidate; may be OCR marker, header, punctuation/ligature, or reading-order noise. Consult changes.json."
uc1,insert,21282,21282,,2 a,unlooked for he died in the 56,yeare of his age and was canonized,"Incoming XML comparison candidate; may be OCR marker, header, punctuation/ligature, or reading-order noise. Consult changes.json."
uc1,insert,21331,21331,,3,his heire exhibited for him thus deified,there shone a blazing starre for seven,"Incoming XML comparison candidate; may be OCR marker, header, punctuation/ligature, or reading-order noise. Consult changes.json."
uc1,replace,21394,21395,murdred,murdredb,up the court where in hee was,to name the ides of march parricidium,"Incoming XML comparison candidate; may be OCR marker, header, punctuation/ligature, or reading-order noise. Consult changes.json."
uc1,insert,21470,21470,,cyripadia 8 2 in the 8 septimane consecrate,same dagger wherewith they had wounded cæsar,,"Incoming XML comparison candidate; may be OCR marker, header, punctuation/ligature, or reading-order noise. Consult changes.json."
hvd,replace,0,1,cæsar,caius julius cesar dictator æsar,,in the sixteenth yeare of his age,"Incoming XML comparison candidate; may be OCR marker, header, punctuation/ligature, or reading-order noise. Consult changes.json."
hvd,insert,16,16,,¹,his father and in the yeare following,being elected flamen dialis he cast off,"Incoming XML comparison candidate; may be OCR marker, header, punctuation/ligature, or reading-order noise. Consult changes.json."
hvd,replace,70,73,away where upon,away2c whereupon,by sulla the dictatour to put her,deprived of his sacerdotall dignitie loosing the,"Incoming XML comparison candidate; may be OCR marker, header, punctuation/ligature, or reading-order noise. Consult changes.json."
hvd,insert,92,92,,d,his wife and forfeiting all his heritages,descended unto him from his linage and,"Incoming XML comparison candidate; may be OCR marker, header, punctuation/ligature, or reading-order noise. Consult changes.json."
hvd,insert,120,120,,4,was constrain d to hide his head,and albeit the quartaine ague hung sore,"Incoming XML comparison candidate; may be OCR marker, header, punctuation/ligature, or reading-order noise. Consult changes.json."
hvd,insert,204,204,,1 2 or divorse 3 of marius 5,when he had denied a good while,the request of those right worshipfull persons,"Incoming XML comparison candidate; may be OCR marker, header, punctuation/ligature, or reading-order noise. Consult changes.json."
hvd,replace,231,232,importuned,ima u c 670 portuned,earnest suiters still for him being thus,and at length overcome brake forth aloud,"Incoming XML comparison candidate; may be OCR marker, header, punctuation/ligature, or reading-order noise. Consult changes.json."
hvd,replace,328,329,pretour,pretour1,the domesticall retinue of m thermus the,by whom being sent into bithynia for,"Incoming XML comparison candidate; may be OCR marker, header, punctuation/ligature, or reading-order noise. Consult changes.json."
hvd,insert,421,421,,d,thermus honored him with a civike guirland,he was a souldiour also under servilius,"Incoming XML comparison candidate; may be OCR marker, header, punctuation/ligature, or reading-order noise. Consult changes.json."
hvd,replace,428,429,isauricus,isauricus2,he was a souldiour also under servilius,in cilicia but it was not long,"Incoming XML comparison candidate; may be OCR marker, header, punctuation/ligature, or reading-order noise. Consult changes.json."
hvd,insert,511,511,,a u c 676 1 m minutius thermus named isauri whom he subdued 2 surnamed so of the people in cilicia 3 so variable and indiscreet,he found nothing answerable to his expectation,howbeit when that civill discord and sedition,"Incoming XML comparison candidate; may be OCR marker, header, punctuation/ligature, or reading-order noise. Consult changes.json."
hvd,insert,525,525,,1,was appeased hee judicially accused for extortion,cornelius dolobella a man who had beene,"Incoming XML comparison candidate; may be OCR marker, header, punctuation/ligature, or reading-order noise. Consult changes.json."
hvd,insert,564,564,,2,to decline the hatred of the world,as by occasion of that leasure and,"Incoming XML comparison candidate; may be OCR marker, header, punctuation/ligature, or reading-order noise. Consult changes.json."
hvd,insert,581,581,,3,the art of oratorie under apollonius molon,a most renowmed rhetorician in those daies,"Incoming XML comparison candidate; may be OCR marker, header, punctuation/ligature, or reading-order noise. Consult changes.json."
hvd,insert,621,621,,5,remained in custodie not without exceeding indignation,for the space well neere of xl,"Incoming XML comparison candidate; may be OCR marker, header, punctuation/ligature, or reading-order noise. Consult changes.json."
hvd,insert,814,814,,1 3 4 5 8 7 8 c,wavering and at the point to revolt,in his militarie tribuneship which was the,"Incoming XML comparison candidate; may be OCR marker, header, punctuation/ligature, or reading-order noise. Consult changes.json."
hvd,replace,850,851,commons,commons¹,all his might those patrones of the,who stoode out for the restitution of,"Incoming XML comparison candidate; may be OCR marker, header, punctuation/ligature, or reading-order noise. Consult changes.json."
hvd,insert,882,882,,2 b,vertue of an act proposed by plotius,that l cinna his wives brother and,"Incoming XML comparison candidate; may be OCR marker, header, punctuation/ligature, or reading-order noise. Consult changes.json."
hvd,insert,912,912,,3,with lepidus and after the consuls death,fled unto sertorius might returne safely into,"Incoming XML comparison candidate; may be OCR marker, header, punctuation/ligature, or reading-order noise. Consult changes.json."
hvd,insert,941,941,,4,the body of the people being questour,hee made as the auncient manner was,"Incoming XML comparison candidate; may be OCR marker, header, punctuation/ligature, or reading-order noise. Consult changes.json."
hvd,insert,1140,1140,,1 2 3 lepidus 4 treasurer,suspecting that she had beene naught with,p clodius of whom there went so,"Incoming XML comparison candidate; may be OCR marker, header, punctuation/ligature, or reading-order noise. Consult changes.json."
hvd,insert,1194,1194,,1,pollution of those sacred rites and mysteries,during his questureship it fell unto him,"Incoming XML comparison candidate; may be OCR marker, header, punctuation/ligature, or reading-order noise. Consult changes.json."
hvd,insert,1213,1213,,2,office in the farther province of spaine,where when as by the commaundement of,"Incoming XML comparison candidate; may be OCR marker, header, punctuation/ligature, or reading-order noise. Consult changes.json."
hvd,replace,1222,1223,pretour,pretour³,as by the commaundement of the lord,he rode his circuit to keepe the,"Incoming XML comparison candidate; may be OCR marker, header, punctuation/ligature, or reading-order noise. Consult changes.json."
hvd,insert,1284,1284,,5,yet no memorable act at those yeeres,wherein alexander had conquered the whole world,"Incoming XML comparison candidate; may be OCR marker, header, punctuation/ligature, or reading-order noise. Consult changes.json."
hvd,replace,1420,1421,colonies,coloniesª,fully expired hee went unto the latine,which were now devising and in counsell,"Incoming XML comparison candidate; may be OCR marker, header, punctuation/ligature, or reading-order noise. Consult changes.json."
hvd,insert,1446,1446,,1 2 called betica antistius vetus 4 a u c 687,no doubt had solicited and excited them,to attempt some tumult and trouble in,"Incoming XML comparison candidate; may be OCR marker, header, punctuation/ligature, or reading-order noise. Consult changes.json."
hvd,insert,1520,1520,,¹,m crassus a man of consular degree,with p sulla likewise and p autronius,"Incoming XML comparison candidate; may be OCR marker, header, punctuation/ligature, or reading-order noise. Consult changes.json."
hvd,insert,1526,1526,,2,degree with p sulla likewise and p,autronius who after they were consuls elect,"Incoming XML comparison candidate; may be OCR marker, header, punctuation/ligature, or reading-order noise. Consult changes.json."
hvd,insert,1798,1798,,a u c 688 1 that had been consul or l rather,and that by the occasion and meanes,of the lambranes and inhabitants beyond the,"Incoming XML comparison candidate; may be OCR marker, header, punctuation/ligature, or reading-order noise. Consult changes.json."
hvd,replace,1800,1801,lambranes,lambranes¹,by the occasion and meanes of the,and inhabitants beyond the po but the,"Incoming XML comparison candidate; may be OCR marker, header, punctuation/ligature, or reading-order noise. Consult changes.json."
hvd,insert,1826,1826,,2,frustrate by reason of piso his death,when he was ædile besides the comitium,"Incoming XML comparison candidate; may be OCR marker, header, punctuation/ligature, or reading-order noise. Consult changes.json."
hvd,replace,1834,1836,market place,marketplace,he was ædile besides the comitium the,and statelie halls of justice hee beautified,"Incoming XML comparison candidate; may be OCR marker, header, punctuation/ligature, or reading-order noise. Consult changes.json."
hvd,insert,2005,2005,,3,of rome unto both the twin brethren,beareth the name of castor alone even,"Incoming XML comparison candidate; may be OCR marker, header, punctuation/ligature, or reading-order noise. Consult changes.json."
hvd,insert,2066,2066,,4,by a good many than he purposed,for buying up as he did such,"Incoming XML comparison candidate; may be OCR marker, header, punctuation/ligature, or reading-order noise. Consult changes.json."
hvd,insert,2128,2128,,1 2 3 4 a u c 689,no man might retaine anie at rome,thus when he had gained the harts,"Incoming XML comparison candidate; may be OCR marker, header, punctuation/ligature, or reading-order noise. Consult changes.json."
hvd,insert,2139,2139,,a u c 690,gained the harts and favour of the,people he gave the attempt by some,"Incoming XML comparison candidate; may be OCR marker, header, punctuation/ligature, or reading-order noise. Consult changes.json."
hvd,replace,2148,2149,tribunes,tribunes¹,gave the attempt by some of the,and sued to have the province of,"Incoming XML comparison candidate; may be OCR marker, header, punctuation/ligature, or reading-order noise. Consult changes.json."
hvd,replace,2156,2157,ægypt,egypt,and sued to have the province of,by an act of the commons conferred,"Incoming XML comparison candidate; may be OCR marker, header, punctuation/ligature, or reading-order noise. Consult changes.json."
hvd,replace,2186,2187,roialme,roialme²,had driven their king out of his,whom the senate had styled with the,"Incoming XML comparison candidate; may be OCR marker, header, punctuation/ligature, or reading-order noise. Consult changes.json."
hvd,insert,2282,2282,,4,a commission for the examination of murderers,hee reckoned those in the number of,"Incoming XML comparison candidate; may be OCR marker, header, punctuation/ligature, or reading-order noise. Consult changes.json."
hvd,replace,2312,2313,citizens,citizensa,for bringing in the heads of romaine,notwithstanding they were excepted by vertue of,"Incoming XML comparison candidate; may be OCR marker, header, punctuation/ligature, or reading-order noise. Consult changes.json."
hvd,insert,2323,2323,,b,excepted by vertue of the lawes corneliæ,moreover he suborned one and set him,"Incoming XML comparison candidate; may be OCR marker, header, punctuation/ligature, or reading-order noise. Consult changes.json."
hvd,replace,2330,2331,on,onª,moreover he suborned one and set him,to endite c rabirius of high treason,"Incoming XML comparison candidate; may be OCR marker, header, punctuation/ligature, or reading-order noise. Consult changes.json."
hvd,insert,2338,2338,,b,to endite c rabirius of high treason,by whose helpe especially some yeares before,"Incoming XML comparison candidate; may be OCR marker, header, punctuation/ligature, or reading-order noise. Consult changes.json."
hvd,insert,2397,2397,,6 1 that hee might governe it and place the king againe in his roiall seate 2 8 as torrentius saith 5 6 cæsar,good as the rigour of the judge,having laied a side all hope of,"Incoming XML comparison candidate; may be OCR marker, header, punctuation/ligature, or reading-order noise. Consult changes.json."
hvd,insert,2407,2407,,¹,side all hope of the foresaid province,he stood to be the highest priest,"Incoming XML comparison candidate; may be OCR marker, header, punctuation/ligature, or reading-order noise. Consult changes.json."
hvd,insert,2499,2499,,2,than both of them in all throughout,being created pretour when as the conspiracie,"Incoming XML comparison candidate; may be OCR marker, header, punctuation/ligature, or reading-order noise. Consult changes.json."
hvd,replace,2501,2502,pretour,pretours,of them in all throughout being created,when as the conspiracie of catiline was,"Incoming XML comparison candidate; may be OCR marker, header, punctuation/ligature, or reading-order noise. Consult changes.json."
hvd,insert,2617,2617,,5,nor unwilling to mollifie his owne award,with a gentle exposition because it had,"Incoming XML comparison candidate; may be OCR marker, header, punctuation/ligature, or reading-order noise. Consult changes.json."
hvd,insert,2635,2635,,as,alter it and eate his owne words,if it had beene taken and construed,"Incoming XML comparison candidate; may be OCR marker, header, punctuation/ligature, or reading-order noise. Consult changes.json."
hvd,replace,2699,2700,as,1 2 which were 35 3 ultimum supplicium 5 quintus cicero m cicero a u c 691,all the senatours in their former sentence,who now were at the point to,"Incoming XML comparison candidate; may be OCR marker, header, punctuation/ligature, or reading-order noise. Consult changes.json."
hvd,insert,2743,2743,,¹,place in armes for guard and defence,threatned to dispatch him out of the,"Incoming XML comparison candidate; may be OCR marker, header, punctuation/ligature, or reading-order noise. Consult changes.json."
hvd,insert,2795,2795,,2,their armes and putting their gownes betweene,hardly and with much a doo saved,"Incoming XML comparison candidate; may be OCR marker, header, punctuation/ligature, or reading-order noise. Consult changes.json."
hvd,insert,2829,2829,,3,also for the rest of that yeare,forbare to come into the senate house,"Incoming XML comparison candidate; may be OCR marker, header, punctuation/ligature, or reading-order noise. Consult changes.json."
hvd,insert,2836,2836,,a u c 692,forbare to come into the senate house,the very first day of his pretourship,"Incoming XML comparison candidate; may be OCR marker, header, punctuation/ligature, or reading-order noise. Consult changes.json."
hvd,replace,2875,2876,lawe,laweb,of the capitoll having withall promulged a,by vertue whereof hee transferred the charge,"Incoming XML comparison candidate; may be OCR marker, header, punctuation/ligature, or reading-order noise. Consult changes.json."
hvd,insert,2888,2888,,4,the charge of that worke unto another,but not able to match the nobles,"Incoming XML comparison candidate; may be OCR marker, header, punctuation/ligature, or reading-order noise. Consult changes.json."
hvd,replace,2940,2941,consuls,consulsd,left their officious attendance upon the new,hee gave over this action but whereas,"Incoming XML comparison candidate; may be OCR marker, header, punctuation/ligature, or reading-order noise. Consult changes.json."
hvd,insert,3011,3011,,1 of consul and senate 3,administration of the common wealth howbeit presuming,neverthelesse to continue in his magistracie and,"Incoming XML comparison candidate; may be OCR marker, header, punctuation/ligature, or reading-order noise. Consult changes.json."
hvd,replace,3047,3048,robe,robeª,his serjeants cast off his embrodered purple,and retired privily to his owne house,"Incoming XML comparison candidate; may be OCR marker, header, punctuation/ligature, or reading-order noise. Consult changes.json."
hvd,insert,3144,3144,,b,them sent for him into the curia,and after they had in most honourable,"Incoming XML comparison candidate; may be OCR marker, header, punctuation/ligature, or reading-order noise. Consult changes.json."
hvd,insert,3353,3353,,1 d a u c 693,after the same sort he served novius,the questour because hee suffered him a,"Incoming XML comparison candidate; may be OCR marker, header, punctuation/ligature, or reading-order noise. Consult changes.json."
hvd,replace,3376,3377,his,his¹,in his house after this pretourship of,having the government of the farther province,"Incoming XML comparison candidate; may be OCR marker, header, punctuation/ligature, or reading-order noise. Consult changes.json."
hvd,insert,3540,3540,,a u c 695,the writs and proclamations were out for,the great assemblie to election of consuls,"Incoming XML comparison candidate; may be OCR marker, header, punctuation/ligature, or reading-order noise. Consult changes.json."
hvd,insert,3597,3597,,b,by the consulship to forgoe his triumph,of the two competitours with him for,"Incoming XML comparison candidate; may be OCR marker, header, punctuation/ligature, or reading-order noise. Consult changes.json."
hvd,insert,3680,3680,,1 cato and his followers 3 optimates,were afraide that being once a soveraigne,magistrate and having a collegue ready at,"Incoming XML comparison candidate; may be OCR marker, header, punctuation/ligature, or reading-order noise. Consult changes.json."
hvd,insert,3681,3681,,¹,afraide that being once a soveraigne magistrate,and having a collegue ready at his,"Incoming XML comparison candidate; may be OCR marker, header, punctuation/ligature, or reading-order noise. Consult changes.json."
hvd,insert,3781,3781,,b,this yeere following should have the provinces,and commissions of least affaire and importance,"Incoming XML comparison candidate; may be OCR marker, header, punctuation/ligature, or reading-order noise. Consult changes.json."
hvd,replace,3799,3800,pathes,pathesd,unto forrests and woods unto lanes and,cæsar taking this wrong and disgrace most,"Incoming XML comparison candidate; may be OCR marker, header, punctuation/ligature, or reading-order noise. Consult changes.json."
hvd,replace,3933,3934,concluded,concludedª,should day by day as they were,bee recorded also and published hee brought,"Incoming XML comparison candidate; may be OCR marker, header, punctuation/ligature, or reading-order noise. Consult changes.json."
hvd,replace,3962,3963,him,himb,knitches of rods with axes borne before,a publique officer called accensus should huisher,"Incoming XML comparison candidate; may be OCR marker, header, punctuation/ligature, or reading-order noise. Consult changes.json."
hvd,insert,4024,4024,,1 consull,the morrow after when the saide bibulus,had made his complaint in the senate,"Incoming XML comparison candidate; may be OCR marker, header, punctuation/ligature, or reading-order noise. Consult changes.json."
hvd,insert,4067,4067,,¹,thereof as often times in lighter tumults,and stirres there had passed many decrees,"Incoming XML comparison candidate; may be OCR marker, header, punctuation/ligature, or reading-order noise. Consult changes.json."
hvd,replace,4270,4271,more,mored,citizens who could shew three children or,the publicanes making request for some easement,"Incoming XML comparison candidate; may be OCR marker, header, punctuation/ligature, or reading-order noise. Consult changes.json."
hvd,insert,4280,4280,,5,making request for some easement hee relieved,by striking of a third part of,"Incoming XML comparison candidate; may be OCR marker, header, punctuation/ligature, or reading-order noise. Consult changes.json."
hvd,insert,4343,4343,,2 3 deputed commissioners for that purpose at too high a rate 4 at the discretion of xx men for that they had taken things,gaine said him but went any about,to thwart him he was soone frighted,"Incoming XML comparison candidate; may be OCR marker, header, punctuation/ligature, or reading-order noise. Consult changes.json."
hvd,replace,4438,4439,thereof,thereof¹,very same day at the ninth houre,hee brought p clodius his enemie to,"Incoming XML comparison candidate; may be OCR marker, header, punctuation/ligature, or reading-order noise. Consult changes.json."
hvd,insert,4498,4498,,2,generall of the contrary faction an appeacher,to professe that he was sollicited by,"Incoming XML comparison candidate; may be OCR marker, header, punctuation/ligature, or reading-order noise. Consult changes.json."
hvd,insert,4672,4672,,1 2 l vettius according to dion and appian,the custome was that the consul should,observe that order all the yeere following,"Incoming XML comparison candidate; may be OCR marker, header, punctuation/ligature, or reading-order noise. Consult changes.json."
hvd,insert,4705,4705,,¹,favour and assistance of his wives father,and sonne in law out of all,"Incoming XML comparison candidate; may be OCR marker, header, punctuation/ligature, or reading-order noise. Consult changes.json."
hvd,insert,4709,4709,,2,his wives father and sonne in law,out of all that choice of provinces,"Incoming XML comparison candidate; may be OCR marker, header, punctuation/ligature, or reading-order noise. Consult changes.json."
hvd,replace,4735,4736,triumphs,triumphsa,his hand and minister matter sufficient of,and verily at the first by vertue,"Incoming XML comparison candidate; may be OCR marker, header, punctuation/ligature, or reading-order noise. Consult changes.json."
hvd,replace,4746,4747,vatinia,vatiniab,the first by vertue of the law,he tooke upon him the government of,"Incoming XML comparison candidate; may be OCR marker, header, punctuation/ligature, or reading-order noise. Consult changes.json."
hvd,replace,4772,4773,comata,comatad,the senate that also which was called,for the nobilitie feared least if they,"Incoming XML comparison candidate; may be OCR marker, header, punctuation/ligature, or reading-order noise. Consult changes.json."
hvd,insert,4941,4941,,3,question his acts passed the former yeere,whereupon hee referred the examination and censure,"Incoming XML comparison candidate; may be OCR marker, header, punctuation/ligature, or reading-order noise. Consult changes.json."
hvd,insert,4984,4984,,4,into his province and immediately his questour,for to prejudice him was drawne into,"Incoming XML comparison candidate; may be OCR marker, header, punctuation/ligature, or reading-order noise. Consult changes.json."
hvd,replace,4987,4988,him,himª,and immediately his questour for to prejudice,was drawne into trouble and indited upon,"Incoming XML comparison candidate; may be OCR marker, header, punctuation/ligature, or reading-order noise. Consult changes.json."
hvd,insert,4992,4992,,whether they should be repealed or a u c 696 1 piso cn pompeius stand in force 4 when he was consul,to prejudice him was drawne into trouble,and indited upon certaine crimes within a,"Incoming XML comparison candidate; may be OCR marker, header, punctuation/ligature, or reading-order noise. Consult changes.json."
hvd,insert,5113,5113,,1,defend and maintaine him in his absence,for assurance of which their covenant he,"Incoming XML comparison candidate; may be OCR marker, header, punctuation/ligature, or reading-order noise. Consult changes.json."
hvd,replace,5144,5145,consulship,consulshipa,when l domitius a candidate for the,threatned openly that were he once consul,"Incoming XML comparison candidate; may be OCR marker, header, punctuation/ligature, or reading-order noise. Consult changes.json."
hvd,insert,5288,5288,,2,french word for named it was alauda,which being trained in militarie discipline armed,"Incoming XML comparison candidate; may be OCR marker, header, punctuation/ligature, or reading-order noise. Consult changes.json."
hvd,insert,5312,5312,,1 a u c 698,enfranchized throughout and made free of rome,neither from this time forward forbare he,"Incoming XML comparison candidate; may be OCR marker, header, punctuation/ligature, or reading-order noise. Consult changes.json."
hvd,insert,5649,5649,,1 namely cato plutarch,an ambush and put to the sword,within the compasse of which very same,"Incoming XML comparison candidate; may be OCR marker, header, punctuation/ligature, or reading-order noise. Consult changes.json."
hvd,insert,5664,5664,,¹,hee lost by death first his mother,then his daughter julia and not long,"Incoming XML comparison candidate; may be OCR marker, header, punctuation/ligature, or reading-order noise. Consult changes.json."
hvd,insert,5674,5674,,2,julia and not long after his neece,by the said daughter and in this,"Incoming XML comparison candidate; may be OCR marker, header, punctuation/ligature, or reading-order noise. Consult changes.json."
hvd,insert,5696,5696,,³,and astonied at the murder of clodius,when the senate thought good there should,"Incoming XML comparison candidate; may be OCR marker, header, punctuation/ligature, or reading-order noise. Consult changes.json."
hvd,insert,5938,5938,,5,he provided neverthelesse by his houshold servants,all the notable and well knowne sword,"Incoming XML comparison candidate; may be OCR marker, header, punctuation/ligature, or reading-order noise. Consult changes.json."
hvd,insert,5984,5984,,1 2 3 by milo 4 5 domesticatim a u c 700 e,and charged they should be had away,by force and reserved for himselfe as,"Incoming XML comparison candidate; may be OCR marker, header, punctuation/ligature, or reading-order noise. Consult changes.json."
hvd,insert,6142,6142,,1,will of pompeius octavia his sisters neece,wedded unto c marcellus hee affianced and,"Incoming XML comparison candidate; may be OCR marker, header, punctuation/ligature, or reading-order noise. Consult changes.json."
hvd,replace,6256,6257,maister,maister2,were in favour with their lord and,tasted of his liberality moreover there was,"Incoming XML comparison candidate; may be OCR marker, header, punctuation/ligature, or reading-order noise. Consult changes.json."
hvd,insert,6328,6328,,2 or patrone 1,or were so low brought or had,been so excessive in riot as that,"Incoming XML comparison candidate; may be OCR marker, header, punctuation/ligature, or reading-order noise. Consult changes.json."
hvd,replace,6501,6502,common,commona u c 703,as touching the maine point of the,weale proposed unto the senate that for,"Incoming XML comparison candidate; may be OCR marker, header, punctuation/ligature, or reading-order noise. Consult changes.json."
hvd,insert,6580,6580,,1a,had annulled that act of the people,by vertue whereof it was graunted that,"Incoming XML comparison candidate; may be OCR marker, header, punctuation/ligature, or reading-order noise. Consult changes.json."
hvd,insert,6692,6692,,ei plebiscito a u c 704,especiall favour of him but he made,a motion moreover that those inhabitants whom,"Incoming XML comparison candidate; may be OCR marker, header, punctuation/ligature, or reading-order noise. Consult changes.json."
hvd,insert,7236,7236,,and wrought,of the people which he had raised,of his comming therefore he intended to,"Incoming XML comparison candidate; may be OCR marker, header, punctuation/ligature, or reading-order noise. Consult changes.json."
hvd,insert,7429,7429,,a u c 705,would they needes have and i caius,ceasar after so many worthie exploites atchieved,"Incoming XML comparison candidate; may be OCR marker, header, punctuation/ligature, or reading-order noise. Consult changes.json."
hvd,replace,8131,8132,finger,fingerb,plucke the ring from off his owne,those that stood hinmost in the assembly,"Incoming XML comparison candidate; may be OCR marker, header, punctuation/ligature, or reading-order noise. Consult changes.json."
hvd,insert,8251,8251,,¹,along the coast of the adriatick sea,to brundis whether the consuls and pompeius,"Incoming XML comparison candidate; may be OCR marker, header, punctuation/ligature, or reading-order noise. Consult changes.json."
hvd,replace,8383,8384,armie,armieb,from thence to a captaine without an,and albeit the besieging of massilia which,"Incoming XML comparison candidate; may be OCR marker, header, punctuation/ligature, or reading-order noise. Consult changes.json."
hvd,replace,8465,8466,dis,disa u c 706 1 that is venice gulf a u c 707,most mighty trenches and strong rampiers he,comfited at the last in the pharsalian,"Incoming XML comparison candidate; may be OCR marker, header, punctuation/ligature, or reading-order noise. Consult changes.json."
hvd,replace,8681,8683,over bold,overbold,yea and now bare himselfe presumptuous and,for his manifold victories and great successe,"Incoming XML comparison candidate; may be OCR marker, header, punctuation/ligature, or reading-order noise. Consult changes.json."
hvd,insert,8752,8752,,a u c 708,this he defeited scipio and juba repairing,the reliques of that side in africk,"Incoming XML comparison candidate; may be OCR marker, header, punctuation/ligature, or reading-order noise. Consult changes.json."
hvd,insert,8826,8826,,709 f,fought his battailes alwaies most fortunatly and,never was so much as in any,"Incoming XML comparison candidate; may be OCR marker, header, punctuation/ligature, or reading-order noise. Consult changes.json."
hvd,insert,8994,8994,,¹,triumph as he rode along the velabrum,he had like to have beene shaken,"Incoming XML comparison candidate; may be OCR marker, header, punctuation/ligature, or reading-order noise. Consult changes.json."
hvd,insert,9088,9088,,2,noting his expedition in despatching the warre,throughout the legions of old souldiers he,"Incoming XML comparison candidate; may be OCR marker, header, punctuation/ligature, or reading-order noise. Consult changes.json."
hvd,insert,9123,9123,,3b,beginning of the civill tumult 4000 sestertii,and to the horse men 24000 a,"Incoming XML comparison candidate; may be OCR marker, header, punctuation/ligature, or reading-order noise. Consult changes.json."
hvd,insert,9131,9131,,c,to the horse men 24000 a piece,he assigned lands also unto them but,"Incoming XML comparison candidate; may be OCR marker, header, punctuation/ligature, or reading-order noise. Consult changes.json."
hvd,insert,9141,9141,,1 a streete in rome 2 sicut cateri 20000 4 rather quadragena that is 40000 portion to horsemen was double 3 which reckoning the pro42,also unto them but not lying all,together because none of the owners should,"Incoming XML comparison candidate; may be OCR marker, header, punctuation/ligature, or reading-order noise. Consult changes.json."
hvd,replace,9161,9162,modii,modiid,among the people of rome beside x,of corne and as many pints of,"Incoming XML comparison candidate; may be OCR marker, header, punctuation/ligature, or reading-order noise. Consult changes.json."
hvd,replace,9197,9198,time,time¹,of 100 a peece to boote for,hee remitted moreover one yeeres house rent,"Incoming XML comparison candidate; may be OCR marker, header, punctuation/ligature, or reading-order noise. Consult changes.json."
hvd,insert,9246,9246,,2,and distributed a dole of raw flesh,yea and after his victorie in spaine,"Incoming XML comparison candidate; may be OCR marker, header, punctuation/ligature, or reading-order noise. Consult changes.json."
hvd,insert,9299,9299,,a u c 708,of sundry sorts as namely a sword,fight of fencers at sharpe hee set,"Incoming XML comparison candidate; may be OCR marker, header, punctuation/ligature, or reading-order noise. Consult changes.json."
hvd,replace,9332,9333,circenses,circensesb,in all languages semblably the solemne games,hee shewed and brought foorth champions also,"Incoming XML comparison candidate; may be OCR marker, header, punctuation/ligature, or reading-order noise. Consult changes.json."
hvd,replace,9416,9417,laberius,laberiusd,bithynia during the stage plaies aforesaid d,a gentleman of rome acted his owne,"Incoming XML comparison candidate; may be OCR marker, header, punctuation/ligature, or reading-order noise. Consult changes.json."
hvd,insert,9462,9462,,1 2 3 f,the knights in the 14 foremost seates,at the games circenses against which the,"Incoming XML comparison candidate; may be OCR marker, header, punctuation/ligature, or reading-order noise. Consult changes.json."
hvd,insert,9597,9597,,¹,steed of them were pitched two campes,confronting one another as for the champions,"Incoming XML comparison candidate; may be OCR marker, header, punctuation/ligature, or reading-order noise. Consult changes.json."
hvd,replace,9661,9662,codeta,codeta¹,for a great poole in the lesse,wherein certaine gallies as well with two,"Incoming XML comparison candidate; may be OCR marker, header, punctuation/ligature, or reading-order noise. Consult changes.json."
hvd,insert,9828,9828,,1 or tents,course of the sunne that it should,containe 365 daies and by abolishing the,"Incoming XML comparison candidate; may be OCR marker, header, punctuation/ligature, or reading-order noise. Consult changes.json."
hvd,replace,9845,9846,betweene,betweeneª,day every fourth yeare might be inserted,now to the end that the computation,"Incoming XML comparison candidate; may be OCR marker, header, punctuation/ligature, or reading-order noise. Consult changes.json."
hvd,replace,9864,9865,januarie,januarie¹,come might from the new kalends of,agree the better betweene november and december,"Incoming XML comparison candidate; may be OCR marker, header, punctuation/ligature, or reading-order noise. Consult changes.json."
hvd,insert,9914,9914,,ª,up the full number of the senatours,and chose unto that place new patritii,"Incoming XML comparison candidate; may be OCR marker, header, punctuation/ligature, or reading-order noise. Consult changes.json."
hvd,insert,9921,9921,,2b,and chose unto that place new patritii,the number of pretours ediles questors and,"Incoming XML comparison candidate; may be OCR marker, header, punctuation/ligature, or reading-order noise. Consult changes.json."
hvd,insert,10091,10091,,3,those who had been proscript and outlawed,he reduced all judgements unto two sorts,"Incoming XML comparison candidate; may be OCR marker, header, punctuation/ligature, or reading-order noise. Consult changes.json."
hvd,insert,10128,10128,,4,had been the third he utterly abolished,the generall survay and numbering of the,"Incoming XML comparison candidate; may be OCR marker, header, punctuation/ligature, or reading-order noise. Consult changes.json."
hvd,replace,10142,10143,manner,mannerd,people he held neither after the accustomed,nor in the usuall place but streete,"Incoming XML comparison candidate; may be OCR marker, header, punctuation/ligature, or reading-order noise. Consult changes.json."
hvd,insert,10147,10147,,calendis januariis novis trary to the law cornelia 2 3 concaius,the accustomed manner nor in the usuall,place but streete by streete and that,"Incoming XML comparison candidate; may be OCR marker, header, punctuation/ligature, or reading-order noise. Consult changes.json."
hvd,insert,10166,10166,,1,owners of messuages and tenements standing together,and whereas 320000 citizens received allowance of,"Incoming XML comparison candidate; may be OCR marker, header, punctuation/ligature, or reading-order noise. Consult changes.json."
hvd,replace,10168,10169,320000,3020000,messuages and tenements standing together and whereas,citizens received allowance of corne from the,"Incoming XML comparison candidate; may be OCR marker, header, punctuation/ligature, or reading-order noise. Consult changes.json."
hvd,insert,10342,10342,,b,the familiar traine of a chiefe magistrate,should travaile forth of italie item that,"Incoming XML comparison candidate; may be OCR marker, header, punctuation/ligature, or reading-order noise. Consult changes.json."
hvd,insert,10471,10471,,1 2,of the principall whatsoever had beene paide,or set downe in the obligations for,"Incoming XML comparison candidate; may be OCR marker, header, punctuation/ligature, or reading-order noise. Consult changes.json."
hvd,insert,10535,10535,,¹,the sooner because they went into banishment,and saved their whole patrimonies and estates,"Incoming XML comparison candidate; may be OCR marker, header, punctuation/ligature, or reading-order noise. Consult changes.json."
hvd,insert,10543,10543,,d,saved their whole patrimonies and estates parricides,therfore and wilfull murderers as cicero writeth,"Incoming XML comparison candidate; may be OCR marker, header, punctuation/ligature, or reading-order noise. Consult changes.json."
hvd,replace,10675,10676,sumptuaria,sumptuariab,ages and upon special daies the law,to represse excessive cost in fare he,"Incoming XML comparison candidate; may be OCR marker, header, punctuation/ligature, or reading-order noise. Consult changes.json."
hvd,insert,10781,10781,,1 2 or scarlet in graine,escaped the hands of the foresaid warders,for as concerning his purpose to adorne,"Incoming XML comparison candidate; may be OCR marker, header, punctuation/ligature, or reading-order noise. Consult changes.json."
hvd,replace,10943,10944,varro,varroª,greeke as latine authors committing unto m,the charge both to provide the said,"Incoming XML comparison candidate; may be OCR marker, header, punctuation/ligature, or reading-order noise. Consult changes.json."
hvd,insert,11012,11012,,b,tibris and to digge through the isthmus,moreover to bridle the dakes who had,"Incoming XML comparison candidate; may be OCR marker, header, punctuation/ligature, or reading-order noise. Consult changes.json."
hvd,delete,11031,11036,parthians by the way of,,soone after to make warre upon the,armenia the lesse but not to give,"Incoming XML comparison candidate; may be OCR marker, header, punctuation/ligature, or reading-order noise. Consult changes.json."
hvd,delete,11042,11046,give them battell before,,of armenia the lesse but not to,he had made triall of them amid,"Incoming XML comparison candidate; may be OCR marker, header, punctuation/ligature, or reading-order noise. Consult changes.json."
hvd,delete,11052,11056,amid these purposes and,,before he had made triall of them,designes death prevented him concerning which before,"Incoming XML comparison candidate; may be OCR marker, header, punctuation/ligature, or reading-order noise. Consult changes.json."
hvd,delete,11060,11063,concerning which before,,these purposes and designes death prevented him,i enter into speech it shall not,"Incoming XML comparison candidate; may be OCR marker, header, punctuation/ligature, or reading-order noise. Consult changes.json."
hvd,insert,11108,11108,,parthians by the way of give them battell before amid these purposes and concerning which before,his civill and also his martiall affaires,of stature he is reported to have,"Incoming XML comparison candidate; may be OCR marker, header, punctuation/ligature, or reading-order noise. Consult changes.json."
hvd,replace,11174,11175,affaires,affaires¹,also in the midst of his martiall,he was surprized with the falling sicknes,"Incoming XML comparison candidate; may be OCR marker, header, punctuation/ligature, or reading-order noise. Consult changes.json."
hvd,replace,11181,11182,sicknes,sicknesª,affaires he was surprized with the falling,about the trimming of his body he,"Incoming XML comparison candidate; may be OCR marker, header, punctuation/ligature, or reading-order noise. Consult changes.json."
hvd,insert,11319,11319,,³,his apparel he was noted for singularity,as who used to goe in his,"Incoming XML comparison candidate; may be OCR marker, header, punctuation/ligature, or reading-order noise. Consult changes.json."
hvd,insert,11381,11381,,b,the boy that went girded so dissolutely,he dwelt at first in the suburra,"Incoming XML comparison candidate; may be OCR marker, header, punctuation/ligature, or reading-order noise. Consult changes.json."
hvd,insert,11388,11388,,4,he dwelt at first in the suburra,but after he was high priest in,"Incoming XML comparison candidate; may be OCR marker, header, punctuation/ligature, or reading-order noise. Consult changes.json."
hvd,insert,11462,11462,,2 or fantasticall 3 4 g,pulled quite downe although as yet he,was but of meane estate and deepely,"Incoming XML comparison candidate; may be OCR marker, header, punctuation/ligature, or reading-order noise. Consult changes.json."
hvd,replace,11493,11494,cut,cut¹,of checker worke made of quarels square,so as they might be taken asunder,"Incoming XML comparison candidate; may be OCR marker, header, punctuation/ligature, or reading-order noise. Consult changes.json."
hvd,insert,11747,11747,,2 thus 1,wife albeit no man made complaint thereof,his good name for continencie and cleane,"Incoming XML comparison candidate; may be OCR marker, header, punctuation/ligature, or reading-order noise. Consult changes.json."
hvd,replace,11802,11803,cæsaris,cæsaris¹,of calvus licinius bithynia quicquid et pædicator,unquam habuit looke what it was that,"Incoming XML comparison candidate; may be OCR marker, header, punctuation/ligature, or reading-order noise. Consult changes.json."
hvd,insert,11871,11871,,2,nameth him nicomeedes his filth and harlot,yea and the bithynian brothel house i,"Incoming XML comparison candidate; may be OCR marker, header, punctuation/ligature, or reading-order noise. Consult changes.json."
hvd,replace,12037,12038,chamber,chamber³,said king being conveied into his bed,hee lay downe upon a bed of,"Incoming XML comparison candidate; may be OCR marker, header, punctuation/ligature, or reading-order noise. Consult changes.json."
hvd,insert,12065,12065,,1 that is k nicomedes 2 stabulum 3,him who was descended from venus became,defiled and desteind in bithynia one time,"Incoming XML comparison candidate; may be OCR marker, header, punctuation/ligature, or reading-order noise. Consult changes.json."
hvd,replace,12320,12321,ægisthus,ægisthus¹,a deepe sigh and groane to call,his daughter i say afterwards hee espoused,"Incoming XML comparison candidate; may be OCR marker, header, punctuation/ligature, or reading-order noise. Consult changes.json."
hvd,insert,12378,12378,,1 2 3,and also unto whom during the civill,warre over and above other free gifts,"Incoming XML comparison candidate; may be OCR marker, header, punctuation/ligature, or reading-order noise. Consult changes.json."
hvd,replace,12429,12431,penny worth,pennyworth,know quoth hee shee hath the better,in the purchase tertia deducta est for,"Incoming XML comparison candidate; may be OCR marker, header, punctuation/ligature, or reading-order noise. Consult changes.json."
hvd,insert,12437,12437,,a,worth in the purchase tertia deducta est,for it was thought that servilia was,"Incoming XML comparison candidate; may be OCR marker, header, punctuation/ligature, or reading-order noise. Consult changes.json."
hvd,replace,12489,12490,triumph,triumpha,likewise by his souldiours at the gaule,urbani servate uxores mœchum calvum ad ducimus,"Incoming XML comparison candidate; may be OCR marker, header, punctuation/ligature, or reading-order noise. Consult changes.json."
hvd,replace,12493,12494,mœchum,machum,at the gaule triumph urbani servate uxores,calvum ad ducimus auro in gallia stuprum,"Incoming XML comparison candidate; may be OCR marker, header, punctuation/ligature, or reading-order noise. Consult changes.json."
hvd,replace,12580,12581,galley,galley¹,and also in the same barge or,called thalamegos had passed into ægypt almost,"Incoming XML comparison candidate; may be OCR marker, header, punctuation/ligature, or reading-order noise. Consult changes.json."
hvd,insert,12641,12641,,2,sonne she bare after his owne name,whom verily some greek writers have recorded,"Incoming XML comparison candidate; may be OCR marker, header, punctuation/ligature, or reading-order noise. Consult changes.json."
hvd,insert,12688,12688,,1 2 that is ptolomæus cæsario 3,averring withall that c matius caius oppius,and the rest of cæsars friends knew,"Incoming XML comparison candidate; may be OCR marker, header, punctuation/ligature, or reading-order noise. Consult changes.json."
hvd,replace,12777,12778,wives,wives¹,be lawfull for him to marrie what,and as many as he would for,"Incoming XML comparison candidate; may be OCR marker, header, punctuation/ligature, or reading-order noise. Consult changes.json."
hvd,insert,12784,12784,,2,wives and as many as he would,for to get children upon and that,"Incoming XML comparison candidate; may be OCR marker, header, punctuation/ligature, or reading-order noise. Consult changes.json."
hvd,replace,12808,12809,kinde,kindeb,was both for uncleannesse of body against,and also for adulteries curio the father,"Incoming XML comparison candidate; may be OCR marker, header, punctuation/ligature, or reading-order noise. Consult changes.json."
hvd,insert,12940,12940,,4,not be thought to blame his host,either for negligence or rusticitie from other,"Incoming XML comparison candidate; may be OCR marker, header, punctuation/ligature, or reading-order noise. Consult changes.json."
hvd,insert,12986,12986,,5,recorded he took money of the proconsul,and the allies there and that by,"Incoming XML comparison candidate; may be OCR marker, header, punctuation/ligature, or reading-order noise. Consult changes.json."
hvd,insert,13009,13009,,1 3 4 or friend 5 tubero 6 that is in portugale,and certaine townes of the lusitanes he,sacked in hostile manner albeit they denied,"Incoming XML comparison candidate; may be OCR marker, header, punctuation/ligature, or reading-order noise. Consult changes.json."
hvd,replace,13044,13045,temples,temples¹,he robbed and spoiled the chappels and,of the gods full of rich gifts,"Incoming XML comparison candidate; may be OCR marker, header, punctuation/ligature, or reading-order noise. Consult changes.json."
hvd,replace,13115,13116,weight,weightª,after 3000 sesterces of silver the pound,in his first consulship when he had,"Incoming XML comparison candidate; may be OCR marker, header, punctuation/ligature, or reading-order noise. Consult changes.json."
hvd,insert,13163,13163,,b,titles he gave for summes of money,as who for example from ptolomeus that,"Incoming XML comparison candidate; may be OCR marker, header, punctuation/ligature, or reading-order noise. Consult changes.json."
hvd,insert,13344,13344,,2 3 auletes 4 sc of silver after 80 pound weight the talent 5 munerum 6,cumming thicker who for words yeelded more,gallant or more elegant hee seemeth whiles,"Incoming XML comparison candidate; may be OCR marker, header, punctuation/ligature, or reading-order noise. Consult changes.json."
hvd,insert,13395,13395,,¹,it is said that in his pronunciation,he used an high and shrill voyce,"Incoming XML comparison candidate; may be OCR marker, header, punctuation/ligature, or reading-order noise. Consult changes.json."
hvd,replace,13491,13492,metello,metello2,this inscription pro metello but quam scripsit,being as it is indeede a speech,"Incoming XML comparison candidate; may be OCR marker, header, punctuation/ligature, or reading-order noise. Consult changes.json."
hvd,insert,13692,13692,,which he wrote for or to 1 metellus 3 orat apud milites 4 ad brutum,ornaments and trimme attire of style but,while his mind was that other disposed,"Incoming XML comparison candidate; may be OCR marker, header, punctuation/ligature, or reading-order noise. Consult changes.json."
hvd,replace,13819,13820,asinius,asinius¹,facilitie and expedition he wrote them pollio,thinketh they were compiled with smal care,"Incoming XML comparison candidate; may be OCR marker, header, punctuation/ligature, or reading-order noise. Consult changes.json."
hvd,insert,13902,13902,,2,books de analogia and as many anticatones,besides a poeme entituled iter of which,"Incoming XML comparison candidate; may be OCR marker, header, punctuation/ligature, or reading-order noise. Consult changes.json."
hvd,insert,13946,13946,,4ª,gaule to his armie those next following,about the time of the battaile at,"Incoming XML comparison candidate; may be OCR marker, header, punctuation/ligature, or reading-order noise. Consult changes.json."
hvd,insert,13959,13959,,5,at munda and the last of all,whiles he travailed from the citie of,"Incoming XML comparison candidate; may be OCR marker, header, punctuation/ligature, or reading-order noise. Consult changes.json."
hvd,replace,14011,14012,memoriall,memoriall7,leaves even to a forme of a,whereas before time the consuls and generalles,"Incoming XML comparison candidate; may be OCR marker, header, punctuation/ligature, or reading-order noise. Consult changes.json."
hvd,insert,14054,14054,,4 anti1 asinius pollio 2 3 de analogia catones 5 iter 6 or rather 27 7 a booke of remembrance h,if any matters of secrecie were to,be carried he wrote them by privie,"Incoming XML comparison candidate; may be OCR marker, header, punctuation/ligature, or reading-order noise. Consult changes.json."
hvd,replace,14061,14062,markes,markes¹,be carried he wrote them by privie,that is to say placing the letters,"Incoming XML comparison candidate; may be OCR marker, header, punctuation/ligature, or reading-order noise. Consult changes.json."
hvd,insert,14111,14111,,2,d for a and the rest likewise,furthermore there be certaine workes of his,"Incoming XML comparison candidate; may be OCR marker, header, punctuation/ligature, or reading-order noise. Consult changes.json."
hvd,replace,14139,14140,tragedie,tragædie,as namely the praises of hercules the,of edipus as also collects of sayings,"Incoming XML comparison candidate; may be OCR marker, header, punctuation/ligature, or reading-order noise. Consult changes.json."
hvd,insert,14223,14223,,4,was to be formost sometime on horsebacke,more often on foote bare headed whether,"Incoming XML comparison candidate; may be OCR marker, header, punctuation/ligature, or reading-order noise. Consult changes.json."
hvd,insert,14331,14331,,1 in manner of cyphres 2 c for b etc 3 or bearing armes 4 or riding an horse 5 6,his armie at any time through wayes,dangerous for ambushments before he had throughly,"Incoming XML comparison candidate; may be OCR marker, header, punctuation/ligature, or reading-order noise. Consult changes.json."
hvd,insert,14360,14360,,¹,untill he had beforehand in proper person,sounded the havens and tryed the manner,"Incoming XML comparison candidate; may be OCR marker, header, punctuation/ligature, or reading-order noise. Consult changes.json."
hvd,insert,14422,14422,,2,dirrhachium he sayled over sea in winter,betweene ii fleetes of the enemies riding,"Incoming XML comparison candidate; may be OCR marker, header, punctuation/ligature, or reading-order noise. Consult changes.json."
hvd,insert,14653,14653,,3 1 2 3 or,reproch of his life was surnamed saluito,he fought not often set fields appointed,"Incoming XML comparison candidate; may be OCR marker, header, punctuation/ligature, or reading-order noise. Consult changes.json."
hvd,replace,14656,14657,often,often¹,life was surnamed saluito he fought not,set fields appointed before hand but uppon,"Incoming XML comparison candidate; may be OCR marker, header, punctuation/ligature, or reading-order noise. Consult changes.json."
hvd,insert,14928,14928,,ª,afterwards before the temple of venus genitrix,many a time himselfe alone renued the,"Incoming XML comparison candidate; may be OCR marker, header, punctuation/ligature, or reading-order noise. Consult changes.json."
hvd,insert,14970,14970,,1,upon the enemies thus dealt he i,say with his own soldiers when they,"Incoming XML comparison candidate; may be OCR marker, header, punctuation/ligature, or reading-order noise. Consult changes.json."
hvd,insert,14992,14992,,¹,a standerdbearer threatned as he staied him,to smite him with the footepoinct of,"Incoming XML comparison candidate; may be OCR marker, header, punctuation/ligature, or reading-order noise. Consult changes.json."
hvd,insert,15220,15220,,4,in regard neither of manners and behaviour,nor of welth and outward estate but,"Incoming XML comparison candidate; may be OCR marker, header, punctuation/ligature, or reading-order noise. Consult changes.json."
hvd,insert,15226,15226,,5,behaviour nor of welth and outward estate,but onely of bodily strength and he,"Incoming XML comparison candidate; may be OCR marker, header, punctuation/ligature, or reading-order noise. Consult changes.json."
hvd,insert,15246,15246,,1 2 3 4,with like indulgence also and sufferance for,he awed and chastised them not in,"Incoming XML comparison candidate; may be OCR marker, header, punctuation/ligature, or reading-order noise. Consult changes.json."
hvd,insert,15487,15487,,2,10 legions of 30000 men of armes,an hundred thowsand light armours and three,"Incoming XML comparison candidate; may be OCR marker, header, punctuation/ligature, or reading-order noise. Consult changes.json."
hvd,insert,15575,15575,,1 2 fotemen heavily armed 3 footemen lightly armed,tooke knowledge of them all nor yet,punished them fully to the proportion but,"Incoming XML comparison candidate; may be OCR marker, header, punctuation/ligature, or reading-order noise. Consult changes.json."
hvd,insert,15581,15581,,¹,yet punished them fully to the proportion,but as he made streight inquisition after,"Incoming XML comparison candidate; may be OCR marker, header, punctuation/ligature, or reading-order noise. Consult changes.json."
hvd,insert,15743,15743,,2,when he heard of titurius his overthrow,he suffred the haire of his head,"Incoming XML comparison candidate; may be OCR marker, header, punctuation/ligature, or reading-order noise. Consult changes.json."
hvd,insert,15909,15909,,1 2 and,were beseeged but also when themselves beleagured,others they indured so resolutely that during,"Incoming XML comparison candidate; may be OCR marker, header, punctuation/ligature, or reading-order noise. Consult changes.json."
hvd,replace,15935,15936,herbe,herbeb,kinde of bread made of a certaine,they lived upon said he had to,"Incoming XML comparison candidate; may be OCR marker, header, punctuation/ligature, or reading-order noise. Consult changes.json."
hvd,replace,16047,16048,cohort,cohortd,forces of their enemies to conclude one,and no more of the 6 legion,"Incoming XML comparison candidate; may be OCR marker, header, punctuation/ligature, or reading-order noise. Consult changes.json."
hvd,replace,16061,16062,skonce,skonce¹,legion which had the keeping of a,made good the place and held out,"Incoming XML comparison candidate; may be OCR marker, header, punctuation/ligature, or reading-order noise. Consult changes.json."
hvd,insert,16166,16166,,2,likewise with the shot of 120 arrowes,yet defended the guard of the fort,"Incoming XML comparison candidate; may be OCR marker, header, punctuation/ligature, or reading-order noise. Consult changes.json."
hvd,insert,16264,16264,,1 2 plutarch 130,mutinied in the civill warres some times,they did yet so as they were,"Incoming XML comparison candidate; may be OCR marker, header, punctuation/ligature, or reading-order noise. Consult changes.json."
hvd,replace,16558,16559,hiempsal,hiempsal¹,masintha a noble young gentleman against king,so earnestly that in the debate and,"Incoming XML comparison candidate; may be OCR marker, header, punctuation/ligature, or reading-order noise. Consult changes.json."
hvd,replace,16592,16594,tribu tarie,tribu1 i tarie¹,said masintha was pronounced definitively the kings,he forthwith both rescued him out of,"Incoming XML comparison candidate; may be OCR marker, header, punctuation/ligature, or reading-order noise. Consult changes.json."
hvd,insert,16712,16712,,2,selfe lay all night upon the ground,without doores moreover being now become emperour,"Incoming XML comparison candidate; may be OCR marker, header, punctuation/ligature, or reading-order noise. Consult changes.json."
hvd,insert,16714,16714,,3,all night upon the ground without doores,moreover being now become emperour and lord,"Incoming XML comparison candidate; may be OCR marker, header, punctuation/ligature, or reading-order noise. Consult changes.json."
hvd,delete,16819,16820,him,,had made most bitter invectives against him,and hee againe written unto him as,"Incoming XML comparison candidate; may be OCR marker, header, punctuation/ligature, or reading-order noise. Consult changes.json."
hvd,replace,16911,16912,him,him1 2 3,branded with perpetuall infamie when he excused,selfe unto him and was readie to,"Incoming XML comparison candidate; may be OCR marker, header, punctuation/ligature, or reading-order noise. Consult changes.json."
hvd,insert,16921,16921,,¹,him and was readie to make satisfaction,he bad him to supper that verie,"Incoming XML comparison candidate; may be OCR marker, header, punctuation/ligature, or reading-order noise. Consult changes.json."
hvd,insert,16996,16996,,2,first cut and then to be crucified,cornelius phagita whose for laying him by,"Incoming XML comparison candidate; may be OCR marker, header, punctuation/ligature, or reading-order noise. Consult changes.json."
hvd,insert,17019,17019,,³,although he gave him a good reward,but had like to have beene brought,"Incoming XML comparison candidate; may be OCR marker, header, punctuation/ligature, or reading-order noise. Consult changes.json."
hvd,insert,17222,17222,,1 2 talents,maintaine the common wealth he for his,part pronounced openly that he wold make,"Incoming XML comparison candidate; may be OCR marker, header, punctuation/ligature, or reading-order noise. Consult changes.json."
hvd,insert,17687,17687,,1,would have done at an others hand,howbeit the rest of his deedes and,"Incoming XML comparison candidate; may be OCR marker, header, punctuation/ligature, or reading-order noise. Consult changes.json."
hvd,replace,17738,17739,manners,manners2,continued consulship perpetuall dictature and presidency of,and more than so the forename of,"Incoming XML comparison candidate; may be OCR marker, header, punctuation/ligature, or reading-order noise. Consult changes.json."
hvd,insert,17806,17806,,4,in the curia and before the tribunal,a sacred chariot and therein a frame,"Incoming XML comparison candidate; may be OCR marker, header, punctuation/ligature, or reading-order noise. Consult changes.json."
hvd,insert,17809,17809,,a,and before the tribunal a sacred chariot,and therein a frame carrying an image,"Incoming XML comparison candidate; may be OCR marker, header, punctuation/ligature, or reading-order noise. Consult changes.json."
hvd,replace,17837,17838,loft,loftb,neere unto the gods a sacred bed,for such images to be bestowed upon,"Incoming XML comparison candidate; may be OCR marker, header, punctuation/ligature, or reading-order noise. Consult changes.json."
hvd,replace,17848,17849,luperci,lupercid,to be bestowed upon a flamin certaine,and the denomination of one monethe after,"Incoming XML comparison candidate; may be OCR marker, header, punctuation/ligature, or reading-order noise. Consult changes.json."
hvd,insert,17927,17927,,1 civili animo tulit i 3 4 in the forum 6 juliani,as in the meane time he held,no election but of tribunes and ædiles,"Incoming XML comparison candidate; may be OCR marker, header, punctuation/ligature, or reading-order noise. Consult changes.json."
hvd,replace,17956,17957,present,a u c 709 present¹,of the citie even whiles he was,and upon the very last day of,"Incoming XML comparison candidate; may be OCR marker, header, punctuation/ligature, or reading-order noise. Consult changes.json."
hvd,insert,18051,18051,,3,better then halfe barbarians he admitted senatours,furthermore over the mint and receipt of,"Incoming XML comparison candidate; may be OCR marker, header, punctuation/ligature, or reading-order noise. Consult changes.json."
hvd,insert,18149,18149,,4b,sulla was altogether unlettered and no grammarian,in giving over his dictature that men,"Incoming XML comparison candidate; may be OCR marker, header, punctuation/ligature, or reading-order noise. Consult changes.json."
hvd,insert,18234,18234,,5,joyfull and fortunate if it pleased him,neither was it to be taken for,"Incoming XML comparison candidate; may be OCR marker, header, punctuation/ligature, or reading-order noise. Consult changes.json."
hvd,insert,18252,18252,,1 2 the last of december 3 4 nam grammatici est dictare 5 should signifie better fortune,token if a beast wanted an heart,but the greatest envie and inexpiable hatred,"Incoming XML comparison candidate; may be OCR marker, header, punctuation/ligature, or reading-order noise. Consult changes.json."
hvd,replace,18268,18269,all,all¹,upon himselfe by this occasion most of,what time as al the senatours in,"Incoming XML comparison candidate; may be OCR marker, header, punctuation/ligature, or reading-order noise. Consult changes.json."
hvd,replace,18335,18336,them,them³,c trebatius advertised him to arise unto,he looked backe upon him with a,"Incoming XML comparison candidate; may be OCR marker, header, punctuation/ligature, or reading-order noise. Consult changes.json."
hvd,replace,18394,18395,thereat,therat,trybunes pues tooke such snuffe and indignation,that he brake out alowd into these,"Incoming XML comparison candidate; may be OCR marker, header, punctuation/ligature, or reading-order noise. Consult changes.json."
hvd,insert,18440,18440,,b,if pontius aquila will give me leave,to this contumelious and notorious behaviour of,"Incoming XML comparison candidate; may be OCR marker, header, punctuation/ligature, or reading-order noise. Consult changes.json."
hvd,insert,18446,18446,,4,leave to this contumelious and notorious behaviour,of his toward the senate thus despised,"Incoming XML comparison candidate; may be OCR marker, header, punctuation/ligature, or reading-order noise. Consult changes.json."
hvd,insert,18571,18571,,in expiabilem or exitiabilem i deadly and mischeife 2 sir remember you are cæsar 4 or gesture that which brought him to saying with all what 5 resembling a diademe,glorie of refusing it sharpely rebuked the,tribunes and deprived them both of their,"Incoming XML comparison candidate; may be OCR marker, header, punctuation/ligature, or reading-order noise. Consult changes.json."
hvd,insert,18611,18611,,a,he both made answere unto a commoner,saluting him by the name of a,"Incoming XML comparison candidate; may be OCR marker, header, punctuation/ligature, or reading-order noise. Consult changes.json."
hvd,insert,18660,18660,,b,into the capitoll to jupiter optimus maximus,moreover sundrie rumours ran rife abroad that,"Incoming XML comparison candidate; may be OCR marker, header, punctuation/ligature, or reading-order noise. Consult changes.json."
hvd,insert,18677,18677,,d,for ever to alexandria or to ilium,having at once translated and remooved thither,"Incoming XML comparison candidate; may be OCR marker, header, punctuation/ligature, or reading-order noise. Consult changes.json."
hvd,replace,18869,18870,libell,libell¹,the order of senatours there was a,proposed in this form bonum factum etc,"Incoming XML comparison candidate; may be OCR marker, header, punctuation/ligature, or reading-order noise. Consult changes.json."
hvd,insert,18894,18894,,1 or bill,senatours and these verses were commonly chaunted,gallos ceasar in triumphum ducit iidem in,"Incoming XML comparison candidate; may be OCR marker, header, punctuation/ligature, or reading-order noise. Consult changes.json."
hvd,insert,18902,18902,,1,ceasar in triumphum ducit iidem in curia,galli bracas deposuerunt latum clavum sumpserunt the,"Incoming XML comparison candidate; may be OCR marker, header, punctuation/ligature, or reading-order noise. Consult changes.json."
hvd,insert,18904,18904,,2b,triumphum ducit iidem in curia galli bracas,deposuerunt latum clavum sumpserunt the french in,"Incoming XML comparison candidate; may be OCR marker, header, punctuation/ligature, or reading-order noise. Consult changes.json."
hvd,insert,18949,18949,,³,entred the theater and the sergant commanded,as the manner was that the people,"Incoming XML comparison candidate; may be OCR marker, header, punctuation/ligature, or reading-order noise. Consult changes.json."
hvd,insert,19026,19026,,d,these words would god thou were alive,likewise under the statue of cæsar himselfe,"Incoming XML comparison candidate; may be OCR marker, header, punctuation/ligature, or reading-order noise. Consult changes.json."
hvd,insert,19043,19043,,e,the kings was created consul the first,this man for expelling the consuls is,"Incoming XML comparison candidate; may be OCR marker, header, punctuation/ligature, or reading-order noise. Consult changes.json."
hvd,insert,19054,19054,,4,the consuls is become king the last,there conspired against him more than three,"Incoming XML comparison candidate; may be OCR marker, header, punctuation/ligature, or reading-order noise. Consult changes.json."
hvd,replace,19092,19093,bridge,bridget,partes they should cast him downe the,as he called the tribes to give,"Incoming XML comparison candidate; may be OCR marker, header, punctuation/ligature, or reading-order noise. Consult changes.json."
hvd,insert,19161,19161,,8,of pompeius upon the ides of march,they soone agreed of this time and,"Incoming XML comparison candidate; may be OCR marker, header, punctuation/ligature, or reading-order noise. Consult changes.json."
hvd,insert,19182,19182,,1 2 bracas or trousses or brachas some take them for mantels histor 4 5 m brutus 6 7 in which cæsar dwelt after he had beene high priest 8 k,had faire warning of his death before,it came by many evident prodigies and,"Incoming XML comparison candidate; may be OCR marker, header, punctuation/ligature, or reading-order noise. Consult changes.json."
hvd,replace,19205,19206,julia,julia¹,inhabitants brought by vertue of the law,to dwell in the colonie capua overthrew,"Incoming XML comparison candidate; may be OCR marker, header, punctuation/ligature, or reading-order noise. Consult changes.json."
hvd,insert,19463,19463,,2a,it fortuned that as the birde regaliolus,was flying with a little branch of,"Incoming XML comparison candidate; may be OCR marker, header, punctuation/ligature, or reading-order noise. Consult changes.json."
hvd,insert,19563,19563,,1 which him selfe promulged,verie bosome and sodainely withall the chamber,doore of it selfe flew open hereupon,"Incoming XML comparison candidate; may be OCR marker, header, punctuation/ligature, or reading-order noise. Consult changes.json."
hvd,insert,19651,19651,,¹,when one met him by the way,and offered him a written scrole of,"Incoming XML comparison candidate; may be OCR marker, header, punctuation/ligature, or reading-order noise. Consult changes.json."
hvd,replace,19656,19658,scrole of,pamphlet which layd open,the way and offered him a written,the conspiratours names and those that were,"Incoming XML comparison candidate; may be OCR marker, header, punctuation/ligature, or reading-order noise. Consult changes.json."
hvd,replace,19659,19661,conspiratours names,conspiracie,offered him a written scrole of the,and those that were that sought his,"Incoming XML comparison candidate; may be OCR marker, header, punctuation/ligature, or reading-order noise. Consult changes.json."
hvd,replace,19662,19664,those that,who they,written scrole of the conspiratours names and,were that sought his life he shuffled,"Incoming XML comparison candidate; may be OCR marker, header, punctuation/ligature, or reading-order noise. Consult changes.json."
hvd,replace,19770,19771,place,place³,saw once that he had taken his,and was set they stood round about,"Incoming XML comparison candidate; may be OCR marker, header, punctuation/ligature, or reading-order noise. Consult changes.json."
hvd,insert,19849,19849,,5,he cried out this is violence cassius,came in full a front and wounded,"Incoming XML comparison candidate; may be OCR marker, header, punctuation/ligature, or reading-order noise. Consult changes.json."
hvd,insert,19851,19851,,2,out this is violence cassius came in,full a front and wounded him a,"Incoming XML comparison candidate; may be OCR marker, header, punctuation/ligature, or reading-order noise. Consult changes.json."
hvd,insert,19862,19862,,6,wounded him a litle beneth the throat,then cæsar catching cassius by the arme,"Incoming XML comparison candidate; may be OCR marker, header, punctuation/ligature, or reading-order noise. Consult changes.json."
hvd,replace,19877,19878,punches,punchesb,it through with his stile or writing,and with that being about to leape,"Incoming XML comparison candidate; may be OCR marker, header, punctuation/ligature, or reading-order noise. Consult changes.json."
hvd,insert,19887,19887,,3 conround about him 4 who him 5 alter cassius or 6 jugulum or the chanell 1 2 of pompeius spicati or conspirati i the conspiratours stood before had beene his great friend and sided with alter e cassiis one of the cassi vel alter casca bone 7 out of his chaire a u c 710,that being about to leape forward he,was met with another wound and stayed,"Incoming XML comparison candidate; may be OCR marker, header, punctuation/ligature, or reading-order noise. Consult changes.json."
hvd,replace,19924,19925,lap,lap¹,but withall he let downe the large,with his left hand to his legges,"Incoming XML comparison candidate; may be OCR marker, header, punctuation/ligature, or reading-order noise. Consult changes.json."
hvd,insert,19994,19994,,2,upon him he said καὶ σὺ τέκνον,i and thou my sonne when all,"Incoming XML comparison candidate; may be OCR marker, header, punctuation/ligature, or reading-order noise. Consult changes.json."
hvd,insert,19999,19999,,d,σὺ τέκνον i and thou my sonne,when all others fled sundrie waies there,"Incoming XML comparison candidate; may be OCR marker, header, punctuation/ligature, or reading-order noise. Consult changes.json."
hvd,replace,20029,20030,downe,downe³,licter and so with one arme hanging,carried him home neither in so many,"Incoming XML comparison candidate; may be OCR marker, header, punctuation/ligature, or reading-order noise. Consult changes.json."
hvd,insert,20058,20058,,4,which he received second in his breast,the conspiratours were minded to have dragged,"Incoming XML comparison candidate; may be OCR marker, header, punctuation/ligature, or reading-order noise. Consult changes.json."
hvd,replace,20159,20160,virgin,virgina,to the keeping of the chiefe vestal,q tubero writeth that from his first,"Incoming XML comparison candidate; may be OCR marker, header, punctuation/ligature, or reading-order noise. Consult changes.json."
hvd,insert,20211,20211,,1 2 some expound this of the licter as if one corner thereof hung downe carried as it was by three 4 5 13 of september,testament of his he ordained three coheires,the nephewes all of his sisters to,"Incoming XML comparison candidate; may be OCR marker, header, punctuation/ligature, or reading-order noise. Consult changes.json."
hvd,insert,20217,20217,,1,coheires the nephewes all of his sisters,to wit c octavius of three fourth,"Incoming XML comparison candidate; may be OCR marker, header, punctuation/ligature, or reading-order noise. Consult changes.json."
hvd,replace,20269,20270,sonne,sonne³,him he nominated for guardiers to his,if it fortuned he had any borne,"Incoming XML comparison candidate; may be OCR marker, header, punctuation/ligature, or reading-order noise. Consult changes.json."
hvd,insert,20282,20282,,be one of his second heires in remainder hee bequeathed,any borne yea and decimus brutus to,in his legacies unto the people his,"Incoming XML comparison candidate; may be OCR marker, header, punctuation/ligature, or reading-order noise. Consult changes.json."
hvd,insert,20288,20288,,4,to in his legacies unto the people,his hortyards about tiberis to ly common,"Incoming XML comparison candidate; may be OCR marker, header, punctuation/ligature, or reading-order noise. Consult changes.json."
hvd,insert,20405,20405,,10,given that without observing the strict order,every man might bring which way and,"Incoming XML comparison candidate; may be OCR marker, header, punctuation/ligature, or reading-order noise. Consult changes.json."
hvd,replace,20464,20465,armour,armoura men,tragedie of pacuvius entituled the judgement of,men servasse ut essent qui me perderent,"Incoming XML comparison candidate; may be OCR marker, header, punctuation/ligature, or reading-order noise. Consult changes.json."
hvd,replace,20489,20490,grave,graveb 1 2 3 of romer 5 46s iod ob starling 6 7 or herse 8 or bierre appion a pole 10,bloudy death to bring me to my,as also another out of that of,"Incoming XML comparison candidate; may be OCR marker, header, punctuation/ligature, or reading-order noise. Consult changes.json."
hvd,replace,20497,20498,accius,accius¹,as also another out of that of,to the same sence insteed of a,"Incoming XML comparison candidate; may be OCR marker, header, punctuation/ligature, or reading-order noise. Consult changes.json."
hvd,delete,20501,20502,sence,,of that of accius to the same,insteed of a laudatorie oration antonius the,"Incoming XML comparison candidate; may be OCR marker, header, punctuation/ligature, or reading-order noise. Consult changes.json."
hvd,insert,20565,20565,,2,of his owne the fore saide bed,the magistrates for the time being and,"Incoming XML comparison candidate; may be OCR marker, header, punctuation/ligature, or reading-order noise. Consult changes.json."
hvd,insert,20820,20820,,sence 2 or 1 bierre 3 detulerant 4 where he was murdered 5 or benches 6,sepulture and where his bodie was burnt,the common people streight after his funerall,"Incoming XML comparison candidate; may be OCR marker, header, punctuation/ligature, or reading-order noise. Consult changes.json."
hvd,insert,20911,20911,,¹,erected in the forum a solide columne,almost 20 foote high of numidian marble,"Incoming XML comparison candidate; may be OCR marker, header, punctuation/ligature, or reading-order noise. Consult changes.json."
hvd,insert,21167,21167,,1 or piller 2 insectantium,farre worse then ever it had beene,this one thing verily all men well,"Incoming XML comparison candidate; may be OCR marker, header, punctuation/ligature, or reading-order noise. Consult changes.json."
hvd,replace,21201,21202,xenophon,xenophon¹,a time when he had read in,how cyrus beeing at the point of,"Incoming XML comparison candidate; may be OCR marker, header, punctuation/ligature, or reading-order noise. Consult changes.json."
hvd,replace,21281,21282,56,562ª,and unlooked for he died in the,yeare of his age and was canonized,"Incoming XML comparison candidate; may be OCR marker, header, punctuation/ligature, or reading-order noise. Consult changes.json."
hvd,insert,21331,21331,,3,his heire exhibited for him thus deified,there shone a blazing starre for seven,"Incoming XML comparison candidate; may be OCR marker, header, punctuation/ligature, or reading-order noise. Consult changes.json."
hvd,replace,21394,21395,murdred,murdredb,up the court where in hee was,to name the ides of march parricidium,"Incoming XML comparison candidate; may be OCR marker, header, punctuation/ligature, or reading-order noise. Consult changes.json."
hvd,insert,21470,21470,,cyripadia 8 2 in the 8 septimane consecrate,same dagger wherewith they had wounded cæsar,,"Incoming XML comparison candidate; may be OCR marker, header, punctuation/ligature, or reading-order noise. Consult changes.json."
