note_index,reference,series,marker,xml_line,left,right,status,evidence
1,1.1,footnote,1,24,in the yeare following,being elected flamen dialis,OCR marker supports existing location,"[{""witness"": ""uc1"", ""page"": 15, ""gap"": ""1, "", ""marker_evidence"": true, ""context"": ""in the yeare following1, being elected flamen dialis""}, {""witness"": ""hvd"", ""page"": 15, ""gap"": "" 1, "", ""marker_evidence"": true, ""context"": ""in the yeare following 1, being elected flamen dialis""}]"
2,1.1,annotation,a,24,being elected flamen dialis,he cast off cossutia,Context found; marker unresolved,"[{""witness"": ""uc1"", ""page"": 15, ""gap"": "", "", ""marker_evidence"": false, ""context"": ""being elected flamen dialis, he\ncast off cossutia""}, {""witness"": ""hvd"", ""page"": 15, ""gap"": "", "", ""marker_evidence"": false, ""context"": ""being elected flamen dialis, he\ncast off cossutia""}]"
3,1.1,annotation,b,24,being elected flamen dialis,he cast off cossutia,Context found; marker unresolved,"[{""witness"": ""uc1"", ""page"": 15, ""gap"": "", "", ""marker_evidence"": false, ""context"": ""being elected flamen dialis, he\ncast off cossutia""}, {""witness"": ""hvd"", ""page"": 15, ""gap"": "", "", ""marker_evidence"": false, ""context"": ""being elected flamen dialis, he\ncast off cossutia""}]"
4,1.1,annotation,c,24,to put her away,where upon deprived of,Location unresolved,[]
5,1.1,footnote,2,24,to put her away,where upon deprived of,Location unresolved,[]
6,1.2,annotation,d,27,forfeiting all his heritages,descended unto him from,OCR marker supports existing location,"[{""witness"": ""uc1"", ""page"": 15, ""gap"": "" d\n"", ""marker_evidence"": true, ""context"": ""forfeiting all his heritages d\ndescended unto him from""}, {""witness"": ""hvd"", ""page"": 15, ""gap"": "" d\n"", ""marker_evidence"": true, ""context"": ""forfeiting all his heritages d\ndescended unto him from""}]"
7,1.2,footnote,3,27,of the contrarie faction,in so much as,Context found; marker unresolved,"[{""witness"": ""uc1"", ""page"": 15, ""gap"": "": "", ""marker_evidence"": false, ""context"": ""of the contrarie faction: in so much as""}, {""witness"": ""hvd"", ""page"": 15, ""gap"": "": "", ""marker_evidence"": false, ""context"": ""of the contrarie faction: in so much as""}]"
8,1.2,footnote,4,28,to hide his head,and albeit the quartaine,OCR marker supports existing location,"[{""witness"": ""uc1"", ""page"": 15, ""gap"": "" *; "", ""marker_evidence"": false, ""context"": ""to hide his head *; and (albeit the quartaine""}, {""witness"": ""hvd"", ""page"": 15, ""gap"": "" 4; "", ""marker_evidence"": true, ""context"": ""to hide his head 4; and (albeit the quartaine""}]"
9,1.2,annotation,e,28,a peece of money,out of the inquisitours,Context found; marker unresolved,"[{""witness"": ""uc1"", ""page"": 15, ""gap"": "" "", ""marker_evidence"": false, ""context"": ""a peece of money out of the inquisitours""}, {""witness"": ""hvd"", ""page"": 15, ""gap"": "" "", ""marker_evidence"": false, ""context"": ""a peece of money out of the inquisitours""}]"
10,1.2,annotation,f,28,the religious vestall virgines,by the meanes also,Context found; marker unresolved,"[{""witness"": ""uc1"", ""page"": 15, ""gap"": "", "", ""marker_evidence"": false, ""context"": ""the religious vestall virgines, by the\nmeanes also""}, {""witness"": ""hvd"", ""page"": 15, ""gap"": "", "", ""marker_evidence"": false, ""context"": ""the religious vestall virgines, by the\nmeanes also""}]"
11,1.2,footnote,5,31,cotta his neere kinsfolke,and allied unto him,Context found; marker unresolved,"[{""witness"": ""uc1"", ""page"": 15, ""gap"": ""s "", ""marker_evidence"": false, ""context"": ""cotta, his\nneere kinsfolkes and allied unto him""}, {""witness"": ""hvd"", ""page"": 15, ""gap"": "" "", ""marker_evidence"": false, ""context"": ""cotta, his\nneere kinsfolke and allied unto him""}]"
12,2.1,footnote,1,40,m thermus the pretour,by whom being sent,OCR marker supports existing location,"[{""witness"": ""uc1"", ""page"": 16, ""gap"": ""1: "", ""marker_evidence"": true, ""context"": ""m. thermus\nthe pretour1: by whom being sent""}, {""witness"": ""hvd"", ""page"": 16, ""gap"": ""1: "", ""marker_evidence"": true, ""context"": ""m. thermus\nthe pretour1: by whom being sent""}]"
13,2.1,annotation,a,40,m thermus the pretour,by whom being sent,Context found; marker unresolved,"[{""witness"": ""uc1"", ""page"": 16, ""gap"": ""1: "", ""marker_evidence"": false, ""context"": ""m. thermus\nthe pretour1: by whom being sent""}, {""witness"": ""hvd"", ""page"": 16, ""gap"": ""1: "", ""marker_evidence"": false, ""context"": ""m. thermus\nthe pretour1: by whom being sent""}]"
14,2.1,annotation,b,40,due to a libertine,and client of his,Context found; marker unresolved,"[{""witness"": ""uc1"", ""page"": 16, ""gap"": "" "", ""marker_evidence"": false, ""context"": ""due to a libertine and client of his""}, {""witness"": ""hvd"", ""page"": 16, ""gap"": "" "", ""marker_evidence"": false, ""context"": ""due to a libertine and client of his""}]"
15,2.1,annotation,c,40,a libertine and client,of his the rest,Context found; marker unresolved,"[{""witness"": ""uc1"", ""page"": 16, ""gap"": "" "", ""marker_evidence"": false, ""context"": ""a libertine and client of his. the rest""}, {""witness"": ""hvd"", ""page"": 16, ""gap"": "" "", ""marker_evidence"": false, ""context"": ""a libertine and client of his. the rest""}]"
16,2.1,annotation,d,41,with a civike guirland,he was a souldiour,OCR marker supports existing location,"[{""witness"": ""uc1"", ""page"": 16, ""gap"": "" d.\n3\n"", ""marker_evidence"": true, ""context"": ""with a civike guirland d.\n3\nhe was a souldiour""}, {""witness"": ""hvd"", ""page"": 16, ""gap"": "" d.\n3\n"", ""marker_evidence"": true, ""context"": ""with a civike guirland d.\n3\nhe was a souldiour""}]"
17,3.1,footnote,2,47,servilius isauricus in cilicia,but it was not,Location unresolved,[]
18,3.1,annotation,a,47,foote by m lepidus,he returned in all,Context found; marker unresolved,"[{""witness"": ""uc1"", ""page"": 16, ""gap"": "", "", ""marker_evidence"": false, ""context"": ""foote by m. lepidus, he\nreturned in all""}, {""witness"": ""hvd"", ""page"": 16, ""gap"": "", "", ""marker_evidence"": false, ""context"": ""foote by m. lepidus, he\nreturned in all""}]"
19,3.1,footnote,3,47,answerable to his expectation,howbeit when that civill,Location unresolved,[]
20,4.1,annotation,a,54,and sedition was appeased,hee judicially accused for,Context found; marker unresolved,"[{""witness"": ""uc1"", ""page"": 17, ""gap"": "", "", ""marker_evidence"": false, ""context"": ""and sedition was appeased, hee judicially accused for""}, {""witness"": ""hvd"", ""page"": 17, ""gap"": "", "", ""marker_evidence"": false, ""context"": ""and sedition was appeased, hee judicially accused for""}]"
21,4.1,footnote,1,54,judicially accused for extortion,cornelius dolobella a man,OCR marker supports existing location,"[{""witness"": ""uc1"", ""page"": 17, ""gap"": "" 1 "", ""marker_evidence"": true, ""context"": ""judicially accused for extortion 1 cornelius\ndolobella, a man""}, {""witness"": ""hvd"", ""page"": 17, ""gap"": "" 1 "", ""marker_evidence"": true, ""context"": ""judicially accused for extortion 1 cornelius\ndolobella, a man""}]"
22,4.1,footnote,2,54,hatred of the world,as by occasion of,OCR marker supports existing location,"[{""witness"": ""uc1"", ""page"": 17, ""gap"": ""2,\n"", ""marker_evidence"": true, ""context"": ""hatred of the world2,\nas by occasion of""}, {""witness"": ""hvd"", ""page"": 17, ""gap"": "" 2,\n"", ""marker_evidence"": true, ""context"": ""hatred of the world 2,\nas by occasion of""}]"
23,4.1,footnote,3,54,oratorie under apollonius molon,a most renowmed rhetorician,OCR marker supports existing location,"[{""witness"": ""uc1"", ""page"": 17, ""gap"": "" 3 "", ""marker_evidence"": true, ""context"": ""oratorie under apollonius molon 3 a most renowmed\nrhetorician""}, {""witness"": ""hvd"", ""page"": 17, ""gap"": "" 3 "", ""marker_evidence"": true, ""context"": ""oratorie under apollonius molon 3 a most renowmed\nrhetorician""}]"
24,4.1,footnote,4,54,being now winter time,his fortune was about,OCR marker supports existing location,"[{""witness"": ""uc1"", ""page"": 17, ""gap"": "" 4) "", ""marker_evidence"": true, ""context"": ""being now winter time 4) his fortune was about""}, {""witness"": ""hvd"", ""page"": 17, ""gap"": "" *) "", ""marker_evidence"": false, ""context"": ""being now winter time *) his fortune was about""}]"
25,4.1,footnote,5,54,not without exceeding indignation,for the space well,OCR marker supports existing location,"[{""witness"": ""uc1"", ""page"": 17, ""gap"": "" 5)\n"", ""marker_evidence"": true, ""context"": ""not without exceeding indignation 5)\nfor the space well""}, {""witness"": ""hvd"", ""page"": 17, ""gap"": "" 5)\n"", ""marker_evidence"": true, ""context"": ""not without exceeding indignation 5)\nfor the space well""}]"
26,4.1,footnote,6,54,accompanied with one physician,and two groomes of,Context found; marker unresolved,"[{""witness"": ""uc1"", ""page"": 17, ""gap"": "" "", ""marker_evidence"": false, ""context"": ""accompanied with one\nphysician and two groomes of""}, {""witness"": ""hvd"", ""page"": 17, ""gap"": "" "", ""marker_evidence"": false, ""context"": ""accompanied with one\nphysician and two groomes of""}]"
27,4.2,footnote,7,57,rest of his servants,belonging to his traine,Context found; marker unresolved,"[{""witness"": ""uc1"", ""page"": 17, ""gap"": "" "", ""marker_evidence"": false, ""context"": ""rest of his servants belonging to his\ntraine""}, {""witness"": ""hvd"", ""page"": 17, ""gap"": "" "", ""marker_evidence"": false, ""context"": ""rest of his servants belonging to his\ntraine""}]"
28,4.2,footnote,8,57,the countries next adjoyning,because he would not,Context found; marker unresolved,"[{""witness"": ""uc1"", ""page"": 17, ""gap"": "", "", ""marker_evidence"": false, ""context"": ""the countries next adjoyning, because he would not""}, {""witness"": ""hvd"", ""page"": 17, ""gap"": "", "", ""marker_evidence"": false, ""context"": ""the countries next adjoyning, because he would not""}]"
29,5.1,annotation,a,64,in his militarie tribuneship,which was the first,Context found; marker unresolved,"[{""witness"": ""uc1"", ""page"": 18, ""gap"": "", "", ""marker_evidence"": false, ""context"": ""in his militarie tribuneship, which was the first""}, {""witness"": ""hvd"", ""page"": 18, ""gap"": "", "", ""marker_evidence"": false, ""context"": ""in his militarie tribuneship, which was the first""}]"
30,5.1,footnote,1,65,patrones of the commons,who stoode out for,OCR marker supports existing location,"[{""witness"": ""uc1"", ""page"": 18, ""gap"": ""1, "", ""marker_evidence"": true, ""context"": ""patrones of the commons1, who stoode out\nfor""}, {""witness"": ""hvd"", ""page"": 18, ""gap"": ""1, "", ""marker_evidence"": true, ""context"": ""patrones of the commons1, who stoode out\nfor""}]"
31,5.1,footnote,2,65,act proposed by plotius,that l cinna his,OCR marker supports existing location,"[{""witness"": ""uc1"", ""page"": 18, ""gap"": "" 2b,\n"", ""marker_evidence"": true, ""context"": ""act proposed by plotius 2b,\nthat l. cinna his""}, {""witness"": ""hvd"", ""page"": 18, ""gap"": "" 2 b,\n"", ""marker_evidence"": true, ""context"": ""act proposed by plotius 2 b,\nthat l. cinna his""}]"
32,5.1,annotation,b,65,act proposed by plotius,that l cinna his,OCR marker supports existing location,"[{""witness"": ""uc1"", ""page"": 18, ""gap"": "" 2b,\n"", ""marker_evidence"": true, ""context"": ""act proposed by plotius 2b,\nthat l. cinna his""}, {""witness"": ""hvd"", ""page"": 18, ""gap"": "" 2 b,\n"", ""marker_evidence"": true, ""context"": ""act proposed by plotius 2 b,\nthat l. cinna his""}]"
33,5.1,footnote,3,65,after the consuls death,fled unto sertorius might,OCR marker supports existing location,"[{""witness"": ""uc1"", ""page"": 18, ""gap"": "" 3, "", ""marker_evidence"": true, ""context"": ""after the consuls death 3, fled unto\nsertorius, might""}, {""witness"": ""hvd"", ""page"": 18, ""gap"": "" 3, "", ""marker_evidence"": true, ""context"": ""after the consuls death 3, fled unto\nsertorius, might""}]"
34,6.1,footnote,4,71,the people being questour,hee made as the,Location unresolved,[]
35,6.2,footnote,1,74,certaine publique divine ceremonies,he being disguised in,Context found; marker unresolved,"[{""witness"": ""uc1"", ""page"": 19, ""gap"": "", "", ""marker_evidence"": false, ""context"": ""certaine publique divine ceremonies, he being disguised in""}, {""witness"": ""hvd"", ""page"": 19, ""gap"": "", "", ""marker_evidence"": false, ""context"": ""certaine publique divine ceremonies, he being disguised in""}]"
36,7.1,footnote,2,80,farther province of spaine,where when as by,OCR marker supports existing location,"[{""witness"": ""uc1"", ""page"": 19, ""gap"": "" 2: "", ""marker_evidence"": true, ""context"": ""farther province of spaine 2: where,\nwhen as by""}, {""witness"": ""hvd"", ""page"": 19, ""gap"": "" 2: "", ""marker_evidence"": true, ""context"": ""farther province of spaine 2: where,\nwhen as by""}]"
37,7.1,footnote,3,80,of the lord pretour,he rode his circuit,OCR marker supports existing location,"[{""witness"": ""uc1"", ""page"": 19, ""gap"": ""3, "", ""marker_evidence"": true, ""context"": ""of the lord pretour3, he\nrode his circuit""}, {""witness"": ""hvd"", ""page"": 19, ""gap"": ""3, "", ""marker_evidence"": true, ""context"": ""of the lord pretour3, he\nrode his circuit""}]"
38,7.1,footnote,4,80,to keepe the assises,and came to gades,Context found; marker unresolved,"[{""witness"": ""uc1"", ""page"": 19, ""gap"": "", "", ""marker_evidence"": false, ""context"": ""to keepe the assises, and came to gades""}, {""witness"": ""hvd"", ""page"": 19, ""gap"": "", "", ""marker_evidence"": false, ""context"": ""to keepe the assises, and came to gades""}]"
39,7.1,footnote,5,80,act at those yeeres,wherein alexander had conquered,OCR marker supports existing location,"[{""witness"": ""uc1"", ""page"": 19, ""gap"": "" 5,\n"", ""marker_evidence"": true, ""context"": ""act at those yeeres 5,\nwherein alexander had conquered""}, {""witness"": ""hvd"", ""page"": 19, ""gap"": "" 5,\n"", ""marker_evidence"": true, ""context"": ""act at those yeeres 5,\nwherein alexander had conquered""}]"
40,8.1,annotation,a,89,unto the latine colonies,which were now devising,OCR marker supports existing location,"[{""witness"": ""uc1"", ""page"": 19, ""gap"": ""a, "", ""marker_evidence"": true, ""context"": ""unto the latine coloniesa, which were\nnow devising""}, {""witness"": ""hvd"", ""page"": 19, ""gap"": ""a, "", ""marker_evidence"": true, ""context"": ""unto the latine coloniesa, which were\nnow devising""}]"
41,9.1,footnote,1,95,man of consular degree,with p sulla likewise,OCR marker supports existing location,"[{""witness"": ""uc1"", ""page"": 20, ""gap"": "" 1) "", ""marker_evidence"": true, ""context"": ""man of consular degree 1) with\np. sulla likewise""}, {""witness"": ""hvd"", ""page"": 20, ""gap"": "" 1) "", ""marker_evidence"": true, ""context"": ""man of consular degree 1) with\np. sulla likewise""}]"
42,9.1,footnote,2,95,sulla likewise and p,autronius who after they,OCR marker supports existing location,"[{""witness"": ""uc1"", ""page"": 20, ""gap"": "".2 "", ""marker_evidence"": true, ""context"": ""sulla likewise and p.2 autronius, (who after they""}, {""witness"": ""hvd"", ""page"": 20, ""gap"": "".2 "", ""marker_evidence"": true, ""context"": ""sulla likewise and p.2 autronius, (who after they""}]"
43,9.3,footnote,1,101,meanes of the lambranes,and inhabitants beyond the,Location unresolved,[]
44,9.3,footnote,2,101,of piso his death,when he was ædile,Context found; marker unresolved,"[{""witness"": ""uc1"", ""page"": 21, ""gap"": "" 2.\n10\n< "", ""marker_evidence"": false, ""context"": ""of piso his death 2.\n10\n< when he was ædile""}, {""witness"": ""hvd"", ""page"": 21, ""gap"": "" 2.\n10\n"", ""marker_evidence"": false, ""context"": ""of piso his death 2.\n10\nwhen he was ædile""}]"
45,10.1,annotation,a,107,ædile besides the comitium,the market place and,Location unresolved,[]
46,10.1,footnote,3,107,both the twin brethren,beareth the name of,OCR marker supports existing location,"[{""witness"": ""uc1"", ""page"": 21, ""gap"": "" 3,\n"", ""marker_evidence"": true, ""context"": ""both the twin-brethren 3,\nbeareth the name of""}, {""witness"": ""hvd"", ""page"": 21, ""gap"": "" 3,\n"", ""marker_evidence"": true, ""context"": ""both the twin-brethren 3,\nbeareth the name of""}]"
47,10.2,footnote,4,110,many than he purposed,for buying up as,OCR marker supports existing location,"[{""witness"": ""uc1"", ""page"": 21, ""gap"": "" 4:\n"", ""marker_evidence"": true, ""context"": ""many than he purposed 4:\nfor, buying up (as""}, {""witness"": ""hvd"", ""page"": 21, ""gap"": "" 4:\n"", ""marker_evidence"": true, ""context"": ""many than he purposed 4:\nfor, buying up (as""}]"
48,11.1,footnote,2,117,out of his roialme,whom the senate had,OCR marker supports existing location,"[{""witness"": ""uc1"", ""page"": 22, ""gap"": ""2,\n"", ""marker_evidence"": true, ""context"": ""out of his roialme2,\nwhom the senate had""}, {""witness"": ""hvd"", ""page"": 22, ""gap"": ""2,\n"", ""marker_evidence"": true, ""context"": ""out of his roialme2,\nwhom the senate had""}]"
49,11.1,footnote,4,117,the examination of murderers,hee reckoned those in,OCR marker supports existing location,"[{""witness"": ""uc1"", ""page"": 22, ""gap"": "" 4, "", ""marker_evidence"": true, ""context"": ""the examination of murderers 4, hee\nreckoned those in""}, {""witness"": ""hvd"", ""page"": 22, ""gap"": "" 4, "", ""marker_evidence"": true, ""context"": ""the examination of murderers 4, hee\nreckoned those in""}]"
50,11.1,annotation,a,117,heads of romaine citizens,notwithstanding they were excepted,OCR marker supports existing location,"[{""witness"": ""uc1"", ""page"": 22, ""gap"": "" a,\n"", ""marker_evidence"": true, ""context"": ""heads of romaine citizens a,\nnotwithstanding they were excepted""}, {""witness"": ""hvd"", ""page"": 22, ""gap"": ""a,\n"", ""marker_evidence"": true, ""context"": ""heads of romaine citizensa,\nnotwithstanding they were excepted""}]"
51,11.1,annotation,b,117,of the lawes corneliæ,moreover he suborned one,OCR marker supports existing location,"[{""witness"": ""uc1"", ""page"": 22, ""gap"": "" b.\n12\n"", ""marker_evidence"": true, ""context"": ""of the\nlawes corneliæ b.\n12\nmoreover, he suborned one""}, {""witness"": ""hvd"", ""page"": 22, ""gap"": "" b.\n12\n"", ""marker_evidence"": true, ""context"": ""of the\nlawes corneliæ b.\n12\nmoreover, he suborned one""}]"
52,12.1,annotation,a,124,and set him on,to endite c rabirius,OCR marker supports existing location,"[{""witness"": ""uc1"", ""page"": 22, ""gap"": ""a, "", ""marker_evidence"": true, ""context"": ""and set him ona, to endite\nc. rabirius""}, {""witness"": ""hvd"", ""page"": 22, ""gap"": ""a, "", ""marker_evidence"": true, ""context"": ""and set him ona, to endite\nc. rabirius""}]"
53,12.1,annotation,b,124,rabirius of high treason,by whose helpe especially,OCR marker supports existing location,"[{""witness"": ""uc1"", ""page"": 22, ""gap"": "" b, "", ""marker_evidence"": true, ""context"": ""rabirius of high treason b, by whose helpe especially""}, {""witness"": ""hvd"", ""page"": 22, ""gap"": "" b, "", ""marker_evidence"": true, ""context"": ""rabirius of high treason b, by whose helpe especially""}]"
54,12.1,footnote,5,124,chosen a judge delegate,to passe sentence of,Context found; marker unresolved,"[{""witness"": ""uc1"", ""page"": 22, ""gap"": "" "", ""marker_evidence"": false, ""context"": ""chosen a judge delegate to passe sentence of""}, {""witness"": ""hvd"", ""page"": 22, ""gap"": "" "", ""marker_evidence"": false, ""context"": ""chosen a judge delegate to passe sentence of""}]"
55,12.1,annotation,c,124,that when rabirius appealed,unto the people nothing,Context found; marker unresolved,"[{""witness"": ""uc1"", ""page"": 22, ""gap"": "" "", ""marker_evidence"": false, ""context"": ""that when rabirius\nappealed unto the people, nothing""}, {""witness"": ""hvd"", ""page"": 22, ""gap"": "" "", ""marker_evidence"": false, ""context"": ""that when rabirius\nappealed unto the people, nothing""}]"
56,12.1,footnote,6,124,rigour of the judge,having laied a side,Location unresolved,[]
57,13.1,footnote,1,132,of the foresaid province,he stood to be,OCR marker supports existing location,"[{""witness"": ""uc1"", ""page"": 23, ""gap"": "" 1, "", ""marker_evidence"": true, ""context"": ""of the foresaid province 1, he\nstood to be""}, {""witness"": ""hvd"", ""page"": 23, ""gap"": "" 1, "", ""marker_evidence"": true, ""context"": ""of the foresaid province 1, he\nstood to be""}]"
58,13.1,annotation,a,132,two most mightie competitours,who otherwise for age,Context found; marker unresolved,"[{""witness"": ""uc1"", ""page"": 23, ""gap"": "", "", ""marker_evidence"": false, ""context"": ""two most mightie competitours, who otherwise\nfor age""}, {""witness"": ""hvd"", ""page"": 23, ""gap"": "", "", ""marker_evidence"": false, ""context"": ""two most mightie competitours, who otherwise\nfor age""}]"
59,13.1,footnote,2,132,them in all throughout,being created pretour when,Location unresolved,[]
60,14.1,footnote,3,139,throughout being created pretour,when as the conspiracie,Location unresolved,[]
61,14.1,footnote,4,139,lighter punishment than death,for as many as,Context found; marker unresolved,"[{""witness"": ""uc1"", ""page"": 23, ""gap"": "", "", ""marker_evidence"": false, ""context"": ""lighter punishment than death, for as many as""}, {""witness"": ""hvd"", ""page"": 23, ""gap"": "", "", ""marker_evidence"": false, ""context"": ""lighter punishment than death, for as many as""}]"
62,14.1,footnote,5,139,than hee meant it,and verily prevailed hee,Context found; marker unresolved,"[{""witness"": ""uc1"", ""page"": 23, ""gap"": "". "", ""marker_evidence"": false, ""context"": ""than\nhee meant it. and verily prevailed hee""}, {""witness"": ""hvd"", ""page"": 23, ""gap"": "". "", ""marker_evidence"": false, ""context"": ""than\nhee meant it. and verily prevailed hee""}]"
63,14.2,footnote,6,142,among the rest cicero,the consuls brother but,Context found; marker unresolved,"[{""witness"": ""uc1"", ""page"": 23, ""gap"": "" "", ""marker_evidence"": false, ""context"": ""among the rest, cicero the consuls brother) but""}, {""witness"": ""hvd"", ""page"": 23, ""gap"": "" "", ""marker_evidence"": false, ""context"": ""among the rest, cicero the consuls brother\"") but""}]"
64,14.2,footnote,7,142,rest cicero the consuls,brother but that a,Context found; marker unresolved,"[{""witness"": ""uc1"", ""page"": 23, ""gap"": "" "", ""marker_evidence"": false, ""context"": ""rest, cicero the consuls brother) but\nthat a""}, {""witness"": ""hvd"", ""page"": 23, ""gap"": "" "", ""marker_evidence"": false, ""context"": ""rest, cicero the consuls brother\"") but\nthat a""}]"
65,14.2,footnote,1,142,for guard and defence,threatned to dispatch him,OCR marker supports existing location,"[{""witness"": ""uc1"", ""page"": 24, ""gap"": "" 1, "", ""marker_evidence"": true, ""context"": ""for guard and defence 1, threatned\nto dispatch him""}, {""witness"": ""hvd"", ""page"": 24, ""gap"": "" 1, "", ""marker_evidence"": true, ""context"": ""for guard and defence 1, threatned\nto dispatch him""}]"
66,14.2,footnote,2,142,putting their gownes betweene,hardly and with much,OCR marker supports existing location,"[{""witness"": ""uc1"", ""page"": 24, ""gap"": "" 2, "", ""marker_evidence"": true, ""context"": ""putting their gownes betweene 2, hardly\nand with much""}, {""witness"": ""hvd"", ""page"": 24, ""gap"": "" 2, "", ""marker_evidence"": true, ""context"": ""putting their gownes betweene 2, hardly\nand with much""}]"
67,14.2,footnote,3,142,rest of that yeare,forbare to come into,OCR marker supports existing location,"[{""witness"": ""uc1"", ""page"": 24, ""gap"": "" & "", ""marker_evidence"": false, ""context"": ""rest of that yeare & forbare to\ncome into""}, {""witness"": ""hvd"", ""page"": 24, ""gap"": "" 3 "", ""marker_evidence"": true, ""context"": ""rest of that yeare 3 forbare to\ncome into""}]"
68,15.1,annotation,a,149,reedification of the capitoll,having withall promulged a,Context found; marker unresolved,"[{""witness"": ""uc1"", ""page"": 24, ""gap"": "", "", ""marker_evidence"": false, ""context"": ""reedification of the capitoll, having withall promulged a""}, {""witness"": ""hvd"", ""page"": 24, ""gap"": "", "", ""marker_evidence"": false, ""context"": ""reedification of the capitoll, having withall promulged a""}]"
69,15.1,annotation,b,150,withall promulged a lawe,by vertue whereof hee,OCR marker supports existing location,"[{""witness"": ""uc1"", ""page"": 24, ""gap"": ""b, "", ""marker_evidence"": true, ""context"": ""withall promulged a\nlaweb, by vertue whereof hee""}, {""witness"": ""hvd"", ""page"": 24, ""gap"": ""b, "", ""marker_evidence"": true, ""context"": ""withall promulged a\nlaweb, by vertue whereof hee""}]"
70,15.1,footnote,4,151,that worke unto another,but not able to,OCR marker supports existing location,"[{""witness"": ""uc1"", ""page"": 24, ""gap"": "" 4. "", ""marker_evidence"": true, ""context"": ""that\nworke unto another 4. but not able to""}, {""witness"": ""hvd"", ""page"": 24, ""gap"": "" 4. "", ""marker_evidence"": true, ""context"": ""that\nworke unto another 4. but not able to""}]"
71,15.1,annotation,c,151,nobles and better sort,nor to make his,Context found; marker unresolved,"[{""witness"": ""uc1"", ""page"": 24, ""gap"": "", "", ""marker_evidence"": false, ""context"": ""nobles\nand better sort, nor to make his""}, {""witness"": ""hvd"", ""page"": 24, ""gap"": "", "", ""marker_evidence"": false, ""context"": ""nobles\nand better sort, nor to make his""}]"
72,15.1,annotation,d,152,upon the new consuls,hee gave over this,OCR marker supports existing location,"[{""witness"": ""uc1"", ""page"": 24, ""gap"": "" d, "", ""marker_evidence"": true, ""context"": ""upon the new consuls d, hee gave over this""}, {""witness"": ""hvd"", ""page"": 24, ""gap"": ""d, "", ""marker_evidence"": true, ""context"": ""upon the new consulsd, hee gave over this""}]"
73,16.1,footnote,5,161,but whereas cecilius metellus,a tribune of the,Context found; marker unresolved,"[{""witness"": ""uc1"", ""page"": 24, ""gap"": "" "", ""marker_evidence"": false, ""context"": ""but, whereas cecilius metellus a tribune of the""}, {""witness"": ""hvd"", ""page"": 24, ""gap"": "" "", ""marker_evidence"": false, ""context"": ""but, whereas cecilius metellus a tribune of the""}]"
74,16.1,annotation,a,161,his embrodered purple robe,and retired privily to,OCR marker supports existing location,"[{""witness"": ""uc1"", ""page"": 25, ""gap"": "", "", ""marker_evidence"": false, ""context"": ""his embrodered purple robe, and\nretired privily to""}, {""witness"": ""hvd"", ""page"": 25, ""gap"": ""a, "", ""marker_evidence"": true, ""context"": ""his embrodered purple robea, and\nretired privily to""}]"
75,16.2,annotation,b,164,him into the curia,and after they had,OCR marker supports existing location,"[{""witness"": ""uc1"", ""page"": 25, ""gap"": "" b,\n"", ""marker_evidence"": true, ""context"": ""him into the curia b,\nand after they had""}, {""witness"": ""hvd"", ""page"": 25, ""gap"": "" b,\n"", ""marker_evidence"": true, ""context"": ""him into the curia b,\nand after they had""}]"
76,17.1,footnote,1,171,vettius who appeached him,and also in the,Context found; marker unresolved,"[{""witness"": ""uc1"", ""page"": 25, ""gap"": ""; "", ""marker_evidence"": false, ""context"": ""vettius who appeached him; and also in the""}, {""witness"": ""hvd"", ""page"": 25, ""gap"": ""; "", ""marker_evidence"": false, ""context"": ""vettius who appeached him; and also in the""}]"
77,17.2,annotation,a,174,him a superiour magistrate,of state to be,Context found; marker unresolved,"[{""witness"": ""uc1"", ""page"": 26, ""gap"": "" "", ""marker_evidence"": false, ""context"": ""him, a superiour magistrate of state, to be""}, {""witness"": ""hvd"", ""page"": 26, ""gap"": "" "", ""marker_evidence"": false, ""context"": ""him, a superiour magistrate of state, to be""}]"
78,18.1,footnote,1,181,this pretourship of his,having the government of,OCR marker supports existing location,"[{""witness"": ""uc1"", ""page"": 26, ""gap"": ""1, "", ""marker_evidence"": true, ""context"": ""this pretourship of his1, having the government\nof""}, {""witness"": ""hvd"", ""page"": 26, ""gap"": ""1, "", ""marker_evidence"": true, ""context"": ""this pretourship of his1, having the government\nof""}]"
79,18.1,annotation,a,181,and undertooke for him,and before the governours,Context found; marker unresolved,"[{""witness"": ""uc1"", ""page"": 26, ""gap"": "": "", ""marker_evidence"": false, ""context"": ""and\nundertooke for him: and before the governours""}, {""witness"": ""hvd"", ""page"": 26, ""gap"": "": "", ""marker_evidence"": false, ""context"": ""and\nundertooke for him: and before the governours""}]"
80,18.2,footnote,2,184,and many withstoode him,labouring as he did,Context found; marker unresolved,"[{""witness"": ""uc1"", ""page"": 26, ""gap"": "" "", ""marker_evidence"": false, ""context"": ""and many withstoode him labouring as he did""}, {""witness"": ""hvd"", ""page"": 26, ""gap"": "" "", ""marker_evidence"": false, ""context"": ""and many withstoode him labouring as he did""}]"
81,18.2,annotation,b,184,to forgoe his triumph,of the two competitours,OCR marker supports existing location,"[{""witness"": ""uc1"", ""page"": 26, ""gap"": "" b.\n19\n"", ""marker_evidence"": true, ""context"": ""to forgoe his triumph b.\n19\nof the two competitours""}, {""witness"": ""hvd"", ""page"": 26, ""gap"": "" b.\n19\n"", ""marker_evidence"": true, ""context"": ""to forgoe his triumph b.\n19\nof the two competitours""}]"
82,19.1,annotation,a,191,monies among the centuries,which devise being known,Context found; marker unresolved,"[{""witness"": ""uc1"", ""page"": 26, ""gap"": "". "", ""marker_evidence"": false, ""context"": ""monies among the\ncenturies. which devise being known""}, {""witness"": ""hvd"", ""page"": 26, ""gap"": "". "", ""marker_evidence"": false, ""context"": ""monies among the\ncenturies. which devise being known""}]"
83,19.1,footnote,3,191,being known the nobles,and great men who,Context found; marker unresolved,"[{""witness"": ""uc1"", ""page"": 26, ""gap"": "" "", ""marker_evidence"": false, ""context"": ""being known, the nobles and\ngreat men who""}, {""witness"": ""hvd"", ""page"": 26, ""gap"": "" "", ""marker_evidence"": false, ""context"": ""being known, the nobles and\ngreat men who""}]"
84,19.1,footnote,1,191,once a soveraigne magistrate,and having a collegue,Location unresolved,[]
85,19.2,annotation,b,194,should have the provinces,and commissions of least,OCR marker supports existing location,"[{""witness"": ""uc1"", ""page"": 27, ""gap"": "" b\n"", ""marker_evidence"": true, ""context"": ""should have the provinces b\nand commissions of least""}, {""witness"": ""hvd"", ""page"": 27, ""gap"": "" b\n"", ""marker_evidence"": true, ""context"": ""should have the provinces b\nand commissions of least""}]"
86,19.2,annotation,c,194,unto forrests and woods,unto lanes and pathes,Location unresolved,[]
87,19.2,annotation,d,194,unto lanes and pathes,cæsar taking this wrong,OCR marker supports existing location,"[{""witness"": ""uc1"", ""page"": 27, ""gap"": ""d.\n"", ""marker_evidence"": true, ""context"": ""unto lanes and pathesd.\ncæsar taking this wrong""}, {""witness"": ""hvd"", ""page"": 27, ""gap"": ""d.\n"", ""marker_evidence"": true, ""context"": ""unto lanes and pathesd.\ncæsar taking this wrong""}]"
88,19.2,annotation,e,194,any of them three,when he was entred,Context found; marker unresolved,"[{""witness"": ""uc1"", ""page"": 27, ""gap"": "".\n20\n"", ""marker_evidence"": false, ""context"": ""any of them three.\n20\nwhen he was entred""}, {""witness"": ""hvd"", ""page"": 27, ""gap"": "".\n20\n"", ""marker_evidence"": false, ""context"": ""any of them three.\n20\nwhen he was entred""}]"
89,20.1,annotation,a,201,recorded also and published,hee brought in likewise,Context found; marker unresolved,"[{""witness"": ""uc1"", ""page"": 27, ""gap"": "".\n"", ""marker_evidence"": false, ""context"": ""recorded also and published.\nhee brought-in likewise""}, {""witness"": ""hvd"", ""page"": 27, ""gap"": "".\n"", ""marker_evidence"": false, ""context"": ""recorded also and published.\nhee brought-in likewise""}]"
90,20.1,annotation,b,201,axes borne before him,a publique officer called,OCR marker supports existing location,"[{""witness"": ""uc1"", ""page"": 27, ""gap"": ""b, "", ""marker_evidence"": true, ""context"": ""axes\nborne before himb, a publique officer called""}, {""witness"": ""hvd"", ""page"": 27, ""gap"": ""b, "", ""marker_evidence"": true, ""context"": ""axes\nborne before himb, a publique officer called""}]"
91,20.1,annotation,c,201,publique officer called accensus,should huisher him before,Context found; marker unresolved,"[{""witness"": ""uc1"", ""page"": 27, ""gap"": "" "", ""marker_evidence"": false, ""context"": ""publique officer called accensus should\nhuisher him before""}, {""witness"": ""hvd"", ""page"": 27, ""gap"": "" "", ""marker_evidence"": false, ""context"": ""publique officer called accensus should\nhuisher him before""}]"
92,20.2,footnote,1,204,times in lighter tumults,and stirres there had,OCR marker supports existing location,"[{""witness"": ""uc1"", ""page"": 28, ""gap"": ""1\n"", ""marker_evidence"": true, ""context"": ""times in lighter tumults1\nand stirres there had""}, {""witness"": ""hvd"", ""page"": 28, ""gap"": "" 1\n"", ""marker_evidence"": true, ""context"": ""times in lighter tumults 1\nand stirres there had""}]"
93,20.2,footnote,2,204,prohibited any proceedings else,but by way of,OCR marker supports existing location,"[{""witness"": ""uc1"", ""page"": 28, ""gap"": "" 2, "", ""marker_evidence"": true, ""context"": ""prohibited any proceedings else 2, but by way of""}, {""witness"": ""hvd"", ""page"": 28, ""gap"": "", "", ""marker_evidence"": false, ""context"": ""prohibited any proceedings else, but by way of""}]"
94,20.2,footnote,3,204,by way of edicts,from that time forward,Context found; marker unresolved,"[{""witness"": ""hvd"", ""page"": 28, ""gap"": "".\n"", ""marker_evidence"": false, ""context"": ""by way of edicts.\nfrom that time forward""}]"
95,20.3,footnote,4,215,divided without casting lots,among twentie thousand citizens,Context found; marker unresolved,"[{""witness"": ""uc1"", ""page"": 28, ""gap"": "", "", ""marker_evidence"": false, ""context"": ""divided without casting lots, among\ntwentie thousand citizens""}, {""witness"": ""hvd"", ""page"": 28, ""gap"": "", "", ""marker_evidence"": false, ""context"": ""divided without casting lots, among\ntwentie thousand citizens""}]"
96,20.3,annotation,d,215,three children or more,the publicanes making request,OCR marker supports existing location,"[{""witness"": ""uc1"", ""page"": 28, ""gap"": ""d. "", ""marker_evidence"": true, ""context"": ""three children or\nmored. the publicanes making request""}, {""witness"": ""hvd"", ""page"": 28, ""gap"": ""d. "", ""marker_evidence"": true, ""context"": ""three children or\nmored. the publicanes making request""}]"
97,20.3,annotation,e,215,or more the publicanes,making request for some,Location unresolved,[]
98,20.3,footnote,5,215,some easement hee relieved,by striking of a,OCR marker supports existing location,"[{""witness"": ""uc1"", ""page"": 28, ""gap"": "" 5, "", ""marker_evidence"": true, ""context"": ""some easement\nhee relieved 5, by striking of a""}, {""witness"": ""hvd"", ""page"": 28, ""gap"": "" 5, "", ""marker_evidence"": true, ""context"": ""some easement\nhee relieved 5, by striking of a""}]"
99,20.4,footnote,1,218,the ninth houre thereof,hee brought p clodius,OCR marker supports existing location,"[{""witness"": ""uc1"", ""page"": 29, ""gap"": ""1,\n"", ""marker_evidence"": true, ""context"": ""the ninth houre thereof1,\nhee brought p. clodius""}, {""witness"": ""hvd"", ""page"": 29, ""gap"": ""1,\n"", ""marker_evidence"": true, ""context"": ""the ninth houre thereof1,\nhee brought p. clodius""}]"
100,20.5,footnote,2,221,contrary faction an appeacher,to professe that he,OCR marker supports existing location,"[{""witness"": ""uc1"", ""page"": 29, ""gap"": "" 2, "", ""marker_evidence"": true, ""context"": ""contrary faction, an appeacher 2, to professe that he""}, {""witness"": ""hvd"", ""page"": 29, ""gap"": "" 2, "", ""marker_evidence"": true, ""context"": ""contrary faction, an appeacher 2, to professe that he""}]"
101,20.5,footnote,3,221,whom he had suborned,and made him away,OCR marker supports existing location,"[{""witness"": ""uc1"", ""page"": 29, ""gap"": "" 3, "", ""marker_evidence"": true, ""context"": ""whom he had suborned 3, and made him away""}, {""witness"": ""hvd"", ""page"": 29, ""gap"": "", "", ""marker_evidence"": false, ""context"": ""whom he had suborned, and made him away""}]"
102,21.1,footnote,4,228,former spouse servilius cæpio,by whose helpe especially,Context found; marker unresolved,"[{""witness"": ""uc1"", ""page"": 29, ""gap"": "", "", ""marker_evidence"": false, ""context"": ""former spouse\nservilius cæpio, by whose helpe especially""}, {""witness"": ""hvd"", ""page"": 29, ""gap"": "", "", ""marker_evidence"": false, ""context"": ""former spouse\nservilius cæpio, by whose helpe especially""}]"
103,21.1,annotation,a,228,to begin with crassus,notwithstanding also the custome,Context found; marker unresolved,"[{""witness"": ""uc1"", ""page"": 29, ""gap"": "": "", ""marker_evidence"": false, ""context"": ""to begin with crassus: notwithstanding also the custome""}, {""witness"": ""hvd"", ""page"": 29, ""gap"": "": "", ""marker_evidence"": false, ""context"": ""to begin with crassus: notwithstanding also the custome""}]"
104,22.1,footnote,1,235,of his wives father,and sonne in law,OCR marker supports existing location,"[{""witness"": ""uc1"", ""page"": 30, ""gap"": "" 1 "", ""marker_evidence"": true, ""context"": ""of\nhis wives father 1 and sonne in law""}, {""witness"": ""hvd"", ""page"": 30, ""gap"": "" 1 "", ""marker_evidence"": true, ""context"": ""of\nhis wives father 1 and sonne in law""}]"
105,22.1,footnote,2,235,and sonne in law,out of all that,OCR marker supports existing location,"[{""witness"": ""uc1"", ""page"": 30, ""gap"": "" 2, "", ""marker_evidence"": true, ""context"": ""and sonne in law 2, out of all that""}, {""witness"": ""hvd"", ""page"": 30, ""gap"": "" 2, "", ""marker_evidence"": true, ""context"": ""and sonne in law 2, out of all that""}]"
106,22.1,annotation,a,235,matter sufficient of triumphs,and verily at the,OCR marker supports existing location,"[{""witness"": ""uc1"", ""page"": 30, ""gap"": ""a. "", ""marker_evidence"": true, ""context"": ""matter\nsufficient of triumphsa. and verily at the""}, {""witness"": ""hvd"", ""page"": 30, ""gap"": ""a. "", ""marker_evidence"": true, ""context"": ""matter\nsufficient of triumphsa. and verily at the""}]"
107,22.1,annotation,b,235,of the law vatinia,he tooke upon him,OCR marker supports existing location,"[{""witness"": ""uc1"", ""page"": 30, ""gap"": ""b "", ""marker_evidence"": true, ""context"": ""of the law vatiniab he tooke upon him""}, {""witness"": ""hvd"", ""page"": 30, ""gap"": ""b "", ""marker_evidence"": true, ""context"": ""of the law vatiniab he tooke upon him""}]"
108,22.1,annotation,c,235,government of gallia cisalpina,together with illyricum soone,Context found; marker unresolved,"[{""witness"": ""uc1"", ""page"": 30, ""gap"": "" "", ""marker_evidence"": false, ""context"": ""government of\ngallia cisalpina together with illyricum. soone""}, {""witness"": ""hvd"", ""page"": 30, ""gap"": "" "", ""marker_evidence"": false, ""context"": ""government of\ngallia cisalpina together with illyricum. soone""}]"
109,22.2,annotation,d,238,which was called comata,for the nobilitie feared,OCR marker supports existing location,"[{""witness"": ""uc1"", ""page"": 30, ""gap"": ""d:\n"", ""marker_evidence"": true, ""context"": ""which was called comatad:\nfor, the nobilitie feared""}, {""witness"": ""hvd"", ""page"": 30, ""gap"": ""d:\n"", ""marker_evidence"": true, ""context"": ""which was called comatad:\nfor, the nobilitie feared""}]"
110,22.2,annotation,e,238,merily to another sence,that even in assyria,Context found; marker unresolved,"[{""witness"": ""uc1"", ""page"": 30, ""gap"": "", "", ""marker_evidence"": false, ""context"": ""merily to another sence, that,\neven in assyria""}, {""witness"": ""hvd"", ""page"": 30, ""gap"": "", "", ""marker_evidence"": false, ""context"": ""merily to another sence, that,\neven in assyria""}]"
111,22.2,annotation,f,238,the women named amazones,held in times past,Context found; marker unresolved,"[{""witness"": ""uc1"", ""page"": 30, ""gap"": "" "", ""marker_evidence"": false, ""context"": ""the women named amazones held in times past""}, {""witness"": ""hvd"", ""page"": 30, ""gap"": "" "", ""marker_evidence"": false, ""context"": ""the women named amazones held in times past""}]"
112,23.1,footnote,3,245,examination and censure thereof,unto the body of,Context found; marker unresolved,"[{""witness"": ""uc1"", ""page"": 30, ""gap"": "" "", ""marker_evidence"": false, ""context"": ""examination and censure thereof unto the body of""}, {""witness"": ""hvd"", ""page"": 30, ""gap"": "" "", ""marker_evidence"": false, ""context"": ""examination and censure thereof unto the body of""}]"
113,23.1,footnote,4,245,and immediately his questour,for to prejudice him,Location unresolved,[]
114,23.1,annotation,a,245,for to prejudice him,was drawne into trouble,OCR marker supports existing location,"[{""witness"": ""uc1"", ""page"": 30, ""gap"": ""a, "", ""marker_evidence"": true, ""context"": ""for to prejudice hima, was drawne into trouble""}, {""witness"": ""hvd"", ""page"": 30, ""gap"": ""a, "", ""marker_evidence"": true, ""context"": ""for to prejudice hima, was drawne into trouble""}]"
115,23.2,footnote,1,248,him in his absence,for assurance of which,OCR marker supports existing location,"[{""witness"": ""uc1"", ""page"": 31, ""gap"": "" 1. "", ""marker_evidence"": true, ""context"": ""him in his absence 1. for assurance of which""}, {""witness"": ""hvd"", ""page"": 31, ""gap"": "" 1. "", ""marker_evidence"": true, ""context"": ""him in his absence 1. for assurance of which""}]"
116,24.1,annotation,a,255,candidate for the consulship,threatned openly that were,OCR marker supports existing location,"[{""witness"": ""uc1"", ""page"": 31, ""gap"": "" a\n"", ""marker_evidence"": true, ""context"": ""candidate for the consulship a\nthreatned openly, that were""}, {""witness"": ""hvd"", ""page"": 31, ""gap"": ""a\n"", ""marker_evidence"": true, ""context"": ""candidate for the consulshipa\nthreatned openly, that were""}]"
117,24.2,footnote,2,258,named it was alauda,which being trained in,OCR marker supports existing location,"[{""witness"": ""uc1"", ""page"": 31, ""gap"": "" 2. 2. "", ""marker_evidence"": false, ""context"": ""named it was\nalauda 2. 2. which, being trained in""}, {""witness"": ""hvd"", ""page"": 31, ""gap"": "" 2. "", ""marker_evidence"": true, ""context"": ""named it was\nalauda 2. which, being trained in""}]"
118,24.3,footnote,1,261,some were of opinion,that he should be,Context found; marker unresolved,"[{""witness"": ""uc1"", ""page"": 32, ""gap"": "" "", ""marker_evidence"": false, ""context"": ""some were of opinion that he should be""}, {""witness"": ""hvd"", ""page"": 32, ""gap"": "" "", ""marker_evidence"": false, ""context"": ""some were of opinion that he should be""}]"
119,24.3,annotation,b,261,regard thereof solemne supplications,both oftner and to,Context found; marker unresolved,"[{""witness"": ""uc1"", ""page"": 32, ""gap"": "" "", ""marker_evidence"": false, ""context"": ""regard thereof solemne supplications both oftner, and to""}, {""witness"": ""hvd"", ""page"": 32, ""gap"": "" "", ""marker_evidence"": false, ""context"": ""regard thereof solemne supplications both oftner, and to""}]"
120,26.1,footnote,1,278,death first his mother,then his daughter julia,OCR marker supports existing location,"[{""witness"": ""uc1"", ""page"": 33, ""gap"": "" 1, "", ""marker_evidence"": true, ""context"": ""death, first, his mother 1, then his daughter (julia""}, {""witness"": ""hvd"", ""page"": 33, ""gap"": "" 1, "", ""marker_evidence"": true, ""context"": ""death, first, his mother 1, then his daughter (julia""}]"
121,26.1,footnote,2,278,long after his neece,by the said daughter,OCR marker supports existing location,"[{""witness"": ""uc1"", ""page"": 33, ""gap"": "" 2 "", ""marker_evidence"": true, ""context"": ""long after his neece 2 by the said daughter""}, {""witness"": ""hvd"", ""page"": 33, ""gap"": "" 2 "", ""marker_evidence"": true, ""context"": ""long after his neece 2 by the said daughter""}]"
122,26.1,footnote,3,278,the murder of clodius,when the senate thought,OCR marker supports existing location,"[{""witness"": ""uc1"", ""page"": 33, ""gap"": "" 3, "", ""marker_evidence"": true, ""context"": ""the murder of clodius 3, when the senate thought""}, {""witness"": ""hvd"", ""page"": 33, ""gap"": "" 3, "", ""marker_evidence"": true, ""context"": ""the murder of clodius 3, when the senate thought""}]"
123,26.2,annotation,a,281,cost him millies sestertium,and above he pronounced,Context found; marker unresolved,"[{""witness"": ""uc1"", ""page"": 33, ""gap"": "" "", ""marker_evidence"": false, ""context"": ""cost him millies\nsestertium and above. he pronounced""}, {""witness"": ""hvd"", ""page"": 33, ""gap"": "" "", ""marker_evidence"": false, ""context"": ""cost him millies\nsestertium and above. he pronounced""}]"
124,26.2,footnote,4,281,millies sestertium and above,he pronounced also a,Context found; marker unresolved,"[{""witness"": ""uc1"", ""page"": 33, ""gap"": "". "", ""marker_evidence"": false, ""context"": ""millies\nsestertium and above. he pronounced also a""}, {""witness"": ""hvd"", ""page"": 33, ""gap"": "". "", ""marker_evidence"": false, ""context"": ""millies\nsestertium and above. he pronounced also a""}]"
125,26.2,footnote,5,281,by his houshold servants,all the notable and,OCR marker supports existing location,"[{""witness"": ""uc1"", ""page"": 33, ""gap"": "" 5. "", ""marker_evidence"": true, ""context"": ""by his houshold-servants 5. all the notable and""}, {""witness"": ""hvd"", ""page"": 33, ""gap"": "" 5. "", ""marker_evidence"": true, ""context"": ""by his houshold-servants 5. all the notable and""}]"
126,27.1,footnote,1,291,octavia his sisters neece,wedded unto c marcellus,OCR marker supports existing location,"[{""witness"": ""uc1"", ""page"": 34, ""gap"": "" 1 "", ""marker_evidence"": true, ""context"": ""octavia his sisters\nneece 1 wedded unto c. marcellus""}, {""witness"": ""hvd"", ""page"": 34, ""gap"": "" 1 "", ""marker_evidence"": true, ""context"": ""octavia his sisters\nneece 1 wedded unto c. marcellus""}]"
127,27.1,annotation,a,291,magnificent and bounteous congiarie,the freed men besides,Context found; marker unresolved,"[{""witness"": ""uc1"", ""page"": 34, ""gap"": "". "", ""marker_evidence"": false, ""context"": ""magnificent and\nbounteous congiarie. the freed men besides""}, {""witness"": ""hvd"", ""page"": 34, ""gap"": "". "", ""marker_evidence"": false, ""context"": ""magnificent and\nbounteous congiarie. the freed men besides""}]"
128,27.1,footnote,2,291,their lord and maister,tasted of his liberality,OCR marker supports existing location,"[{""witness"": ""uc1"", ""page"": 34, ""gap"": ""2,\n"", ""marker_evidence"": true, ""context"": ""their lord and maister2,\ntasted of his liberality""}, {""witness"": ""hvd"", ""page"": 34, ""gap"": ""2,\n"", ""marker_evidence"": true, ""context"": ""their lord and maister2,\ntasted of his liberality""}]"
129,28.2,footnote,1,304,act of the people,by vertue whereof it,OCR marker supports existing location,"[{""witness"": ""uc1"", ""page"": 35, ""gap"": "" 1a ("", ""marker_evidence"": true, ""context"": ""act of the\npeople 1a (by vertue whereof it""}, {""witness"": ""hvd"", ""page"": 35, ""gap"": "" 1a ("", ""marker_evidence"": true, ""context"": ""act of the\npeople 1a (by vertue whereof it""}]"
130,28.2,annotation,a,304,act of the people,by vertue whereof it,OCR marker supports existing location,"[{""witness"": ""uc1"", ""page"": 35, ""gap"": "" 1a ("", ""marker_evidence"": true, ""context"": ""act of the\npeople 1a (by vertue whereof it""}, {""witness"": ""hvd"", ""page"": 35, ""gap"": "" 1a ("", ""marker_evidence"": true, ""context"": ""act of the\npeople 1a (by vertue whereof it""}]"
131,30.2,annotation,a,328,this was the colour,and occasion which he,Context found; marker unresolved,"[{""witness"": ""uc1"", ""page"": 37, ""gap"": "" "", ""marker_evidence"": false, ""context"": ""this was the colour and\noccasion which he""}, {""witness"": ""hvd"", ""page"": 37, ""gap"": "" "", ""marker_evidence"": false, ""context"": ""this was the colour and\noccasion which he""}]"
132,33.1,annotation,c,377,them a knights living,which happened upon a,Context found; marker unresolved,"[{""witness"": ""uc1"", ""page"": 39, ""gap"": "" :\n"", ""marker_evidence"": false, ""context"": ""them a knights living :\nwhich happened upon a""}, {""witness"": ""hvd"", ""page"": 39, ""gap"": "" :\n"", ""marker_evidence"": false, ""context"": ""them a knights living :\nwhich happened upon a""}]"
133,33.1,annotation,a,377,non the ring finger,of his left hand,Context found; marker unresolved,"[{""witness"": ""uc1"", ""page"": 39, ""gap"": "" "", ""marker_evidence"": false, ""context"": ""non the (ring) finger of his left hand""}, {""witness"": ""hvd"", ""page"": 39, ""gap"": "" "", ""marker_evidence"": false, ""context"": ""non the (ring) finger of his left hand""}]"
134,33.1,annotation,b,377,off his owne finger,those that stood hinmost,OCR marker supports existing location,"[{""witness"": ""uc1"", ""page"": 40, ""gap"": ""b: "", ""marker_evidence"": true, ""context"": ""off his owne fingerb: those that stood hinmost""}, {""witness"": ""hvd"", ""page"": 40, ""gap"": ""b: "", ""marker_evidence"": true, ""context"": ""off his owne fingerb: those that stood hinmost""}]"
135,34.1,footnote,1,384,of the adriatick sea,to brundis whether the,OCR marker supports existing location,"[{""witness"": ""uc1"", ""page"": 40, ""gap"": "" 1, "", ""marker_evidence"": true, ""context"": ""of the\nadriatick sea 1, to brundis, whether the""}, {""witness"": ""hvd"", ""page"": 40, ""gap"": "" 1, "", ""marker_evidence"": true, ""context"": ""of the\nadriatick sea 1, to brundis, whether the""}]"
136,34.2,annotation,a,387,conduct of three lieutenants,m petreius l affranius,Context found; marker unresolved,"[{""witness"": ""uc1"", ""page"": 40, ""gap"": "", "", ""marker_evidence"": false, ""context"": ""conduct of three lieutenants, m. petreius l. affranius""}, {""witness"": ""hvd"", ""page"": 40, ""gap"": "", "", ""marker_evidence"": false, ""context"": ""conduct of three lieutenants, m. petreius l. affranius""}]"
137,34.2,annotation,b,387,captaine without an armie,and albeit the besieging,OCR marker supports existing location,"[{""witness"": ""uc1"", ""page"": 40, ""gap"": ""b. "", ""marker_evidence"": true, ""context"": ""captaine\nwithout an armieb. and albeit the besieging""}, {""witness"": ""hvd"", ""page"": 40, ""gap"": ""b. "", ""marker_evidence"": true, ""context"": ""captaine\nwithout an armieb. and albeit the besieging""}]"
138,37.2,footnote,1,414,rode along the velabrum,he had like to,OCR marker supports existing location,"[{""witness"": ""uc1"", ""page"": 42, ""gap"": "" 1, "", ""marker_evidence"": true, ""context"": ""rode along the velabrum 1, he had\nlike to""}, {""witness"": ""hvd"", ""page"": 42, ""gap"": "" 1, "", ""marker_evidence"": true, ""context"": ""rode along the velabrum 1, he had\nlike to""}]"
139,37.2,annotation,a,414,capitoll by torch light,having xl elephants on,Context found; marker unresolved,"[{""witness"": ""uc1"", ""page"": 42, ""gap"": "", "", ""marker_evidence"": false, ""context"": ""capitoll by torch-light, having xl. elephants on""}, {""witness"": ""hvd"", ""page"": 42, ""gap"": "", "", ""marker_evidence"": false, ""context"": ""capitoll by torch-light, having xl. elephants on""}]"
140,37.2,footnote,2,414,in despatching the warre,throughout the legions of,Context found; marker unresolved,"[{""witness"": ""uc1"", ""page"": 42, ""gap"": "" 2.\n38\n"", ""marker_evidence"": false, ""context"": ""in despatching the warre 2.\n38\nthroughout the legions of""}, {""witness"": ""hvd"", ""page"": 42, ""gap"": "" 2.\n38\n"", ""marker_evidence"": false, ""context"": ""in despatching the warre 2.\n38\nthroughout the legions of""}]"
141,38.1,annotation,a,422,above the 2000 sestertii,which he had paied,Context found; marker unresolved,"[{""witness"": ""uc1"", ""page"": 42, ""gap"": "", "", ""marker_evidence"": false, ""context"": ""above the\n2000 sestertii, which he had paied""}, {""witness"": ""hvd"", ""page"": 42, ""gap"": "", "", ""marker_evidence"": false, ""context"": ""above the\n2000 sestertii, which he had paied""}]"
142,38.1,footnote,3,422,civill tumult 4000 sestertii,and to the horse,OCR marker supports existing location,"[{""witness"": ""uc1"", ""page"": 42, ""gap"": "" b: "", ""marker_evidence"": false, ""context"": ""civill tumult) 4000 sestertii b: and to the horse""}, {""witness"": ""hvd"", ""page"": 42, ""gap"": "" 3b: "", ""marker_evidence"": true, ""context"": ""civill tumult) 4000 sestertii 3b: and to the horse""}]"
143,38.1,annotation,b,422,civill tumult 4000 sestertii,and to the horse,OCR marker supports existing location,"[{""witness"": ""uc1"", ""page"": 42, ""gap"": "" b: "", ""marker_evidence"": true, ""context"": ""civill tumult) 4000 sestertii b: and to the horse""}, {""witness"": ""hvd"", ""page"": 42, ""gap"": "" 3b: "", ""marker_evidence"": true, ""context"": ""civill tumult) 4000 sestertii 3b: and to the horse""}]"
144,38.1,footnote,4,422,the horse men 24000,a piece he assigned,Location unresolved,[]
145,38.1,annotation,c,422,the horse men 24000,a piece he assigned,Location unresolved,[]
146,38.1,annotation,d,422,rome beside x modii,of corne and as,OCR marker supports existing location,"[{""witness"": ""uc1"", ""page"": 43, ""gap"": ""d "", ""marker_evidence"": true, ""context"": ""rome) beside x.\nmodiid of corne, and as""}, {""witness"": ""hvd"", ""page"": 43, ""gap"": ""d "", ""marker_evidence"": true, ""context"": ""rome) beside x.\nmodiid of corne, and as""}]"
147,38.1,annotation,e,422,and as many pints,of oyle he distributed,Context found; marker unresolved,"[{""witness"": ""uc1"", ""page"": 43, ""gap"": "" "", ""marker_evidence"": false, ""context"": ""and as many pints of oyle, he distributed""}, {""witness"": ""hvd"", ""page"": 43, ""gap"": "" "", ""marker_evidence"": false, ""context"": ""and as many pints of oyle, he distributed""}]"
148,38.1,annotation,f,422,and dealt 300 sesterces,also by the poll,Context found; marker unresolved,"[{""witness"": ""uc1"", ""page"": 43, ""gap"": "" "", ""marker_evidence"": false, ""context"": ""and dealt 300 sesterces also by the poll""}, {""witness"": ""hvd"", ""page"": 43, ""gap"": "" "", ""marker_evidence"": false, ""context"": ""and dealt 300 sesterces also by the poll""}]"
149,38.1,annotation,g,422,an overdeale of 100,a peece to boote,Context found; marker unresolved,"[{""witness"": ""uc1"", ""page"": 43, ""gap"": ""g "", ""marker_evidence"": false, ""context"": ""an overdeale of 100g a peece to\nboote""}, {""witness"": ""hvd"", ""page"": 43, ""gap"": ""% "", ""marker_evidence"": false, ""context"": ""an overdeale of 100% a peece to\nboote""}]"
150,38.1,footnote,1,422,to boote for time,hee remitted moreover one,OCR marker supports existing location,"[{""witness"": ""uc1"", ""page"": 43, ""gap"": ""1. "", ""marker_evidence"": true, ""context"": ""to\nboote, for time1. hee remitted moreover one""}, {""witness"": ""hvd"", ""page"": 43, ""gap"": ""1. "", ""marker_evidence"": true, ""context"": ""to\nboote, for time1. hee remitted moreover one""}]"
151,38.2,annotation,h,425,amounted to 2000 sestertii,and not above but,Context found; marker unresolved,"[{""witness"": ""uc1"", ""page"": 43, ""gap"": "" "", ""marker_evidence"": false, ""context"": ""amounted to 2000\nsestertii and not above: but""}, {""witness"": ""hvd"", ""page"": 43, ""gap"": "" "", ""marker_evidence"": false, ""context"": ""amounted to 2000\nsestertii and not above: but""}]"
152,38.2,annotation,i,425,rent exceeded not 500,furthermore hee made them,Context found; marker unresolved,"[{""witness"": ""uc1"", ""page"": 43, ""gap"": ""1. "", ""marker_evidence"": false, ""context"": ""rent exceeded not 5001. furthermore, hee made them""}, {""witness"": ""hvd"", ""page"": 43, ""gap"": "". "", ""marker_evidence"": false, ""context"": ""rent exceeded not 500. furthermore, hee made them""}]"
153,38.2,footnote,2,425,dole of raw flesh,yea and after his,OCR marker supports existing location,"[{""witness"": ""uc1"", ""page"": 43, ""gap"": "" 2: "", ""marker_evidence"": true, ""context"": ""dole of raw flesh 2: yea,\nand after his""}, {""witness"": ""hvd"", ""page"": 43, ""gap"": "" 2: "", ""marker_evidence"": true, ""context"": ""dole of raw flesh 2: yea,\nand after his""}]"
154,39.1,annotation,a,432,of the citie throughout,and those verily acted,Context found; marker unresolved,"[{""witness"": ""uc1"", ""page"": 43, ""gap"": "", "", ""marker_evidence"": false, ""context"": ""of the citie\nthroughout, and those verily acted""}, {""witness"": ""hvd"", ""page"": 43, ""gap"": "", "", ""marker_evidence"": false, ""context"": ""of the citie\nthroughout, and those verily acted""}]"
155,39.1,footnote,3,432,plaiers in all languages,semblably the solemne games,Context found; marker unresolved,"[{""witness"": ""uc1"", ""page"": 43, ""gap"": "": "", ""marker_evidence"": false, ""context"": ""plaiers in all\nlanguages: semblably, the solemne games""}, {""witness"": ""hvd"", ""page"": 43, ""gap"": "": "", ""marker_evidence"": false, ""context"": ""plaiers in all\nlanguages: semblably, the solemne games""}]"
156,39.1,annotation,b,432,the solemne games circenses,hee shewed and brought,OCR marker supports existing location,"[{""witness"": ""uc1"", ""page"": 43, ""gap"": "" b, "", ""marker_evidence"": true, ""context"": ""the solemne games circenses b, hee\nshewed; and brought""}, {""witness"": ""hvd"", ""page"": 43, ""gap"": ""b, "", ""marker_evidence"": true, ""context"": ""the solemne games circensesb, hee\nshewed; and brought""}]"
157,39.1,annotation,c,432,there daunced the pyrrhick,warlike daunce the children,Context found; marker unresolved,"[{""witness"": ""uc1"", ""page"": 43, ""gap"": "" "", ""marker_evidence"": false, ""context"": ""there daunced the pyrrhick warlike daunce, the children""}, {""witness"": ""hvd"", ""page"": 43, ""gap"": "" "", ""marker_evidence"": false, ""context"": ""there daunced the pyrrhick warlike daunce, the children""}]"
158,39.2,annotation,d,435,plaies aforesaid d laberius,a gentleman of rome,OCR marker supports existing location,"[{""witness"": ""uc1"", ""page"": 43, ""gap"": ""d "", ""marker_evidence"": true, ""context"": ""plaies aforesaid d. laberiusd a gentleman of\nrome""}, {""witness"": ""hvd"", ""page"": 43, ""gap"": ""d "", ""marker_evidence"": true, ""context"": ""plaies aforesaid d. laberiusd a gentleman of\nrome""}]"
159,39.2,annotation,e,435,stage by the orchestra,to take up his,Context found; marker unresolved,"[{""witness"": ""uc1"", ""page"": 43, ""gap"": "", "", ""marker_evidence"": false, ""context"": ""stage by the orchestra, to take\nup his""}, {""witness"": ""hvd"", ""page"": 43, ""gap"": "", "", ""marker_evidence"": false, ""context"": ""stage by the orchestra, to take\nup his""}]"
160,39.2,annotation,f,435,stage by the orchestra,to take up his,Context found; marker unresolved,"[{""witness"": ""uc1"", ""page"": 43, ""gap"": "", "", ""marker_evidence"": false, ""context"": ""stage by the orchestra, to take\nup his""}, {""witness"": ""hvd"", ""page"": 43, ""gap"": "", "", ""marker_evidence"": false, ""context"": ""stage by the orchestra, to take\nup his""}]"
161,39.2,annotation,i,435,and moted round about,there drave the steedes,Context found; marker unresolved,"[{""witness"": ""uc1"", ""page"": 44, ""gap"": "", "", ""marker_evidence"": false, ""context"": ""and moted round about, there drave\nthe steedes""}, {""witness"": ""hvd"", ""page"": 44, ""gap"": "", "", ""marker_evidence"": false, ""context"": ""and moted round about, there drave\nthe steedes""}]"
162,39.2,annotation,g,435,the warlike trojan game,was performed by a,Context found; marker unresolved,"[{""witness"": ""uc1"", ""page"": 44, ""gap"": ""1 "", ""marker_evidence"": false, ""context"": ""the warlike trojan game1 was performed by a""}, {""witness"": ""hvd"", ""page"": 44, ""gap"": "" "", ""marker_evidence"": false, ""context"": ""the warlike trojan game was performed by a""}]"
163,39.3,annotation,h,438,bicker together the goales,were taken up and,Context found; marker unresolved,"[{""witness"": ""uc1"", ""page"": 44, ""gap"": "" "", ""marker_evidence"": false, ""context"": ""bicker together,\nthe goales were taken up and""}, {""witness"": ""hvd"", ""page"": 44, ""gap"": "" "", ""marker_evidence"": false, ""context"": ""bicker together,\nthe goales were taken up and""}]"
164,39.3,footnote,1,438,were pitched two campes,confronting one another as,OCR marker supports existing location,"[{""witness"": ""uc1"", ""page"": 44, ""gap"": "" 1 "", ""marker_evidence"": true, ""context"": ""were pitched two campes 1 confronting one another.\nas""}, {""witness"": ""hvd"", ""page"": 44, ""gap"": "" 1 "", ""marker_evidence"": true, ""context"": ""were pitched two campes 1 confronting one another.\nas""}]"
165,39.3,annotation,j,438,their feats of activitie,set out and built,Context found; marker unresolved,"[{""witness"": ""uc1"", ""page"": 44, ""gap"": "" "", ""marker_evidence"": false, ""context"": ""their feats of activitie set out and built""}, {""witness"": ""hvd"", ""page"": 44, ""gap"": "" "", ""marker_evidence"": false, ""context"": ""their feats of activitie set out and built""}]"
166,39.4,annotation,k,441,in the lesse codeta,wherein certaine gallies as,Context found; marker unresolved,"[{""witness"": ""uc1"", ""page"": 44, ""gap"": ""1; "", ""marker_evidence"": false, ""context"": ""in the lesse codeta1; wherein certaine gallies as""}, {""witness"": ""hvd"", ""page"": 44, ""gap"": ""1; "", ""marker_evidence"": false, ""context"": ""in the lesse codeta1; wherein certaine gallies as""}]"
167,40.1,annotation,a,450,might be inserted betweene,now to the end,OCR marker supports existing location,"[{""witness"": ""uc1"", ""page"": 45, ""gap"": ""a.\n"", ""marker_evidence"": true, ""context"": ""might be inserted betweenea.\nnow to the end""}, {""witness"": ""hvd"", ""page"": 45, ""gap"": ""a.\n"", ""marker_evidence"": true, ""context"": ""might be inserted betweenea.\nnow to the end""}]"
168,40.2,footnote,1,453,new kalends of januarie,agree the better betweene,OCR marker supports existing location,"[{""witness"": ""uc1"", ""page"": 45, ""gap"": ""1 "", ""marker_evidence"": true, ""context"": ""new kalends of januarie1 agree the\nbetter, betweene""}, {""witness"": ""hvd"", ""page"": 45, ""gap"": ""1 "", ""marker_evidence"": true, ""context"": ""new kalends of januarie1 agree the\nbetter, betweene""}]"
169,41.1,footnote,2,460,that place new patritii,the number of pretours,OCR marker supports existing location,"[{""witness"": ""uc1"", ""page"": 45, ""gap"": "" 2 b. "", ""marker_evidence"": true, ""context"": ""that place new patritii 2 b. the number of pretours""}, {""witness"": ""hvd"", ""page"": 45, ""gap"": "" 2b. "", ""marker_evidence"": true, ""context"": ""that place new patritii 2b. the number of pretours""}]"
170,41.1,annotation,a,460,that place new patritii,the number of pretours,Context found; marker unresolved,"[{""witness"": ""uc1"", ""page"": 45, ""gap"": "" 2 b. "", ""marker_evidence"": false, ""context"": ""that place new patritii 2 b. the number of pretours""}, {""witness"": ""hvd"", ""page"": 45, ""gap"": "" 2b. "", ""marker_evidence"": false, ""context"": ""that place new patritii 2b. the number of pretours""}]"
171,41.1,annotation,b,460,that place new patritii,the number of pretours,OCR marker supports existing location,"[{""witness"": ""uc1"", ""page"": 45, ""gap"": "" 2 b. "", ""marker_evidence"": true, ""context"": ""that place new patritii 2 b. the number of pretours""}, {""witness"": ""hvd"", ""page"": 45, ""gap"": "" 2b. "", ""marker_evidence"": true, ""context"": ""that place new patritii 2b. the number of pretours""}]"
172,41.1,annotation,c,460,of other inferiour magistrates,hee augmented such as,Context found; marker unresolved,"[{""witness"": ""uc1"", ""page"": 45, ""gap"": "" "", ""marker_evidence"": false, ""context"": ""of other inferiour magistrates hee\naugmented. such as""}, {""witness"": ""hvd"", ""page"": 45, ""gap"": "" "", ""marker_evidence"": false, ""context"": ""of other inferiour magistrates hee\naugmented. such as""}]"
173,41.2,footnote,3,463,been proscript and outlawed,he reduced all judgements,OCR marker supports existing location,"[{""witness"": ""uc1"", ""page"": 45, ""gap"": "" 3.\n"", ""marker_evidence"": true, ""context"": ""been proscript and outlawed 3.\nhe reduced all judgements""}, {""witness"": ""hvd"", ""page"": 45, ""gap"": "" 3.\n"", ""marker_evidence"": true, ""context"": ""been proscript and outlawed 3.\nhe reduced all judgements""}]"
174,41.2,footnote,4,463,third he utterly abolished,the generall survay and,OCR marker supports existing location,"[{""witness"": ""uc1"", ""page"": 45, ""gap"": "" 4. "", ""marker_evidence"": true, ""context"": ""third, he utterly abolished 4. the\ngenerall survay and""}, {""witness"": ""hvd"", ""page"": 45, ""gap"": "" 4. "", ""marker_evidence"": true, ""context"": ""third, he utterly abolished 4. the\ngenerall survay and""}]"
175,41.3,annotation,d,466,after the accustomed manner,nor in the usuall,OCR marker supports existing location,"[{""witness"": ""uc1"", ""page"": 45, ""gap"": ""d, "", ""marker_evidence"": true, ""context"": ""after the accustomed mannerd, nor in the usuall""}, {""witness"": ""hvd"", ""page"": 45, ""gap"": ""d, "", ""marker_evidence"": true, ""context"": ""after the accustomed mannerd, nor in the usuall""}]"
176,41.3,footnote,1,466,and tenements standing together,and whereas 3 020,OCR marker supports existing location,"[{""witness"": ""uc1"", ""page"": 46, ""gap"": "" 1:\n"", ""marker_evidence"": true, ""context"": ""and tenements standing together 1:\nand whereas 3,020""}]"
177,41.3,annotation,e,466,hundred and fiftie thousand,and to the end,Context found; marker unresolved,"[{""witness"": ""uc1"", ""page"": 46, ""gap"": "". "", ""marker_evidence"": false, ""context"": ""hundred and fiftie thousand. and to the\nend""}, {""witness"": ""hvd"", ""page"": 46, ""gap"": "". "", ""marker_evidence"": false, ""context"": ""hundred and fiftie thousand. and to the\nend""}]"
178,42.1,annotation,a,472,above 3 yeares together,item that no senatours,Context found; marker unresolved,"[{""witness"": ""uc1"", ""page"": 46, ""gap"": "". "", ""marker_evidence"": false, ""context"": ""above 3 yeares\ntogether. item, that no senatours""}, {""witness"": ""hvd"", ""page"": 46, ""gap"": "". "", ""marker_evidence"": false, ""context"": ""above 3 yeares\ntogether. item, that no senatours""}]"
179,42.1,annotation,b,472,of a chiefe magistrate,should travaile forth of,OCR marker supports existing location,"[{""witness"": ""uc1"", ""page"": 46, ""gap"": "" b, "", ""marker_evidence"": true, ""context"": ""of a chiefe magistrate b, should travaile (forth\nof""}, {""witness"": ""hvd"", ""page"": 46, ""gap"": "" b, "", ""marker_evidence"": true, ""context"": ""of a chiefe magistrate b, should travaile (forth\nof""}]"
180,42.2,annotation,c,475,expectation of cancelling debts,a thing that was,Context found; marker unresolved,"[{""witness"": ""uc1"", ""page"": 46, ""gap"": "", ("", ""marker_evidence"": false, ""context"": ""expectation of cancelling debts, (a thing that was""}, {""witness"": ""hvd"", ""page"": 46, ""gap"": "", ("", ""marker_evidence"": false, ""context"": ""expectation of cancelling debts, (a thing that was""}]"
181,42.2,footnote,2,475,that was often moved,hee decreed at length,Context found; marker unresolved,"[{""witness"": ""uc1"", ""page"": 46, ""gap"": "") "", ""marker_evidence"": false, ""context"": ""that was often\nmoved) hee decreed at length""}, {""witness"": ""hvd"", ""page"": 46, ""gap"": "") "", ""marker_evidence"": false, ""context"": ""that was often\nmoved) hee decreed at length""}]"
182,42.3,footnote,1,478,they went into banishment,and saved their whole,OCR marker supports existing location,"[{""witness"": ""uc1"", ""page"": 47, ""gap"": "" 1, "", ""marker_evidence"": true, ""context"": ""they went into banishment 1, and saved\ntheir whole""}, {""witness"": ""hvd"", ""page"": 47, ""gap"": "" 1, "", ""marker_evidence"": true, ""context"": ""they went into banishment 1, and saved\ntheir whole""}]"
183,42.3,annotation,d,478,patrimonies and estates parricides,therfore and wilfull murderers,OCR marker supports existing location,"[{""witness"": ""uc1"", ""page"": 47, ""gap"": "" a "", ""marker_evidence"": false, ""context"": ""patrimonies and estates: parricides a therfore\nand wilfull murderers""}, {""witness"": ""hvd"", ""page"": 47, ""gap"": "" d "", ""marker_evidence"": true, ""context"": ""patrimonies and estates: parricides d therfore\nand wilfull murderers""}]"
184,43.1,annotation,a,484,and convict of extortion,hee removed even from,Context found; marker unresolved,"[{""witness"": ""uc1"", ""page"": 47, ""gap"": "", "", ""marker_evidence"": false, ""context"": ""and convict of extortion, hee removed even from""}, {""witness"": ""hvd"", ""page"": 47, ""gap"": "", "", ""marker_evidence"": false, ""context"": ""and convict of extortion, hee removed even from""}]"
185,43.1,footnote,2,484,wearing of purple cloathes,and of pearle he,Context found; marker unresolved,"[{""witness"": ""uc1"", ""page"": 47, ""gap"": "" "", ""marker_evidence"": false, ""context"": ""wearing of purple cloathes and of pearle he""}, {""witness"": ""hvd"", ""page"": 47, ""gap"": "" "", ""marker_evidence"": false, ""context"": ""wearing of purple cloathes and of pearle he""}]"
186,43.2,annotation,b,487,daies the law sumptuaria,to represse excessive cost,OCR marker supports existing location,"[{""witness"": ""uc1"", ""page"": 47, ""gap"": ""b, "", ""marker_evidence"": true, ""context"": ""daies. the law sumptuariab, to represse excessive cost""}, {""witness"": ""hvd"", ""page"": 47, ""gap"": ""b, "", ""marker_evidence"": true, ""context"": ""daies. the law sumptuariab, to represse excessive cost""}]"
187,44.2,annotation,a,496,committing unto m varro,the charge both to,OCR marker supports existing location,"[{""witness"": ""uc1"", ""page"": 48, ""gap"": "" "", ""marker_evidence"": false, ""context"": ""committing unto m. varro the charge, both to""}, {""witness"": ""hvd"", ""page"": 48, ""gap"": ""a "", ""marker_evidence"": true, ""context"": ""committing unto m. varroa the charge, both to""}]"
188,44.3,annotation,b,499,digge through the isthmus,moreover to bridle the,OCR marker supports existing location,"[{""witness"": ""uc1"", ""page"": 48, ""gap"": ""b. "", ""marker_evidence"": true, ""context"": ""digge through the isthmusb. moreover, to bridle the""}, {""witness"": ""hvd"", ""page"": 48, ""gap"": "" b. "", ""marker_evidence"": true, ""context"": ""digge through the isthmus b. moreover, to bridle the""}]"
189,44.3,annotation,c,499,made triall of them,amid these purposes and,Context found; marker unresolved,"[{""witness"": ""uc1"", ""page"": 48, ""gap"": "". "", ""marker_evidence"": false, ""context"": ""made triall of them. amid these purposes and""}]"
190,45.1,footnote,1,508,of his martiall affaires,he was surprized with,OCR marker supports existing location,"[{""witness"": ""uc1"", ""page"": 49, ""gap"": ""1, "", ""marker_evidence"": true, ""context"": ""of his martiall affaires1, he was surprized with""}, {""witness"": ""hvd"", ""page"": 49, ""gap"": ""1, "", ""marker_evidence"": true, ""context"": ""of his martiall affaires1, he was surprized with""}]"
191,45.1,annotation,a,508,with the falling sicknes,about the trimming of,OCR marker supports existing location,"[{""witness"": ""uc1"", ""page"": 49, ""gap"": ""a. "", ""marker_evidence"": true, ""context"": ""with\nthe falling sicknesa. about the trimming of""}, {""witness"": ""hvd"", ""page"": 49, ""gap"": ""a. "", ""marker_evidence"": true, ""context"": ""with\nthe falling sicknesa. about the trimming of""}]"
192,45.2,footnote,2,524,he was over curious,so as he would,OCR marker supports existing location,"[{""witness"": ""uc1"", ""page"": 49, ""gap"": ""2: "", ""marker_evidence"": true, ""context"": ""he\nwas over-curious2: so as he would""}, {""witness"": ""hvd"", ""page"": 49, ""gap"": "": "", ""marker_evidence"": false, ""context"": ""he\nwas over-curious: so as he would""}]"
193,45.3,footnote,3,527,was noted for singularity,as who used to,OCR marker supports existing location,"[{""witness"": ""uc1"", ""page"": 49, ""gap"": "" 3, "", ""marker_evidence"": true, ""context"": ""was noted\nfor singularity 3, as who used to""}, {""witness"": ""hvd"", ""page"": 49, ""gap"": "" 3, "", ""marker_evidence"": true, ""context"": ""was noted\nfor singularity 3, as who used to""}]"
194,45.3,annotation,b,527,went girded so dissolutely,he dwelt at first,OCR marker supports existing location,"[{""witness"": ""uc1"", ""page"": 49, ""gap"": "" b.\n46\n"", ""marker_evidence"": true, ""context"": ""went girded so\ndissolutely b.\n46\nhe dwelt at first""}, {""witness"": ""hvd"", ""page"": 49, ""gap"": "" b.\n46\n"", ""marker_evidence"": true, ""context"": ""went girded so\ndissolutely b.\n46\nhe dwelt at first""}]"
195,46.1,footnote,4,533,first in the suburra,but after he was,OCR marker supports existing location,"[{""witness"": ""uc1"", ""page"": 49, ""gap"": "" 4; "", ""marker_evidence"": true, ""context"": ""first in the suburra 4; but after he was""}, {""witness"": ""hvd"", ""page"": 49, ""gap"": "" 4; "", ""marker_evidence"": true, ""context"": ""first in the suburra 4; but after he was""}]"
196,46.1,footnote,1,533,of quarels square cut,so as they might,OCR marker supports existing location,"[{""witness"": ""uc1"", ""page"": 50, ""gap"": ""1, "", ""marker_evidence"": true, ""context"": ""of quarels\nsquare cut1, so as they might""}, {""witness"": ""hvd"", ""page"": 50, ""gap"": ""1, "", ""marker_evidence"": true, ""context"": ""of quarels\nsquare cut1, so as they might""}]"
197,48.1,footnote,2,545,in their warlike habite,or greeks in their,Context found; marker unresolved,"[{""witness"": ""uc1"", ""page"": 50, ""gap"": "", "", ""marker_evidence"": false, ""context"": ""in their warlike habite, or greeks in their""}, {""witness"": ""hvd"", ""page"": 50, ""gap"": "", "", ""marker_evidence"": false, ""context"": ""in their warlike habite, or greeks in their""}]"
198,49.1,footnote,1,555,quicquid et pædicator cæsaris,unquam habuit looke what,OCR marker supports existing location,"[{""witness"": ""uc1"", ""page"": 51, ""gap"": ""1, "", ""marker_evidence"": true, ""context"": ""quicquid,\net pædicator cæsaris1, unquam habuit.\nlooke what""}, {""witness"": ""hvd"", ""page"": 51, ""gap"": ""1, "", ""marker_evidence"": true, ""context"": ""quicquid,\net pædicator cæsaris1, unquam habuit.\nlooke what""}]"
199,49.1,footnote,2,561,his filth and harlot,yea and the bithynian,OCR marker supports existing location,"[{""witness"": ""uc1"", ""page"": 51, ""gap"": "" 2, "", ""marker_evidence"": true, ""context"": ""his filth and harlot 2, yea and the bithynian""}, {""witness"": ""hvd"", ""page"": 51, ""gap"": "" 2, "", ""marker_evidence"": true, ""context"": ""his filth and harlot 2, yea and the bithynian""}]"
200,49.3,footnote,3,567,into his bed chamber,hee lay downe upon,OCR marker supports existing location,"[{""witness"": ""uc1"", ""page"": 51, ""gap"": "", "", ""marker_evidence"": false, ""context"": ""into his bed-chamber, hee lay downe upon""}, {""witness"": ""hvd"", ""page"": 51, ""gap"": ""3, "", ""marker_evidence"": true, ""context"": ""into his bed-chamber3, hee lay downe upon""}]"
201,49.3,annotation,a,567,was descended from venus,became defiled and desteind,Location unresolved,[]
202,49.4,annotation,b,572,divulged gallias cæsar subegit,nicomedes cæsarem ecce cæsar,Context found; marker unresolved,"[{""witness"": ""uc1"", ""page"": 52, ""gap"": "", "", ""marker_evidence"": false, ""context"": ""divulged.\ngallias cæsar subegit, nicomedes cæsarem,\necce cæsar""}, {""witness"": ""hvd"", ""page"": 52, ""gap"": "", "", ""marker_evidence"": false, ""context"": ""divulged.\ngallias cæsar subegit, nicomedes cæsarem,\necce cæsar""}]"
203,50.1,footnote,1,587,groane to call ægisthus,his daughter i say,OCR marker supports existing location,"[{""witness"": ""uc1"", ""page"": 52, ""gap"": ""1; "", ""marker_evidence"": true, ""context"": ""groane to call ægisthus1; his daughter (i say""}, {""witness"": ""hvd"", ""page"": 52, ""gap"": ""1; "", ""marker_evidence"": true, ""context"": ""groane to call ægisthus1; his daughter (i say""}]"
204,50.2,footnote,2,590,both in his last,consulship he had bought,Context found; marker unresolved,"[{""witness"": ""uc1"", ""page"": 52, ""gap"": "" "", ""marker_evidence"": false, ""context"": ""both in his\nlast consulship he had bought""}, {""witness"": ""hvd"", ""page"": 52, ""gap"": "" "", ""marker_evidence"": false, ""context"": ""both in his\nlast consulship he had bought""}]"
205,50.2,footnote,3,590,sixe millions of sesterces,and also unto whom,Context found; marker unresolved,"[{""witness"": ""uc1"", ""page"": 52, ""gap"": "": "", ""marker_evidence"": false, ""context"": ""sixe\nmillions of sesterces: and also unto whom""}, {""witness"": ""hvd"", ""page"": 52, ""gap"": "": "", ""marker_evidence"": false, ""context"": ""sixe\nmillions of sesterces: and also unto whom""}]"
206,50.2,annotation,a,590,purchase tertia deducta est,for it was thought,OCR marker supports existing location,"[{""witness"": ""uc1"", ""page"": 53, ""gap"": ""'a. "", ""marker_evidence"": true, ""context"": ""purchase, tertia deducta est'a. for it was\nthought""}, {""witness"": ""hvd"", ""page"": 53, ""gap"": ""'a. "", ""marker_evidence"": true, ""context"": ""purchase, tertia deducta est'a. for it was\nthought""}]"
207,51.1,annotation,a,596,at the gaule triumph,urbani servate uxores mœchum,Location unresolved,[]
208,52.1,footnote,1,607,same barge or galley,called thalamegos had passed,OCR marker supports existing location,"[{""witness"": ""hvd"", ""page"": 53, ""gap"": ""1 "", ""marker_evidence"": true, ""context"": ""same barge or galley1 called thalamegos, had\npassed""}]"
209,52.1,annotation,a,607,or galley called thalamegos,had passed into ægypt,Location unresolved,[]
210,52.1,footnote,2,607,after his owne name,whom verily some greek,OCR marker supports existing location,"[{""witness"": ""uc1"", ""page"": 53, ""gap"": "" 2. "", ""marker_evidence"": true, ""context"": ""after his owne name 2. whom verily, some greek""}, {""witness"": ""hvd"", ""page"": 53, ""gap"": "" 2. "", ""marker_evidence"": true, ""context"": ""after his owne name 2. whom verily, some greek""}]"
211,52.2,footnote,3,610,and also in gate,and m antonius avouched,Context found; marker unresolved,"[{""witness"": ""uc1"", ""page"": 53, ""gap"": ""s: "", ""marker_evidence"": false, ""context"": ""and also in gates: and m. antonius avouched""}, {""witness"": ""hvd"", ""page"": 53, ""gap"": "": "", ""marker_evidence"": false, ""context"": ""and also in gate: and m. antonius avouched""}]"
212,52.3,footnote,1,613,to marrie what wives,and as many as,OCR marker supports existing location,"[{""witness"": ""uc1"", ""page"": 54, ""gap"": ""1 "", ""marker_evidence"": true, ""context"": ""to marrie what wives1 and as many as""}, {""witness"": ""hvd"", ""page"": 54, ""gap"": ""1 "", ""marker_evidence"": true, ""context"": ""to marrie what wives1 and as many as""}]"
213,52.3,footnote,2,613,many as he would,for to get children,OCR marker supports existing location,"[{""witness"": ""uc1"", ""page"": 54, ""gap"": "" 2, "", ""marker_evidence"": true, ""context"": ""many as he\nwould 2, for to get children""}, {""witness"": ""hvd"", ""page"": 54, ""gap"": "" 2, "", ""marker_evidence"": true, ""context"": ""many as he\nwould 2, for to get children""}]"
214,52.3,annotation,b,613,of body against kinde,and also for adulteries,OCR marker supports existing location,"[{""witness"": ""uc1"", ""page"": 54, ""gap"": ""b, "", ""marker_evidence"": true, ""context"": ""of body against kindeb, and also for adulteries""}, {""witness"": ""hvd"", ""page"": 54, ""gap"": ""b, "", ""marker_evidence"": true, ""context"": ""of body against kindeb, and also for adulteries""}]"
215,53.1,footnote,3,619,bord olde ranke oile,in steed of greene,Context found; marker unresolved,"[{""witness"": ""uc1"", ""page"": 54, ""gap"": "" "", ""marker_evidence"": false, ""context"": ""bord olde ranke oile in steed of greene""}, {""witness"": ""hvd"", ""page"": 54, ""gap"": "" "", ""marker_evidence"": false, ""context"": ""bord olde ranke oile in steed of greene""}]"
216,53.1,footnote,4,619,to blame his host,either for negligence or,OCR marker supports existing location,"[{""witness"": ""uc1"", ""page"": 54, ""gap"": "" 4 "", ""marker_evidence"": true, ""context"": ""to blame his host 4 either\nfor negligence or""}, {""witness"": ""hvd"", ""page"": 54, ""gap"": "" 4 "", ""marker_evidence"": true, ""context"": ""to blame his host 4 either\nfor negligence or""}]"
217,54.1,footnote,5,625,money of the proconsul,and the allies there,OCR marker supports existing location,"[{""witness"": ""uc1"", ""page"": 54, ""gap"": "" 5, "", ""marker_evidence"": true, ""context"": ""money of the proconsul 5, and\nthe allies there""}, {""witness"": ""hvd"", ""page"": 54, ""gap"": "" 5, "", ""marker_evidence"": true, ""context"": ""money of the proconsul 5, and\nthe allies there""}]"
218,54.1,footnote,6,625,townes of the lusitanes,he sacked in hostile,Location unresolved,[]
219,54.2,footnote,1,628,the chappels and temples,of the gods full,OCR marker supports existing location,"[{""witness"": ""uc1"", ""page"": 55, ""gap"": ""1 "", ""marker_evidence"": true, ""context"": ""the chappels and temples1 of the gods,\nfull""}, {""witness"": ""hvd"", ""page"": 55, ""gap"": ""1 "", ""marker_evidence"": true, ""context"": ""the chappels and temples1 of the gods,\nfull""}]"
220,54.2,footnote,2,628,to sale he sold,throughout italy and in,Context found; marker unresolved,"[{""witness"": ""uc1"", ""page"": 55, ""gap"": "" "", ""marker_evidence"": false, ""context"": ""to sale, he sold throughout italy and in""}, {""witness"": ""hvd"", ""page"": 55, ""gap"": "" "", ""marker_evidence"": false, ""context"": ""to sale, he sold throughout italy and in""}]"
221,54.2,annotation,a,628,silver the pound weight,in his first consulship,OCR marker supports existing location,"[{""witness"": ""uc1"", ""page"": 55, ""gap"": ""a.\n"", ""marker_evidence"": true, ""context"": ""silver the pound weighta.\nin his first consulship""}, {""witness"": ""hvd"", ""page"": 55, ""gap"": ""a.\n"", ""marker_evidence"": true, ""context"": ""silver the pound weighta.\nin his first consulship""}]"
222,54.3,annotation,b,631,for summes of money,as who for example,OCR marker supports existing location,"[{""witness"": ""uc1"", ""page"": 55, ""gap"": "" b: "", ""marker_evidence"": true, ""context"": ""for summes of money b: as who (for example""}, {""witness"": ""hvd"", ""page"": 55, ""gap"": "" b: "", ""marker_evidence"": true, ""context"": ""for summes of money b: as who (for example""}]"
223,54.3,footnote,3,631,for example from ptolomeus,that was but one,Context found; marker unresolved,"[{""witness"": ""uc1"", ""page"": 55, ""gap"": "" "", ""marker_evidence"": false, ""context"": ""for example)\nfrom ptolomeus that was but one""}, {""witness"": ""hvd"", ""page"": 55, ""gap"": "" "", ""marker_evidence"": false, ""context"": ""for example)\nfrom ptolomeus that was but one""}]"
224,54.3,footnote,5,631,triumphes and solemne shewes,exhibited to the people,OCR marker supports existing location,"[{""witness"": ""uc1"", ""page"": 55, ""gap"": "" 5 "", ""marker_evidence"": true, ""context"": ""triumphes and solemne shewes 5 exhibited to the people""}, {""witness"": ""hvd"", ""page"": 55, ""gap"": "" "", ""marker_evidence"": false, ""context"": ""triumphes and solemne shewes exhibited to the people""}]"
225,55.1,footnote,6,637,and warlike feates together,he either equalled or,Context found; marker unresolved,"[{""witness"": ""uc1"", ""page"": 55, ""gap"": "", "", ""marker_evidence"": false, ""context"": ""and warlike feates together, he either equalled\nor""}, {""witness"": ""hvd"", ""page"": 55, ""gap"": "", "", ""marker_evidence"": false, ""context"": ""and warlike feates together, he either equalled\nor""}]"
226,55.2,footnote,1,640,that in his pronunciation,he used an high,OCR marker supports existing location,"[{""witness"": ""uc1"", ""page"": 56, ""gap"": "" 1, "", ""marker_evidence"": true, ""context"": ""that\nin his pronunciation 1, he used an high""}, {""witness"": ""hvd"", ""page"": 56, ""gap"": "" 1, "", ""marker_evidence"": true, ""context"": ""that\nin his pronunciation 1, he used an high""}]"
227,55.3,footnote,2,643,but quam scripsit metello,being as it is,OCR marker supports existing location,"[{""witness"": ""uc1"", ""page"": 56, ""gap"": "" 2: "", ""marker_evidence"": true, ""context"": ""but quam scripsit metello 2: being\n(as it is""}, {""witness"": ""hvd"", ""page"": 56, ""gap"": ""2: "", ""marker_evidence"": true, ""context"": ""but quam scripsit metello2: being\n(as it is""}]"
228,55.4,footnote,3,646,oration likewise ad milites,in spaine the same,Context found; marker unresolved,"[{""witness"": ""uc1"", ""page"": 56, ""gap"": "", "", ""marker_evidence"": false, ""context"": ""oration likewise, ad milites, in spaine, the same""}, {""witness"": ""hvd"", ""page"": 56, ""gap"": "", "", ""marker_evidence"": false, ""context"": ""oration likewise, ad milites, in spaine, the same""}]"
229,56.1,footnote,4,652,in the same booke,writeth thus hee wrote,OCR marker supports existing location,"[{""witness"": ""uc1"", ""page"": 56, ""gap"": "" 4, "", ""marker_evidence"": true, ""context"": ""in\nthe same booke 4, writeth thus: 'hee wrote""}, {""witness"": ""hvd"", ""page"": 56, ""gap"": "", "", ""marker_evidence"": false, ""context"": ""in\nthe same booke, writeth thus: 'hee wrote""}]"
230,56.4,footnote,1,662,wrote them pollio asinius,thinketh they were compiled,OCR marker supports existing location,"[{""witness"": ""uc1"", ""page"": 57, ""gap"": ""1 "", ""marker_evidence"": true, ""context"": ""wrote them. pollio asinius1 thinketh they\nwere compiled""}, {""witness"": ""hvd"", ""page"": 57, ""gap"": ""1 "", ""marker_evidence"": true, ""context"": ""wrote them. pollio asinius1 thinketh they\nwere compiled""}]"
231,56.5,footnote,2,665,and as many anticatones,besides a poeme entituled,OCR marker supports existing location,"[{""witness"": ""uc1"", ""page"": 57, ""gap"": "" 2 "", ""marker_evidence"": true, ""context"": ""and as many\nanticatones 2 besides a poeme, entituled""}, {""witness"": ""hvd"", ""page"": 57, ""gap"": "" 2 "", ""marker_evidence"": true, ""context"": ""and as many\nanticatones 2 besides a poeme, entituled""}]"
232,56.5,footnote,3,665,a poeme entituled iter,of which books the,Context found; marker unresolved,"[{""witness"": ""uc1"", ""page"": 57, ""gap"": ""; "", ""marker_evidence"": false, ""context"": ""a poeme, entituled iter; of which\nbooks the""}, {""witness"": ""hvd"", ""page"": 57, ""gap"": ""; "", ""marker_evidence"": false, ""context"": ""a poeme, entituled iter; of which\nbooks the""}]"
233,56.5,footnote,4,665,armie those next following,about the time of,OCR marker supports existing location,"[{""witness"": ""uc1"", ""page"": 57, ""gap"": "" 4a, "", ""marker_evidence"": true, ""context"": ""armie: those next following 4a, about the time of""}, {""witness"": ""hvd"", ""page"": 57, ""gap"": "" 4a, "", ""marker_evidence"": true, ""context"": ""armie: those next following 4a, about the time of""}]"
234,56.5,annotation,a,665,armie those next following,about the time of,OCR marker supports existing location,"[{""witness"": ""uc1"", ""page"": 57, ""gap"": "" 4a, "", ""marker_evidence"": true, ""context"": ""armie: those next following 4a, about the time of""}, {""witness"": ""hvd"", ""page"": 57, ""gap"": "" 4a, "", ""marker_evidence"": true, ""context"": ""armie: those next following 4a, about the time of""}]"
235,56.5,footnote,5,665,the last of all,whiles he travailed from,OCR marker supports existing location,"[{""witness"": ""uc1"", ""page"": 57, ""gap"": "" 5, "", ""marker_evidence"": true, ""context"": ""the last of all 5, whiles he travailed\nfrom""}, {""witness"": ""hvd"", ""page"": 57, ""gap"": "" 5, "", ""marker_evidence"": true, ""context"": ""the last of all 5, whiles he travailed\nfrom""}]"
236,56.5,footnote,6,665,journey within 24 dayes,extant there bee also,Context found; marker unresolved,"[{""witness"": ""uc1"", ""page"": 57, ""gap"": "". "", ""marker_evidence"": false, ""context"": ""journey within 24 dayes. extant,\nthere bee also""}, {""witness"": ""hvd"", ""page"": 57, ""gap"": "". "", ""marker_evidence"": false, ""context"": ""journey within 24 dayes. extant,\nthere bee also""}]"
237,56.6,footnote,7,668,forme of a memoriall,whereas before time the,OCR marker supports existing location,"[{""witness"": ""uc1"", ""page"": 57, ""gap"": "": "", ""marker_evidence"": false, ""context"": ""forme of a memoriall: whereas before\ntime, the""}, {""witness"": ""hvd"", ""page"": 57, ""gap"": ""7: "", ""marker_evidence"": true, ""context"": ""forme of a memoriall7: whereas before\ntime, the""}]"
238,56.6,footnote,1,668,them by privie markes,that is to say,OCR marker supports existing location,"[{""witness"": ""uc1"", ""page"": 58, ""gap"": "" 1: "", ""marker_evidence"": true, ""context"": ""them by privie markes 1: that is to say""}, {""witness"": ""hvd"", ""page"": 58, ""gap"": ""1: "", ""marker_evidence"": true, ""context"": ""them by privie markes1: that is to say""}]"
239,56.6,footnote,2,668,and the rest likewise,furthermore there be certaine,OCR marker supports existing location,"[{""witness"": ""uc1"", ""page"": 58, ""gap"": "" 2.\n"", ""marker_evidence"": true, ""context"": ""and the rest likewise 2.\nfurthermore there be certaine""}, {""witness"": ""hvd"", ""page"": 58, ""gap"": "" 2.\n"", ""marker_evidence"": true, ""context"": ""and the rest likewise 2.\nfurthermore there be certaine""}]"
240,57.1,footnote,3,677,in handling his weapon,most skilfull he was,Context found; marker unresolved,"[{""witness"": ""uc1"", ""page"": 58, ""gap"": ""s "", ""marker_evidence"": false, ""context"": ""in handling his weapons most skilfull he was""}, {""witness"": ""hvd"", ""page"": 58, ""gap"": "" "", ""marker_evidence"": false, ""context"": ""in handling his weapon most skilfull he was""}]"
241,57.1,footnote,4,677,formost sometime on horsebacke,more often on foote,OCR marker supports existing location,"[{""witness"": ""uc1"", ""page"": 58, ""gap"": "" 4, "", ""marker_evidence"": true, ""context"": ""formost: sometime on horsebacke 4, more often on\nfoote""}, {""witness"": ""hvd"", ""page"": 58, ""gap"": "" 4, "", ""marker_evidence"": true, ""context"": ""formost: sometime on horsebacke 4, more often on\nfoote""}]"
242,57.1,footnote,5,677,in some hired wagon,if he were lightly,Context found; marker unresolved,"[{""witness"": ""uc1"", ""page"": 58, ""gap"": "", "", ""marker_evidence"": false, ""context"": ""in\nsome hired wagon, if he were lightly""}, {""witness"": ""hvd"", ""page"": 58, ""gap"": "", "", ""marker_evidence"": false, ""context"": ""in\nsome hired wagon, if he were lightly""}]"
243,57.1,footnote,6,677,upon blowed lether bottles,so that verie often,Context found; marker unresolved,"[{""witness"": ""uc1"", ""page"": 58, ""gap"": "": "", ""marker_evidence"": false, ""context"": ""upon blowed lether bottles: so that,\nverie often""}, {""witness"": ""hvd"", ""page"": 58, ""gap"": "" : "", ""marker_evidence"": false, ""context"": ""upon blowed lether bottles : so that,\nverie often""}]"
244,58.1,footnote,1,683,beforehand in proper person,sounded the havens and,OCR marker supports existing location,"[{""witness"": ""uc1"", ""page"": 59, ""gap"": "" 1 "", ""marker_evidence"": true, ""context"": ""beforehand in proper\nperson 1 sounded the havens, and""}, {""witness"": ""hvd"", ""page"": 59, ""gap"": "" 1 "", ""marker_evidence"": true, ""context"": ""beforehand in proper\nperson 1 sounded the havens, and""}]"
245,58.2,footnote,2,686,over sea in winter,betweene ii fleetes of,OCR marker supports existing location,"[{""witness"": ""uc1"", ""page"": 59, ""gap"": "" 2, "", ""marker_evidence"": true, ""context"": ""over sea in winter 2, betweene ii. fleetes of""}, {""witness"": ""hvd"", ""page"": 59, ""gap"": "" 2, "", ""marker_evidence"": true, ""context"": ""over sea in winter 2, betweene ii. fleetes of""}]"
246,59.1,footnote,3,692,life was surnamed saluito,he fought not often,Location unresolved,[]
247,60.1,footnote,1,698,he fought not often,set fields appointed before,OCR marker supports existing location,"[{""witness"": ""uc1"", ""page"": 60, ""gap"": ""1 "", ""marker_evidence"": true, ""context"": ""he fought not often1 set fields appointed before""}, {""witness"": ""hvd"", ""page"": 60, ""gap"": ""1 "", ""marker_evidence"": true, ""context"": ""he fought not often1 set fields appointed before""}]"
248,61.1,annotation,a,704,temple of venus genitrix,many a time himselfe,OCR marker supports existing location,"[{""witness"": ""uc1"", ""page"": 60, ""gap"": "" a.\n62\n"", ""marker_evidence"": true, ""context"": ""temple of venus genitrix a.\n62\nmany a time himselfe""}, {""witness"": ""hvd"", ""page"": 60, ""gap"": "" a.\n62\n"", ""marker_evidence"": true, ""context"": ""temple of venus genitrix a.\n62\nmany a time himselfe""}]"
249,62.1,footnote,1,710,as he staied him,to smite him with,OCR marker supports existing location,"[{""witness"": ""uc1"", ""page"": 61, ""gap"": "" 1, "", ""marker_evidence"": true, ""context"": ""as\nhe staied him 1, to smite him with""}, {""witness"": ""hvd"", ""page"": 61, ""gap"": "" 1, "", ""marker_evidence"": true, ""context"": ""as\nhe staied him 1, to smite him with""}]"
250,62.1,footnote,2,710,footepoinct of the speare,that carried the ægle,Context found; marker unresolved,"[{""witness"": ""uc1"", ""page"": 61, ""gap"": "" "", ""marker_evidence"": false, ""context"": ""footepoinct of the\nspeare that carried the ægle""}, {""witness"": ""hvd"", ""page"": 61, ""gap"": "" "", ""marker_evidence"": false, ""context"": ""footepoinct of the\nspeare that carried the ægle""}]"
251,62.1,annotation,a,710,that carried the ægle,and another left behinde,Context found; marker unresolved,"[{""witness"": ""uc1"", ""page"": 61, ""gap"": "": "", ""marker_evidence"": false, ""context"": ""that carried the ægle: and another left behinde""}, {""witness"": ""hvd"", ""page"": 61, ""gap"": "": "", ""marker_evidence"": false, ""context"": ""that carried the ægle: and another left behinde""}]"
252,63.1,footnote,3,716,a small passengers barke,where he met with,Context found; marker unresolved,"[{""witness"": ""uc1"", ""page"": 61, ""gap"": "", "", ""marker_evidence"": false, ""context"": ""a small passengers barke, where he met\nwith""}, {""witness"": ""hvd"", ""page"": 61, ""gap"": "", "", ""marker_evidence"": false, ""context"": ""a small passengers barke, where he met\nwith""}]"
253,64.1,annotation,a,722,his rich coate armour,after him by the,Context found; marker unresolved,"[{""witness"": ""uc1"", ""page"": 61, ""gap"": "" "", ""marker_evidence"": false, ""context"": ""his rich coate\narmour after him by the""}, {""witness"": ""hvd"", ""page"": 61, ""gap"": "" "", ""marker_evidence"": false, ""context"": ""his rich coate\narmour after him by the""}]"
254,65.1,footnote,4,728,of manners and behaviour,nor of welth and,OCR marker supports existing location,"[{""witness"": ""uc1"", ""page"": 61, ""gap"": "", "", ""marker_evidence"": false, ""context"": ""of\nmanners and behaviour, nor of welth and""}, {""witness"": ""hvd"", ""page"": 61, ""gap"": "" 4, "", ""marker_evidence"": true, ""context"": ""of\nmanners and behaviour 4, nor of welth and""}]"
255,65.1,footnote,5,728,welth and outward estate,but onely of bodily,OCR marker supports existing location,"[{""witness"": ""uc1"", ""page"": 61, ""gap"": "" 5,\n"", ""marker_evidence"": true, ""context"": ""welth and outward estate 5,\nbut onely of bodily""}, {""witness"": ""hvd"", ""page"": 61, ""gap"": "" 5,\n"", ""marker_evidence"": true, ""context"": ""welth and outward estate 5,\nbut onely of bodily""}]"
256,66.1,footnote,1,734,by denying or diminishing,but by augmenting the,Context found; marker unresolved,"[{""witness"": ""uc1"", ""page"": 62, ""gap"": "", "", ""marker_evidence"": false, ""context"": ""by denying or diminishing, but by augmenting the""}, {""witness"": ""hvd"", ""page"": 62, ""gap"": "", "", ""marker_evidence"": false, ""context"": ""by denying or diminishing, but by augmenting the""}]"
257,66.1,footnote,2,734,30000 men of armes,an hundred thowsand light,OCR marker supports existing location,"[{""witness"": ""uc1"", ""page"": 62, ""gap"": "" 2: "", ""marker_evidence"": true, ""context"": ""30000\nmen of armes 2: an hundred thowsand light""}, {""witness"": ""hvd"", ""page"": 62, ""gap"": "" 2: "", ""marker_evidence"": true, ""context"": ""30000\nmen of armes 2: an hundred thowsand light""}]"
258,66.1,footnote,3,734,hundred thowsand light armours,and three hundred elephants,Context found; marker unresolved,"[{""witness"": ""uc1"", ""page"": 62, ""gap"": "" "", ""marker_evidence"": false, ""context"": ""hundred thowsand light armours and\nthree hundred elephants""}, {""witness"": ""hvd"", ""page"": 62, ""gap"": "" "", ""marker_evidence"": false, ""context"": ""hundred thowsand light armours and\nthree hundred elephants""}]"
259,67.1,footnote,1,740,fully to the proportion,but as he made,OCR marker supports existing location,"[{""witness"": ""uc1"", ""page"": 63, ""gap"": ""1. "", ""marker_evidence"": true, ""context"": ""fully to the proportion1. but as he made""}, {""witness"": ""hvd"", ""page"": 63, ""gap"": "" 1. "", ""marker_evidence"": true, ""context"": ""fully to the proportion 1. but as he made""}]"
260,67.2,footnote,2,743,of titurius his overthrow,he suffred the haire,OCR marker supports existing location,"[{""witness"": ""uc1"", ""page"": 63, ""gap"": "" 2,\n"", ""marker_evidence"": true, ""context"": ""of titurius his overthrow 2,\nhe suffred the haire""}, {""witness"": ""hvd"", ""page"": 63, ""gap"": "" 2,\n"", ""marker_evidence"": true, ""context"": ""of titurius his overthrow 2,\nhe suffred the haire""}]"
261,68.1,annotation,a,749,their owne private stocke,and generally all his,OCR marker supports existing location,"[{""witness"": ""uc1"", ""page"": 63, ""gap"": ""a; "", ""marker_evidence"": true, ""context"": ""their owne private stockea; and generally\nall his""}, {""witness"": ""hvd"", ""page"": 63, ""gap"": ""; "", ""marker_evidence"": false, ""context"": ""their owne private stocke; and generally\nall his""}]"
262,68.2,annotation,b,752,of a certaine herbe,they lived upon said,OCR marker supports existing location,"[{""witness"": ""uc1"", ""page"": 64, ""gap"": ""b "", ""marker_evidence"": true, ""context"": ""of a certaine herbeb they\nlived upon, said""}, {""witness"": ""hvd"", ""page"": 64, ""gap"": ""b "", ""marker_evidence"": true, ""context"": ""of a certaine herbeb they\nlived upon, said""}]"
263,68.3,annotation,c,755,to be executed therfore,in so much as,Context found; marker unresolved,"[{""witness"": ""uc1"", ""page"": 64, ""gap"": ""; "", ""marker_evidence"": false, ""context"": ""to be executed therfore; in so much as""}, {""witness"": ""hvd"", ""page"": 64, ""gap"": ""; "", ""marker_evidence"": false, ""context"": ""to be executed therfore; in so much as""}]"
264,68.3,annotation,d,755,to conclude one cohort,and no more of,OCR marker supports existing location,"[{""witness"": ""uc1"", ""page"": 64, ""gap"": ""d "", ""marker_evidence"": true, ""context"": ""to conclude, one cohortd and no more of""}, {""witness"": ""hvd"", ""page"": 64, ""gap"": ""d "", ""marker_evidence"": true, ""context"": ""to conclude, one cohortd and no more of""}]"
265,68.3,footnote,1,755,keeping of a skonce,made good the place,OCR marker supports existing location,"[{""witness"": ""uc1"", ""page"": 64, ""gap"": ""1, "", ""marker_evidence"": true, ""context"": ""keeping of a skonce1, made good the\nplace""}, {""witness"": ""hvd"", ""page"": 64, ""gap"": ""1, "", ""marker_evidence"": true, ""context"": ""keeping of a skonce1, made good the\nplace""}]"
266,68.4,footnote,2,758,shot of 120 arrowes,yet defended the guard,OCR marker supports existing location,"[{""witness"": ""uc1"", ""page"": 64, ""gap"": "" 2 "", ""marker_evidence"": true, ""context"": ""shot of 120 arrowes 2 yet\ndefended the guard""}, {""witness"": ""hvd"", ""page"": 64, ""gap"": "" 2 "", ""marker_evidence"": true, ""context"": ""shot of 120 arrowes 2 yet\ndefended the guard""}]"
267,70.1,annotation,a,770,he named them quirites,insteed of milites he,Context found; marker unresolved,"[{""witness"": ""uc1"", ""page"": 65, ""gap"": "",\n"", ""marker_evidence"": false, ""context"": ""he named them quirites,\ninsteed of milites, he""}, {""witness"": ""hvd"", ""page"": 65, ""gap"": "",\n"", ""marker_evidence"": false, ""context"": ""he named them quirites,\ninsteed of milites, he""}]"
268,71.1,footnote,1,776,gentleman against king hiempsal,so earnestly that in,OCR marker supports existing location,"[{""witness"": ""uc1"", ""page"": 65, ""gap"": ""1, "", ""marker_evidence"": true, ""context"": ""gentleman\nagainst king hiempsal1, so earnestly, that in""}, {""witness"": ""hvd"", ""page"": 65, ""gap"": ""1, "", ""marker_evidence"": true, ""context"": ""gentleman\nagainst king hiempsal1, so earnestly, that in""}]"
269,71.1,annotation,a,776,him by the beard,after that the said,OCR marker supports existing location,"[{""witness"": ""uc1"", ""page"": 65, ""gap"": ""a: "", ""marker_evidence"": true, ""context"": ""him by the bearda: after that the said""}, {""witness"": ""hvd"", ""page"": 65, ""gap"": "": "", ""marker_evidence"": false, ""context"": ""him by the beard: after that the said""}]"
270,71.1,footnote,1,776,the kings tribu tarie,he forthwith both rescued,Location unresolved,[]
271,72.1,footnote,2,782,night upon the ground,without doores moreover being,Location unresolved,[]
272,72.1,footnote,3,782,the ground without doores,moreover being now become,Location unresolved,[]
273,73.1,footnote,1,788,readie to make satisfaction,he bad him to,OCR marker supports existing location,"[{""witness"": ""uc1"", ""page"": 67, ""gap"": "" 1, "", ""marker_evidence"": true, ""context"": ""readie to make satisfaction 1, he bad\nhim to""}, {""witness"": ""hvd"", ""page"": 67, ""gap"": "" 1, "", ""marker_evidence"": true, ""context"": ""readie to make satisfaction 1, he bad\nhim to""}]"
274,74.1,footnote,2,794,then to be crucified,cornelius phagita whose for,OCR marker supports existing location,"[{""witness"": ""uc1"", ""page"": 67, ""gap"": "" 2. "", ""marker_evidence"": true, ""context"": ""then to be crucified 2. cornelius phagita, whose for""}, {""witness"": ""hvd"", ""page"": 67, ""gap"": "" 2. "", ""marker_evidence"": true, ""context"": ""then to be crucified 2. cornelius phagita, whose for""}]"
275,74.1,footnote,3,794,him a good reward,but had like to,OCR marker supports existing location,"[{""witness"": ""uc1"", ""page"": 67, ""gap"": "" 3), "", ""marker_evidence"": true, ""context"": ""him a good reward 3), but had like to""}, {""witness"": ""hvd"", ""page"": 67, ""gap"": "" 3), "", ""marker_evidence"": true, ""context"": ""him a good reward 3), but had like to""}]"
276,74.2,footnote,4,797,polluted the sacred ceremonies,he denied that he,Context found; marker unresolved,"[{""witness"": ""uc1"", ""page"": 67, ""gap"": "", "", ""marker_evidence"": false, ""context"": ""polluted the sacred\nceremonies, he denied that he""}, {""witness"": ""hvd"", ""page"": 67, ""gap"": "", "", ""marker_evidence"": false, ""context"": ""polluted the sacred\nceremonies, he denied that he""}]"
277,75.5,footnote,1,815,at an others hand,howbeit the rest of,Context found; marker unresolved,"[{""witness"": ""uc1"", ""page"": 69, ""gap"": "" 1.\n76\n"", ""marker_evidence"": false, ""context"": ""at an others\nhand 1.\n76\nhowbeit, the rest of""}, {""witness"": ""hvd"", ""page"": 69, ""gap"": "" 1.\n76\n"", ""marker_evidence"": false, ""context"": ""at an others\nhand 1.\n76\nhowbeit, the rest of""}]"
278,76.1,footnote,2,821,and presidency of manners,and more than so,OCR marker supports existing location,"[{""witness"": ""uc1"", ""page"": 69, ""gap"": ""; "", ""marker_evidence"": false, ""context"": ""and presidency of manners; and more than so""}, {""witness"": ""hvd"", ""page"": 69, ""gap"": ""2; "", ""marker_evidence"": true, ""context"": ""and presidency of manners2; and more than so""}]"
279,76.1,footnote,3,821,the forename of emperour,the surname father of,OCR marker supports existing location,"[{""witness"": ""uc1"", ""page"": 69, ""gap"": ""3, "", ""marker_evidence"": true, ""context"": ""the forename of emperour3, the surname father of""}, {""witness"": ""hvd"", ""page"": 69, ""gap"": "", "", ""marker_evidence"": false, ""context"": ""the forename of emperour, the surname father of""}]"
280,76.1,footnote,4,821,and before the tribunal,a sacred chariot and,Location unresolved,[]
281,76.1,annotation,a,821,tribunal a sacred chariot,and therein a frame,Location unresolved,[]
282,76.1,footnote,5,821,frame carrying an image,at the solemne pomp,Context found; marker unresolved,"[{""witness"": ""uc1"", ""page"": 69, ""gap"": "", "", ""marker_evidence"": false, ""context"": ""frame carrying an image, at the solemne\npomp""}, {""witness"": ""hvd"", ""page"": 69, ""gap"": "", "", ""marker_evidence"": false, ""context"": ""frame carrying an image, at the solemne\npomp""}]"
283,76.1,annotation,b,821,a sacred bed loft,for such images to,OCR marker supports existing location,"[{""witness"": ""uc1"", ""page"": 69, ""gap"": ""b "", ""marker_evidence"": true, ""context"": ""a sacred bed-loftb for\nsuch images to""}, {""witness"": ""hvd"", ""page"": 69, ""gap"": ""b "", ""marker_evidence"": true, ""context"": ""a sacred bed-loftb for\nsuch images to""}]"
284,76.1,annotation,c,821,bestowed upon a flamin,certaine luperci and the,Location unresolved,[]
285,76.1,annotation,d,821,a flamin certaine luperci,and the denomination of,OCR marker supports existing location,"[{""witness"": ""uc1"", ""page"": 69, ""gap"": ""d: "", ""marker_evidence"": true, ""context"": ""a flamin, certaine\nlupercid: and the denomination of""}, {""witness"": ""hvd"", ""page"": 69, ""gap"": ""d: "", ""marker_evidence"": true, ""context"": ""a flamin, certaine\nlupercid: and the denomination of""}]"
286,76.1,footnote,6,821,a flamin certaine luperci,and the denomination of,Context found; marker unresolved,"[{""witness"": ""uc1"", ""page"": 69, ""gap"": ""d: "", ""marker_evidence"": false, ""context"": ""a flamin, certaine\nlupercid: and the denomination of""}, {""witness"": ""hvd"", ""page"": 69, ""gap"": ""d: "", ""marker_evidence"": false, ""context"": ""a flamin, certaine\nlupercid: and the denomination of""}]"
287,76.1,annotation,e,821,denomination of one monethe,after his owne name,Context found; marker unresolved,"[{""witness"": ""uc1"", ""page"": 69, ""gap"": "" "", ""marker_evidence"": false, ""context"": ""denomination of one monethe after\nhis owne name""}, {""witness"": ""hvd"", ""page"": 69, ""gap"": "" "", ""marker_evidence"": false, ""context"": ""denomination of one monethe after\nhis owne name""}]"
288,76.2,footnote,1,824,whiles he was present,and upon the very,Location unresolved,[]
289,76.2,footnote,2,824,the kalends of januarie,the place of a,Context found; marker unresolved,"[{""witness"": ""uc1"", ""page"": 70, ""gap"": "", "", ""marker_evidence"": false, ""context"": ""the kalends of januarie, the place of a""}, {""witness"": ""hvd"", ""page"": 70, ""gap"": "", "", ""marker_evidence"": false, ""context"": ""the kalends of januarie, the place of a""}]"
290,76.2,annotation,f,824,but a few houres,with semblable licentiousnesse despising,Context found; marker unresolved,"[{""witness"": ""uc1"", ""page"": 70, ""gap"": "". "", ""marker_evidence"": false, ""context"": ""but a few houres. with semblable licentiousnesse despising""}, {""witness"": ""hvd"", ""page"": 70, ""gap"": "". "", ""marker_evidence"": false, ""context"": ""but a few houres. with semblable licentiousnesse despising""}]"
291,76.3,footnote,3,827,barbarians he admitted senatours,furthermore over the mint,OCR marker supports existing location,"[{""witness"": ""uc1"", ""page"": 70, ""gap"": "" 3. "", ""marker_evidence"": true, ""context"": ""barbarians, he admitted senatours 3. furthermore, over the mint""}, {""witness"": ""hvd"", ""page"": 70, ""gap"": "" 3. "", ""marker_evidence"": true, ""context"": ""barbarians, he admitted senatours 3. furthermore, over the mint""}]"
292,77.1,annotation,a,833,without forme and shape,that sulla was altogether,Context found; marker unresolved,"[{""witness"": ""uc1"", ""page"": 70, ""gap"": "" :\n"", ""marker_evidence"": false, ""context"": ""without forme and shape :\nthat sulla was altogether""}, {""witness"": ""hvd"", ""page"": 70, ""gap"": "" :\n"", ""marker_evidence"": false, ""context"": ""without forme and shape :\nthat sulla was altogether""}]"
293,77.1,footnote,4,833,unlettered and no grammarian,in giving over his,OCR marker supports existing location,"[{""witness"": ""uc1"", ""page"": 70, ""gap"": "" 4b,\n"", ""marker_evidence"": true, ""context"": ""unlettered and no grammarian 4b,\nin giving over his""}, {""witness"": ""hvd"", ""page"": 70, ""gap"": "" 4b,\n"", ""marker_evidence"": true, ""context"": ""unlettered and no grammarian 4b,\nin giving over his""}]"
294,77.1,annotation,b,833,unlettered and no grammarian,in giving over his,OCR marker supports existing location,"[{""witness"": ""uc1"", ""page"": 70, ""gap"": "" 4b,\n"", ""marker_evidence"": true, ""context"": ""unlettered and no grammarian 4b,\nin giving over his""}, {""witness"": ""hvd"", ""page"": 70, ""gap"": "" 4b,\n"", ""marker_evidence"": true, ""context"": ""unlettered and no grammarian 4b,\nin giving over his""}]"
295,77.1,footnote,5,833,if it pleased him,neither was it to,OCR marker supports existing location,"[{""witness"": ""uc1"", ""page"": 70, ""gap"": "" 5:\n"", ""marker_evidence"": true, ""context"": ""if it pleased him 5:\nneither was it to""}, {""witness"": ""hvd"", ""page"": 70, ""gap"": "" 5:\n"", ""marker_evidence"": true, ""context"": ""if it pleased him 5:\nneither was it to""}]"
296,78.1,footnote,1,839,occasion most of all,what time as al,OCR marker supports existing location,"[{""witness"": ""uc1"", ""page"": 71, ""gap"": "" 1. "", ""marker_evidence"": true, ""context"": ""occasion most of all 1. what time\nas al""}, {""witness"": ""hvd"", ""page"": 71, ""gap"": ""1. "", ""marker_evidence"": true, ""context"": ""occasion most of all1. what time\nas al""}]"
297,78.1,footnote,2,839,to arise unto them,he looked backe upon,Context found; marker unresolved,"[{""witness"": ""uc1"", ""page"": 71, ""gap"": ""3, "", ""marker_evidence"": false, ""context"": ""to\narise unto them3, he looked backe upon""}, {""witness"": ""hvd"", ""page"": 71, ""gap"": ""3, "", ""marker_evidence"": false, ""context"": ""to\narise unto them3, he looked backe upon""}]"
298,78.2,annotation,a,842,the colledge of tribunes,stood not up nor,Context found; marker unresolved,"[{""witness"": ""uc1"", ""page"": 71, ""gap"": "", "", ""marker_evidence"": false, ""context"": ""the colledge of tribunes, stood not up nor""}, {""witness"": ""hvd"", ""page"": 71, ""gap"": "", "", ""marker_evidence"": false, ""context"": ""the colledge of tribunes, stood not up nor""}]"
299,78.2,annotation,b,842,will give me leave,to this contumelious and,OCR marker supports existing location,"[{""witness"": ""uc1"", ""page"": 71, ""gap"": "" b.'\n79\n"", ""marker_evidence"": true, ""context"": ""will give me leave b.'\n79\nto this contumelious and""}, {""witness"": ""hvd"", ""page"": 71, ""gap"": "" b.'\n79\n"", ""marker_evidence"": true, ""context"": ""will give me leave b.'\n79\nto this contumelious and""}]"
300,79.1,footnote,4,848,contumelious and notorious behaviour,of his toward the,OCR marker supports existing location,"[{""witness"": ""uc1"", ""page"": 71, ""gap"": "" 4 "", ""marker_evidence"": true, ""context"": ""contumelious and notorious behaviour 4 of his\ntoward the""}, {""witness"": ""hvd"", ""page"": 71, ""gap"": "" 4 "", ""marker_evidence"": true, ""context"": ""contumelious and notorious behaviour 4 of his\ntoward the""}]"
301,79.1,footnote,5,848,with a white band,and epidius marullus a,Context found; marker unresolved,"[{""witness"": ""uc1"", ""page"": 71, ""gap"": ""; "", ""marker_evidence"": false, ""context"": ""with a white band; and epidius marullus, a""}, {""witness"": ""hvd"", ""page"": 71, ""gap"": ""; "", ""marker_evidence"": false, ""context"": ""with a white band; and epidius marullus, a""}]"
302,79.2,annotation,a,851,answere unto a commoner,saluting him by the,OCR marker supports existing location,"[{""witness"": ""uc1"", ""page"": 72, ""gap"": "" a\n"", ""marker_evidence"": true, ""context"": ""answere unto a commoner a\nsaluting him by the""}, {""witness"": ""hvd"", ""page"": 72, ""gap"": "" a\n"", ""marker_evidence"": true, ""context"": ""answere unto a commoner a\nsaluting him by the""}]"
303,79.2,annotation,b,851,to jupiter optimus maximus,moreover sundrie rumours ran,OCR marker supports existing location,"[{""witness"": ""uc1"", ""page"": 72, ""gap"": "" b. "", ""marker_evidence"": true, ""context"": ""to jupiter optimus maximus b. moreover\nsundrie rumours ran""}, {""witness"": ""hvd"", ""page"": 72, ""gap"": "" b. "", ""marker_evidence"": true, ""context"": ""to jupiter optimus maximus b. moreover\nsundrie rumours ran""}]"
304,79.3,annotation,c,854,for ever to alexandria,or to ilium having,Location unresolved,[]
305,79.3,annotation,d,854,alexandria or to ilium,having at once translated,OCR marker supports existing location,"[{""witness"": ""uc1"", ""page"": 72, ""gap"": "" d, "", ""marker_evidence"": true, ""context"": ""alexandria or to ilium d, having at once translated""}, {""witness"": ""hvd"", ""page"": 72, ""gap"": "" d, "", ""marker_evidence"": true, ""context"": ""alexandria or to ilium d, having at once translated""}]"
306,79.3,annotation,e,854,on of the quindecimvirs,would move the house,Context found; marker unresolved,"[{""witness"": ""uc1"", ""page"": 72, ""gap"": "" "", ""marker_evidence"": false, ""context"": ""on of the quindecimvirs would move\nthe house""}, {""witness"": ""hvd"", ""page"": 72, ""gap"": "" "", ""marker_evidence"": false, ""context"": ""on of the quindecimvirs would move\nthe house""}]"
307,80.2,footnote,1,863,there was a libell,proposed in this form,OCR marker supports existing location,"[{""witness"": ""uc1"", ""page"": 72, ""gap"": ""1 "", ""marker_evidence"": true, ""context"": ""there was a libell1 proposed in this form""}, {""witness"": ""hvd"", ""page"": 72, ""gap"": ""1 "", ""marker_evidence"": true, ""context"": ""there was a libell1 proposed in this form""}]"
308,80.2,annotation,a,863,form bonum factum etc,that no man would,Context found; marker unresolved,"[{""witness"": ""uc1"", ""page"": 72, ""gap"": ""., "", ""marker_evidence"": false, ""context"": ""form\nbonum factum etc., that no man would""}, {""witness"": ""hvd"", ""page"": 72, ""gap"": ""., "", ""marker_evidence"": false, ""context"": ""form\nbonum factum etc., that no man would""}]"
309,80.2,footnote,1,865,ducit iidem in curia,galli bracas deposuerunt latum,Location unresolved,[]
310,80.2,annotation,b,866,curia galli bracas deposuerunt,latum clavum sumpserunt the,Location unresolved,[]
311,80.3,annotation,c,872,according to his place,they all with one,Context found; marker unresolved,"[{""witness"": ""uc1"", ""page"": 73, ""gap"": "", "", ""marker_evidence"": false, ""context"": ""according to his place, they all with one""}, {""witness"": ""hvd"", ""page"": 73, ""gap"": "", "", ""marker_evidence"": false, ""context"": ""according to his place, they all with one""}]"
312,80.3,annotation,d,872,god thou were alive,likewise under the statue,OCR marker supports existing location,"[{""witness"": ""uc1"", ""page"": 73, ""gap"": ""'d.\n"", ""marker_evidence"": true, ""context"": ""god thou were alive'd.\nlikewise under the statue""}, {""witness"": ""hvd"", ""page"": 73, ""gap"": ""' d.\n"", ""marker_evidence"": true, ""context"": ""god thou were alive' d.\nlikewise under the statue""}]"
313,80.3,annotation,e,873,created consul the first,this man for expelling,OCR marker supports existing location,"[{""witness"": ""uc1"", ""page"": 73, ""gap"": "" o.\n"", ""marker_evidence"": false, ""context"": ""created consul the first o.\nthis man for expelling""}, {""witness"": ""hvd"", ""page"": 73, ""gap"": "" e.\n"", ""marker_evidence"": true, ""context"": ""created consul the first e.\nthis man for expelling""}]"
314,80.3,footnote,4,873,become king the last,there conspired against him,OCR marker supports existing location,"[{""witness"": ""uc1"", ""page"": 73, ""gap"": "" 4.\n"", ""marker_evidence"": true, ""context"": ""become king, the last 4.\nthere conspired against him""}, {""witness"": ""hvd"", ""page"": 73, ""gap"": "" 4.\n"", ""marker_evidence"": true, ""context"": ""become king, the last 4.\nthere conspired against him""}]"
315,80.4,footnote,5,877,were c cassius marcus,and decimus brutus who,Context found; marker unresolved,"[{""witness"": ""uc1"", ""page"": 73, ""gap"": "" "", ""marker_evidence"": false, ""context"": ""were c. cassius, marcus and\ndecimus brutus; who""}, {""witness"": ""hvd"", ""page"": 73, ""gap"": "" "", ""marker_evidence"": false, ""context"": ""were c. cassius, marcus and\ndecimus brutus; who""}]"
316,80.4,annotation,f,877,him downe the bridge,as he called the,Context found; marker unresolved,"[{""witness"": ""uc1"", ""page"": 73, ""gap"": "", "", ""marker_evidence"": false, ""context"": ""him\ndowne the bridge, as he called the""}, {""witness"": ""hvd"", ""page"": 73, ""gap"": ""t, "", ""marker_evidence"": false, ""context"": ""him\ndowne the bridget, as he called the""}]"
317,80.4,footnote,6,877,him downe the bridge,as he called the,Context found; marker unresolved,"[{""witness"": ""uc1"", ""page"": 73, ""gap"": "", "", ""marker_evidence"": false, ""context"": ""him\ndowne the bridge, as he called the""}, {""witness"": ""hvd"", ""page"": 73, ""gap"": ""t, "", ""marker_evidence"": false, ""context"": ""him\ndowne the bridget, as he called the""}]"
318,80.4,footnote,8,877,the ides of march,they soone agreed of,OCR marker supports existing location,"[{""witness"": ""uc1"", ""page"": 73, ""gap"": "" 8, "", ""marker_evidence"": true, ""context"": ""the ides of march 8, they soone agreed of""}, {""witness"": ""hvd"", ""page"": 73, ""gap"": "" 8, "", ""marker_evidence"": true, ""context"": ""the ides of march 8, they soone agreed of""}]"
319,81.1,footnote,1,884,of the law julia,to dwell in the,OCR marker supports existing location,"[{""witness"": ""uc1"", ""page"": 74, ""gap"": ""1 "", ""marker_evidence"": true, ""context"": ""of the law julia1 to dwell in the""}, {""witness"": ""hvd"", ""page"": 74, ""gap"": ""1 "", ""marker_evidence"": true, ""context"": ""of the law julia1 to dwell in the""}]"
320,81.3,annotation,a,890,as the birde regaliolus,was flying with a,OCR marker supports existing location,"[{""witness"": ""uc1"", ""page"": 74, ""gap"": "" 2 a "", ""marker_evidence"": true, ""context"": ""as the birde\nregaliolus 2 a was flying with a""}, {""witness"": ""hvd"", ""page"": 74, ""gap"": "" 2a "", ""marker_evidence"": true, ""context"": ""as the birde\nregaliolus 2a was flying with a""}]"
321,81.3,footnote,2,890,as the birde regaliolus,was flying with a,OCR marker supports existing location,"[{""witness"": ""uc1"", ""page"": 74, ""gap"": "" 2 a "", ""marker_evidence"": true, ""context"": ""as the birde\nregaliolus 2 a was flying with a""}, {""witness"": ""hvd"", ""page"": 74, ""gap"": "" 2a "", ""marker_evidence"": true, ""context"": ""as the birde\nregaliolus 2a was flying with a""}]"
322,81.4,footnote,1,893,him by the way,and offered him a,OCR marker supports existing location,"[{""witness"": ""uc1"", ""page"": 75, ""gap"": "" 1, "", ""marker_evidence"": true, ""context"": ""him by the way 1, and offered him a""}, {""witness"": ""hvd"", ""page"": 75, ""gap"": "" 1, "", ""marker_evidence"": true, ""context"": ""him by the way 1, and offered him a""}]"
323,82.1,footnote,3,899,had taken his place,and was set they,OCR marker supports existing location,"[{""witness"": ""uc1"", ""page"": 75, ""gap"": "" 3, "", ""marker_evidence"": true, ""context"": ""had taken his place 3, and\nwas set, they""}, {""witness"": ""hvd"", ""page"": 75, ""gap"": ""3, "", ""marker_evidence"": true, ""context"": ""had taken his place3, and\nwas set, they""}]"
324,82.1,footnote,5,899,this is violence cassius,came in full a,Location unresolved,[]
325,82.1,annotation,a,899,violence cassius came in,full a front and,Location unresolved,[]
326,82.1,footnote,6,899,litle beneth the throat,then cæsar catching cassius,OCR marker supports existing location,"[{""witness"": ""uc1"", ""page"": 75, ""gap"": "" 6. "", ""marker_evidence"": true, ""context"": ""litle beneth the throat 6. then cæsar catching cassius""}, {""witness"": ""hvd"", ""page"": 75, ""gap"": "" 6. "", ""marker_evidence"": true, ""context"": ""litle beneth the throat 6. then cæsar catching cassius""}]"
327,82.2,annotation,b,902,stile or writing punches,and with that being,OCR marker supports existing location,"[{""witness"": ""uc1"", ""page"": 75, ""gap"": ""; "", ""marker_evidence"": false, ""context"": ""stile or writing\npunches; and with that being""}, {""witness"": ""hvd"", ""page"": 75, ""gap"": ""b; "", ""marker_evidence"": true, ""context"": ""stile or writing\npunchesb; and with that being""}]"
328,82.2,footnote,7,902,about to leape forward,he was met with,Location unresolved,[]
329,82.2,footnote,1,902,downe the large lap,with his left hand,OCR marker supports existing location,"[{""witness"": ""uc1"", ""page"": 76, ""gap"": ""1 "", ""marker_evidence"": true, ""context"": ""downe the large lap1 with his\nleft hand""}, {""witness"": ""hvd"", ""page"": 76, ""gap"": ""1 "", ""marker_evidence"": true, ""context"": ""downe the large lap1 with his\nleft hand""}]"
330,82.2,annotation,c,902,might fall more decently,and so with 3,Context found; marker unresolved,"[{""witness"": ""uc1"", ""page"": 76, ""gap"": "":\n"", ""marker_evidence"": false, ""context"": ""might fall more decently:\nand so, with 3""}, {""witness"": ""hvd"", ""page"": 76, ""gap"": "":\n"", ""marker_evidence"": false, ""context"": ""might fall more decently:\nand so, with 3""}]"
331,82.2,footnote,2,902,said καὶ σὺ τέκνον,i and thou my,OCR marker supports existing location,"[{""witness"": ""uc1"", ""page"": 76, ""gap"": "" 2; "", ""marker_evidence"": true, ""context"": ""said, καὶ σὺ τέκνον 2; i. ‘and thou my""}, {""witness"": ""hvd"", ""page"": 76, ""gap"": "" 2; "", ""marker_evidence"": true, ""context"": ""said, καὶ σὺ τέκνον 2; i. ‘and thou my""}]"
332,82.2,annotation,d,902,and thou my sonne,when all others fled,OCR marker supports existing location,"[{""witness"": ""uc1"", ""page"": 76, ""gap"": ""'d. "", ""marker_evidence"": true, ""context"": ""and thou my sonne'd. when all\nothers fled""}, {""witness"": ""hvd"", ""page"": 76, ""gap"": ""'d. "", ""marker_evidence"": true, ""context"": ""and thou my sonne'd. when all\nothers fled""}]"
333,82.3,footnote,4,905,second in his breast,the conspiratours were minded,OCR marker supports existing location,"[{""witness"": ""uc1"", ""page"": 76, ""gap"": "" 4. "", ""marker_evidence"": true, ""context"": ""second, in his breast 4. the conspiratours were\nminded""}, {""witness"": ""hvd"", ""page"": 76, ""gap"": "" 4. "", ""marker_evidence"": true, ""context"": ""second, in his breast 4. the conspiratours were\nminded""}]"
334,83.1,footnote,5,914,the ides of september,next before he had,Context found; marker unresolved,"[{""witness"": ""uc1"", ""page"": 76, ""gap"": "" "", ""marker_evidence"": false, ""context"": ""the ides of september next before, he had""}, {""witness"": ""hvd"", ""page"": 76, ""gap"": "" "", ""marker_evidence"": false, ""context"": ""the ides of september next before, he had""}]"
335,83.1,annotation,a,914,the chiefe vestal virgin,q tubero writeth that,OCR marker supports existing location,"[{""witness"": ""uc1"", ""page"": 76, ""gap"": ""a. "", ""marker_evidence"": true, ""context"": ""the chiefe vestal\nvirgina. q. tubero writeth, that""}, {""witness"": ""hvd"", ""page"": 76, ""gap"": ""a. "", ""marker_evidence"": true, ""context"": ""the chiefe vestal\nvirgina. q. tubero writeth, that""}]"
336,83.2,footnote,1,917,all of his sisters,to wit c octavius,OCR marker supports existing location,"[{""witness"": ""hvd"", ""page"": 77, ""gap"": "" 1. "", ""marker_evidence"": true, ""context"": ""all of his sisters 1. to wit c. octavius""}]"
337,83.2,footnote,2,917,to wit c octavius,of three fourth parts,OCR marker supports existing location,"[{""witness"": ""uc1"", ""page"": 77, ""gap"": ""2, "", ""marker_evidence"": true, ""context"": ""to wit c. octavius2, of\nthree fourth parts""}, {""witness"": ""hvd"", ""page"": 77, ""gap"": "", "", ""marker_evidence"": false, ""context"": ""to wit c. octavius, of\nthree fourth parts""}]"
338,83.2,footnote,3,917,guardiers to his sonne,if it fortuned he,OCR marker supports existing location,"[{""witness"": ""uc1"", ""page"": 77, ""gap"": "" 3, "", ""marker_evidence"": true, ""context"": ""guardiers to his sonne 3, if\nit fortuned he""}, {""witness"": ""hvd"", ""page"": 77, ""gap"": ""3, "", ""marker_evidence"": true, ""context"": ""guardiers to his sonne3, if\nit fortuned he""}]"
339,83.2,footnote,4,917,legacies unto the people,his hortyards about tiberis,OCR marker supports existing location,"[{""witness"": ""uc1"", ""page"": 77, ""gap"": "" 4 "", ""marker_evidence"": true, ""context"": ""legacies unto the people 4 his hortyards about tiberis""}, {""witness"": ""hvd"", ""page"": 77, ""gap"": "" 4 "", ""marker_evidence"": true, ""context"": ""legacies unto the people 4 his hortyards about tiberis""}]"
340,83.2,footnote,5,917,and three hundred sesterces,to them by the,Context found; marker unresolved,"[{""witness"": ""uc1"", ""page"": 77, ""gap"": "" "", ""marker_evidence"": false, ""context"": ""and three hundred sesterces to them by\nthe""}, {""witness"": ""hvd"", ""page"": 77, ""gap"": "" "", ""marker_evidence"": false, ""context"": ""and three hundred sesterces to them by\nthe""}]"
341,84.1,footnote,6,923,the tombe of julia,before the rostra was,OCR marker supports existing location,"[{""witness"": ""uc1"", ""page"": 77, ""gap"": "" 6. "", ""marker_evidence"": true, ""context"": ""the tombe of julia 6. before the rostra was""}, {""witness"": ""hvd"", ""page"": 77, ""gap"": "". "", ""marker_evidence"": false, ""context"": ""the tombe of julia. before the rostra was""}]"
342,84.1,footnote,7,923,within it a bedsteed,of ivorie richly spred,Context found; marker unresolved,"[{""witness"": ""uc1"", ""page"": 77, ""gap"": "" & "", ""marker_evidence"": false, ""context"": ""within it a bedsteed & of ivorie, richly spred""}, {""witness"": ""hvd"", ""page"": 77, ""gap"": "" & "", ""marker_evidence"": false, ""context"": ""within it a bedsteed & of ivorie, richly spred""}]"
343,84.1,footnote,9,923,head thereof a tropee,supporting the robe wherein,Context found; marker unresolved,"[{""witness"": ""uc1"", ""page"": 77, ""gap"": ""\n"", ""marker_evidence"": false, ""context"": ""head thereof a tropee\nsupporting the robe wherein""}, {""witness"": ""hvd"", ""page"": 77, ""gap"": ""\n"", ""marker_evidence"": false, ""context"": ""head thereof a tropee\nsupporting the robe wherein""}]"
344,84.1,footnote,10,923,observing the strict order,every man might bring,OCR marker supports existing location,"[{""witness"": ""uc1"", ""page"": 77, ""gap"": "" 10,\n"", ""marker_evidence"": true, ""context"": ""observing the strict order 10,\nevery man might bring""}, {""witness"": ""hvd"", ""page"": 77, ""gap"": "" 10,\n"", ""marker_evidence"": true, ""context"": ""observing the strict order 10,\nevery man might bring""}]"
345,84.2,annotation,a,926,the judgement of armour,men servasse ut essent,Context found; marker unresolved,"[{""witness"": ""uc1"", ""page"": 77, ""gap"": "" a :\nmen' "", ""marker_evidence"": false, ""context"": ""the judgement of armour a :\nmen' men' servasse, ut essent""}, {""witness"": ""hvd"", ""page"": 77, ""gap"": ""a:\n4\nmen' "", ""marker_evidence"": false, ""context"": ""the judgement of armoura:\n4\nmen' men' servasse, ut essent""}]"
346,84.2,annotation,b,928,these men should save,by bloudy death to,Context found; marker unresolved,"[{""witness"": ""uc1"", ""page"": 77, ""gap"": "" :\n"", ""marker_evidence"": false, ""context"": ""these men should save :\nby bloudy death, to""}, {""witness"": ""hvd"", ""page"": 77, ""gap"": "" :\n"", ""marker_evidence"": false, ""context"": ""these men should save :\nby bloudy death, to""}]"
347,84.2,footnote,1,931,of that of accius,to the same sence,OCR marker supports existing location,"[{""witness"": ""uc1"", ""page"": 78, ""gap"": ""1 "", ""marker_evidence"": true, ""context"": ""of that of accius1 to the same\nsence""}]"
348,84.3,footnote,2,934,the fore saide bed,the magistrates for the,OCR marker supports existing location,"[{""witness"": ""uc1"", ""page"": 78, ""gap"": "", "", ""marker_evidence"": false, ""context"": ""the fore saide bed, the magistrates\nfor the""}, {""witness"": ""hvd"", ""page"": 78, ""gap"": "" 2, "", ""marker_evidence"": true, ""context"": ""the fore saide bed 2, the magistrates\nfor the""}]"
349,84.3,footnote,3,934,state alreadie had conveied,into the forum before,Context found; marker unresolved,"[{""witness"": ""uc1"", ""page"": 78, ""gap"": "" "", ""marker_evidence"": false, ""context"": ""state\nalreadie, had conveied into the forum before""}, {""witness"": ""hvd"", ""page"": 78, ""gap"": "" "", ""marker_evidence"": false, ""context"": ""state\nalreadie, had conveied into the forum before""}]"
350,84.3,footnote,4,934,the court of pompeius,all of a sodaine,Context found; marker unresolved,"[{""witness"": ""uc1"", ""page"": 78, ""gap"": "": "", ""marker_evidence"": false, ""context"": ""the court of pompeius: all of a\nsodaine""}, {""witness"": ""hvd"", ""page"": 78, ""gap"": "": "", ""marker_evidence"": false, ""context"": ""the court of pompeius: all of a\nsodaine""}]"
351,84.3,annotation,c,934,and next at hand,after them the minstrels,Context found; marker unresolved,"[{""witness"": ""uc1"", ""page"": 78, ""gap"": "". "", ""marker_evidence"": false, ""context"": ""and next at\nhand. after them, the minstrels""}, {""witness"": ""hvd"", ""page"": 78, ""gap"": "". "", ""marker_evidence"": false, ""context"": ""and next at\nhand. after them, the minstrels""}]"
352,84.5,footnote,6,940,all other the jewes,who also for many,Context found; marker unresolved,"[{""witness"": ""uc1"", ""page"": 78, ""gap"": "": "", ""marker_evidence"": false, ""context"": ""all other the jewes: who also for\nmany""}, {""witness"": ""hvd"", ""page"": 78, ""gap"": "": "", ""marker_evidence"": false, ""context"": ""all other the jewes: who also for\nmany""}]"
353,85.1,footnote,1,946,forum a solide columne,almost 20 foote high,OCR marker supports existing location,"[{""witness"": ""uc1"", ""page"": 79, ""gap"": "" 1 "", ""marker_evidence"": true, ""context"": ""forum a solide columne 1 almost 20\nfoote high""}, {""witness"": ""hvd"", ""page"": 79, ""gap"": "" 1 "", ""marker_evidence"": true, ""context"": ""forum a solide columne 1 almost 20\nfoote high""}]"
354,86.1,footnote,2,952,attendance upon his person,others contrariwise are of,Context found; marker unresolved,"[{""witness"": ""uc1"", ""page"": 79, ""gap"": "". "", ""marker_evidence"": false, ""context"": ""attendance upon his person. others contrariwise are of""}, {""witness"": ""hvd"", ""page"": 79, ""gap"": "". "", ""marker_evidence"": false, ""context"": ""attendance upon his person. others contrariwise are of""}]"
355,87.1,footnote,1,961,had read in xenophon,how cyrus beeing at,OCR marker supports existing location,"[{""witness"": ""uc1"", ""page"": 80, ""gap"": ""1, "", ""marker_evidence"": true, ""context"": ""had read in\nxenophon1, how cyrus beeing at""}, {""witness"": ""hvd"", ""page"": 80, ""gap"": ""1, "", ""marker_evidence"": true, ""context"": ""had read in\nxenophon1, how cyrus beeing at""}]"
356,88.1,footnote,2,967,died in the 56,yeare of his age,OCR marker supports existing location,"[{""witness"": ""uc1"", ""page"": 80, ""gap"": "" 2 a "", ""marker_evidence"": true, ""context"": ""died in the 56 2 a yeare of his age""}, {""witness"": ""hvd"", ""page"": 80, ""gap"": ""2a "", ""marker_evidence"": true, ""context"": ""died in the 562a yeare of his age""}]"
357,88.1,annotation,a,967,died in the 56,yeare of his age,OCR marker supports existing location,"[{""witness"": ""uc1"", ""page"": 80, ""gap"": "" 2 a "", ""marker_evidence"": true, ""context"": ""died in the 56 2 a yeare of his age""}, {""witness"": ""hvd"", ""page"": 80, ""gap"": ""2a "", ""marker_evidence"": true, ""context"": ""died in the 562a yeare of his age""}]"
358,88.1,footnote,3,967,for him thus deified,there shone a blazing,OCR marker supports existing location,"[{""witness"": ""uc1"", ""page"": 80, ""gap"": "" 3, "", ""marker_evidence"": true, ""context"": ""for him thus deified 3, there\nshone a blazing""}, {""witness"": ""hvd"", ""page"": 80, ""gap"": "" 3, "", ""marker_evidence"": true, ""context"": ""for him thus deified 3, there\nshone a blazing""}]"
359,88.1,annotation,b,967,in hee was murdred,to name the ides,OCR marker supports existing location,"[{""witness"": ""uc1"", ""page"": 80, ""gap"": ""b: "", ""marker_evidence"": true, ""context"": ""in hee was murdredb: to name the ides""}, {""witness"": ""hvd"", ""page"": 80, ""gap"": ""b: "", ""marker_evidence"": true, ""context"": ""in hee was murdredb: to name the ides""}]"
360,88.1,annotation,c,967,ides of march parricidium,and that the senate,Context found; marker unresolved,"[{""witness"": ""uc1"", ""page"": 80, ""gap"": "", "", ""marker_evidence"": false, ""context"": ""ides of march\nparricidium, and that the senate""}, {""witness"": ""hvd"", ""page"": 80, ""gap"": "", "", ""marker_evidence"": false, ""context"": ""ides of march\nparricidium, and that the senate""}]"
361,89.1,footnote,4,973,battaile and some againe,shortened their own daies,Context found; marker unresolved,"[{""witness"": ""uc1"", ""page"": 80, ""gap"": "", "", ""marker_evidence"": false, ""context"": ""battaile: and some\nagaine, shortened their own daies""}, {""witness"": ""hvd"", ""page"": 80, ""gap"": "", "", ""marker_evidence"": false, ""context"": ""battaile: and some\nagaine, shortened their own daies""}]"
