note_id,index,reference,series,original_marker,reviewed_marker,original_xml_line,reviewed_xml_line,original_text,reviewed_text,uc1_page_pair_start,hvd_page_pair_start,uc1_word_match_score_before,hvd_word_match_score_before,uc1_comparison_span,hvd_comparison_span,location_status,changes,review_decision
holland-jc-note-002,2,1.1,annotation,a,a,24,30,"CAIUS CÆSAR, hee died sodainly at Pisæ in Italy, as hee put on his shooes in a morning, when hee was newe risen.  Plin. Natur. Hist. lib. 7, c. 53.","CAIUS CÆSAR, hee died sodainly at Pisæ in Italy, as hee put on his shooes in a morning, when hee was newe risen.  Plin. Natur. Hist. lib. 7, c. 53.",230,230,0.9333,0.9333,caius cesar hee died sodainly at pise in italy as hee put on his shooes in a morning when hee was newe risen plin natur hist lib 7 c 53,caius cesar hee died sodainly at pissæ in italy as hee put on his shooes in a morning when hee was newe risen plin natur hist lib 7 c 53,Context found; marker unresolved,,Word-sequence comparison is not punctuation/case or printed-image certification.
holland-jc-note-003,3,1.1,annotation,b,b,24,30,"Flamen Dialis, i. the great Priest of Jupiter. Three Flamens there were at Rome, by the first Institution: Dialis of Jupiter, Martialis of Mars, Quirinalis of Romulus; and these were the principall: unto whom (in processe of time) 12 more were adjoyned, attending all upon severall Godds and Goddesses.  Carol. Sig. de ant. Jure Rom. lib. 1, cap. 19. ","Flamen Dialis, i. the great Priest of Jupiter. Three Flamens there were at Rome, by the first Institution: Dialis of Jupiter, Martialis of Mars, Quirinalis of Romulus; and these were the principall: unto whom (in processe of time) 12 more were adjoyned, attending all upon severall Godds and Goddesses.  Carol. Sig. de ant. Jure Rom. lib. 1, cap. 19. ",230,230,0.9831,0.9661,bflamen dialis i the great priest of jupiter three flamens there were at rome by the first institution dialis of jupiter martialis of mars quirinalis of romulus and these were the principall unto whom in processe of time 12 more were adjoyned attending all upon severall godds and goddesses carol sig de ant jure rom lib 1 cap 19,bflamen dialis i the great priest of jupiter three flamens there were at rome by the first institution dialis of jupiter martialis of mars quirinalis of romulus and these were the principall unto whom in processe of time 12 more were adjoyned attending all upon severall godds and goddesses carol sig de ant jure rom lib 1 cар 19,Context found; marker unresolved,,Word-sequence comparison is not punctuation/case or printed-image certification.
holland-jc-note-004,4,1.1,annotation,c,c,24,30,"Ut repudiaret. In the civill Lawe, wee observe a difference betweene Repudium and Divortium.  Repudium, when the man rejecteth and casteth off the woman betrothed only unto him before mariage in this forme, Conditione tua non utor.  And in this wise Cæsar and Cossutia parted before. Divortium, when hee putteth her away after shee is his wedded wife, with these solemne words: Res tuas tibi habeto, or Res tuas tibi agito.  Howbeit, in this place Repudiare is to be taken in this latter sense, for Cornelia was his wife, and had borne him a daughter.  Paul. Modestin Caius. ","Ut repudiaret. In the civill Lawe, wee observe a difference betweene Repudium and Divortium.  Repudium, when the man rejecteth and casteth off the woman betrothed only unto him before mariage in this forme, Conditione tua non utor.  And in this wise Cæsar and Cossutia parted before. Divortium, when hee putteth her away after shee is his wedded wife, with these solemne words: Res tuas tibi habeto, or Res tuas tibi agito.  Howbeit, in this place Repudiare is to be taken in this latter sense, for Cornelia was his wife, and had borne him a daughter.  Paul. Modestin Caius. ",230,230,1.0,1.0,ut repudiaret in the civill lawe wee observe a difference betweene repudium and divortium repudium when the man rejecteth and casteth off the woman betrothed only unto him before mariage in this forme conditione tua non utor and in this wise cæsar and cossutia parted before divortium when hee putteth her away after shee is his wedded wife with these solemne words res tuas tibi habeto or res tuas tibi agito howbeit in this place repudiare is to be taken in this latter sense for cornelia was his wife and had borne him a daughter paul modestin caius,ut repudiaret in the civill lawe wee observe a difference betweene repudium and divortium repudium when the man rejecteth and casteth off the woman betrothed only unto him before mariage in this forme conditione tua non utor and in this wise cæsar and cossutia parted before divortium when hee putteth her away after shee is his wedded wife with these solemne words res tuas tibi habeto or res tuas tibi agito howbeit in this place repudiare is to be taken in this latter sense for cornelia was his wife and had borne him a daughter paul modestin caius,Location unresolved,,Word-sequence comparison is not punctuation/case or printed-image certification.
holland-jc-note-005,5,1.1,footnote,2,2,24,30,Or Divorse.,Or Divorse.,15,15,1.0,1.0,or divorse,or divorse,Location unresolved,,Word-sequence comparison is not punctuation/case or printed-image certification.
holland-jc-note-007,7,1.2,footnote,3,3,27,33,"  Of Marius. 
            ","  Of Marius. 
            ",15,15,1.0,1.0,of marius,of marius,Context found; marker unresolved,,Word-sequence comparison is not punctuation/case or printed-image certification.
holland-jc-note-009,9,1.2,annotation,e,e,28,34,"The principall of them was, Cornelius Phagitas, a Freed man of Sulla, unto whom Cæsar gave two talents, for to escape his hands.  See cap. 74, and Plutarchus. ","The principall of them was, Cornelius Phagitas, a Freed man of Sulla, unto whom Cæsar gave two talents, for to escape his hands.  See cap. 74, and Plutarchus. ",230,230,1.0,1.0,the principall of them was cornelius phagitas a freed man of sulla unto whom cæsar gave two talents for to escape his hands see cap 74 and plutarchus,the principall of them was cornelius phagitas a freed man of sulla unto whom cæsar gave two talents for to escape his hands see cap 74 and plutarchus,Context found; marker unresolved,,Word-sequence comparison is not punctuation/case or printed-image certification.
holland-jc-note-010,10,1.2,annotation,f,f,28,34,"It belonged unto these Votaries and Nunnes of Vesta, to goe betweene parties offended, and make reconciliation.  See more hereof Alex. ab Alexandr. Genial die, lib. 5, cap. 12. ","It belonged unto these Votaries and Nunnes of Vesta, to goe betweene parties offended, and make reconciliation.  See more hereof Alex. ab Alexandr. Genial die, lib. 5, cap. 12. ",230,230,1.0,1.0,it belonged unto these votaries and nunnes of vesta to goe betweene parties offended and make reconciliation see more hereof alex ab alexandr genial die lib 5 cap 12,it belonged unto these votaries and nunnes of vesta to goe betweene parties offended and make reconciliation see more hereof alex ab alexandr genial die lib 5 cap 12,Context found; marker unresolved,,Word-sequence comparison is not punctuation/case or printed-image certification.
holland-jc-note-011,11,1.2,footnote,5,5,31,37,For Aurelia was his mother. ,For Aurelia was his mother. ,15,15,1.0,1.0,for aurelia was his mother,for aurelia was his mother,Context found; marker unresolved,,Word-sequence comparison is not punctuation/case or printed-image certification.
holland-jc-note-013,13,2.1,annotation,a,a,40,46,"Young gentlemen or noble bloud, the better to bee trained up in martiall feats, and the knowledge of any Province affaires, were wont to attend the LL. Deputies there, and to be entertained with them in the same pavilion, as familiar companions. Cic. orat. pro Cælio et Plancio. ","Young gentlemen of noble bloud, the better to bee trained up in martiall feats, and the knowledge of any Province affaires, were wont to attend the LL. Deputies there, and to be entertained with them in the same pavilion, as familiar companions. Cic. orat. pro Cælio et Plancio. ",231,231,0.9792,0.9792,young gentlemen of noble bloud the better to bee trained up in martiall feats and the knowledge of any province affaires were wont to attend the ll deputies there and to be entertained with them in the same pavilion as familiar companions cic orat pro cælio et plancio,young gentlemen of noble bloud the better to bee trained up in martiall feats and the knowledge of any province affaires were wont to attend the ll deputies there and to be entertained with them in the same pavilion as familiar companions cic orat pro cælio et plancio,Context found; marker unresolved,H004,Word-sequence comparison is not punctuation/case or printed-image certification.
holland-jc-note-014,14,2.1,annotation,b,b,40,46,"Libertines were such properly, as of bondmen were manumised and made Free, although Sueto. elsewhere, to wit in Cl. Cæs. nameth the children of such, Libertines; by which it appeareth that hee confoundeth them with Ingenui, i. Freeborne. ","Libertines were such properly, as of bondmen were manumised and made Free, although Sueto. elsewhere, to wit in Cl. Cæs. nameth the children of such, Libertines; by which it appeareth that hee confoundeth them with Ingenui, i. Freeborne. ",231,231,1.0,1.0,libertines were such properly as of bondmen were manumised and made free although sueto elsewhere to wit in cl cæs nameth the children of such libertines by which it appeareth that hee confoundeth them with ingenui i freeborne,libertines were such properly as of bondmen were manumised and made free although sueto elsewhere to wit in cl cæs nameth the children of such libertines by which it appeareth that hee confoundeth them with ingenui i freeborne,Context found; marker unresolved,,Word-sequence comparison is not punctuation/case or printed-image certification.
holland-jc-note-015,15,2.1,annotation,c,c,40,46,"            Clients have a relation to their Patrones: and as these were Patritii and Nobles, so the other were Commoners. And such a mutuall and reciprocall entercourse of duetie was betweene them, that as the Patrons were ready to instruct in the knowledge of the lawes, to defend and protect their Clients, who had put themselves into their patronage: so these were bound to attende their Patrons when they went abroad into the city and returned home, to relieve them with their purse in the bestowing of their daughters etc. And lawfull it was for neither of them to enforme, to depose, to give their voices, or to side with adversaries, one against another, without the note and guilt of treachery and perfidious prodicion.

","            Clients have a relation to their Patrones: and as these were Patritii and Nobles, so the other were Commoners. And such a mutuall and reciprocall entercourse of duetie was betweene them, that as the Patrons were ready to instruct in the knowledge of the lawes, to defend and protect their Clients, who had put themselves into their patronage: so these were bound to attende their Patrons when they went abroad into the city and returned home, to relieve them with their purse in the bestowing of their daughters etc. And lawfull it was for neither of them to enforme, to depose, to give their voices, or to side with adversaries, one against another, without the note and guilt of treachery and perfidious prodicion.
",231,231,1.0,1.0,clients have a relation to their patrones and as these were patritii and nobles so the other were commoners and such a mutuall and reciprocall entercourse of duetie was betweene them that as the patrons were ready to instruct in the knowledge of the lawes to defend and protect their clients who had put themselves into their patronage so these were bound to attende their patrons when they went abroad into the city and returned home to relieve them with their purse in the bestowing of their daughters etc and lawfull it was for neither of them to enforme to depose to give their voices or to side with adversaries one against another without the note and guilt of treachery and perfidious prodicion,clients have a relation to their patrones and as these were patritii and nobles so the other were commoners and such a mutuall and reciprocall entercourse of duetie was betweene them that as the patrons were ready to instruct in the knowledge of the la lawes to defend and protect their clients who had put themselves into their patronage so these were bound to attende their patrons when they went abroad into the city and returned home to relieve them with their purse in the bestowing of their daughters etc and lawfull it was for neither of them to enforme to depose to give their voices or to side with adversaries one against another without the note and guilt of treachery and perfidious prodicion,Context found; marker unresolved,,Word-sequence comparison is not punctuation/case or printed-image certification.
holland-jc-note-017,17,3.1,footnote,2,2,47,53,"Surnamed so of the people in Cilicia named Isauri, whom he subdued. ","Surnamed so of the people in Cilicia named Isauri, whom he subdued. ",15,15,0.5833,0.5833,surnamed so of the people in cilicia 3 so variable and indiscreet,surnamed so of the people in cilicia 3 so variable and indiscreet,Location unresolved,,"OCR has interleaved the continuation “named Isauri, whom he subdued”; retain complete note."
holland-jc-note-018,18,3.1,annotation,a,a,47,53,"Who being Consull with Q. Catulus Luctatius, went about to repeale and anull all the Actes of Sulla late deceased, and so kindled a newe civill warre. ","Who being Consull with Q. Catulus Luctatius, went about to repeale and anull all the Actes of Sulla late deceased, and so kindled a newe civill warre. ",231,231,1.0,1.0,who being consull with q catulus luctatius went about to repeale and anull all the actes of sulla late deceased and so kindled a newe civill warre,who being consull with q catulus luctatius went about to repeale and anull all the actes of sulla late deceased and so kindled a newe civill warre,Context found; marker unresolved,,Word-sequence comparison is not punctuation/case or printed-image certification.
holland-jc-note-019,19,3.1,footnote,3,3,47,53,So variable and indiscreet. ,So variable and indiscreet. ,15,15,1.0,1.0,so variable and indiscreet,so variable and indiscreet,Location unresolved,,Word-sequence comparison is not punctuation/case or printed-image certification.
holland-jc-note-020,20,4.1,annotation,a,a,54,60,"By the death of Lepidus, whom his Colleague Catulus drave out of Italy into Sardinia, where he dyed, as some write, of a violent Rheume: or as others, with a deepe thought that he tooke, upon intelligence that he had of his wives adultery, in which melancholy he pyned away. Plutarch. ","By the death of Lepidus, whom his Colleague Catulus drave out of Italy into Sardinia, where he dyed, as some write, of a violent Rheume: or as others, with a deepe thought that he tooke, upon intelligence that he had of his wives adultery, in which melancholy he pyned away. Plutarch. ",231,231,1.0,1.0,by the death of lepidus whom his colleague catulus drave out of italy into sardinia where he dyed as some write of a violent rheume or as others with a deepe thought that he tooke upon intelligence that he had of his wives adultery in which melancholy he pyned away plutarch,by the death of lepidus whom his colleague catulus drave out of italy into sardinia where he dyed as some write of a violent rheume or as others with a deepe thought that he tooke upon intelligence that he had of his wives adultery in which melancholy he pyned away plutarch,Context found; marker unresolved,,Word-sequence comparison is not punctuation/case or printed-image certification.
holland-jc-note-026,26,4.1,footnote,6,6,54,60,"Medico, vel amico, that is, a friend. ","Medico, vel amico, that is, a friend. ",16,16,1.0,1.0,medico vel amico that is a friend,medico vel amico that is a friend,Context found; marker unresolved,,Word-sequence comparison is not punctuation/case or printed-image certification.
holland-jc-note-027,27,4.2,footnote,7,7,57,63,Or the rest of his companions and servants. ,Or the rest of his companions and servants. ,16,16,1.0,1.0,or the rest of his companions and servants,or the rest of his companions and servants,Context found; marker unresolved,,Word-sequence comparison is not punctuation/case or printed-image certification.
holland-jc-note-028,28,4.2,footnote,8,8,57,63,"To the Cities of Asia, a Province adjoyning. ","To the Cities of Asia, a Province adjoyning. ",16,16,1.0,1.0,to the cities of asia a province adjoyning,to the cities of asia a province adjoyning,Context found; marker unresolved,,Word-sequence comparison is not punctuation/case or printed-image certification.
holland-jc-note-029,29,5.1,annotation,a,a,64,70,"            These Tribunes Militarie, call them Colonels over a thousand footmen, whereupon they tooke that name first, to wit, when the Romaine Legion consisted of 3000 according to the three ancient Tribes, Rhamnium, Lucerum and Tatiensium: or High Marshals, as Budæus would have them to be, considering the execution of their office in the campe, not much unlike to our Kn. Marshals in these daies; some by vertue of an Act or Lawe preferred by Rutilus Rufus, were chosen in the Armie by the L. Generall, and named Rutuli or Rufuli, others by the voices of the people in their publick assemblyes for Elections called Comitia, and for distinction sake, named Comitiati. And such a Tribune Militarie was Cæsar in this place.

 ","            These Tribunes Militarie, call them Colonels over a thousand footmen, whereupon they tooke that name first, to wit, when the Romaine Legion consisted of 3000 according to the three ancient Tribes, Rhamnium, Lucerum and Tatiensium: or High Marshals, as Budæus would have them to be, considering the execution of their office in the campe, not much unlike to our Kn. Marshals in these daies; some by vertue of an Act or Lawe preferred by Rutilus Rufus, were chosen in the Armie by the L. Generall, and named Rutuli or Rufuli, others by the voices of the people in their publick assemblyes for Elections called Comitia, and for distinction sake, named Comitiati. And such a Tribune Militarie was Cæsar in this place.
 ",231,231,1.0,1.0,these tribunes militarie call them colonels over a thousand footmen whereupon they tooke that name first to wit when the romaine legion consisted of 3000 according to the three ancient tribes rhamnium lucerum and tatiensium or high marshals as budæus would have them to be considering the execution of their office in the campe not much unlike to our kn marshals in these daies some by vertue of an act or lawe preferred by rutilus rufus were chosen in the armie by the l generall and named rutuli or rufuli others by the voices of the people in their publick assemblyes for elections called comitia and for distinction sake named comitiati and such a tribune militarie was cæsar in this place,these tribunes militarie call them colonels over a thousand footmen whereupon they tooke that name first to wit when the romaine legion consisted of 3000 according to the three ancient tribes rhamnium lucerum and tatiensium or high marshals as budæus would have them to be considering the execution of their office in the campe not much unlike to our kn marshals in these daies some by vertue of an act or lawe preferred by rutilus rufus were chosen in the armie by the l generall and named rutuli or rufuli others by the voices of the people in their publick assemblyes for elections called comitia and for distinction sake named comitiati and such a tribune militarie was cæsar in this place,Context found; marker unresolved,,Word-sequence comparison is not punctuation/case or printed-image certification.
holland-jc-note-034,34,6.1,footnote,4,4,71,77,Treasurer. ,Treasurer. ,17,17,1.0,1.0,treasurer,treasurer,Location unresolved,,Word-sequence comparison is not punctuation/case or printed-image certification.
holland-jc-note-035,35,6.2,footnote,1,1,74,80,"Of the Goddesse Bona: which were celebrated in Cæsars house, being the Pontifex. ","Of the Goddesse Bona: which were celebrated in Cæsars house, being the Pontifex. ",18,18,1.0,1.0,of the goddesse bona which were celebrated in cæsars house being the pontifex,of the goddesse bona which were celebrated in cæsars house being the pontifex,Context found; marker unresolved,,Word-sequence comparison is not punctuation/case or printed-image certification.
holland-jc-note-038,38,7.1,footnote,4,4,80,86,In head shire Townes which were called Conventus. Plin.,In head shire Townes which were called Conventus. Plin.,18,18,1.0,1.0,in head shire townes which were called conventus plin,in head shire townes which were called conventus plin,Context found; marker unresolved,,Word-sequence comparison is not punctuation/case or printed-image certification.
holland-jc-note-043,43,9.3,footnote,1,1,101,107,"So called of a river, neere into which they dwelt beyond the Po. ","So called of a river, neere into which they dwelt beyond the Po. ",20,20,0.9231,1.0,so called of a river neeré into which they dwelt beyond the po,so called of a river neere into which they dwelt beyond the po,Location unresolved,,Word-sequence comparison is not punctuation/case or printed-image certification.
holland-jc-note-044,44,9.3,footnote,2,2,101,107,"Who was slaine by Spanish Horsemen, of whom hee had the conduct. ","Who was slaine by Spanish Horsemen, of whom hee had the conduct. ",20,20,1.0,1.0,who was slaine by spanish horsemen of whom hee had the conduct,who was slaine by spanish horsemen of whom hee had the conduct,Context found; marker unresolved,,Word-sequence comparison is not punctuation/case or printed-image certification.
holland-jc-note-045,45,10.1,annotation,a,a,107,113,"Commitium was one part of the Forum Romanum, wherein stood the Rostra, and the people used to assemble for election of Magistrates, for making of Lawes, and hearing of publike Orations. ","Commitium was one part of the Forum Romanum, wherein stood the Rostra, and the people used to assemble for election of Magistrates, for making of Lawes, and hearing of publike Orations. ",232,232,1.0,1.0,commitium was one part of the forum romanum wherein stood the rostra and the people used to assemble for election of magistrates for making of lawes and hearing of publike orations,commitium was one part of the forum romanum wherein stood the rostra and the people used to assemble for election of magistrates for making of lawes and hearing of publike orations,Location unresolved,,Word-sequence comparison is not punctuation/case or printed-image certification.
holland-jc-note-054,54,12.1,footnote,5,5,124,130,In place of the Pretor.,In place of the Pretor.,21,21,1.0,1.0,in place of the pretor,in place of the pretor,Context found; marker unresolved,,Word-sequence comparison is not punctuation/case or printed-image certification.
holland-jc-note-055,55,12.1,annotation,c,c,124,130,"The liberty of appealing unto the people, was graunted by Tullus Hostilius the third king of the Romaines, as appeareth by Livius, in the case of Horatius, for killing his owne sister.","The liberty of appealing unto the people, was graunted by Tullus Hostilius the third king of the Romaines, as appeareth by Livius, in the case of Horatius, for killing his owne sister.",232,232,1.0,1.0,the liberty of appealing unto the people was graunted by tullus hostilius the third king of the romaines as appeareth by livius in the case of horatius for killing his owne sister,the liberty of appealing unto the people was graunted by tullus hostilius the third king of the romaines as appeareth by livius in the case of horatius for killing his owne sister,Context found; marker unresolved,,Word-sequence comparison is not punctuation/case or printed-image certification.
holland-jc-note-056,56,12.1,footnote,6,6,124,130,Cæsar.,Cæsar.,21,21,1.0,1.0,cæsar,cæsar,Location unresolved,,Word-sequence comparison is not punctuation/case or printed-image certification.
holland-jc-note-058,58,13.1,annotation,a,a,132,138,"Q. Lutatius Catulus, and P. Servilius Isauricus.","Q. Lutatius Catulus, and P. Servilius Isauricus.",232,232,1.0,1.0,q lutatius catulus and p servilius isauricus,q lutatius catulus and p servilius isauricus,Context found; marker unresolved,,Word-sequence comparison is not punctuation/case or printed-image certification.
holland-jc-note-059,59,13.1,footnote,2,2,132,138,Which were 35.,Which were 35.,22,22,1.0,1.0,which were 35,which were 35,Location unresolved,,Word-sequence comparison is not punctuation/case or printed-image certification.
holland-jc-note-060,60,14.1,footnote,3,3,139,145,But not entred yet into the Office.,But not entred yet into the Office.,22,22,1.0,1.0,but not entred yet into the office,but not entred yet into the office,Location unresolved,,Word-sequence comparison is not punctuation/case or printed-image certification.
holland-jc-note-061,61,14.1,footnote,4,4,139,145,Ultimum supplicium.,Ultimum supplicium.,22,22,1.0,1.0,ultimum supplicium,ultimum supplicium,Context found; marker unresolved,,Word-sequence comparison is not punctuation/case or printed-image certification.
holland-jc-note-062,62,14.1,footnote,5,5,139,145,"As if he ment by ultimum supplicium, imprisonment or some lesse punishment then death.","As if he ment by ultimum supplicium, imprisonment or some lesse punishment then death.",22,22,1.0,1.0,as if he ment by ultimum supplicium imprisonment or some lesse punishment then death,as if he ment by ultimum supplicium imprisonment or some lesse punishment then death,Context found; marker unresolved,,Word-sequence comparison is not punctuation/case or printed-image certification.
holland-jc-note-063,63,14.2,footnote,6,6,142,148,Quintus Cicero.,Quintus Cicero.,22,22,1.0,1.0,quintus cicéro m cicero,quintus cicero,Context found; marker unresolved,,Word-sequence comparison is not punctuation/case or printed-image certification.
holland-jc-note-064,64,14.2,footnote,7,7,142,148,M. Cicero.,M. Cicero.,22,22,1.0,1.0,m cicero,m cicero,Context found; marker unresolved,,Word-sequence comparison is not punctuation/case or printed-image certification.
holland-jc-note-068,68,15.1,annotation,a,a,149,155,"            Cæsar envying such an honour unto Catulus, as to reedifie and dedicate the Capitol consumed with fire, a peece of worke that Sulla the Dictatour tooke in hand but finished not, and the onely thing wherby his felicity was not compleat, would have put him by it and conferred it upon another and therefore put the matter in question before the bodie of the people, there to bee discussed and debated, whether it were their minde and will that Catulus should doe it, or some other.

","            Cæsar envying such an honour unto Catulus, as to reedifie and dedicate the Capitol consumed with fire, a peece of worke that Sulla the Dictatour tooke in hand but finished not, and the onely thing wherby his felicity was not compleat, would have put him by it and conferred it upon another and therefore put the matter in question before the bodie of the people, there to bee discussed and debated, whether it were their minde and will that Catulus should doe it, or some other.
",233,233,1.0,1.0,cæsar envying such an honour unto catulus as to reedifie and dedicate the capitol consumed with fire a peece of worke that sulla the dictatour tooke in hand but finished not and the onely thing gg wherby his felicity was not compleat would have put him by it and conferred it upon another and therefore put the matter in question before the bodie of the people there to bee discussed and debated whether it were their minde and will that catulus should doe it or some other,cæsar envying such an honour unto catulus as to reedifie and dedicate the capitol consumed with fire a peece of worke that sulla the dictatour tooke in hand but finished not and the onely thing gg wherby his felicity was not compleat would have put him by it and conferred it upon another and therefore put the matter in question before the bodie of the people there to bee discussed and debated whether it were their minde and will that catulus should doe it or some other,Context found; marker unresolved,,Word-sequence comparison is not punctuation/case or printed-image certification.
holland-jc-note-071,71,15.1,annotation,c,c,151,157,"            Optimates and Populares, were in the citie of Rome opposite either against other, and are lively described by Cicero in his Oration, pro Sextio, in these wordes. Duo genera in hac civitate semper fuerunt eorum, qui versari in rep. atque in ea se excellentius gerere studuerunt. Quibus ex generibus, alteri Populares, alter, Optimates et haberi et esse voluerunt. Qui ea quæ faciebant, quæque dicebant, multitudini jucunda esse volebant, Populares: qui autem ita se gerebant, ut sua consilia optimo cuique probarentur; Optimates habebantur. Item. Quis ergo est Optimas? quis? De numero si quæris innumerabiles, neque enim aliter stare possemus. Sunt principes consilii publici. Sunt qui eorum sectam sequuntur. Sunt maximorum Ordinum homines quibus patet Curia, Sunt municipes Rusticique; Roma, Sunt negotia gerentes, sunt etiam Libertini Optimates. Wherby it appeareth, that those were counted Optimates, not simply of noble birth, and of great wealth, etc.: but were they Patritii, Equites, or Plebeii, if they stoode for good thinges, or favoured those that so did; nay, whether they were Burgesses of Free Burroughes, yeomen of the country following husbandry, Merchants and Tradesmen, or very Libertines, so they affected good causes, they were reckoned in the number of Optimates. On the other side, as many as aymed onely at this, to please and content the multitude, were they never so well borne or otherwise qualified, they went in the rancke of Populares; so that it seemeth, that Populares were the Forensis factio, that Livie writeth of, and whome Q. Fabius reduced all in to the foure Tribus urbanas; and Optimates, the Tribus rusticæ, wherein was integer populus, fautor et cultor bonorum. Thus much of the strickt signification of this worde Optimates. But for as much as commonly fewe of the Nobilitie and Gentry of Rome were Popular, and as fewe of the Communaltie favourers of the best things usually; by these Optimates, or the better sort, are ment the Patritii and Gentlemen.

","            Optimates and Populares, were in the citie of Rome opposite either against other, and are lively described by Cicero in his Oration, pro Sextio, in these wordes. Duo genera in hac civitate semper fuerunt eorum, qui versari in rep. atque in ea se excellentius gerere studuerunt. Quibus ex generibus, alteri Populares, alter, Optimates et haberi et esse voluerunt. Qui ea quæ faciebant, quæque dicebant, multitudini jucunda esse volebant, Populares: qui autem ita se gerebant, ut sua consilia optimo cuique probarentur; Optimates habebantur. Item. Quis ergo est Optimas? quis? De numero si quæris innumerabiles, neque enim aliter stare possemus. Sunt principes consilii publici. Sunt qui eorum sectam sequuntur. Sunt maximorum Ordinum homines quibus patet Curia, Sunt municipes Rusticique; Roma, Sunt negotia gerentes, sunt etiam Libertini Optimates. Wherby it appeareth, that those were counted Optimates, not simply of noble birth, and of great wealth, etc.: but were they Patritii, Equites, or Plebeii, if they stoode for good thinges, or favoured those that so did; nay, whether they were Burgesses of Free Burroughes, yeomen of the country following husbandry, Merchants and Tradesmen, or very Libertines, so they affected good causes, they were reckoned in the number of Optimates. On the other side, as many as aymed onely at this, to please and content the multitude, were they never so well borne or otherwise qualified, they went in the rancke of Populares; so that it seemeth, that Populares were the Forensis factio, that Livie writeth of, and whome Q. Fabius reduced all in to the foure Tribus urbanas; and Optimates, the Tribus rusticæ, wherein was integer populus, fautor et cultor bonorum. Thus much of the strickt signification of this worde Optimates. But for as much as commonly fewe of the Nobilitie and Gentry of Rome were Popular, and as fewe of the Communaltie favourers of the best things usually; by these Optimates, or the better sort, are ment the Patritii and Gentlemen.
",233,233,0.9937,1.0,optimates and populares were in the citie of rome opposite either against other and are lively described by cicero in his oration pro sextio in these wordes duo genera in hac civitate semper fuerunt corum qui versari in rep atque in ea se excellentius gerere studuerunt quibus ex generibus alteri populares alter optimates et haberi et esse voluerunt qui ea quæ faciebant quæque dicebant multitudini jucunda esse volebant populares qui autem ita se gerebant ut sua consilia optimo cuique probarentur optimates habebantur item quis ergo est optimas quis de numero si quæris innumerabiles neque enim aliter stare possemus sunt principes consilii publici sunt qui eorum sectam sequuntur sunt maximorum ordinum homines quibus patet curia sunt municipes rusticique roma sunt negotia gerentes sunt etiam libertini optimates wherby it appeareth that those were counted optimates not simply of noble birth and of great wealth etc but were they patritii equites or plebeii if they stoode for good thinges or favoured those that so did nay whether they were burgesses of free burroughes yeomen of the country following husbandry merchants and tradesmen or very libertines so they affected good causes they were reckoned in the number of optimates on the other side as many as aymed onely at this to please and content the multitude were they never so well borne or otherwise qualified they went in the rancke of populares so that it seemeth that populares were the forensis factio that livie writeth of and whome q fabius reduced all in to the foure tribus urbanas and optimates the tribus rustice wherein was integer populus fautor et cultor bonorum thus much of the strickt signification of this worde optimates but for as much as commonly fewe of the nobilitie and gentry of rome were popular and as fewe of the communaltie favourers of the best things usually by these optimates or the better sort are ment the patritii and gentlemen,optimates and populares were in the citie of rome opposite either against other and are lively described by cicero in his oration pro sextio in these wordes duo genera in hac civitate semper fuerunt eorum qui versari in rep atque in ea se excellentius gerere studuerunt quibus ex generibus alteri populares alter optimates et haberi et esse voluerunt qui ea quæ faciebant quæque dicebant multitudini jucunda esse volebant populares qui autem ita se gerebant ut sua consilia optimo cuique probarentur optimates habebantur item quis ergo est optimas quis de numero si quæris innumerabiles neque enim aliter stare possemus sunt principes consilii publici sunt qui eorum sectam sequuntur sunt maximorum ordinum homines quibus patet curia sunt municipes rusticique roma sunt negotia gerentes sunt etiam libertini optimates wherby it appeareth that those were counted optimates not simply of noble birth and of great wealth etc but were they patritii equites or plebeii if they stoode for good thinges or favoured those that so did nay whether they were burgesses of free burroughes yeomen of the country following husbandry merchants and tradesmen or very libertines so they affected good causes they were reckoned in the number of optimates on the other side as many as aymed onely at this to please and content the multitude were they never so well borne or otherwise qualified they went in the rancke of populares so that it seemeth that populares were the forensis factio that livie writeth of and whome q fabius reduced all in to the foure tribus urbanas and optimates the tribus rusticæ wherein was integer populus fautor et cultor bonorum thus much of the strickt signification of this worde optimates but for as much as commonly fewe of the nobilitie and gentry of rome were popular and as fewe of the communaltie favourers of the best things usually by these optimates or the better sort are ment the patritii and gentlemen,Context found; marker unresolved,,Word-sequence comparison is not punctuation/case or printed-image certification.
holland-jc-note-073,73,16.1,footnote,5,5,161,167,Surnamed Nepos (as Valerius witnesseth) for his riotous life and behaviour.,Surnamed Nepos (as Valerius witnesseth) for his riotous life and behaviour.,23,23,1.0,1.0,surnamed nepos as valerius witnesseth for his riotous life and behaviour,surnamed nepos as valerius witnesseth for his riotous life and behaviour,Context found; marker unresolved,,Word-sequence comparison is not punctuation/case or printed-image certification.
holland-jc-note-076,76,17.1,footnote,1,1,171,177,"Indice, some reade Judice, that is, as if Judex were his surname.","Indice, some reade Judice, that is, as if Judex were his surname.",24,24,1.0,1.0,indice some reade judice that is as if judex were his surname,indice some reade judice that is as if judex were his surname,Context found; marker unresolved,,Word-sequence comparison is not punctuation/case or printed-image certification.
holland-jc-note-077,77,17.2,annotation,a,a,174,180,"Superiour Magistrates, bee the Consuls, Pretours and Censors, the rest as Ædiles, Questors, were accounted inferiour, etc.","Superiour Magistrates, bee the Consuls, Pretours and Censors, the rest as Ædiles, Questors, were accounted inferiour, etc.",234,234,1.0,1.0,superiour magistrates bee the consuls pretours and censors the rest as ædiles questors were accounted inferiour etc,superiour magistrates bee the consuls pretours and censors the rest as ædiles questors were accounted inferiour etc,Context found; marker unresolved,,Word-sequence comparison is not punctuation/case or printed-image certification.
holland-jc-note-079,79,18.1,annotation,a,a,181,187,"Crassus is named for one, who entred into a bond for him of 830 talents, what time Cæsar deeply indebted, said, bis millies et quingenties centena millia numum sibi adesse oportere, ut nihil haberet, id est, that 250 millions of sesterces would but set him cleare with the world.","Crassus is named for one, who entred into a bond for him of 830 talents, what time Cæsar deeply indebted, said, bis millies et quingenties centena millia numum sibi adesse oportere, ut nihil haberet, id est, that 250 millions of sesterces would but set him cleare with the world.",234,234,1.0,1.0,crassus is named for one who entred into a bond for him of 830 talents what time cæsar deeply indebted said bis millies et quingenties centena millia numum sibi adesse oportere ut nihil haberet id est that 250 millions of sesterces would but set him cleare with the world,crassus is named for one who entred into a bond for him of 830 talents what time cæsar deeply indebted said bis millies et quingenties centena millia numum sibi adesse oportere ut nihil haberet id est that 250 millions of sesterces would but set him cleare with the world,Context found; marker unresolved,,Word-sequence comparison is not punctuation/case or printed-image certification.
holland-jc-note-080,80,18.2,footnote,2,2,184,190,"Cato, and his followers.","Cato, and his followers.",25,25,1.0,1.0,cato and his followers,cato and his followers,Context found; marker unresolved,,Word-sequence comparison is not punctuation/case or printed-image certification.
holland-jc-note-082,82,19.1,annotation,a,a,191,197,"The manner was at Rome, that they who sued for Magistracies should for the obteining of the peoples voices and suffrages make promise of certaine summes of money to be distributed amonge them, and such as were appointed to deale the saide Largesse, they called Divisores. Now, for that the Election of Consuls passed by Comitia centuriata, that is, by the assembly of the people, by their centuries or Hundreds according as Serv. Tullus first ordeyned them, therefore was this money to bee devided amongst them, as they gave their voices.","The manner was at Rome, that they who sued for Magistracies should for the obteining of the peoples voices and suffrages make promise of certaine summes of money to be distributed amonge them, and such as were appointed to deale the saide Largesse, they called Divisores. Now, for that the Election of Consuls passed by Comitia centuriata, that is, by the assembly of the people, by their centuries or Hundreds according as Serv. Tullus first ordeyned them, therefore was this money to bee devided amongst them, as they gave their voices.",234,234,0.989,1.0,the manner was at rome that they who sued for magistracies should for the obteining of the peoples voices and suffrages make promise of certaine summes of money to be distributed amonge them and such as were appointed to deale the saide largesse they called divisores now for that the election of consuls passed by comitia centuriata that is by the assembly of the people by their centuries hundreds according as serv tullus first ordeyned them therefore was this money to bee devided amongst them as they gave their voices,the manner was at rome that they who sued for magistracies should for the obteining of the peoples voices and suffrages make promise of certaine summes of money to be distributed amonge them and such as were appointed to deale the saide largesse they called divisores now for that the election of consuls passed by comitia centuriata that is by the assembly of the people by their centuries or hundreds according as serv tullus first ordeyned them therefore was this money to bee devided amongst them as they gave their voices,Context found; marker unresolved,,Word-sequence comparison is not punctuation/case or printed-image certification.
holland-jc-note-083,83,19.1,footnote,3,3,191,197,Optimates.,Optimates.,25,25,1.0,1.0,optimates,optimates,Context found; marker unresolved,,Word-sequence comparison is not punctuation/case or printed-image certification.
holland-jc-note-084,84,19.1,footnote,1,1,191,197,Consull.,Consull.,26,26,1.0,1.0,consull,consull,Location unresolved,,Word-sequence comparison is not punctuation/case or printed-image certification.
holland-jc-note-086,86,19.2,annotation,c,c,194,200,"Either for the cutting downe of trees for the best commodities. or els for a gaurd to be kept neare unto them, to suppresse the outrage committed by theeves, haunting the same and robbing and spoyling passengers.","Either for the cutting downe of trees for the best commodities. or els for a gaurd to be kept neare unto them, to suppresse the outrage committed by theeves, haunting the same and robbing and spoyling passengers.",235,235,1.0,1.0,either for the cutting downe of trees for the best commodities or els for a gaurd to be kept neare unto them to suppresse the outrage committed by theeves haunting the same and robbing and spoyling passengers,either for the cutting downe of trees for the best commodities or els for a gaurd to be kept neare unto them to suppresse the outrage committed by theeves haunting the same and robbing and spoyling passengers,Location unresolved,,Word-sequence comparison is not punctuation/case or printed-image certification.
holland-jc-note-088,88,19.2,annotation,e,e,194,200,"This societie bred the Civill warre that after ensued, betweene Ceasar and Pompeius unto which the Poet Lucan alluded writing thus. Tu causa malorum
Facta tribus dominis communis Roma.
","This societie bred the Civill warre that after ensued, betweene Ceasar and Pompeius unto which the Poet Lucan alluded writing thus. Tu causa malorumFacta tribus dominis communis Roma.",235,235,1.0,1.0,this societie bred the civill warre that after ensued betweene ceasar and pompeius unto which the poet lucan alluded writing thus tu causa malorum facta tribus dominis communis roma,this societie bred the civill warre that after ensued betweene ceasar and pompeius unto which the poet lucan alluded writing thus tu causa malorum facta tribus dominis communis roma,Context found; marker unresolved,,Word-sequence comparison is not punctuation/case or printed-image certification.
holland-jc-note-089,89,20.1,annotation,a,a,201,207,As well to avoide tedious canvassings and consultations as to provide for the historie and memoriall of every matter.,As well to avoide tedious canvassings and consultations as to provide for the historie and memoriall of every matter.,235,235,1.0,1.0,as well to avoide tedious canvassings and consultations as to provide for the historie and memoriall of every matter,as well to avoide tedious canvassings and consultations as to provide for the historie and memoriall of every matter,Context found; marker unresolved,,Word-sequence comparison is not punctuation/case or printed-image certification.
holland-jc-note-091,91,20.1,annotation,c,c,201,207,"Accensus, an officer attendant upon Magistrate, so named ab acciendo, id est, of giving summons to any for appearance, or of calling any to the Magistrate.","Accensus, an officer attendant upon Magistrate, so named ab acciendo, id est, of giving summons to any for appearance, or of calling any to the Magistrate.",235,235,1.0,1.0,accensus an officer attendant upon magistrate so named ab acciendo id est of giving summons to any for appearance or of calling any to the magistrate,accensus an officer attendant upon magistrate so named ab acciendo id est of giving summons to any for appearance or of calling any to the magistrate,Context found; marker unresolved,,Word-sequence comparison is not punctuation/case or printed-image certification.
holland-jc-note-094,94,20.2,footnote,3,3,204,210,"Per edicta, some read, per lictores, that is, by his Serjeants and Officers.","Per edicta, some read, per lictores, that is, by his Serjeants and Officers.",27,27,1.0,1.0,per edicta some read per lictores that is by his serjeants and officers,per edicta some read per lictores that is by his serjeants and officers,Context found; marker unresolved,,Word-sequence comparison is not punctuation/case or printed-image certification.
holland-jc-note-095,95,20.3,footnote,4,4,215,221,At the discretion of xx. men deputed Commissioners for that purpose.,At the discretion of xx. men deputed Commissioners for that purpose.,27,27,1.0,0.7273,at the discretion of xx men deputed commissioners for that purpose,at the discretion of xx men for that they,Context found; marker unresolved,,Word-sequence comparison is not punctuation/case or printed-image certification.
holland-jc-note-097,97,20.3,annotation,e,e,215,221,"Publicanes were they that either for a certaine rent tooke to ferme the publicke revenewes of the City, whether it were corne, pasturage, customes, impostes, etc., or undertooke by the grosse to make provision for the state, or to build and repaire any citie-workes, etc.","Publicanes were they that either for a certaine rent tooke to ferme the publicke revenewes of the City, whether it were corne, pasturage, customes, impostes, etc., or undertooke by the grosse to make provision for the state, or to build and repaire any citie-workes, etc.",235,235,1.0,1.0,publicanes were they that either for a certaine rent tooke to ferme the publicke revenewes of the city whether it were corne pasturage customes impostes etc or undertooke by the grosse to make provision for the state or to build and repaire any citie workes etc,publicanes were they that either for a certaine rent tooke to ferme the publicke revenewes of the city whether it were corne pasturage customes impostes etc or undertooke by the grosse to make provision for the state or to build and repaire any citie workes etc,Location unresolved,,Word-sequence comparison is not punctuation/case or printed-image certification.
holland-jc-note-102,102,21.1,footnote,4,4,228,234,Whom hee promised in mariage the daughter of Cn. Pompeius.,Whom hee promised in mariage the daughter of Cn. Pompeius.,28,28,1.0,1.0,whom hee promised in mariage the daughter of cn pompeius,whom hee promised in mariage the daughter of cn pompeius,Context found; marker unresolved,,Word-sequence comparison is not punctuation/case or printed-image certification.
holland-jc-note-103,103,21.1,annotation,a,a,228,234,"This was not more maiorum, for then his sentence should have bene demaunded first, that by the Censors was elected Princeps Senatus, id est, President of the Counsell: but extraordinarily, as appeareth by Aul. Gel. Noct. Attic. lib. 4, cap. 10, and lib. 14, сар. 7.","This was not more maiorum, for then his sentence should have bene demaunded first, that by the Censors was elected Princeps Senatus, id est, President of the Counsell: but extraordinarily, as appeareth by Aul. Gel. Noct. Attic. lib. 4, cap. 10, and lib. 14, сар. 7.",235,235,0.9783,0.9783,this was not more maiorum for then his sentence should have bene demaunded first that by the censors was elected princeps senatus id est president of the counsell but extraordinarily as appeareth by aul gel noct attic lib 4 cap 10 and lib 14 cap 7,this was not more maiorum for then his sentence should have bene demaunded first that by the censors was elected princeps senatus id est president of the counsell but extraordinarily as appeareth by aul gel noct attic lib 4 cap 10 and lib 14 cap 7,Context found; marker unresolved,,Word-sequence comparison is not punctuation/case or printed-image certification.
holland-jc-note-108,108,22.1,annotation,c,c,235,241,"Cisalpina Gallia, is that, which lay betweene Italy and the Alpes, divided into Cispadana and Transpadana, according to the site thereof, either on this side, or beyond the river Po: it caried the name likewise of Togata, either because it was much inhabited by the Romanes, or for that unto this Province the Romane Robe Toga was graunted, or els in regard that the saide Province was more civill and peaceable, than the other called Transalpina.","Cisalpina Gallia, is that, which lay betweene Italy and the Alpes, divided into Cispadana and Transpadana, according to the site thereof, either on this side, or beyond the river Po: it caried the name likewise of Togata, either because it was much inhabited by the Romanes, or for that unto this Province the Romane Robe Toga was graunted, or els in regard that the saide Province was more civill and peaceable, than the other called Transalpina.",236,236,1.0,1.0,cisalpina gallia is that which lay betweene italy and the alpes divided into cispadana and transpadana according to the site thereof either on this side or beyond the river po it caried the name likewise of togata either because it was much inhabited by the romanes or for that unto this province the romane robe toga was graunted or els in regard that the saide province was more civill and peaceable than the other called transalpina,cisalpina gallia is that which lay betweene italy and the alpes divided into cispadana and transpadana according to the site thereof either on this side or beyond the river po it caried the name likewise of togata either because it was much inhabited by the romanes or for that unto this province the romane robe toga was graunted or els in regard that the saide province was more civill and peaceable than the other called transalpina,Context found; marker unresolved,,Word-sequence comparison is not punctuation/case or printed-image certification.
holland-jc-note-110,110,22.2,annotation,e,e,238,244,"This terme, which they commonly use, who threaten such as they contemne, may bee drawen to an obsceene and filthy sense, not heere to bee named: and albeit Ceasar hereby was galled to the quick, as privie to himselfe, of the passive abuse of his body with K. Nicomedes, yet in his answere thereto, he turned it to another signification.","This terme, which they commonly use, who threaten such as they contemne, may bee drawen to an obsceene and filthy sense, not heere to bee named: and albeit Ceasar hereby was galled to the quick, as privie to himselfe, of the passive abuse of his body with K. Nicomedes, yet in his answere thereto, he turned it to another signification.",236,236,1.0,1.0,this terme which they commonly use who threaten such as they contemne may bee drawen to an obsceene and filthy sense not heere to bee named and albeit ceasar hereby was galled to the quick as privie to himselfe of the passive abuse of his body with k nicomedes passive yet in his answere thereto he turned it to another signification,this terme which they commonly use who threaten such as they contemne may bee drawen to an obsceene and filthy sense not heere to bee named and albeit ceasar hereby was galled to the quick as privie to himselfe of the passive abuse of his body with k nicomedes yet in his answere thereto he turned it to another signification,Context found; marker unresolved,,Word-sequence comparison is not punctuation/case or printed-image certification.
holland-jc-note-111,111,22.2,annotation,f,f,238,244,"Warlike women, so called (as some write) of their paps which they did cut off and sear, therby to bee more expedite and nimble in fight, and to shoot at greater ease. See Strabo, Justin. Q. Curtius, Herodotus, etc.","Warlike women, so called (as some write) of their paps which they did cut off and sear, therby to bee more expedite and nimble in fight, and to shoot at greater ease. See Strabo, Justin. Q. Curtius, Herodotus, etc.",236,236,1.0,1.0,warlike women so called as some write of their paps which they did cut off and sear therby to bee more expedite and nimble in fight and to shoot at greater ease see strabo justin q curtius herodotus etc,warlike women so called as some write of their paps which they did cut off and sear therby to bee more expedite and nimble in fight and to shoot at greater ease see strabo justin q curtius herodotus etc,Context found; marker unresolved,,Word-sequence comparison is not punctuation/case or printed-image certification.
holland-jc-note-112,112,23.1,footnote,3,3,245,251,Whether they should be repealed or stand in force.,Whether they should be repealed or stand in force.,29,29,0.6667,1.0,whether they should be repealed or when he was,whether they should be repealed or a u c 696 1 piso cn pompeius stand in force,Context found; marker unresolved,,Word-sequence comparison is not punctuation/case or printed-image certification.
holland-jc-note-113,113,23.1,footnote,4,4,245,251,When he was Consul.,When he was Consul.,29,29,1.0,1.0,when he was consul,when he was consul,Location unresolved,,Word-sequence comparison is not punctuation/case or printed-image certification.
holland-jc-note-118,118,24.3,footnote,1,1,261,267,"Namely Cato, Plutarch.","Namely Cato, Plutarch.",31,31,1.0,1.0,namely cato plutarch,namely cato plutarch,Context found; marker unresolved,,Word-sequence comparison is not punctuation/case or printed-image certification.
holland-jc-note-119,119,24.3,annotation,b,b,261,267,"Supplication, was a solemne Honour done unto the Lord Generall of a Province upon some notable victorie. For the manner was, that LL. Governours, after they were by their Souldiers salute by the name of Emperour, i. Soveraigne commanders, should send their Letters dight with Lawrell unto the Senate, wherin they required both to be stiled by the saide name, and also to have solemne processions made by the people in the Temples, and thanksgiving unto the Gods for their good successe, which solemnity, at the first continued but one day, as T. Livius reporteth in the 304 yeare after the foundation of Rome: but processe of time, it grewe to 4 and 12. And at length, Ceasar obtained it for 15, yea and 20 daies together, as Plutarch testifieth in his life, and himselfe in his owne Comentaries, of the Gauls warre.","Supplication, was a solemne Honour done unto the Lord Generall of a Province upon some notable victorie. For the manner was, that LL. Governours, after they were by their Souldiers salute by the name of Emperour, i. Soveraigne commanders, should send their Letters dight with Lawrell unto the Senate, wherin they required both to be stiled by the saide name, and also to have solemne processions made by the people in the Temples, and thanksgiving unto the Gods for their good successe, which solemnity, at the first continued but one day, as T. Livius reporteth in the 304 yeare after the foundation of Rome: but processe of time, it grewe to 4 and 12. And at length, Ceasar obtained it for 15, yea and 20 daies together, as Plutarch testifieth in his life, and himselfe in his owne Comentaries, of the Gauls warre.",237,237,1.0,1.0,supplication was a solemne honour done unto the lord generall of a province upon some notable victorie for the manner was that ll governours after they were by their souldiers salute by the name of emperour i soveraigne commanders should send their letters dight with lawrell unto the senate wherin they required both to be stiled by the saide name and also to have solemne processions made by the people in the temples and thanksgiving unto the gods for their good successe which solemnity at the first continued but one day as t livius reporteth in the 304 yeare after the foundation of rome but processe of time it grewe to 4 and 12 and at length ceasar obtained it for 15 yea and 20 daies together as plutarch testifieth in his life and himselfe in his owne comentaries of the gauls warre,supplication was a solemne honour done unto the lord generall of a province upon some notable victorie for the manner was that ll governours after they were by their souldiers salute by the name of emperour i soveraigne commanders should send their letters dight with lawrell unto the senate wherin they required both to be stiled by the saide name and also to have solemne processions made by the people in the temples and thanksgiving unto the gods for their good successe which solemnity at the first continued but one day as t livius reporteth in the 304 yeare after the foundation of rome but processe of time it grewe to 4 and 12 and at length ceasar obtained it for 15 yea and 20 daies together as plutarch testifieth in his life and himselfe in his owne comentaries of the gauls warre,Context found; marker unresolved,,Word-sequence comparison is not punctuation/case or printed-image certification.
holland-jc-note-123,123,26.2,annotation,a,a,281,287,"Super HS. millies. This character HS. standeth for a Silver coyne in Rome, which is the three halfe pence, farthing, cue, the 4 part of Denarius: and is called Sextertius quasi sesquitertius: as one would say, valuing two brasen Asses and the halfe of a third: so common a peece of money there, that Numus put absolutely alone, standeth for it and no other coine: so that Millies sestertium and millies nummum are both one. Now if the Romaine Denier bee valued at vii d. ob. with us, and 100 Deniers arise to one pound starling: this summe here set downe, that is to say, a Sesterne multiplyed by the Adverbe Millies, amounteth by just account unto 781250 li. starling. And thereto for the overdeale or surplusage ducenties sestertium, which is one 5 part of the former summe, it maketh up 937500 li. sterling. A thing that may be thought incredible, but that we reade that Ceasar himselfe saide, hee was 250 millions in debt when he went into Spaine, and P. Clodius, whom Milo slewe, dwelt in a house, the purchase whereof cost him almost 15 millions. No marvell therefore, if so many houses, which Cæsar must needs buy for the plot of ground aforesaid and in so populous a city, cost not so little as a hundred millions.","Super HS. millies. This character HS. standeth for a Silver coyne in Rome, which is the three halfe pence, farthing, cue, the 4 part of Denarius: and is called Sextertius quasi sesquitertius: as one would say, valuing two brasen Asses and the halfe of a third: so common a peece of money there, that Numus put absolutely alone, standeth for it and no other coine: so that Millies sestertium and millies nummum are both one. Now if the Romaine Denier bee valued at vii d. ob. with us, and 100 Deniers arise to one pound starling: this summe here set downe, that is to say, a Sesterne multiplyed by the Adverbe Millies, amounteth by just account unto 781250 li. starling. And thereto for the overdeale or surplusage ducenties sestertium, which is one 5 part of the former summe, it maketh up 937500 li. sterling. A thing that may be thought incredible, but that we reade that Ceasar himselfe saide, hee was 250 millions in debt when he went into Spaine, and P. Clodius, whom Milo slewe, dwelt in a house, the purchase whereof cost him almost 15 millions. No marvell therefore, if so many houses, which Cæsar must needs buy for the plot of ground aforesaid and in so populous a city, cost not so little as a hundred millions.",237,237,1.0,1.0,super hs millies this character hs standeth for a silver coyne in rome which is the three halfe pence farthing cue the 4 part of denarius and is called sextertius quasi sesquitertius as one would say valuing two brasen asses and the halfe of a third so common a peece of money there that numus put absolutely alone standeth for it and no other coine so that millies sestertium and millies nummum are both one now if the romaine denier bee valued at vii d ob with us and 100 deniers arise to one pound starling this summe here set downe that is to say a sesterne multiplyed by the adverbe millies amounteth by just account unto 781250 li starling and thereto for the overdeale or surplusage ducenties sestertium which is one 5 part of the former summe it maketh up 937500 li sterling a thing that may be thought incredible but that we reade that ceasar himselfe saide hee was 250 millions in debt when he went into spaine and p clodius whom milo slewe dwelt in a house the purchase whereof cost him almost 15 millions no marvell therefore if so many houses which cæsar must needs buy for the plot of ground aforesaid and in so populous a city cost not so little as a hundred millions,super hs millies this character hs standeth for a silver coyne in rome which is the three halfe pence farthing cue the 4 part of denarius and is called sextertius quasi sesquitertius as one would say valuing two brasen asses and the halfe of a third so common a peece of money there that numus put absolutely alone standeth for it and no other coine so that millies sestertium and millies nummum are both one now if the romaine denier bee valued at vii d ob with us and 100 deniers arise to one pound starling this summe here set downe that is to say a sesterne multiplyed by the adverbe millies amounteth by just account unto 781250 li starling and thereto for the overdeale or surplusage ducenties sestertium which is one 5 part of the former summe it maketh up 937500 li sterling a thing that may be thought incredible but that we reade that ceasar himselfe saide hee was 250 millions in debt when he went into spaine and p clodius whom milo slewe dwelt in a house the purchase whereof cost him almost 15 millions no marvell therefore if so many houses which cæsar must needs buy for the plot of ground aforesaid and in so populous a city cost not so little as a hundred millions,Context found; marker unresolved,,Word-sequence comparison is not punctuation/case or printed-image certification.
holland-jc-note-124,124,26.2,footnote,4,4,281,287,"That is, a hundred millians of Sesterces, and 20, as Plinie writeth, lib. 36, cap. 15, if Glareanus readeth truly, Millies ducenties.","That is, a hundred millians of Sesterces, and 20, as Plinie writeth, lib. 36, cap. 15, if Glareanus readeth truly, Millies ducenties.",32,32,1.0,1.0,that is a hundred millians of sesterces and 20 as plinie writeth lib 36 cap 15 if glareanus readeth truly millies ducenties,that is a hundred millians of sesterces and 20 as plinie writeth lib 36 cap 15 if glareanus readeth truly millies ducenties,Context found; marker unresolved,,Word-sequence comparison is not punctuation/case or printed-image certification.
holland-jc-note-127,127,27.1,annotation,a,a,291,297,"The dole given by a Prince or great man unto the people, was properly called a Congiarie, which word tooke name of the measure Congius among the Romaines, consisting of 6 Sextarii, and is answerable to our gallon: by which Oyle or wine was given. Howbeit καταχρηστικώς, any such publicke munificence, in mony or otherwise is so called: and in this place, by it are ment other gifts bestowed upon private persons.","The dole given by a Prince or great man unto the people, was properly called a Congiarie, which word tooke name of the measure Congius among the Romaines, consisting of 6 Sextarii, and is answerable to our gallon: by which Oyle or wine was given. Howbeit καταχρηστικώς, any such publicke munificence, in mony or otherwise is so called: and in this place, by it are ment other gifts bestowed upon private persons.",237,237,1.0,1.0,the dole given by a prince or great man unto the people was properly called a congiarie which word tooke name of the measure congius among the romaines consisting of 6 sextarii and is answerable to our gallon by which oyle or wine was given howbeit καταχρηστικώς any such publicke munificence in mony or otherwise is so called and in this place by it are ment other gifts bestowed upon private persons,the dole given by a prince or great man unto the people was properly called a congiarie which word tooke name of the measure congius among the romaines consisting of 6 sextarii and is answerable to our gallon by which oyle or wine was given howbeit καταχρηστικώς any such publicke munificence in mony or otherwise is so called and in this place by it are ment other gifts bestowed upon private persons,Context found; marker unresolved,,Word-sequence comparison is not punctuation/case or printed-image certification.
holland-jc-note-131,131,30.2,annotation,a,a,328,334,This hath reference unto his violent dealing with his fellowe Consull Bibulis. See before in the 20 chapter.,This hath reference unto his violent dealing with his fellowe Consull Bibulis. See before in the 20 chapter.,237,237,1.0,1.0,this hath reference unto his violent dealing with his fellowe consull bibulis see before in the 20 chapter,this hath reference unto his violent dealing with his fellowe consull bibulis see before in the 20 chapter,Context found; marker unresolved,,Word-sequence comparison is not punctuation/case or printed-image certification.
holland-jc-note-132,132,33.1,annotation,c,c,377,383,"Which is the State and worth of a Romaine knight or gentleman according to this verce of Horace: Si quadringintis sex, septem millia desint, Plebs eris, etc., and amounteth to 3125 li. starling.","Which is the State and worth of a Romaine knight or gentleman according to this verce of Horace: Si quadringintis sex, septem millia desint, Plebs eris, etc., and amounteth to 3125 li. starling.",238,238,1.0,1.0,which is the state and worth of a romaine knight or gentleman according to this verce of horace si quadringintis sex septem millia desint plebs eris etc and amounteth to 3125 li starling,which is the state and worth of a romaine knight or gentleman according to this verce of horace si quadringintis sex septem millia desint plebs eris etc and amounteth to 3125 li starling,Context found; marker unresolved,,Word-sequence comparison is not punctuation/case or printed-image certification.
holland-jc-note-133,133,33.1,annotation,a,a,377,383,"The fourth finger next unto the little one, honoured especially with a golde ring, for that there is an evident arterie from the heart reaching unto it. Gellius. But Plinie alledgeth another reason.","The fourth finger next unto the little one, honoured especially with a golde ring, for that there is an evident arterie from the heart reaching unto it. Gellius. But Plinie alledgeth another reason.",238,238,1.0,1.0,the fourth finger next unto the little one honoured especially with a golde ring for that there is an evident arterie from the heart reaching unto it gellius but plinie alledgeth another reason,the fourth finger next unto the little one honoured especially with a golde ring for that there is an evident arterie from the heart reaching unto it gellius but plinie alledgeth another reason,Context found; marker unresolved,,Word-sequence comparison is not punctuation/case or printed-image certification.
holland-jc-note-136,136,34.2,annotation,a,a,387,393,"As if Petreius, Afranius, and Varro had no skill in martiall feats.","As if Petreius, Afranius, and Varro had no skill in martiall feats.",238,238,1.0,1.0,as if petreius afranius and varro had no skill in martiall feats,as if petreius afranius and varro had no skill in martiall feats,Context found; marker unresolved,,Word-sequence comparison is not punctuation/case or printed-image certification.
holland-jc-note-139,139,37.2,annotation,a,a,414,420,"Lychnuchos Gestantibus, bearing either young men that caried Linckes, Torches, and cresset lights: or els braunches and candle stickes, resembling them, and holding the said lights. Some reade, Lychnos gestantibus, i. bearing lights: but to the same affect.","Lychnuchos Gestantibus, bearing either young men that caried Linckes, Torches, and cresset lights: or els braunches and candle stickes, resembling them, and holding the said lights. Some reade, Lychnos gestantibus, i. bearing lights: but to the same affect.",238,238,1.0,1.0,lychnuchos gestantibus bearing either young men that caried linckes torches and cresset lights or els braunches and candle stickes resembling them and holding the said lights some reade lychnos gestantibus i bearing lights but to the same affect,lychnuchos gestantibus bearing either young men that caried linckes torches and cresset lights or els braunches and candle stickes resembling them and holding the said lights some reade lychnos gestantibus i bearing lights but to the same affect,Context found; marker unresolved,,Word-sequence comparison is not punctuation/case or printed-image certification.
holland-jc-note-140,140,37.2,footnote,2,2,414,420,Sicut cæteri.,Sicut cæteri.,41,41,0.5,0.5,sicut cateri,sicut cateri,Context found; marker unresolved,,Word-sequence comparison is not punctuation/case or printed-image certification.
holland-jc-note-141,141,38.1,annotation,a,a,422,428,"Super bina HS., i. Sestertia: that is to say, 15 li. 12s. 6d.","Super bina HS., i. Sestertia: that is to say, 15 li. 12s. 6d.",238,238,1.0,1.0,super bina hs i sestertia that is to say 15 li 12s 6d,super bina hs i sestertia that is to say 15 li 12s 6d,Context found; marker unresolved,,Word-sequence comparison is not punctuation/case or printed-image certification.
holland-jc-note-144,144,38.1,footnote,4,4,422,428,"Rather quadragena, that is 40000. By which reckoning the proportion to horsemen was double.","Rather quadragena, that is 40000. By which reckoning the proportion to horsemen was double.",41,41,1.0,0.6429,rather quadragena that is 40000 by which reckoning the proportion to horsemen was double,rather quadragena that is 40000 portion to horsemen was double 3 or rather vicena that is by which reckoning the pro42,Location unresolved,,Word-sequence comparison is not punctuation/case or printed-image certification.
holland-jc-note-145,145,38.1,annotation,c,c,422,428,"Vicena quaterna millia, 187 li. 10s. By which reckning, hee gave unto horsemen foure times as much as to footemen. Looke in the marginall note to the text, and you shall finde this donative much more: which may seeme incredible: but consider what provinces hee spoyled, and what pillage hee made, in regard whereof hee was called of the Greekes χρηματυποιὸς ἀνήρ.","Vicena quaterna millia, 187 li. 10s. By which reckning, hee gave unto horsemen foure times as much as to footemen. Looke in the marginall note to the text, and you shall finde this donative much more: which may seeme incredible: but consider what provinces hee spoyled, and what pillage hee made, in regard whereof hee was called of the Greekes χρηματυποιὸς ἀνήρ.",238,238,1.0,1.0,vicena quaterna millia 187 li 10s by which reckning hee gave unto horsemen foure times as much as to footemen looke in the marginall note to the text and you shall finde this donative much more which may seeme incredible but consider what provinces hee spoyled and what pillage hee made in regard whereof hee was called of the greekes χρηματυποιὸς ἀνήρ,vicena quaterna millia 187 li 10s by which reckning hee gave unto horsemen foure times as much as to footemen looke in the marginall note to the text and you shall finde this donative much more which may seeme incredible but consider what provinces hee spoyled and what pillage hee made in regard whereof hee was called of the greekes χρηματυποιὸς ἀνήρ,Location unresolved,,Word-sequence comparison is not punctuation/case or printed-image certification.
holland-jc-note-147,147,38.1,annotation,e,e,422,428,"Totidem libras, i. so many pynts,","Totidem libras, i. so many pynts,",238,238,1.0,1.0,totidem libras i so many pynts,totidem libras i so many pynts,Context found; marker unresolved,,Word-sequence comparison is not punctuation/case or printed-image certification.
holland-jc-note-148,148,38.1,annotation,f,f,422,428,"Trecenos nummos, i. 46s. 10d. ob.","Trecenos nummos, i. 46s. 10d. ob.",238,238,1.0,1.0,trecenos nummos i 46s 10d ob,trecenos nummos i 46s 10d ob,Context found; marker unresolved,,Word-sequence comparison is not punctuation/case or printed-image certification.
holland-jc-note-149,149,38.1,annotation,g,g,422,428,"Centenos, i. 15s. 7d. ob. with the better. Which being put together make 100 Denarii or Drachemes, that is, one Mina, and amount in all to 3 li. 2s. 6d.","Centenos, i. 15s. 7d. ob. with the better. Which being put together make 100 Denarii or Drachemes, that is, one Mina, and amount in all to 3 li. 2s. 6d.",238,238,1.0,1.0,centenos i 15s 7d ob h bina millia nummorum i 15 lib with the better which being put together make 100 denarii or drachemes that is one mina and amount in all to 3 li 2s 6d,centenos i 15s 7d ob with the better which being put together make 100 denarii or drachemes that is one mina and amount in all to 3 li 2s 6d,Context found; marker unresolved,,Word-sequence comparison is not punctuation/case or printed-image certification.
holland-jc-note-151,151,38.2,annotation,h,h,425,431,"Bina millia nummorum, i. 15 lib. 12s. 6d.","Bina millia nummorum, i. 15 lib. 12s. 6d.",238,238,0.75,0.75,bina millia nummorum i 15 lib with the,bina millia nummorum i 15 lib i quingenos,Context found; marker unresolved,,Word-sequence comparison is not punctuation/case or printed-image certification.
holland-jc-note-152,152,38.2,annotation,i,i,425,431,"Quingenos sestertios, i. 31. 18s. 1d. ob.","Quingenos sestertios, i. 31. 18s. 1d. ob.",238,238,1.0,1.0,quingenos sestertios i 31 18s 1d ob,quingenos sestertios i 31 18s 1d ob,Context found; marker unresolved,,Word-sequence comparison is not punctuation/case or printed-image certification.
holland-jc-note-154,154,39.1,annotation,a,a,432,438,"Regionatim urbe tota. Rome, as Plinie witnesseth, was divided into 14 regions, and every one of these had their severall Stage Playes by themselves.","Regionatim urbe tota. Rome, as Plinie witnesseth, was divided into 14 regions, and every one of these had their severall Stage Playes by themselves.",238,238,1.0,1.0,regionatim urbe tota rome as plinie witnesseth was divided into 14 regions and every one of these had their severall stage playes by themselves,regionatim urbe tota rome as plinie witnesseth was divided into 14 regions and every one of these had their severall stage playes by themselves,Context found; marker unresolved,,Word-sequence comparison is not punctuation/case or printed-image certification.
holland-jc-note-155,155,39.1,footnote,3,3,432,438,To gratifie all strangers that conflowed to Rome.,To gratifie all strangers that conflowed to Rome.,42,42,1.0,1.0,to gratifie all strangers that conflowed to rome,to gratifie all strangers that conflowed to rome,Context found; marker unresolved,,Word-sequence comparison is not punctuation/case or printed-image certification.
holland-jc-note-157,157,39.1,annotation,c,c,432,438,"Pyrrhica: Of some, thought to bee the same that Enoplia was, a kinde of Moriske daunce, after a warlike manner in harnois, devised in Creta first by Pyrrhus. Plin. lib. 7 Nat. Hist. cap. 56. In which young gentlemen were trained to exercise all parts of the body by sundry gestures as well to avoide all venues and defende themselves, as to annoy and offend the enimie.","Pyrrhica: Of some, thought to bee the same that Enoplia was, a kinde of Moriske daunce, after a warlike manner in harnois, devised in Creta first by Pyrrhus. Plin. lib. 7 Nat. Hist. cap. 56. In which young gentlemen were trained to exercise all parts of the body by sundry gestures as well to avoide all venues and defende themselves, as to annoy and offend the enimie.",239,239,1.0,1.0,pyrrhica of some thought to bee the same that enoplia was a kinde of moriske daunce after a warlike manner in harnois devised in creta first by pyrrhus plin lib 7 nat hist cap 56 in which young gentlemen were trained to exercise all parts of the body by sundry gestures as well to avoide all venues and defende themselves as to annoy and offend the enimie,pyrrhica of some thought to bee the same that enoplia was a kinde of moriske daunce after a warlike manner in harnois devised in creta first by pyrrhus plin lib 7 nat hist cap 56 in which young gentlemen were trained to exercise all parts of the body by sundry gestures as well to avoide all venues and defende themselves as to annoy and offend the enimie,Context found; marker unresolved,,Word-sequence comparison is not punctuation/case or printed-image certification.
holland-jc-note-159,159,39.2,annotation,e,e,435,441,"Orchestra, is here taken for the most commodious place in the Theatre, wherein the Senators and Nobles of Rome were allowed to sit and behold the Stage Playes, apart from the people. For so the Poet Juvenal understandeth it in these words, Similemque videbis Orchestram et populum.
","Orchestra, is here taken for the most commodious place in the Theatre, wherein the Senators and Nobles of Rome were allowed to sit and behold the Stage Playes, apart from the people. For so the Poet Juvenal understandeth it in these words, Similemque videbis Orchestram et populum.",239,239,1.0,1.0,orchestra is here taken for the most commodious place in the theatre atre wherein the senators and nobles of rome were allowed to sit and behold the stage playes apart from the people for so the poet juvenal understandeth it in these words similemque videbis orchestram et populum,orchestra is here taken for the most commodious place in the theatre wherein the senators and nobles of rome were allowed to sit and behold the stage playes apart from the people for so the poet juvenal understandeth it in these words similemque videbis orchestram et populum,Context found; marker unresolved,,Word-sequence comparison is not punctuation/case or printed-image certification.
holland-jc-note-160,160,39.2,annotation,f,f,435,441,"As touching this Orchestra and the Poet Laberius above named, Seneca in his second booke of Controversies, and third controversie, reporteth thus. Julius Cæsar, at the solemnitie of his Playes, brought Laberius forth to act upon the Stage: and when he had made him a gentleman, or Knight of Rome, willed him to take his place among them of that degree, but as he came toward them, they all sat so close and neere one another, that there was no rowme for him. Now by the way, you must understand that Cicero then in place, had gotten himselfe an ill name, for that hee was no fast and faithfull friend, either to Pompeius, or to Ceasar, but a flatterer of them both. Againe, Cæsar at that time had chosen many unto the range of Senatours, partly to supply and make up their number, which during the late civill warres was much diminished, and in part to gratifie those who had well deserved of him and the side. Cicero therefore alluding to the extraordinary number of newe Senatours, sent unto Laberius as hee passed by, this word merily, Recepissem te nisi angustè sederem, i. I would have taken you to mee and give you a place, but that I sit my selfe very streight. Then Laberius returned this pleasant answere backe unto him, Atqui solebas duabus sellis sedere, i. And yet you were wont to sit upon two stooles, skoffing at him for his double dealing with Pompeius and Ceasar.","As touching this Orchestra and the Poet Laberius above named, Seneca in his second booke of Controversies, and third controversie, reporteth thus. Julius Cæsar, at the solemnitie of his Playes, brought Laberius forth to act upon the Stage: and when he had made him a gentleman, or Knight of Rome, willed him to take his place among them of that degree, but as he came toward them, they all sat so close and neere one another, that there was no rowme for him. Now by the way, you must understand that Cicero then in place, had gotten himselfe an ill name, for that hee was no fast and faithfull friend, either to Pompeius, or to Ceasar, but a flatterer of them both. Againe, Cæsar at that time had chosen many unto the range of Senatours, partly to supply and make up their number, which during the late civill warres was much diminished, and in part to gratifie those who had well deserved of him and the side. Cicero therefore alluding to the extraordinary number of newe Senatours, sent unto Laberius as hee passed by, this word merily, Recepissem te nisi angustè sederem, i. I would have taken you to mee and give you a place, but that I sit my selfe very streight. Then Laberius returned this pleasant answere backe unto him, Atqui solebas duabus sellis sedere, i. And yet you were wont to sit upon two stooles, skoffing at him for his double dealing with Pompeius and Ceasar.",240,240,1.0,1.0,as touching this orchestra and the poet laberius above named seneca in his second booke of controversies and third controversie reporteth thus julius cæsar at the solemnitie of his playes brought laberius forth to act upon the stage and when he had made him a gentleman or knight of rome willed him to take his place among them of that degree but as he came toward them they all sat so close and neere one another that there was no rowme for him now by the way you must understand that cicero then in place had gotten himselfe an ill name for that hee was no fast and faithfull friend either to pompeius or to ceasar but a flatterer of them both againe cæsar at that time had chosen many unto the range of senatours partly to supply and make up their number which during the late civill warres was much diminished and in part to gratifie those who had well deserved of him and the side cicero therefore alluding to the extraordinary number of newe senatours sent unto laberius as hee passed by this word merily recepissem te nisi angustè sederem i i would have taken you to mee and give you a place but that i sit my selfe very streight then laberius returned this pleasant answere backe unto him atqui solebas duabus sellis sedere i and yet you were wont to sit upon two stooles skoffing at him for his double dealing with pompeius and ceasar,as touching this orchestra and the poet laberius above named seneca in his second booke of controversies and third controversie reporteth thus julius cæsar at the solemnitie of his playes brought laberius forth to act upon the stage and when he had made him a gentleman or knight of rome willed him to take his place among them of that degree but as he came toward them they all sat so close and neere one another that there was no rowme for him now by the way you must understand that cicero then in place had gotten himselfe an ill name for that hee was no fast and faithfull friend either to pompeius or to ceasar but a flatterer of them both againe cæsar at that time had chosen many unto the range of senatours partly to supply and make up their number which during the late civill warres was much diminished and in part to gratifie those who had well deserved of him and the side cicero therefore alluding to the extraordinary number of newe senatours sent unto laberius as hee passed by this word merily recepissem te nisi angustè sederem i i would have taken you to mee and give you a place but that i sit my selfe very streight then laberius returned this pleasant answere backe unto him atqui solebas duabus sellis sedere i and yet you were wont to sit upon two stooles skoffing at him for his double dealing with pompeius and ceasar,Context found; marker unresolved,,Word-sequence comparison is not punctuation/case or printed-image certification.
holland-jc-note-161,161,39.2,annotation,i,i,435,441,"Concerning this Cirque why Cæsar enlarged it and brought water round about it, reade Plinie, 8 lib. cap. 7 and 36 lib. cap. 15 Naturall Hist.","Concerning this Cirque why Cæsar enlarged it and brought water round about it, reade Plinie, 8 lib. cap. 7 and 36 lib. cap. 15 Naturall Hist.",240,240,1.0,1.0,concerning this cirque why cæsar enlarged it and brought water round about it reade plinie 8 lib cap 7 and 36 lib cap 15 naturall hist,concerning this cirque why cæsar enlarged it and brought water round about it reade plinie 8 lib cap 7 and 36 lib cap 15 naturall hist,Context found; marker unresolved,,Word-sequence comparison is not punctuation/case or printed-image certification.
holland-jc-note-162,162,39.2,annotation,g,g,435,441,"The Troy fight, was in warlike manner on horsbacke, brought by Æneas into Italy. The manner whereof is described by Virgil, Eneid, 5.","The Troy fight, was in warlike manner on horsbacke, brought by Æneas into Italy. The manner whereof is described by Virgil, Æneid, 5.",240,240,0.9565,0.9565,the troy fight was in warlike manner on horsbacke brought by æneas into italy the manner whereof is described by virgil æneid 5,the troy fight was in warlike manner on horsbacke brought by æneas into italy the manner whereof is described by virgil æneid 5,Context found; marker unresolved,H006,Word-sequence comparison is not punctuation/case or printed-image certification.
holland-jc-note-163,163,39.3,annotation,h,h,438,444,"These Goales called in Latine Meta, above which the horses and chariots ranne, were in fashion broad beneath and sharpe above, in manner of Pyramides, Steeples or cocks of hey, and for their mater, of wood first, or of soft gritstone, but afterwards of marble and laid over with gold.","These Goales called in Latine Metæ, above which the horses and chariots ranne, were in fashion broad beneath and sharpe above, in manner of Pyramides, Steeples or cocks of hey, and for their mater, of wood first, or of soft gritstone, but afterwards of marble and laid over with gold.",240,240,0.98,0.98,these goales called in latine metæ above which the horses and chariots ranne were in fashion broad beneath and sharpe above in manner of pyramides steeples or cocks of hey and for their mater of wood first or of soft gritstone but afterwards of marble and laid over with gold,these goales called in latine metæ above which the horses and chariots ranne were in fashion broad beneath and sharpe above in manner of pyramides steeples or cocks of hey and for their mater of wood first or of soft gritstone but afterwards of marble and laid over with gold,Context found; marker unresolved,H007,Word-sequence comparison is not punctuation/case or printed-image certification.
holland-jc-note-165,165,39.3,annotation,j,j,438,444,"To try maisteries in footemanshippe, leaping, flinging the coit or hammer, darting and wrestling: which Game was called Pentathlon, of those five kindes of exercises.","To try maisteries in footemanshippe, leaping, flinging the coit or hammer, darting and wrestling: which Game was called Pentathlon, of those five kindes of exercises.",240,240,1.0,1.0,to try maisteries in footemanshippe leaping flinging the coit or hammer darting and wrestling which game was called pentathlon of those five kindes of exercises,to try maisteries in footemanshippe leaping flinging the coit or hammer darting and wrestling which game was called pentathlon of those five kindes of exercises,Context found; marker unresolved,,Word-sequence comparison is not punctuation/case or printed-image certification.
holland-jc-note-166,166,39.4,annotation,k,k,441,447,"In minore Codeta, which was a place on the further side of Tiberis, so called of certaine plots of young springs or shootes there growing which resemble horsetailes. Some reade In morem cochleæ, that is, narrow beneath and broad above, like to the shell of a periwincle or such like fish.","In minore Codeta, which was a place on the further side of Tiberis, so called of certaine plots of young springs or shootes there growing which resemble horsetailes. Some reade In morem cochleæ, that is, narrow beneath and broad above, like to the shell of a periwincle or such like fish.",240,240,1.0,1.0,in minore codeta which was a place on the further side of tiberis so called of certaine plots of young springs or shootes there growing which resemble horsetailes some reade in morem cochleæ that is narrow beneath and broad above like to the shell of a periwincle or such like fish,in minore codeta which was a place on the further side of tiberis so called of certaine plots of young springs or shootes there growing which resemble horsetailes some reade in morem cochleæ that is narrow beneath and broad above like to the shell of a periwincle or such like fish,Context found; marker unresolved,,Word-sequence comparison is not punctuation/case or printed-image certification.
holland-jc-note-170,170,41.1,annotation,a,a,460,466,"Which by the first institution were 300, and by occasion of the late troubles much impaired.","Which by the first institution were 300, and by occasion of the late troubles much impaired.",240,240,1.0,1.0,which by the first institution were 300 and by occasion of the late troubles much impaired,which by the first institution were 300 and by occasion of the late troubles much impaired,Context found; marker unresolved,,Word-sequence comparison is not punctuation/case or printed-image certification.
holland-jc-note-172,172,41.1,annotation,c,c,460,466,"All but Consuls, Prætors and Censors, were counted inferiour Magistrates.","All but Consuls, Prætors and Censors, were counted inferiour Magistrates.",240,240,1.0,1.0,all but consuls prætors and censors were counted inferiour magistrates,all but consuls prætors and censors were counted inferiour magistrates,Context found; marker unresolved,,Word-sequence comparison is not punctuation/case or printed-image certification.
holland-jc-note-177,177,41.3,annotation,e,e,466,472,"By reason of so great a number receiving corne from the State, the purveyance hereof stoode the city yearely as Plutarch writeth in a thousand two hundred and fiftie talents.","By reason of so great a number receiving corne from the State, the purveyance hereof stoode the city yearely as Plutarch writeth in a thousand two hundred and fiftie talents.",240,240,1.0,1.0,by reason of so great a number receiving corne from the state the purveyance hereof stoode the city yearely as plutarch writeth in a thousand two hundred and fiftie talents,by reason of so great a number receiving corne from the state the purveyance hereof stoode the city yearely as plutarch writeth in a thousand two hundred and fiftie talents,Context found; marker unresolved,,Word-sequence comparison is not punctuation/case or printed-image certification.
holland-jc-note-178,178,42.1,annotation,a,a,472,478,For they might discontinue out of Italy eleven yeares. Plutarch.,For they might discontinue out of Italy eleven yeares. Plutarch.,240,240,1.0,1.0,for they might discontinue out of italy eleven yeares plutarch,for they might discontinue out of italy eleven yeares plutarch,Context found; marker unresolved,,Word-sequence comparison is not punctuation/case or printed-image certification.
holland-jc-note-180,180,42.2,annotation,c,c,475,481,"Noverum tabularum. To wit, when the olde bonds being cancelled, and therby former debts remitted, new obligations were made.","Noverum tabularum. To wit, when the olde bonds being cancelled, and therby former debts remitted, new obligations were made.",240,240,1.0,1.0,noverum tabularum to wit when the olde bonds being cancelled and therby former debts remitted new obligations were made,noverum tabularum to wit when the olde bonds being cancelled and therby former debts remitted new obligations were made,Context found; marker unresolved,,Word-sequence comparison is not punctuation/case or printed-image certification.
holland-jc-note-181,181,42.2,footnote,2,2,475,481,"Either by the Tribunes of the Commons, or the debters themselves.","Either by the Tribunes of the Commons, or the debters themselves.",45,45,1.0,1.0,either by the tribunes of the commons or the debters themselves,either by the tribunes of the commons or the debters themselves,Context found; marker unresolved,,Word-sequence comparison is not punctuation/case or printed-image certification.
holland-jc-note-184,184,43.1,annotation,a,a,484,490,"Repetundarum convictos. Such governours as by way of extortion pilled and polled the Provinces which they ruled: who after their time expired, were many times called judicially to their answeres.","Repetundarum convictos. Such governours as by way of extortion pilled and polled the Provinces which they ruled: who after their time expired, were many times called judicially to their answeres.",241,241,1.0,1.0,repetundarum convictos such governours as by way of extortion pilled and polled the provinces which they ruled who after their time expired were many times called judicially to their answeres,repetundarum convictos such governours as by way of extortion pilled and polled the provinces which they ruled who after their time expired were many times called judicially to their answeres,Context found; marker unresolved,,Word-sequence comparison is not punctuation/case or printed-image certification.
holland-jc-note-185,185,43.1,footnote,2,2,484,490,Or scarlet in graine.,Or scarlet in graine.,46,46,1.0,1.0,or scarlet in graine,or scarlet in graine,Context found; marker unresolved,,Word-sequence comparison is not punctuation/case or printed-image certification.
holland-jc-note-189,189,44.3,annotation,c,c,499,505,Which Crassus before him had not done; and therefore was overthrowne.,Which Crassus before him had not done; and therefore was overthrowne.,241,241,1.0,1.0,which crassus before him had not done and therefore was overthrowne,which crassus before him had not done and therefore was overthrowne,Context found; marker unresolved,,Word-sequence comparison is not punctuation/case or printed-image certification.
holland-jc-note-197,197,48.1,footnote,2,2,545,551,"Thus Turnebus expoundeth it: but it may be meant of the meaner sort of his Cohors prætoria, who were Sagati or palliati: to put a difference betweene them and the persons of better quality, who were Togati.","Thus Turnebus expoundeth it: but it may be meant of the meaner sort of his Cohors prætoria, who were Sagati or palliati: to put a difference betweene them and the persons of better quality, who were Togati.",49,49,0.973,0.973,made turnebus expoundeth it but it may be meant of the meaner sort of his cohors prætoria who were sagati or palliati to put a difference betweene them and the persons of better quality who were togati,made turnebus expoundeth it but it may be meant of the meaner sort of his cohors prætoria who were sagati or palliati to put a difference betweene them and the persons of better quality who were togati,Context found; marker unresolved,,"The OCR places “2 Thus” before note 1; preserve logical note beginning Thus, not nearby word made."
holland-jc-note-201,201,49.3,annotation,a,a,567,573,"Cæsar derived his pedegree from Jülus, the sonne of Æneas, whose mother was Venus.","Cæsar derived his pedegree from Jülus, the sonne of Æneas, whose mother was Venus.",242,242,1.0,1.0,cæsar derived his pedegree from jülus the sonne of æneas whose mother was venus,cæsar derived his pedegree from jülus the sonne of æneas whose mother was venus,Location unresolved,,Word-sequence comparison is not punctuation/case or printed-image certification.
holland-jc-note-202,202,49.4,annotation,b,b,572,578,"The grace which is in the Latine cannot be expressed well in English, because the word, Subegit, carieth a double sence, the one signifieth the conquering of a nation, and so it is taken in the former place, as it is applyed to Gaule: the other, the wanton abuse of the bodie: in which acception it is to bee understood in reference to Ceasar, abused by K. Nichomedes.","The grace which is in the Latine cannot be expressed well in English, because the word, Subegit, carieth a double sence, the one signifieth the conquering of a nation, and so it is taken in the former place, as it is applyed to Gaule: the other, the wanton abuse of the bodie: in which acception it is to bee understood in reference to Ceasar, abused by K. Nichomedes.",242,242,1.0,1.0,the grace which is in the latine cannot be expressed well in english because the word subegit carieth a double sence the one signifieth the conquering of a nation and so it is taken in the former place as it is applyed to gaule the other the wanton abuse of the bodie in which acception it is to bee understood in reference to ceasar abused by k nichomedes,the grace which is in the latine cannot be expressed well in english because the word subegit carieth a double sence the one signifieth the conquering of a nation and so it is taken in the former place as it is applyed to gaule the other the wanton abuse of the bodie in which acception it is to bee understood in reference to ceasar abused by k nichomedes,Context found; marker unresolved,,Word-sequence comparison is not punctuation/case or printed-image certification.
holland-jc-note-204,204,50.2,footnote,2,2,590,596,"Proximo, alii legunt primo, that is, first, cum Bibulo.","Proximo, alii legunt primo, that is, first, cum Bibulo.",51,51,1.0,1.0,proximo alii legunt primo that is first cum bibulo,proximo alii legunt primo that is first cum bibulo,Context found; marker unresolved,,Word-sequence comparison is not punctuation/case or printed-image certification.
holland-jc-note-205,205,50.2,footnote,3,3,590,596,"46875 pounds sterling, or 150000 French crowns, according to Budæus.","46875 pounds sterling, or 150000 French crowns, according to Budæus.",51,51,1.0,1.0,46875 pounds sterling or 150000 french crowns according to budæus,46875 pounds sterling or 150000 french crowns according to budæus,Context found; marker unresolved,,Word-sequence comparison is not punctuation/case or printed-image certification.
holland-jc-note-207,207,51.1,annotation,a,a,596,602,"This Distichon, or ii verses, which his souldiers after their licentious manner in the Tryumph chaunted may thus be Englished. Looke to your wives, yee cytizens, a lecher bald wee bring. In Gaule Adultery cost thee gold, heere 'tis but borrowing. For, as hee borrowed of other men, so hee lent or paide as much againe, in that his owne wife Pompeia, as is thought, was kept by P. Clodius.","This Distichon, or ii verses, which his souldiers after their licentious manner in the Tryumph chaunted may thus be Englished. Looke to your wives, yee cytizens, a lecher bald wee bring. In Gaule Adultery cost thee gold, heere 'tis but borrowing. For, as hee borrowed of other men, so hee lent or paide as much againe, in that his owne wife Pompeia, as is thought, was kept by P. Clodius.",242,242,1.0,1.0,this distichon or ii verses which his souldiers after their licentious manner in the tryumph chaunted may thus be englished looke to your wives yee cytizens a lecher bald wee bring in gaule adultery cost thee gold heere tis but borrowing for as hee borrowed of other men so hee lent or paide as much againe in that his owne wife pompeia as is thought was kept by p clodius,this distichon or ii verses which his souldiers after their licentious manner in the tryumph chaunted may thus be englished looke to your wives yee cytizens a lecher bald wee bring in gaule adultery cost thee gold heere tis but borrowing for as hee borrowed of other men so hee lent or paide as much againe in that his owne wife pompeia as is thought was kept by p clodius,Location unresolved,,Word-sequence comparison is not punctuation/case or printed-image certification.
holland-jc-note-209,209,52.1,annotation,a,a,607,613,"Such a vessell as this named here Thelamegos, and by Seneca, 7 lib. de Beneficiis, Naviscubiculata, Ptolomæus Philopater, as witnesseth Athenæus, had, which caried in length halfe a furlong, in bredth 30 cubites, and in heigth little lesse then 40.","Such a vessell as this named here Thelamegos, and by Seneca, 7 lib. de Beneficiis, Naviscubiculata, Ptolomæus Philopater, as witnesseth Athenæus, had, which caried in length halfe a furlong, in bredth 30 cubites, and in heigth little lesse then 40.",242,242,1.0,1.0,such a vessell as this named here thelamegos and by seneca 7 lib de beneficiis naviscubiculata ptolomæus philopater as witnesseth athenæus had which caried in length halfe a furlong 1 in bredth 30 cubites and in heigth little lesse then 40,such a vessell as this named here thelamegos and by seneca 7 lib de beneficiis naviscubiculata ptolomæus philopater as witnesseth athenæus had which caried in length halfe a furlong ¹ in bredth 30 cubites and in heigth little lesse then 40,Location unresolved,,Word-sequence comparison is not punctuation/case or printed-image certification.
holland-jc-note-211,211,52.2,footnote,3,3,610,616,"Incessu, in his gang or manner of going.","Incessu, in his gang or manner of going.",52,52,1.0,1.0,incessu in his gang or manner of going,incessu in his gang or manner of going,Context found; marker unresolved,,Word-sequence comparison is not punctuation/case or printed-image certification.
holland-jc-note-215,215,53.1,footnote,3,3,619,625,"Conditum oleum penult. cor. or conditum product id est unguentum, an ointment.","Conditum oleum penult. cor. or conditum product id est unguentum, an ointment.",53,53,1.0,1.0,conditum oleum penult cor or conditum product id est unguentum an ointment,conditum oleum penult cor or conditum product id est unguentum an ointment,Context found; marker unresolved,,Word-sequence comparison is not punctuation/case or printed-image certification.
holland-jc-note-218,218,54.1,footnote,6,6,625,631,That is in Portugale.,That is in Portugale.,53,53,1.0,1.0,that is in portugale,that is in portugale,Location unresolved,,Word-sequence comparison is not punctuation/case or printed-image certification.
holland-jc-note-220,220,54.2,footnote,2,2,628,634,"Divenderet, some reade divideret, hee distributed and dealt away.","Divenderet, some reade divideret, hee distributed and dealt away.",54,54,1.0,1.0,divenderet some reade divideret hee distributed and dealt away,divenderet some reade divideret hee distributed and dealt away,Context found; marker unresolved,,Word-sequence comparison is not punctuation/case or printed-image certification.
holland-jc-note-223,223,54.3,footnote,3,3,631,637,Auletes.,Auletes.,54,54,1.0,1.0,auletes,auletes,Context found; marker unresolved,,Word-sequence comparison is not punctuation/case or printed-image certification.
holland-jc-note-225,225,55.1,footnote,6,6,637,643,"Eloquentia, militarique re, after Lipsus.","Eloquentia, militarique re, after Lipsus.",54,54,1.0,1.0,eloquentia militarique re after lipsus,eloquentia militarique re after lipsus,Context found; marker unresolved,,Word-sequence comparison is not punctuation/case or printed-image certification.
holland-jc-note-228,228,55.4,footnote,3,3,646,652,Orat. apud Milites.,Orat. apud Milites.,55,55,1.0,1.0,orat apud milites,orat apud milites,Context found; marker unresolved,,Word-sequence comparison is not punctuation/case or printed-image certification.
holland-jc-note-232,232,56.5,footnote,3,3,665,671,De Analogia. ,De Analogia. ,56,56,1.0,1.0,de analogia,de analogia,Context found; marker unresolved,,Word-sequence comparison is not punctuation/case or printed-image certification.
holland-jc-note-236,236,56.5,footnote,6,6,665,671,Or rather 27.,Or rather 27.,56,56,1.0,1.0,or rather 27,or rather 27,Context found; marker unresolved,,Word-sequence comparison is not punctuation/case or printed-image certification.
holland-jc-note-240,240,57.1,footnote,3,3,677,683,Or bearing armes.,Or bearing armes.,57,57,1.0,1.0,or bearing armes,or bearing armes,Context found; marker unresolved,,Word-sequence comparison is not punctuation/case or printed-image certification.
holland-jc-note-242,242,57.1,footnote,5,5,677,683,"Or carroch with fowre wheeles, i. τετράκυκλον, οι πετοριτον, Græcè.","Or carroch with fowre wheeles, i. τετράκυκλον, οι πετοριτον, Græcè.",57,57,0.8,0.9,or carroch with fowre wheeles i τετράκυκλον or πετοριτον gracè,or carroch with fowre wheeles i τετράκυκλον οι πετοριτον gracè,Context found; marker unresolved,,Word-sequence comparison is not punctuation/case or printed-image certification.
holland-jc-note-243,243,57.1,footnote,6,6,677,683,"In imitation hereof the Romains devised Ascogephros, quasi ἀσκογεφύρας, i. bridges founded upon such leather bottles blowne with wind, or lightly stuffed with straw.","In imitation hereof the Romains devised Ascogephros, quasi ἀσκογεφύρας, i. bridges founded upon such leather bottles blowne with wind, or lightly stuffed with straw.",57,57,1.0,1.0,in imitation hereof the romains devised ascogephros quasi ἀσκογεφύρας i bridges founded upon such leather bottles blowne with wind or lightly stuffed with straw,in imitation hereof the romains devised ascogephros quasi ἀσκογεφύρας i bridges founded upon such leather bottles blowne with wind or lightly stuffed with straw,Context found; marker unresolved,,Word-sequence comparison is not punctuation/case or printed-image certification.
holland-jc-note-246,246,59.1,footnote,3,3,692,698,"Or Salutio. Read Plinie, Natur. Hist. lib. 7. cap. 12.","Or Salutio. Read Plinie, Natur. Hist. lib. 7. cap. 12.",58,58,0.9,0.9,word salutio read plinie natur hist lib 7 cap 12,word salutio read plinie natur hist lib 7 cap 12,Location unresolved,,“3 Or” is displaced after the note in OCR; do not substitute the adjacent note’s word “word”.
holland-jc-note-250,250,62.1,footnote,2,2,710,716,Wherewith it was pitched into the ground.,Wherewith it was pitched into the ground.,60,60,1.0,1.0,wherewith it was pitched into the ground,wherewith it was pitched into the ground,Context found; marker unresolved,,Word-sequence comparison is not punctuation/case or printed-image certification.
holland-jc-note-251,251,62.1,annotation,a,a,710,716,"The principall ensigne or standerd of the Romane Legion was an Ægle of Silver, reared upon a Speare toppe, the poynt whereof beneath was sharpe, and fastened into the ground: and the same stood within a little shrine, not to bee remooved, but when the Armie was on foote.","The principall ensigne or standerd of the Romane Legion was an Ægle of Silver, reared upon a Speare toppe, the poynt whereof beneath was sharpe, and fastened into the ground: and the same stood within a little shrine, not to bee remooved, but when the Armie was on foote.",243,243,1.0,1.0,the principall ensigne or standerd of the romane legion was an ægle of silver reared upon a speare toppe the poynt whereof beneath was sharpe and fastened into the ground and the same stood within a little shrine not to bee remooved but when the armie was on foote,the principall ensigne or standerd of the romane legion was an ægle of silver reared upon a speare toppe the poynt whereof beneath was sharpe and fastened into the ground and the same stood within a little shrine not to bee remooved but when the armie was on foote,Context found; marker unresolved,,Word-sequence comparison is not punctuation/case or printed-image certification.
holland-jc-note-252,252,63.1,footnote,3,3,716,722,"Vectoria navicula, a ferrie boat. If you read victor, i. being conquerour, distinguish there.","Vectoria navicula, a ferrie boat. If you read victor, i. being conquerour, distinguish there.",60,60,1.0,1.0,vectoria navicula a ferrie boat if you read victor i being conquerour distinguish there,vectoria navicula a ferrie boat if you read victor i being conquerour distinguish there,Context found; marker unresolved,,Word-sequence comparison is not punctuation/case or printed-image certification.
holland-jc-note-253,253,64.1,annotation,a,a,722,728,"Dion, lib. 42, and Appian, Civil. 2, report this otherwise: namely, that he forsoke the said Coat armour (it clogged him so much), and so the Ægyptians got it.","Dion, lib. 42, and Appian, Civil. 2, report this otherwise: namely, that he forsoke the said Coat armour (it clogged him so much), and so the Ægyptians got it.",243,243,1.0,1.0,dion lib 42 and appian civil 2 report this otherwise namely that he forsoke the said coat armour it clogged him so much and so the ægyptians got it,dion lib 42 and appian civil 2 report this otherwise namely that he forsoke the said coat armour it clogged him so much and so the ægyptians got it,Context found; marker unresolved,,Word-sequence comparison is not punctuation/case or printed-image certification.
holland-jc-note-256,256,66.1,footnote,1,1,734,740,"Minuendo, or inhibendo, i. suppressing, which might seeme good pollicie.","Minuendo, or inhibendo, i. suppressing, which might seeme good pollicie.",61,61,1.0,1.0,minuendo or inhibendo i suppressing which might seeme good pollicie,minuendo or inhibendo i suppressing which might seeme good pollicie,Context found; marker unresolved,,Word-sequence comparison is not punctuation/case or printed-image certification.
holland-jc-note-258,258,66.1,footnote,3,3,734,740,Footemen lightly armed.,Footemen lightly armed.,61,61,1.0,1.0,footemen lightly armed,footemen lightly armed,Context found; marker unresolved,,Word-sequence comparison is not punctuation/case or printed-image certification.
holland-jc-note-263,263,68.3,annotation,c,c,755,761,"To be tithed, i. everie tenth man to suffer death. Appian.","To be tithed, i. everie tenth man to suffer death. Appian.",243,243,1.0,1.0,to be tithed i everie tenth man to suffer death appian,to be tithed i everie tenth man to suffer death appian,Context found; marker unresolved,,Word-sequence comparison is not punctuation/case or printed-image certification.
holland-jc-note-267,267,70.1,annotation,a,a,770,776,"Quirites, i. Romane Citizens. As freed now from their alleageance, which by their military oath they were bound unto.","Quirites, i. Romane Citizens. As freed now from their alleageance, which by their military oath they were bound unto.",244,244,1.0,1.0,quirites i romane citizens as freed now from their alleageance which by their military oath they were bound unto,quirites i romane citizens as freed now from their alleageance which by their military oath they were bound unto,Context found; marker unresolved,,Word-sequence comparison is not punctuation/case or printed-image certification.
holland-jc-note-270,270,71.1,footnote,1,1,776,782,Stipendiarium quoque pronuntiatum: how ever some read pronuntiavit: as if Cæsar had averred openly that he was his waged soldiour.,Stipendiarium quoque pronuntiatum: how ever some read pronuntiavit: as if Cæsar had averred openly that he was his waged soldiour.,65,65,1.0,1.0,stipendiarium quoque pronuntiatum how ever some read pronuntiavit as if cæsar had averred openly that he was his waged soldiour,stipendiarium quoque pronuntiatum how ever some read pronuntiavit as if cæsar had averred openly that he was his waged soldiour,Location unresolved,,Word-sequence comparison is not punctuation/case or printed-image certification.
holland-jc-note-271,271,72.1,footnote,2,2,782,788,In a pallet or mattrice upon the ground.,In a pallet or mattrice upon the ground.,65,65,1.0,1.0,in a pallet or mattrice upon the ground,in a pallet or mattrice upon the ground,Location unresolved,,Word-sequence comparison is not punctuation/case or printed-image certification.
holland-jc-note-272,272,72.1,footnote,3,3,782,788,Under the Jetty of the house.,Under the Jetty of the house.,65,65,1.0,1.0,under the jetty of the house,under the jetty of the house,Location unresolved,,Word-sequence comparison is not punctuation/case or printed-image certification.
holland-jc-note-276,276,74.2,footnote,4,4,797,803,"Of Bona Dea, in whose chappell it was thought he did the deede disguised in womans apparell.","Of Bona Dea, in whose chappell it was thought he did the deede disguised in womans apparell.",66,66,1.0,1.0,of bona dea in whose chappell it was thought he did the plutarch deede disguised in womans apparell,of bona dea in whose chappell it was thought he did the so done plutarch deede disguised in womans apparell,Context found; marker unresolved,,Word-sequence comparison is not punctuation/case or printed-image certification.
holland-jc-note-277,277,75.5,footnote,1,1,815,821,Civili animo tulit.,Civili animo tulit.,68,68,1.0,1.0,civili animo tulit,civili animo tulit,Context found; marker unresolved,,Word-sequence comparison is not punctuation/case or printed-image certification.
holland-jc-note-280,280,76.1,footnote,4,4,821,827,In the forum.,In the forum.,68,68,1.0,1.0,in the forum,in the forum,Location unresolved,,Word-sequence comparison is not punctuation/case or printed-image certification.
holland-jc-note-281,281,76.1,annotation,a,a,821,827,"Thensa or Tensa et ferculum, a Chariot of Silver or Yvorie, with a frame in it sustaining the Images of the gods, which was drawen in most solemne and stately manner unto the Pulvinar.","Thensa or Tensa et ferculum, a Chariot of Silver or Yvorie, with a frame in it sustaining the Images of the gods, which was drawen in most solemne and stately manner unto the Pulvinar.",244,244,1.0,1.0,thensa or tensa et ferculum a chariot of silver or yvorie with a frame in it sustaining the images of the gods which was drawen in most solemne and stately manner unto the pulvinar,thensa or tensa et ferculum a chariot of silver or yvorie with a frame in it sustaining the images of the gods which was drawen in most solemne and stately manner unto the pulvinar,Location unresolved,,Word-sequence comparison is not punctuation/case or printed-image certification.
holland-jc-note-282,282,76.1,footnote,5,5,821,827,"Of himselfe, as a God.","Of himselfe, as a God.",68,68,1.0,1.0,of himselfe as a god,of himselfe as a god,Context found; marker unresolved,,Word-sequence comparison is not punctuation/case or printed-image certification.
holland-jc-note-284,284,76.1,annotation,c,c,821,827,"Flamin. A certaine priest, bearing the name of that god, for whose service he was instituted. As Dialis of Jupiter, Martialis of Mars, Quirinalis of Romulus, etc. Cic. 2 Phil saith that M. Antonius was Flamen to Julius Cæsar.","Flamin. A certaine priest, bearing the name of that god, for whose service he was instituted. As Dialis of Jupiter, Martialis of Mars, Quirinalis of Romulus, etc. Cic. 2 Phil saith that M. Antonius was Flamen to Julius Cæsar.",244,244,1.0,1.0,flamin a certaine priest bearing the name of that god for whose service he was instituted as dialis of jupiter martialis of mars quirinalis of romulus etc cic 2 phil saith that m antonius was flamen to julius cæsar,flamin a certaine priest bearing the name of that god for whose service he was instituted as dialis of jupiter martialis of mars quirinalis of romulus etc cic 2 phil saith that m antonius was flamen to julius cæsar,Location unresolved,,Word-sequence comparison is not punctuation/case or printed-image certification.
holland-jc-note-286,286,76.1,footnote,6,6,821,827,Juliani,Juliani,68,68,1.0,1.0,juliani,juliani,Context found; marker unresolved,,Word-sequence comparison is not punctuation/case or printed-image certification.
holland-jc-note-287,287,76.1,annotation,e,e,821,827,"Whereas, before it was called Quintilis, he named it Julius.","Whereas, before it was called Quintilis, he named it Julius.",244,244,1.0,1.0,whereas before it was called quintilis he named it julius,whereas before it was called quintilis he named it julius,Context found; marker unresolved,,Word-sequence comparison is not punctuation/case or printed-image certification.
holland-jc-note-288,288,76.2,footnote,1,1,824,830,Etiam præsente se: some read absente te cleane contrarie.,Etiam præsente se: some read absente te cleane contrarie.,69,69,1.0,1.0,etiam præsente se some read absente te cleane contrarie,etiam præsente se some read absente te cleane contrarie,Location unresolved,,Word-sequence comparison is not punctuation/case or printed-image certification.
holland-jc-note-289,289,76.2,footnote,2,2,824,830,The last of December.,The last of December.,69,69,1.0,1.0,the last of december,the last of december,Context found; marker unresolved,,Word-sequence comparison is not punctuation/case or printed-image certification.
holland-jc-note-290,290,76.2,annotation,f,f,824,830,"This was Caninius Rebitus: of whose Consulship, there go divers jestes, as namely these, whereof Cicero was the Author. A vigilant Consull we have had of Caninius, who in all his Consulship never slept winke, Also, A consull we have had so severe and Censar-like, as that during his Consulship, no man dined, no man supped, no man so much as once slept. Likewise Pithalus said of him, Heretofore we had Flamines Diales, and now wee have Consuls Diales, playing upon the æquivocation or double sense of the word Dialis, which being derived of Διός, i. Jupiter, signifieth his Flamin: but of Dies, i. a day, betokeneth a day Consul or Flamin.","This was Caninius Rebitus: of whose Consulship, there go divers jestes, as namely these, whereof Cicero was the Author. A vigilant Consull we have had of Caninius, who in all his Consulship never slept winke, Also, A consull we have had so severe and Censar-like, as that during his Consulship, no man dined, no man supped, no man so much as once slept. Likewise Pithalus said of him, Heretofore we had Flamines Diales, and now wee have Consuls Diales, playing upon the æquivocation or double sense of the word Dialis, which being derived of Διός, i. Jupiter, signifieth his Flamin: but of Dies, i. a day, betokeneth a day Consul or Flamin.",244,244,1.0,1.0,this was caninius rebitus of whose consulship there go divers jestes as namely these whereof cicero was the author a vigilant consull we have had of caninius who in all his consulship never slept winke also a consull we have had so severe and censar like as that during his consulship no man dined no man supped no man so much as once slept likewise pithalus said of him heretofore we had flamines diales and now wee have consuls diales playing upon the æquivocation or double sense of the word dialis which being derived of διός i jupiter signifieth his flamin but of dies i a day betokeneth a day consul or flamin,this was caninius rebitus of whose consulship there go divers jestes as namely these whereof cicero was the author a vigilant consull we have had of caninius who in all his consulship never slept winke also a consull we have had so severe and censar like as that during his consulship no man dined no man supped no man so much as once slept likewise pithalus said of him heretofore we had flamines diales and now wee have consuls diales playing upon the æquivocation or double sense of the word dialis which being derived of διός i jupiter signifieth his flamin but of dies i a day betokeneth a day consul or flamin,Context found; marker unresolved,,Word-sequence comparison is not punctuation/case or printed-image certification.
holland-jc-note-292,292,77.1,annotation,a,a,833,839,"According to Lucane, Omnia Cæsar erat. Cæsar was all in all.","According to Lucane, Omnia Cæsar erat. Cæsar was all in all.",244,244,1.0,1.0,according to lucane omnia cæsar erat cæsar was all in all,according to lucane omnia cæsar erat cæsar was all in all,Context found; marker unresolved,,Word-sequence comparison is not punctuation/case or printed-image certification.
holland-jc-note-297,297,78.1,footnote,2,2,839,845,Not so much as rising up unto them.,Not so much as rising up unto them.,70,70,1.0,1.0,not so much as rising up unto them,not so much as rising up unto them,Context found; marker unresolved,,Word-sequence comparison is not punctuation/case or printed-image certification.
holland-jc-note-298,298,78.2,annotation,a,a,842,848,Who were in number 10.,Who were in number 10.,245,245,1.0,1.0,who were in number 10,who were in number 10,Context found; marker unresolved,,Word-sequence comparison is not punctuation/case or printed-image certification.
holland-jc-note-301,301,79.1,footnote,5,5,848,854,Resembling a Diademe.,Resembling a Diademe.,70,70,1.0,1.0,resembling a diademe,resembling a diademe,Context found; marker unresolved,,Word-sequence comparison is not punctuation/case or printed-image certification.
holland-jc-note-304,304,79.3,annotation,c,c,854,860,"In Ægypt: a renowmed Citie, built by King Alexander the Great for the pleasant site much commended, and therefore might bee affected by Cæsar: at which, there is no day almost through the yeare, but the Inhabitants behold the Sunne shining cleare upon them and which Ammianus calleth Verticem omnium civitatum, i. The chiefe of Cities.","In Ægypt: a renowmed Citie, built by King Alexander the Great for the pleasant site much commended, and therefore might bee affected by Cæsar: at which, there is no day almost through the yeare, but the Inhabitants behold the Sunne shining cleare upon them and which Ammianus calleth Verticem omnium civitatum, i. The chiefe of Cities.",245,245,1.0,1.0,in ægypt a renowmed citie built by king alexander the great for the pleasant site much commended and therefore might bee affected by cæsar at which there is no day almost through the yeare but the inhabitants behold the sunne shining cleare upon them and which ammianus calleth verticem omnium civitatum i the chiefe of cities,in ægypt a renowmed citie built by king alexander the great for the pleasant site much commended and therefore might bee affected by cæsar æsar at which there is no day almost through the yeare but the inhabitants behold the sunne shining cleare upon them and which ammianus calleth verticem omnium civitatum i the chiefe of cities,Location unresolved,,Word-sequence comparison is not punctuation/case or printed-image certification.
holland-jc-note-306,306,79.3,annotation,e,e,854,860,"These Quindecim-viri, or fifteene men, were instituted in the daies of Cornelius Sylla with this addition Sacrorum: unto whose charge it appertained to see that Sacrifices and Divine service, that supplications, and processions, expiations, and ceremoniall rites should bee duely performed, as also to peruse the bookes and prophesies of Sibylla. At first they were but two, called Duumviri, afterwards x. under the name of Decemviri sacris faciendis. Alex. ab Alex. lib. 3, Genial. dierum. сар. 16.","These Quindecim-viri, or fifteene men, were instituted in the daies of Cornelius Sylla with this addition Sacrorum: unto whose charge it appertained to see that Sacrifices and Divine service, that supplications, and processions, expiations, and ceremoniall rites should bee duely performed, as also to peruse the bookes and prophesies of Sibylla. At first they were but two, called Duumviri, afterwards x. under the name of Decemviri sacris faciendis. Alex. ab Alex. lib. 3, Genial. dierum. сар. 16.",245,245,0.9872,1.0,these quindecim viri or fifteene men were instituted in the daies of cornelius sylla with this addition sacrorum unto whose charge it appertained to see that sacrifices and divine service that supplications and processions expiations and ceremoniall rites should bee duely performed as also to peruse the bookes and prophesies of sibylla at first they were but two called duumviri afterwards x under the name of decemviri sacris faciendis alex ab alex lib 3 genial dierum cap 16,these quindecim viri or fifteene men were instituted in the daies of cornelius sylla with this addition sacrorum unto whose charge it appertained to see that sacrifices and divine service that supplications and processions expiations and ceremoniall rites should bee duely performed as also to peruse the bookes and prophesies of sibylla at first they were but two called duumviri afterwards x under the name of decemviri sacris faciendis alex ab alex lib 3 genial dierum сар 16,Context found; marker unresolved,,Word-sequence comparison is not punctuation/case or printed-image certification.
holland-jc-note-308,308,80.2,annotation,a,a,863,869,"Bonum factum. A forme of preface which in olde time they use, boni omnis causa, before their Edictes and decrees, etc., so commonly, as that these two Capital letters B. F. did betoken the same as ordinarily, as S. C. stand for Senatus consultum. It had the same use, as In nomine Dei with us.","Bonum factum. A forme of preface which in olde time they use, boni omnis causa, before their Edictes and decrees, etc., so commonly, as that these two Capital letters B. F. did betoken the same as ordinarily, as S. C. stand for Senatus consultum. It had the same use, as In nomine Dei with us.",245,245,1.0,1.0,bonum factum a forme of preface which in olde time they use boni omnis causa before their edictes and decrees etc so commonly as that these two capital letters b f did betoken the same as ordinarily as s c stand for senatus consultum it had the same use as in nomine dei with us,bonum factum a forme of preface which in olde time they use boni omnis causa before their edictes and decrees etc so commonly as that these two capital letters b f did betoken the same as ordinarily as s c stand for senatus consultum it had the same use as in nomine dei with us,Context found; marker unresolved,,Word-sequence comparison is not punctuation/case or printed-image certification.
holland-jc-note-309,309,80.2,footnote,1,1,865,871,"Or rather, Idem in curiam, for the same Cæsar brought them into the Senate.","Or rather, Idem in curiam, for the same Cæsar brought them into the Senate.",72,72,1.0,1.0,or rather idem in curiam for the same cæsar brought them into the senate,or rather idem in curiam for the same cæsar brought them into the senate,Location unresolved,,Word-sequence comparison is not punctuation/case or printed-image certification.
holland-jc-note-310,310,80.2,annotation,b,b,866,872,"Some take these Brache, whereof Brachata Gallia, a part of Transalpine Gaule, tooke name, for frize rugges striped with sundrie colours, which may resemble Irish mantles; but I suppose them to be a kinde of course breches, much like to the Irish trousses, but that they are more full.","Some take these Brache, whereof Brachata Gallia, a part of Transalpine Gaule, tooke name, for frize rugges striped with sundrie colours, which may resemble Irish mantles; but I suppose them to be a kinde of course breches, much like to the Irish trousses, but that they are more full.",246,246,1.0,1.0,some take these brache whereof brachata gallia a part of transalpine gaule tooke name for frize rugges striped with sundrie colours which may resemble irish mantles but i suppose them to be a kinde of course breches much like to the irish trousses but that they are more full,some take these brache whereof brachata gallia a part of transalpine gaule tooke name for frize rugges striped with sundrie colours which may resemble irish mantles but i suppose them to be a kinde of course breches much like to the irish trousses but that they are more full,Location unresolved,,Word-sequence comparison is not punctuation/case or printed-image certification.
holland-jc-note-311,311,80.3,annotation,c,c,872,878,"By rising up unto him, and shouting or applauding as he passed along.","By rising up unto him, and shouting or applauding as he passed along.",246,246,1.0,1.0,by rising up unto him and shouting or applauding as he passed along,by rising up unto him and shouting or applauding as he passed along,Context found; marker unresolved,,Word-sequence comparison is not punctuation/case or printed-image certification.
holland-jc-note-315,315,80.4,footnote,5,5,877,883,M. Brutus.,M. Brutus.,72,72,1.0,1.0,m brutus,m brutus,Context found; marker unresolved,,Word-sequence comparison is not punctuation/case or printed-image certification.
holland-jc-note-316,316,80.4,annotation,f,f,877,883,"Certaine bridges there were for the time made, upon which the Tribes passed when they gave their voyces in Campus Martius, at their solemne Leets and assemblies for Election of Magistrates.","Certaine bridges there were for the time made, upon which the Tribes passed when they gave their voyces in Campus Martius, at their solemne Leets and assemblies for Election of Magistrates.",246,246,1.0,1.0,certaine bridges there were for the time made upon which the tribes passed when they gave their voyces in campus martius at their solemne leets and assemblies for election of magistrates,certaine bridges there were for the time made upon which the tribes passed when they gave their voyces in campus martius at their solemne leets and assemblies for election of magistrates,Context found; marker unresolved,,Word-sequence comparison is not punctuation/case or printed-image certification.
holland-jc-note-317,317,80.4,footnote,6,6,877,883,Some upon the bridge others under it.,Some upon the bridge others under it.,72,72,1.0,1.0,some upon the bridge others under it,some upon the bridge others under it,Context found; marker unresolved,,Word-sequence comparison is not punctuation/case or printed-image certification.
holland-jc-note-324,324,82.1,footnote,5,5,899,905,"Alter Cassius or alter e Cassiis one of the Cassi, vel alter, Casce.","Alter Cassius or alter e Cassiis one of the Cassi, vel alter, Casce.",74,74,0.6923,0.6923,sided with him alter e cassiis one of the cassi vel alter casca,and sided with alter e cassiis one of the cassi vel alter casca,Location unresolved,,Word-sequence comparison is not punctuation/case or printed-image certification.
holland-jc-note-325,325,82.1,annotation,a,a,899,905,"This is diversly reported by authors. The occasion of which varietie ariseth upon the affinitie of these names, Cassius and Casca. For as there were two Cassii at this action, so likewise were there two Servilii brethren, both surnamed Casca. By Alter Cassius or Casca, therefore, you may understand one of the two brethren, or the second of them. For some write, that the one Casca gave him in the necke a wound, but not deadly, whereupon Cæsar caught hold of his dagger, crying out, Scelerate Casca quid agis? i. What meanest thou, O wicked Casca? and then Casca called unto his brother for helpe, who came in, and gave him his deathes wound, in the breast under the chanell bone. Plutarch.","This is diversly reported by authors. The occasion of which varietie ariseth upon the affinitie of these names, Cassius and Casca. For as there were two Cassii at this action, so likewise were there two Servilii brethren, both surnamed Casca. By Alter Cassius or Casca, therefore, you may understand one of the two brethren, or the second of them. For some write, that the one Casca gave him in the necke a wound, but not deadly, whereupon Cæsar caught hold of his dagger, crying out, Scelerate Casca quid agis? i. What meanest thou, O wicked Casca? and then Casca called unto his brother for helpe, who came in, and gave him his deathes wound, in the breast under the chanell bone. Plutarch.",246,246,1.0,1.0,this is diversly reported by authors the occasion of which varietie ariseth upon the affinitie of these names cassius and casca for as there were two cassii at this action so likewise were there two servilii brethren both surnamed casca by alter cassius or casca therefore you may understand one of the two brethren or the second of them for some write that the one casca gave him in the necke a wound but not deadly whereupon cæsar caught hold of his dagger crying out scelerate casca quid agis i what meanest thou o wicked casca and then casca called unto his brother for helpe who came in and gave him his deathes wound in the breast under the chanell bone plutarch,this is diversly reported by authors the occasion of which varietie ariseth upon the affinitie of these names cassius and casca for as there were two cassii at this action so likewise were there two servilii brethren both surnamed casca by alter cassius or casca therefore you may understand one of the two brethren or the second of them for some write that the one casca gave him in the necke a wound but not deadly whereupon cæsar caught hold of his dagger crying out scelerate casca quid agis i what meanest thou o wicked casca and then casca called unto his brother for helpe who came in and gave him his deathes wound in the breast under the chanell bone plutarch,Location unresolved,,Word-sequence comparison is not punctuation/case or printed-image certification.
holland-jc-note-328,328,82.2,footnote,7,7,902,908,Out of his chaire.,Out of his chaire.,74,74,1.0,1.0,out of his chaire,out of his chaire,Location unresolved,,Word-sequence comparison is not punctuation/case or printed-image certification.
holland-jc-note-330,330,82.2,annotation,c,c,902,908,"Valerius Max. under the title of Verecundia, commendeth this maydenlike modestie of Cæsar, who notwithstanding that he was maskared with 23 wounds, for manhood sake forgot not to hide his nakednesse, and to die in decent manner: but as Euripides writeth of the virgin Ladie Polixena. πολλὴν πρόνοιαν ἔσχεν δυσχήμως πεσεῖν.
 Where, by the way it may be noted, that the Romanes wore not trusses or breches, as we doe, to cover those inferior and secret parts.","Valerius Max. under the title of Verecundia, commendeth this maydenlike modestie of Cæsar, who notwithstanding that he was maskared with 23 wounds, for manhood sake forgot not to hide his nakednesse, and to die in decent manner: but as Euripides writeth of the virgin Ladie Polixena. πολλὴν πρόνοιαν ἔσχεν δυσχήμως πεσεῖν. Where, by the way it may be noted, that the Romanes wore not trusses or breches, as we doe, to cover those inferior and secret parts.",247,247,1.0,1.0,valerius max under the title of verecundia commendeth this maydenlike modestie of cæsar who notwithstanding that he was maskared with 23 wounds for manhood sake forgot not to hide his nakednesse and to die in decent manner but as euripides writeth of the virgin ladie polixena πολλὴν πρόνοιαν ἔσχεν δυσχήμως πεσεῖν where by the way it may be noted that the romanes wore not trusses or breches as we doe to cover those inferior and secret parts,valerius max under the title of verecundia commendeth this maydenlike modestie of cæsar who notwithstanding that he was maskared with 23 wounds for manhood sake forgot not to hide his nakednesse and to die in decent manner but as euripides writeth of the virgin ladie polixena πολλὴν πρόνοιαν ἔσχεν δυσχήμως πεσεῖν where by the way it may be noted that the romanes wore not trusses or breches as we doe to cover those inferior and secret parts,Context found; marker unresolved,,Word-sequence comparison is not punctuation/case or printed-image certification.
holland-jc-note-334,334,83.1,footnote,5,5,914,920,13 of September.,13 of September.,75,75,1.0,1.0,13 of september,13 of september,Context found; marker unresolved,,Word-sequence comparison is not punctuation/case or printed-image certification.
holland-jc-note-340,340,83.2,footnote,5,5,917,923,46s. Iod. ob. starling.,46s. Iod. ob. starling.,76,76,0.75,1.0,546s iod ob starling,46s iod ob starling,Context found; marker unresolved,,Word-sequence comparison is not punctuation/case or printed-image certification.
holland-jc-note-342,342,84.1,footnote,7,7,923,929,Or Herse.,Or Herse.,76,76,1.0,1.0,or herse,or herse,Context found; marker unresolved,,Word-sequence comparison is not punctuation/case or printed-image certification.
holland-jc-note-343,343,84.1,footnote,9,9,923,929,"Appion, a pole.","Appion, a pole.",76,76,1.0,1.0,appion a pole,appion a pole,Context found; marker unresolved,,Word-sequence comparison is not punctuation/case or printed-image certification.
holland-jc-note-345,345,84.2,annotation,a,a,926,932,"The argument whereof was the deciding of the contention betweene Ajax and Ulysses, about Achilles Armor.","The argument whereof was the deciding of the contention betweene Ajax and Ulysses, about Achilles Armor.",247,247,1.0,1.0,the argument whereof was the deciding of the contention betweene ajax and ulysses about achilles armor,the argument whereof was the deciding of the contention betweene ajax and ulysses about achilles armor,Context found; marker unresolved,,Word-sequence comparison is not punctuation/case or printed-image certification.
holland-jc-note-346,346,84.2,annotation,b,b,928,934,"For, some of these who tooke part with Pompeius, he had pardoned.","For, some of these who tooke part with Pompeius, he had pardoned.",247,247,1.0,1.0,for some of these who tooke part with pompeius he had pardoned,for some of these who tooke part with pompeius he had pardoned,Context found; marker unresolved,,Word-sequence comparison is not punctuation/case or printed-image certification.
holland-jc-note-349,349,84.3,footnote,3,3,934,940,Detulerunt.,Detulerant.,78,78,0,0,,,Context found; marker unresolved,H009,Both OCR witnesses p. 78 read Detulerant; corrected.
holland-jc-note-350,350,84.3,footnote,2,4,934,940,Where he was murdered.,Where he was murdered.,77,77,1.0,1.0,where he was murdered,where he was murdered,Context found; marker unresolved,H013,Word-sequence comparison is not punctuation/case or printed-image certification.
holland-jc-note-351,351,84.3,annotation,c,c,934,940,"Quicquid præterea ad manum aderat. Others read, ad donum aderat: understanding thereby those giftes which they brought as offerings to his Ghost, and be called Inferiæ.","Quicquid præterea ad manum aderat. Others read, ad donum aderat: understanding thereby those giftes which they brought as offerings to his Ghost, and be called Inferiæ.",247,247,1.0,1.0,quicquid præterea ad manum aderat others read ad donum aderat understanding thereby those giftes which they brought as offerings to his ghost and be called inferiæ,quicquid præterea ad manum aderat others read ad donum aderat understanding thereby those giftes which they brought as offerings to his ghost and be called inferiæ,Context found; marker unresolved,,Word-sequence comparison is not punctuation/case or printed-image certification.
holland-jc-note-352,352,84.5,footnote,6,6,940,946,"They affected Caesar (it should seem) in regard of many benefits, and namely for bringing Pompeie to confusion who had forced their cheife Citie.","They affected Caesar (it should seem) in regard of many benefits, and namely for bringing Pompeie to confusion who had forced their cheife Citie.",77,77,0.9583,0.9583,they affected cæsar it should seem in regard of many benefits and nar namely for bringing pompeie to confusion who had forced their cheife citie,they affected cæsar it should seem in regard of many benefits and namely for bringing pompeie to confusion who had forced their cheife citie,Context found; marker unresolved,,Word-sequence comparison is not punctuation/case or printed-image certification.
holland-jc-note-354,354,86.1,footnote,2,2,952,958,Insectantium.,Insectantium.,78,78,1.0,1.0,insectantium,insectantium,Context found; marker unresolved,,Word-sequence comparison is not punctuation/case or printed-image certification.
holland-jc-note-360,360,88.1,annotation,c,c,967,973,"To signifie, that upon that day, The father of his countrie was killed.","To signifie, that upon that day, The father of his countrie was killed.",247,247,1.0,1.0,to signifie that upon that day the father of his countrie was killed,to signifie that upon that day the father of his countrie was killed,Context found; marker unresolved,,Word-sequence comparison is not punctuation/case or printed-image certification.
holland-jc-note-361,361,89.1,footnote,4,4,973,979,"Cassius; as Plutarch reporteth, and Brutus according to Dion and the ii. Cascaes. A notable judgent of Almightie God upon the unnatural murderers of their Soveraie.","Cassius; as Plutarch reporteth, and Brutus according to Dion and the ii. Cascaes. A notable judgement of Almightie God upon the unnatural murderers of their Soveraine.",79,79,0.9231,0.9231,cassius as plutarch reporteth and brutus according to dion and the ii cascaes a notable judgement of almightie god upon the unnatural murderers of their soveraine,cassius as plutarch reporteth and brutus according to dion and the ii cascaes a notable judgement of almightie god upon the unnatural murderers of their soveraine,Context found; marker unresolved,H010;H011,Word-sequence comparison is not punctuation/case or printed-image certification.
