printed_page,pdf_page,kind,xml,ocr_1914,xml_context,ocr_context,status
123,153,replace,there,book ii the deified augustus i tuere,there are many indications that the octavian family was in days,book ii the deified augustus i tuere are many indications that the octavian family was in days,"unreviewed OCR comparison, not a confirmed difference"
123,153,insert,,ii,rest of the victims be handed over to the octavii the family was admitted to the senate by king tarquinius,rest of the victims be handed over to the octavii ii the family was admitted to the senate by king tarquinius,"unreviewed OCR comparison, not a confirmed difference"
123,153,insert,,123,a magistracy was gaius rufus who became quaestor he begot,a magistracy was gaius rufus who became quaestor he begot 123,"unreviewed OCR comparison, not a confirmed difference"
125,155,insert,,the deified augustus,gnaeus and gaius from whom two branches of the octavian,the deified augustus gnaeus and gaius from whom two branches of the octavian,"unreviewed OCR comparison, not a confirmed difference"
125,155,replace,to a,toa,of a municipal town and possessing an abundant income lived to a peaceful old age this is the account given by others,of a municipal town and possessing an abundant income lived toa peaceful old age this is the account given by others,"unreviewed OCR comparison, not a confirmed difference"
125,155,insert,,iii,been able to learn about the paternal ancestors of augustus his father gaius octavius was from the beginning of his,been able to learn about the paternal ancestors of augustus iii his father gaius octavius was from the beginning of his,"unreviewed OCR comparison, not a confirmed difference"
125,155,insert,,125 205 b c,of the country about thurii in governing his province he,of the country about thurii in governing his province he 125 205 b c,"unreviewed OCR comparison, not a confirmed difference"
127,157,insert,,the deified augustus,showed equal justice and courage for besides routing the bessi,the deified augustus showed equal justice and courage for besides routing the bessi,"unreviewed OCR comparison, not a confirmed difference"
127,157,insert,,iv,his neighbour octavius in winning the favour of our allies while returning from macedonia before he could declare himself a,his neighbour octavius in winning the favour of our allies iv while returning from macedonia before he could declare himself a,"unreviewed OCR comparison, not a confirmed difference"
127,157,replace,balbus,balba,octavia and augustus atia was the daughter of marcus atius balbus and julia sister of gaius caesar balbus a native of,octavia and augustus atia was the daughter of marcus atius balba and julia sister of gaius caesar balbus a native of,"unreviewed OCR comparison, not a confirmed difference"
127,157,insert,,misunderstood the meaning of cassius who used collybus in the sense of a kind of cake 127 61 58 b c,nerulum kneaded into shape with hands stained with filthy lucre,nerulum kneaded into shape with hands stained with filthy lucre misunderstood the meaning of cassius who used collybus in the sense of a kind of cake 127 61 58 b c,"unreviewed OCR comparison, not a confirmed difference"
129,159,insert,,the deified augustus v,augustus was born just before sunrise on the ninth day,the deified augustus v augustus was born just before sunrise on the sept 28,"unreviewed OCR comparison, not a confirmed difference"
129,159,insert,,sept 28,augustus was born just before sunrise on the ninth day before the kalends of october in the consulship,augustus v augustus was born just before sunrise on the sept 28 ninth day before the kalends of october in the consulship,"unreviewed OCR comparison, not a confirmed difference"
129,159,insert,,vi,decreed that that part of his house should be consecrated a small room like a pantry is shown to this,decreed that that part of his house should be consecrated vi a small room like a pantry is shown to this,"unreviewed OCR comparison, not a confirmed difference"
129,159,insert,,vu,was found bedclothes and all half dead before the door in his infancy he was given the surname thurinus in,was found bedclothes and all half dead before the door vu in his infancy he was givén the surname thurinus in,"unreviewed OCR comparison, not a confirmed difference"
129,159,replace,given,givén,half dead before the door in his infancy he was given the surname thurinus in memory of the home of his,dead before the door vu in his infancy he was givén the surname thurinus in memory of the home of his,"unreviewed OCR comparison, not a confirmed difference"
129,159,insert,,129 vol 1 k,or else because it was near thurii that his father,or else because it was near thurii that his father 129 vol 1 k,"unreviewed OCR comparison, not a confirmed difference"
131,161,insert,,the deified augustus,octavius shortly before the birth of his son had gained,the deified augustus octavius shortly before the birth of his son had gained,"unreviewed OCR comparison, not a confirmed difference"
131,161,replace,statuette,bust,very trustworthy evidence since i once owned a little bronze statuette representing him as a boy and inscribed with that name,very trustworthy evidence since i once owned a little bronze bust representing him as a boy and inscribed with that name,"unreviewed OCR comparison, not a confirmed difference"
131,161,replace,increase auctus,inerease aucius,consecrated by augural rites are called august augusta from the increase auctus in dignity or from the movements or feeding of the,consecrated by augural rites are called august augusta from the inerease aucius in dignity or from the movements or feeding of the,"unreviewed OCR comparison, not a confirmed difference"
131,161,replace,gustusve,gusiusve,from the movements or feeding of the birds avium gestus gustusve as ennius also shows when he writes after by augury,from the movements or feeding of the birds avium gestus gusiusve as ennius also shows when he writes after by augury,"unreviewed OCR comparison, not a confirmed difference"
131,161,insert,,vu,writes after by augury august illustrious rome had been founded at the age of four he lost his father in,writes after by augury august illustrious rome had been founded vu at the age of four he lost his father in,"unreviewed OCR comparison, not a confirmed difference"
131,161,insert,,131 kk 2 27 be 59 b c,gown of manhood he received military prizes at caesar s,gown of manhood he received military prizes at caesar s 131 kk 2 27 be 59 b c,"unreviewed OCR comparison, not a confirmed difference"
133,163,insert,,the deified augustus,african triumph although he had taken no part in the,the deified augustus african triumph although he had taken no part in the,"unreviewed OCR comparison, not a confirmed difference"
133,163,replace,a very,avery,he followed over roads beset by the enemy with only a very few companions and that too after suffering shipwreck and thereby,he followed over roads beset by the enemy with only avery few companions and that too after suffering shipwreck and thereby,"unreviewed OCR comparison, not a confirmed difference"
133,163,replace,upon,uporf,premature he did however return to the city and enter upon his inheritance in spite of the doubts of his mother,premature he did however return to the city and enter uporf his inheritance in spite of the doubts of his mother,"unreviewed OCR comparison, not a confirmed difference"
133,163,replace,of,9f,of the doubts of his mother and the strong opposition of his stepfather the ex consul marcius philippus then he levied,of the doubts of his mother and the strong opposition 9f his stepfather the ex consul marcius philippus then he levied,"unreviewed OCR comparison, not a confirmed difference"
133,163,replace,marcus,mareus,levied armies and henceforth ruled the state at first with marcus antonius and marcus lepidus then with antony alone for nearly,levied armies and henceforth ruled the state at first with mareus antonius and marcus lepidus then with antony alone for nearly,"unreviewed OCR comparison, not a confirmed difference"
133,163,insert,,ix,nearly twelve years and finally by himself for forty four having given as it were a summary of his life,nearly twelve years and finally by himself for forty four ix having given as it were a summary of his life,"unreviewed OCR comparison, not a confirmed difference"
133,163,insert,,133 46 b c 44 bac,these were against marcus antonius the second against brutus and,these were against marcus antonius the second against brutus and 133 46 b c 44 bac,"unreviewed OCR comparison, not a confirmed difference"
135,165,insert,,bat the deified augustus,cassius the third against lucius antonius brother of the triumvir,bat the deified augustus cassius the third against lucius antonius brother of the triumvir,"unreviewed OCR comparison, not a confirmed difference"
135,165,insert,,x,triumvir and the fourth against sextus pompeius son of gnaeus the initial reason for all these wars was this since,triumvir and the fourth against sextus pompeius son of gnaeus x the initial reason for all these wars was this since,"unreviewed OCR comparison, not a confirmed difference"
135,165,insert,,135,he had raised with the rank of propraetor and bidden,he had raised with the rank of propraetor and bidden 135,"unreviewed OCR comparison, not a confirmed difference"
137,167,insert,,the deified augustus,to join with hirtius and pansa who had become consuls,the deified augustus to join with hirtius and pansa who had become consuls,"unreviewed OCR comparison, not a confirmed difference"
137,167,insert,,xi,he shouldered the eagle and carried it for some time as hirtius lost his life in battle during this war,he shouldered the eagle and carried it for some time xi as hirtius lost his life in battle during this war,"unreviewed OCR comparison, not a confirmed difference"
137,167,insert,,xii,the other consul hirtius amid the confusion of the battle but when he learned that antony after his flight had,the other consul hirtius amid the confusion of the battle xii but when he learned that antony after his flight had,"unreviewed OCR comparison, not a confirmed difference"
137,167,insert,,137,or to his veterans to show more plainly that he,or to his veterans to show more plainly that he 137,"unreviewed OCR comparison, not a confirmed difference"
139,169,insert,,the deified augustus,regretted his connection with the former party he imposed a,the deified augustus regretted his connection with the former party he imposed a,"unreviewed OCR comparison, not a confirmed difference"
139,169,insert,,xiii,at mutina and inscribed upon it they fell for liberty then forming a league with antony and lepidus he finished,at mutina and inscribed upon it they fell for liberty xiii then forming a league with antony and lepidus he finished,"unreviewed OCR comparison, not a confirmed difference"
139,169,replace,have,hay,man who begged humbly for burial he is said to have replied the birds will soon settle that question when two,man who begged humbly for burial he is said to hay replied the birds will soon settle that question when two,"unreviewed OCR comparison, not a confirmed difference"
139,169,replace,well known,wellknown,life because of this the rest including marcus favonius the well known imitator of cato saluted antony respectfully as imperator when they,life because of this the rest including marcus favonius the wellknown imitator of cato saluted antony respectfully as imperator when they,"unreviewed OCR comparison, not a confirmed difference"
139,169,replace,but,byt,respectfully as imperator when they were led out in chains but lashed augustus to his face with the foulest abuse when,respectfully as imperator when they were led out in chains byt lashed augustus to his face with the foulest abuse when,"unreviewed OCR comparison, not a confirmed difference"
139,169,insert,,139 42 b c,the municipalities he could neither satisfy the veterans nor the,the municipalities he could neither satisfy the veterans nor the 139 42 b c,"unreviewed OCR comparison, not a confirmed difference"
141,171,insert,,the deified augustus,landowners since the latter complained that they were driven from,the deified augustus landowners since the latter complained that they were driven from,"unreviewed OCR comparison, not a confirmed difference"
141,171,insert,,xiv,being treated as their services had led them to hope when lucius antonius at this juncture attempted a revolution relying,being treated as their services had led them to hope xiv when lucius antonius at this juncture attempted a revolution relying,"unreviewed OCR comparison, not a confirmed difference"
141,171,replace,exhibition,exhi bition,danger both before and during the war for at an exhibition of games having given orders that a common soldier who,danger both before and during the war for at an exhi bition of games having given orders that a common soldier who,"unreviewed OCR comparison, not a confirmed difference"
141,171,insert,,xv,of gladiators who had made a sally from the town after the capture of perusia he took vengeance on many,of gladiators who had made a sally from the town xv after the capture of perusia he took vengeance on many,"unreviewed OCR comparison, not a confirmed difference"
141,171,insert,,141 41 bc 40 b c,their estates to pay the rewards promised to his veterans,their estates to pay the rewards promised to his veterans 141 41 bc 40 b c,"unreviewed OCR comparison, not a confirmed difference"
143,173,insert,,the deified augustus xvi,the sicilian war was among the first that he began,the deified augustus xvi the sicilian war was among the first that he 4s,"unreviewed OCR comparison, not a confirmed difference"
143,173,insert,,4s s5,the sicilian war was among the first that he began but it was long drawn out by many interruptions,xvi the sicilian war was among the first that he 4s s5 began but it was long drawn out by many interrup,"unreviewed OCR comparison, not a confirmed difference"
143,173,replace,interruptions,interrup tions,he began but it was long drawn out by many interruptions now for the purpose of rebuilding his fleets which he,s5 began but it was long drawn out by many interrup tions now for the purpose of rebuilding his fleets which he,"unreviewed OCR comparison, not a confirmed difference"
143,173,replace,i,1,awaken him to give the signal and it was this i think that gave antony opportunity for the taunt he could,awaken him to give the signal and it was this 1 think that gave antony opportunity for the taunt he could,"unreviewed OCR comparison, not a confirmed difference"
143,173,insert,,143,as he was going on foot to regium by way,as he was going on foot to regium by way 143,"unreviewed OCR comparison, not a confirmed difference"
145,175,insert,,the deified augustus,of locri he saw some of pompey s biremes coasting,the deified augustus of locri he saw some of pompey s biremes coasting,"unreviewed OCR comparison, not a confirmed difference"
145,175,insert,,xvii,for it he banished him for all time to circei at last he broke off his alliance with marcus antonius,for it he banished him for all time to circei xvii at last he broke off his alliance with marcus antonius,"unreviewed OCR comparison, not a confirmed difference"
145,175,insert,,145 vol 1 l 81 bo,night on board having gone into winter quarters at samos,night on board having gone into winter quarters at samos 145 vol 1 l 81 bo,"unreviewed OCR comparison, not a confirmed difference"
147,177,replace,after,the deified augustus atte,after actium he was disturbed by the news of a mutiny,the deified augustus atte actium he was disturbed by the news of a mutiny,"unreviewed OCR comparison, not a confirmed difference"
147,177,insert,,147 l2,positions as carefully as if they were his own kin,positions as carefully as if they were his own kin 147 l2,"unreviewed OCR comparison, not a confirmed difference"
149,179,insert,,the deified augustus xviii,about this time he had the sarcophagus and body of,the deified augustus xviii about this time he had the sarcophagus and body of,"unreviewed OCR comparison, not a confirmed difference"
149,179,insert,,xix,occupied with naval trophies consecrated it to neptune and mars after this he nipped in the bud at various times,occupied with naval trophies consecrated it to neptune and mars xix after this he nipped in the bud at various times,"unreviewed OCR comparison, not a confirmed difference"
149,179,replace,became,be came,attempts at revolution and conspiracies which were betrayed before they became formidable the ringleaders were first the young lepidus then varro,attempts at revolution and conspiracies which were betrayed before they be came formidable the ringleaders were first the young lepidus then varro,"unreviewed OCR comparison, not a confirmed difference"
149,179,insert,,149,audasius and epicadius had planned to take his daughter julia,audasius and epicadius had planned to take his daughter julia 149,"unreviewed OCR comparison, not a confirmed difference"
151,181,insert,,the deified augustus,and his grandson agrippa by force to the armies from,the deified augustus and his grandson agrippa by force to the armies from,"unreviewed OCR comparison, not a confirmed difference"
151,181,replace,nothing,othing,fellow was crazy or feigned madness is a question since nothing could be wrung from him by torture he carried on,fellow was crazy or feigned madness is a question since othing could be wrung from him by torture xx he carried,"unreviewed OCR comparison, not a confirmed difference"
151,181,insert,,xx,question since nothing could be wrung from him by torture he carried on but two foreign wars in person in,question since othing could be wrung from him by torture xx he carried on but two foreign wars in rson in,"unreviewed OCR comparison, not a confirmed difference"
151,181,replace,person,rson,by torture he carried on but two foreign wars in person in dalmatia when he was but a youth and with,torture xx he carried on but two foreign wars in rson in dalmatia when he was but a youth and with,"unreviewed OCR comparison, not a confirmed difference"
151,181,insert,,xxi,from the city as far as ravenna mediolanum or aquileia in part as leader and in part with armies serving,from the city as far as ravenna mediolanum or aquileia xxi in part as leader and in part with armies serving,"unreviewed OCR comparison, not a confirmed difference"
151,181,replace,illyricum,mlyricum,his auspices he subdued cantabria aquitania pannonia dalmatia and all illyricum as well as raetia and the vindelici and salassi which,his auspices he subdued cantabria aquitania pannonia dalmatia and all mlyricum as well as raetia and the vindelici and salassi which,"unreviewed OCR comparison, not a confirmed difference"
151,181,replace,gaul,gau,and sigambri who submitted to him and were taken into gaul and settled in lands near the rhine he reduced to,and sigambri who submitted to him and were taken into gau and settled in lands near the rhine he reduced to,"unreviewed OCR comparison, not a confirmed difference"
151,181,insert,,151,other peoples too that were in a state of unrest,other peoples too that were in a state of unrest 151,"unreviewed OCR comparison, not a confirmed difference"
153,183,insert,,the deified augustus,but he never made war on any nation without just,the deified augustus but he never made war on any nation without just,"unreviewed OCR comparison, not a confirmed difference"
153,183,replace,stand ards,standards,laid claim to armenia and at his demand surrendered the stand ards which they had taken from marcus crassus and marcus antonius,laid claim to armenia and at his demand surrendered the standards which they had taken from marcus crassus and marcus antonius,"unreviewed OCR comparison, not a confirmed difference"
153,183,insert,,xxii,throne they would accept only the one whom he selected the temple of janus quirinus which had been closed but,throne they would accept only the one whom he selected xxii the temple of janus quirinus which had been closed but,"unreviewed OCR comparison, not a confirmed difference"
153,183,insert,,153 20 b c,the war of philippi and again after that in sicily,the war of philippi and again after that in sicily 153 20 b c,"unreviewed OCR comparison, not a confirmed difference"
155,185,insert,,the deified augustus,and he celebrated three regular triumphs for his victories in,the deified augustus and he celebrated three regular triumphs for his victories in,"unreviewed OCR comparison, not a confirmed difference"
155,185,insert,,xxiii,at actium and at alexandria all on three successive days he suffered but two severe and ignominious defeats those of,at actium and at alexandria all on three successive days xxiii he suffered but two severe and ignominious defeats those of,"unreviewed OCR comparison, not a confirmed difference"
155,185,delete,as,,and he observed the day of the disaster each year as one of sorrow and mourning he made many changes and,and he observed the day of the disaster each year one of sorrow and mourning xxiv he made many changes,"unreviewed OCR comparison, not a confirmed difference"
155,185,insert,,xxiv,the disaster each year as one of sorrow and mourning he made many changes and innovations in the army besides,of the disaster each year one of sorrow and mourning xxiv he made many changes and innovations in the army besides,"unreviewed OCR comparison, not a confirmed difference"
155,185,insert,,tax155 15 b c 9 ald,unfit for military service but when he saw that some,unfit for military service but when he saw that some tax155 15 b c 9 ald,"unreviewed OCR comparison, not a confirmed difference"
157,187,replace,tax,the deified augustus,tax gatherers were intent upon buying him he knocked him down,the deified augustus gatherers were intent upon buying him he knocked him down,"unreviewed OCR comparison, not a confirmed difference"
157,187,insert,,o,battle he decimated them and fed the rest on barley when centurions left their posts he punished them with death,battle he decimated them and fed the rest on barley o when centurions left their posts he punished them with death,"unreviewed OCR comparison, not a confirmed difference"
157,187,insert,,xxv,holding ten foot poles or even a clod of earth after the civil wars he never called any of the,holding ten foot poles or even a clod of earth xxv after the civil wars he never called any of the,"unreviewed OCR comparison, not a confirmed difference"
157,187,insert,,4,in the assembly or in an edict but always soldiers and he would not allow them to be addressed otherwise,in the assembly or in an edict but always soldiers 4 and he would not allow them to be addressed otherwise,"unreviewed OCR comparison, not a confirmed difference"
157,187,insert,,157,gave them freedom and he kept them under their original,gave them freedom and he kept them under their original 157,"unreviewed OCR comparison, not a confirmed difference"
159,189,insert,,the deified augustus,standard not mingling them with the soldiers of free birth,the deified augustus standard not mingling them with the soldiers of free birth,"unreviewed OCR comparison, not a confirmed difference"
159,189,insert,,xxvi,carried off could not be made good by any catch he received offices and honours before the usual age and,carried off could not be made good by any catch xxvi he received offices and honours before the usual age and,"unreviewed OCR comparison, not a confirmed difference"
159,189,insert,,159 43 bg,office for him in the name of his army and,office for him in the name of his army and 159 43 bg,"unreviewed OCR comparison, not a confirmed difference"
161,191,insert,,the deified augustus,when the senate hesitated his centurion cornelius leader of the,the deified augustus when the senate hesitated his centurion cornelius leader of the,"unreviewed OCR comparison, not a confirmed difference"
161,191,insert,,xxvii,the isle of samos the eighth and ninth at tarraco he was for ten years a member of the triumvirate,the isle of samos the eighth and ninth at tarraco xxvii he was for ten years a member of the triumvirate,"unreviewed OCR comparison, not a confirmed difference"
161,191,insert,,161 vol i m 33 bc 31 bc 30 23 b c 5b 0 2 bo,toranius who had also been the colleague of his father,toranius who had also been the colleague of his father 161 vol i m 33 bc 31 bc 30 23 b c 5b 0 2 bo,"unreviewed OCR comparison, not a confirmed difference"
163,193,insert,,the deified augustus,octavius in the aedileship julius saturninus adds that after the,the deified augustus octavius in the aedileship julius saturninus adds that after the,"unreviewed OCR comparison, not a confirmed difference"
163,193,replace,a spy,aspy,be stabbed on the spot thinking him an eavesdropper and a spy because tedius afer consul elect railed at some act of,be stabbed on the spot thinking him an eavesdropper and aspy because tedius afer consul elect railed at some act of,"unreviewed OCR comparison, not a confirmed difference"
163,193,insert,,163 m 2,prison and that after he was dismissed under sentence of,prison and that after he was dismissed under sentence of 163 m 2,"unreviewed OCR comparison, not a confirmed difference"
165,195,insert,,the deified augustus,banishment he either lost his life by shipwreck or was,the deified augustus banishment he either lost his life by shipwreck or was,"unreviewed OCR comparison, not a confirmed difference"
165,195,replace,power,fpower,shipwreck or was waylaid by brigands he received the tribunician power for life and once or twice chose a colleague in,shipwreck or was waylaid by brigands he received the tribunician fpower for life and once or twice chose a colleague in,"unreviewed OCR comparison, not a confirmed difference"
165,195,insert,,xxviii,and last time with a colleague the second time alone he twice thought of restoring the republic first immediately after,and last time with a colleague the second time alone xxviii he twice thought of restoring the republic first immediately after,"unreviewed OCR comparison, not a confirmed difference"
165,195,replace,i,1,me the hope when i die that the foundations which i have laid for the state will remain unshaken and he,me the hope when i die that the foundations which 1 have laid for the state will remain unshaken and he,"unreviewed OCR comparison, not a confirmed difference"
165,195,insert,,165,every effort to prevent any dissatisfaction with the new régime,every effort to prevent any dissatisfaction with the new régime 165,"unreviewed OCR comparison, not a confirmed difference"
167,197,insert,,the deified augustus,since the city was not adorned as the dignity of,the deified augustus since the city was not adorned as the dignity of,"unreviewed OCR comparison, not a confirmed difference"
167,197,insert,,xxix,future so far as human foresight could provide for this he built many public works in particular the following his,future so far as human foresight could provide for this xxix he built many public works in particular the following his,"unreviewed OCR comparison, not a confirmed difference"
167,197,replace,victors,victérs,provinces with military commands should be escorted and to it victors on their return should bear the tokens of their triumphs,provinces with military commands should be escorted and to it victérs on their return should bear the tokens of their triumphs,"unreviewed OCR comparison, not a confirmed difference"
167,197,insert,,167 24 bc 28 b c 22 b c,well and revised the lists of jurors he dedicated the,well and revised the lists of jurors he dedicated the 167 24 bc 28 b c 22 b c,"unreviewed OCR comparison, not a confirmed difference"
169,199,insert,,the deified augustus,shrine to jupiter the thunderer because of a narrow escape,the deified augustus shrine to jupiter the thunderer because of a narrow escape,"unreviewed OCR comparison, not a confirmed difference"
169,199,replace,colonnades,colonmades,the colonnade and basilica of gaius and lucius also the colonnades of livia and octavia and the theatre of marcellus more,the colonnade and basilica of gaius and lucius also the colonmades of livia and octavia and the theatre of marcellus more,"unreviewed OCR comparison, not a confirmed difference"
169,199,insert,,xxx,taurus and by marcus agrippa in particular many magnificent structures he divided the area of the city into regions and,taurus and by marcus agrippa in particular many magnificent structures xxx he divided the area of the city into regions and,"unreviewed OCR comparison, not a confirmed difference"
169,199,insert,,169 12 bc 15 33 b c 18 b c,the rest of the high ways to others who had,the rest of the high ways to others who had 169 12 bc 15 33 b c 18 b c,"unreviewed OCR comparison, not a confirmed difference"
171,201,insert,,the deified augustus,been honoured with triumphs asking them to use their prize,the deified augustus been honoured with triumphs asking them to use their prize,"unreviewed OCR comparison, not a confirmed difference"
171,201,insert,,xxxi,other precious stones to the value of fifty million sesterces after he finally assumed the office of pontifex maximus on,other precious stones to the value of fifty million sesterces xxxi after he finally assumed the office of pontifex maximus on,"unreviewed OCR comparison, not a confirmed difference"
171,201,replace,prophetic,pro phetic,him of the honour while he lived he collected whatever prophetic writings of greek or latin origin were in circulation anonymously,him of the honour while he lived he collected whatever pro phetic writings of greek or latin origin were in circulation anonymously,"unreviewed OCR comparison, not a confirmed difference"
171,201,replace,birth month,birthmonth,the month sextilis by his own surname rather than his birth month september because in the former he had won his first,the month sextilis by his own surname rather than his birthmonth september because in the former he had won his first,"unreviewed OCR comparison, not a confirmed difference"
171,201,insert,,17 13 bc 8 rc,the hazard of the lot he solemnly swore that if,the hazard of the lot he solemnly swore that if 17 13 bc 8 rc,"unreviewed OCR comparison, not a confirmed difference"
173,203,insert,,the deified augustus,anyone of his grand daughters were of eligible age he,the deified augustus anyone of his grand daughters were of eligible age he,"unreviewed OCR comparison, not a confirmed difference"
173,203,replace,original,origina,accordingly he restored the works of such men with their original inscriptions and in the two colonnades of his forum dedicated,accordingly he restored the works of such men with their origina inscriptions and in the two colonnades of his forum dedicated,"unreviewed OCR comparison, not a confirmed difference"
173,203,insert,,xxxii,marble arch opposite the grand door of pompey s theatre many pernicious practices militating against public security had survived as,marble arch opposite the grand door of pompey s theatre xxxii many pernicious practices militating against public security had survived as,"unreviewed OCR comparison, not a confirmed difference"
173,203,insert,,173,freemen and slaves alike were seized and kept in confinement,freemen and slaves alike were seized and kept in confinement 173,"unreviewed OCR comparison, not a confirmed difference"
175,205,insert,,the deified augustus,in the workhouses of the land owners numerous leagues too,the deified augustus in the workhouses of the land owners numercus leagues too,"unreviewed OCR comparison, not a confirmed difference"
175,205,replace,numerous,numercus,in the workhouses of the land owners numerous leagues too were formed for the commission of crimes of,the deified augustus in the workhouses of the land owners numercus leagues too were formed for the commission of crimes of,"unreviewed OCR comparison, not a confirmed difference"
175,205,insert,,4,the charge he should be liable to the same penalty to prevent any action for damages or on a disputed,the charge he should be liable to the same penalty 4 to prevent any action for damages or on a disputed,"unreviewed OCR comparison, not a confirmed difference"
175,205,insert,,4 that is if he failed to win his suit he should suffer the nalty that would have been inflicted on the defendant if e had been convicted men whose property amounted to 200 000 sesterces or half of a knight s estate 175,exemption and that the custom of holding court during the,exemption and that the custom of holding court during the 4 that is if he failed to win his suit he should suffer the nalty that would have been inflicted on the defendant if e had been convicted men whose property amounted to 200 000 sesterces or half of a knight s estate 175,"unreviewed OCR comparison, not a confirmed difference"
177,207,insert,,the deified augustus,months of november and december should be given up he,the deified augustus months of november and december should be given up xxxii,"unreviewed OCR comparison, not a confirmed difference"
177,207,insert,,xxxii,months of november and december should be given up he himself administered justice regularly and sometimes up to nightfall,augustus months of november and december should be given up xxxii he himself administered justice regularly and sometimes up to nightfall,"unreviewed OCR comparison, not a confirmed difference"
177,207,replace,at home,athome,the tribunal if he was indisposed or even lying down at home in his administration of justice he was both highly conscientious,the tribunal if he was indisposed or even lying down athome in his administration of justice he was both highly conscientious,"unreviewed OCR comparison, not a confirmed difference"
177,207,replace,a man,aman,was both highly conscientious and very lenient for to save a man clearly guilty of parricide from being sewn up in the,was both highly conscientious and very lenient for to save aman clearly guilty of parricide from being sewn up in the,"unreviewed OCR comparison, not a confirmed difference"
177,207,replace,each,eaeh,had put one in charge of the business affairs of each province he revised existing laws and enacted some new ones,had put one in charge of the business affairs of eaeh province xxxiv he revised existing laws and enacted some new,"unreviewed OCR comparison, not a confirmed difference"
177,207,insert,,xxxiv,one in charge of the business affairs of each province he revised existing laws and enacted some new ones for,one in charge of the business affairs of eaeh province xxxiv he revised existing laws and enacted some new ones for,"unreviewed OCR comparison, not a confirmed difference"
177,207,insert,,177 vol i n,the obligation to marry after the death of a husband,the obligation to marry after the death of a husband 177 vol i n,"unreviewed OCR comparison, not a confirmed difference"
179,209,insert,,the deified augustus,or wife when the knights even then persistently called for,the deified augustus or wife when the knights even then persistently called for,"unreviewed OCR comparison, not a confirmed difference"
179,209,insert,,xxxv,the duration of betrothals and set a limit on divorce since the number of the senators was swelled by a,the duration of betrothals and set a limit on divorce xxxv since the number of the senators was swelled by a,"unreviewed OCR comparison, not a confirmed difference"
179,209,replace,by two,bytwo,bribery he restored it to its former limits and distinction by two enrolments one according to the choice of the members themselves,bribery he restored it to its former limits and distinction bytwo enrolments one according to the choice of the members themselves,"unreviewed OCR comparison, not a confirmed difference"
179,209,insert,,179 nn 2,inconvenience he provided that before taking his seat each member,inconvenience he provided that before taking his seat each member 179 nn 2,"unreviewed OCR comparison, not a confirmed difference"
181,211,insert,,the deified augustus,should offer incense and wine at the altar of the,the deified augustus should offer incense and wine at the altar of the,"unreviewed OCR comparison, not a confirmed difference"
181,211,insert,,xxxvi,were to initiate action rather than give assent to others he introduced other innovations too among them these that the,were to initiate action rather than give assent to others xxxvi he introduced other innovations too among them these that the,"unreviewed OCR comparison, not a confirmed difference"
181,211,replace,was,oe,be allowed the proconsuls for mules and tents which it was the custom to contract for and charge to the state,be allowed the proconsuls for mules and tents which it oe the custom to contract for and charge to the state,"unreviewed OCR comparison, not a confirmed difference"
181,211,insert,,xxxvii,to convoke should be summoned by the board of ten to enable more men to take part in the administration,to convoke should be summoned by the board of ten xxxvii to enable more men to take part in the administration,"unreviewed OCR comparison, not a confirmed difference"
181,211,replace,well,weil,tiber of the distribution of grain to the people as well as the,tiber of the distribution of grain to the people as weil as the 181,"unreviewed OCR comparison, not a confirmed difference"
181,211,insert,,181,distribution of grain to the people as well as the,distribution of grain to the people as weil as the 181,"unreviewed OCR comparison, not a confirmed difference"
183,213,insert,,the deified augustus,prefecture of the city a board of three for choosing,the deified augustus prefecture of the city a board of three for choosing,"unreviewed OCR comparison, not a confirmed difference"
183,213,replace,praetors,praetots,which had long been discontinued he increased the number of praetors he also demanded that whenever the consulship was conferred on,which had long been discontinued he increased the number of praetots he also demanded that whenever the consulship was conferred on,"unreviewed OCR comparison, not a confirmed difference"
183,213,insert,,wxxxviii,that he held the office with another and not alone he was not less generous in honouring martial prowess for,that he held the office with another and not alone wxxxviii he was not less generous in honouring martial prowess for,"unreviewed OCR comparison, not a confirmed difference"
183,213,replace,camp life,ae,well and to furnish all of them with experience in camp life he usually appointed two senators sons to command each division,well and to furnish all of them with experience in ae he usually appointed two senators sons to co each division,"unreviewed OCR comparison, not a confirmed difference"
183,213,replace,command,co,in camp life he usually appointed two senators sons to command each division he reviewed the companies of knights at frequent,experience in ae he usually appointed two senators sons to co each division he reviewed the companies of knights at frequent,"unreviewed OCR comparison, not a confirmed difference"
183,213,insert,,183 and,they were summoned later he excused those who were over,they were summoned later he excused those who were over 183 and,"unreviewed OCR comparison, not a confirmed difference"
185,215,insert,,the deified augustus,thirty five years of age and did not wish to,the deified augustus thirty five years of age and did not wish to,"unreviewed OCR comparison, not a confirmed difference"
185,215,insert,,xxxix,not wish to retain their horses from formally surrendering them having obtained ten assistants from the senate he compelled each,not wish to retain their horses from formally surrendering them xxxix having obtained ten assistants from the senate he compelled each,"unreviewed OCR comparison, not a confirmed difference"
185,215,insert,,xl,at low interest and invested it at a higher rate at the elections for tribunes if there were not candidates,at low interest and invested it at a higher rate xl at the elections for tribunes if there were not candidates,"unreviewed OCR comparison, not a confirmed difference"
185,215,replace,knight s,ne,if they themselves or their parents had ever possessed a knight s estate he revised the lists of the people street by,if they themselves or their parents had ever possessed a ne estate he revised the lists of the people street by,"unreviewed OCR comparison, not a confirmed difference"
185,215,insert,,185,penalties and distributing to his fellow members of the fabian,penalties and distributing to his fellow members of the fabian 185,"unreviewed OCR comparison, not a confirmed difference"
187,217,insert,,the deified augustus,and scaptian tribes a thousand sesterces a man from his,the deified augustus and scaptian tribes a thousand sesterces a man from his,"unreviewed OCR comparison, not a confirmed difference"
187,217,replace,acquire,a eqquire,who had ever been put in irons or tortured should acquire citizenship by any grade of freedom he desired also to,who had ever been put in irons or tortured should a eqquire citizenship by any grade of freedom he desired also to,"unreviewed OCR comparison, not a confirmed difference"
187,217,insert,,or disgraceful acts flagitia became on manumission dediticii prisoners of war verg aen 1 282 187,toga and he directed the aediles never again to allow,toga and he directed the aediles never again to allow or disgraceful acts flagitia became on manumission dediticii prisoners of war verg aen 1 282 187,"unreviewed OCR comparison, not a confirmed difference"
189,219,insert,,the deified augustus,anyone to appear in the forum or its neighbourhood except,the deified augustus anyone to appear in the forum or its neighbourhood except,"unreviewed OCR comparison, not a confirmed difference"
189,219,replace,in the,inthe,anyone to appear in the forum or its neighbourhood except in the toga and without a cloak he often showed generosity to,anyone to appear in the forum or its neighbourhood except inthe toga and without a cloak xli he often showed generosity,"unreviewed OCR comparison, not a confirmed difference"
189,219,insert,,xli,its neighbourhood except in the toga and without a cloak he often showed generosity to all classes when occasion offered,or its neighbourhood except inthe toga and without a cloak xli he often showed generosity to all classes when occasion offered,"unreviewed OCR comparison, not a confirmed difference"
189,219,insert,,xlii,figure sometimes for nothing and he doubled the money tickets but to show that he was a prince who desired,figure sometimes for nothing and he doubled the money tickets xlii but to show that he was a prince desired the,"unreviewed OCR comparison, not a confirmed difference"
189,219,delete,who,,money tickets but to show that he was a prince who desired the public welfare rather than popularity when the people,tickets xlii but to show that he was a prince desired the public welfare rather than popularity when the people,"unreviewed OCR comparison, not a confirmed difference"
189,219,insert,,and various commodities were distributed by similar esserae ef chap xl 2 nero xi dom iv 189,demanded largess which he had in fact promised he replied,demanded largess which he had in fact promised he replied and various commodities were distributed by similar esserae ef chap xl 2 nero xi dom iv 189,"unreviewed OCR comparison, not a confirmed difference"
191,221,replace,i am a man,the deified augustus tamaman,i am a man of my word but when they called for one which,the deified augustus tamaman of my word but when they called for one which,"unreviewed OCR comparison, not a confirmed difference"
191,221,replace,agriculture,agri culture,forever with distributions of grain because through dependence on them agriculture was neglected but i did not carry out my purpose,forever with distributions of grain because through dependence on them agri culture was neglected but i did not carry gut my purpose,"unreviewed OCR comparison, not a confirmed difference"
191,221,replace,out,gut,on them agriculture was neglected but i did not carry out my purpose feeling sure that they would one day be,them agri culture was neglected but i did not carry gut my purpose feeling sure that they would one day be,"unreviewed OCR comparison, not a confirmed difference"
191,221,insert,,xliii,farmers and grain dealers than for those of the populace he surpassed all his predecessors in the frequency variety and,farmers and grain dealers than for those of the populace xliii he surpassed all his predecessors in the frequency variety and,"unreviewed OCR comparison, not a confirmed difference"
191,221,insert,,amphi191,combats of gladiators not only in the forum or the,combats of gladiators not only in the forum or the amphi191,"unreviewed OCR comparison, not a confirmed difference"
193,223,replace,amphitheatre,the deified augustus theatre,amphitheatre but in the circus and in the saepta sometimes however,the deified augustus theatre but in the circus and in the saepta sometimes however,"unreviewed OCR comparison, not a confirmed difference"
193,223,replace,sea fight,seafight,too in the campus martius erecting wooden seats also a sea fight constructing an artificial lake near the tiber where the grove,too in the campus martius erecting wooden seats also a seafight constructing an artificial lake near the tiber where the grove,"unreviewed OCR comparison, not a confirmed difference"
193,223,replace,senate,srs,asinius pollio the orator complained bitterly and angrily in the senate of an accident to his grandson aeserninus who also had,asinius pollio the orator complained bitterly and angrily in the srs of an accident to his grandson aeserninus who had broken,"unreviewed OCR comparison, not a confirmed difference"
193,223,delete,also,,the senate of an accident to his grandson aeserninus who also had broken his leg he sometimes employed even roman knights,the srs of an accident to his grandson aeserninus who had broken his leg he sometimes employed even roman knights,"unreviewed OCR comparison, not a confirmed difference"
193,223,insert,,193 vol 1 o,a display of the first parthian hostages that had ever,a display of the first parthian hostages that had ever 193 vol 1 o,"unreviewed OCR comparison, not a confirmed difference"
195,225,insert,,the deified augustus,been sent to rome by leading them through the middle,the deified augustus been sent to rome by leading them through the middle,"unreviewed OCR comparison, not a confirmed difference"
195,225,replace,in the,inthe,way he left his own place and took his seat in the part which appeared most dangerous he put a stop by,way he left his own place and took his seat inthe part which appeared most dangerous xliv he put a stop,"unreviewed OCR comparison, not a confirmed difference"
195,225,insert,,xliv,took his seat in the part which appeared most dangerous he put a stop by special regulations to the disorderly,and took his seat inthe part which appeared most dangerous xliv he put a stop by special regulations to the disorderly,"unreviewed OCR comparison, not a confirmed difference"
195,225,replace,viewing,revi,by special regulations to the disorderly and indiscriminate fashion of viewing the games through exasperation at the insult to a senator,by special regulations to the disorderly and indiscriminate fashion of revi the games through exasperation at the insult to a sena,"unreviewed OCR comparison, not a confirmed difference"
195,225,replace,senator,sena,viewing the games through exasperation at the insult to a senator to whom no one offered a seat in a crowded,revi the games through exasperation at the insult to a sena to whom no one offered a seat in a crowded,"unreviewed OCR comparison, not a confirmed difference"
195,225,insert,,195 o 2,one to their preceptors and he decreed that no one,one to their preceptors and he decreed that no one 195 o 2,"unreviewed OCR comparison, not a confirmed difference"
197,227,insert,,the deified augustus,wearing a dark cloak should sit in the middle of,the deified augustus wearing a dark cloak should sit in the middle ot,"unreviewed OCR comparison, not a confirmed difference"
197,227,replace,of,ot,wearing a dark cloak should sit in the middle of the house he would not allow women to view even,augustus wearing a dark cloak should sit in the middle ot the house he would not allow women to view even,"unreviewed OCR comparison, not a confirmed difference"
197,227,insert,,xlv,should not come to the theatre before the fifth hour he himself usually watched the games in the circus from,should not come to the theatre before the fifth hour xlv he himself usually watched the games in the circus from,"unreviewed OCR comparison, not a confirmed difference"
197,227,replace,children,shildren,imperial box and even in company with his wife and children he was sometimes absent for several hours and now and,imperial box and even in company with his wife and shildren he was sometimes absent for several hours and now and,"unreviewed OCR comparison, not a confirmed difference"
197,227,insert,,97,present to each of the participants according to his deserts,present to each of the participants according to his deserts 97,"unreviewed OCR comparison, not a confirmed difference"
199,229,insert,,the deified augustus,he was especially given to watching boxers particularly those of,the deified augustus he was especially given to watching boxers particularly those of,"unreviewed OCR comparison, not a confirmed difference"
199,229,replace,short to,shor ao,plays was waited on by a matron with hair cut short to look like a boy he had him whipped with rods,plays was waited on by a matron with hair cut shor ao look like a boy he had him whipped with rods,"unreviewed OCR comparison, not a confirmed difference"
199,229,insert,,xlvi,turned all eyes upon a spectator who was hissing him after having thus set the city and its affairs in,turned all eyes upon a spectator who was hissing him xlvi after having thus set the city and its affairs in,"unreviewed OCR comparison, not a confirmed difference"
199,229,insert,,199,equal rights and dignity with the city of rome by,equal rights and dignity with the city of rome by 199,"unreviewed OCR comparison, not a confirmed difference"
201,231,insert,,the deified augustus,devising a kind of votes which the members of the,the deified augustus devising a kind of votes which the members of the,"unreviewed OCR comparison, not a confirmed difference"
201,231,replace,legitimate,worthy,to those of the commons who could lay claim to legitimate sons or daughters when he made his rounds of the,to those of the commons who could lay claim to worthy sons and daughters when he made his rounds of the,"unreviewed OCR comparison, not a confirmed difference"
201,231,replace,or,and,of the commons who could lay claim to legitimate sons or daughters when he made his rounds of the districts he,of the commons who could lay claim to worthy sons and daughters when he made his rounds of the city he,"unreviewed OCR comparison, not a confirmed difference"
201,231,replace,districts,city,sons or daughters when he made his rounds of the districts he distributed a thousand sesterces for each child the stronger,sons and daughters when he made his rounds of the city he distributed a thousand sesterces for each child xlvii the,"unreviewed OCR comparison, not a confirmed difference"
201,231,insert,,xlvii,the districts he distributed a thousand sesterces for each child the stronger provinces which could neither easily nor safely be,the city he distributed a thousand sesterces for each child xlvii the stronger provinces which could neither easily nor safely be,"unreviewed OCR comparison, not a confirmed difference"
201,231,insert,,he relieved,to ruin through their lawlessness he deprived of their independence others which were overwhelmed with debt he relieved some which,to ruin through their lawlessness he deprived of their independence he relieved others that were overwhelmed with debt 27 b c rebuilt,"unreviewed OCR comparison, not a confirmed difference"
201,231,replace,which,that,ruin through their lawlessness he deprived of their independence others which were overwhelmed with debt he relieved some which had been,their lawlessness he deprived of their independence he relieved others that were overwhelmed with debt 27 b c rebuilt some which,"unreviewed OCR comparison, not a confirmed difference"
201,231,replace,he relieved,27 b c rebuilt,deprived of their independence others which were overwhelmed with debt he relieved some which had been destroyed by earthquakes he rebuilt and,their independence he relieved others that were overwhelmed with debt 27 b c rebuilt some which had been destroyed by earth quakes and gave,"unreviewed OCR comparison, not a confirmed difference"
201,231,replace,earthquakes he rebuilt,earth quakes,with debt he relieved some which had been destroyed by earthquakes he rebuilt and he gave latin rights or full citizenship to such,27 b c rebuilt some which had been destroyed by earth quakes and gave latin rights or full citizenship to such as,"unreviewed OCR comparison, not a confirmed difference"
201,231,delete,he,,some which had been destroyed by earthquakes he rebuilt and he gave latin rights or full citizenship to such as could,rebuilt some which had been destroyed by earth quakes and gave latin rights or full citizenship to such as could,"unreviewed OCR comparison, not a confirmed difference"
201,231,insert,,xlviii,later had neither opportunity nor occasion to make the voyage except in a few instances he restored the kingdoms of,later had neither opportunity nor occasion to make the voyage xlviii except in a few instances he restored the kingdoms of,"unreviewed OCR comparison, not a confirmed difference"
201,231,insert,,201,right of conquest to those from whom he had taken,right of conquest to those from whom he had taken 201,"unreviewed OCR comparison, not a confirmed difference"
203,233,insert,,the deified augustus,them or joined them with other foreign nations he also,the deified augustus them or joined them with other foreign nations he also,"unreviewed OCR comparison, not a confirmed difference"
203,233,insert,,xlix,of many of them and educated them with his own of his military forces he assigned legions and auxiliaries to,of many of them and educated them with his own xlix of his military forces he assigned legions and auxiliaries to,"unreviewed OCR comparison, not a confirmed difference"
203,233,insert,,either,keep them from being tempted to revolution after their discharge by age or poverty to have funds ready at all,keep them from being tempted to revolution after their discharge either by age or poverty to have funds ready at all,"unreviewed OCR comparison, not a confirmed difference"
203,233,insert,,203,them he established a military treasury supported by new taxes,them he established a military treasury supported by new taxes 203,"unreviewed OCR comparison, not a confirmed difference"
205,235,insert,,the deified augustus,to enable what was going on in each of the,the deified augustus to enable what was going on in each of the,"unreviewed OCR comparison, not a confirmed difference"
205,235,replace,convenient,con venient,and afterwards post chaises the latter has seemed the more convenient arrangement since the same men who bring the dispatches from,and afterwards post chaises the latter has seemed the more con venient arrangement since the same men who bring the dispatches from,"unreviewed OCR comparison, not a confirmed difference"
205,235,insert,,l,any place can if occasion demands be questioned as well in passports dispatches and private letters he used as his,any place can if occasion demands be questioned as well l in passports dispatches and private letters he used as his,"unreviewed OCR comparison, not a confirmed difference"
205,235,replace,sphinx,sphynx,private letters he used as his seal at first a sphinx later an image of alexander the great and finally his,private letters he used as his seal at first a sphynx later an image of alexander the great and finally his,"unreviewed OCR comparison, not a confirmed difference"
205,235,insert,,even,letters the exact hour not only of the day but of the night to indicate precisely when they were written,letters the exact hour not only of the day but even of the night to indicate precisely when they were written,"unreviewed OCR comparison, not a confirmed difference"
205,235,insert,,li,of the night to indicate precisely when they were written the evidences of his clemency and moderation are numerous and,of the night to indicate precisely when they were written li the evidences of his clemency and moderation are numerous and,"unreviewed OCR comparison, not a confirmed difference"
205,235,insert,,ra,list of the men of the opposite faction whom he not only pardoned and spared but allowed to hold high,list of the men of the opposite faction whom he ra not only pardoned and spared but allowed to hold high,"unreviewed OCR comparison, not a confirmed difference"
205,235,insert,,respectively,patavinus with a fine and a mild form of banishment although the former had circulated a most scathing letter about,patavinus with a fine and a mild form of banishment respectively although the former had circulated a most scathing letter about,"unreviewed OCR comparison, not a confirmed difference"
205,235,replace,and,while,letter about him under the name of the young agrippa and the latter had openly boasted at a large dinner party,letter about him under the name of the young agrippa while the latter had openly declared at a large dinner party,"unreviewed OCR comparison, not a confirmed difference"
205,235,replace,boasted,declared,name of the young agrippa and the latter had openly boasted at a large dinner party that he lacked neither the,name of the young agrippa while the latter had openly declared at a large dinner party that he lacked neither the,"unreviewed OCR comparison, not a confirmed difference"
205,235,replace,i,ti,augustus turned to the accuser with assumed anger and said i wish you could prove the truth of that i ll,augustus turned to the accuser with assumed anger and said ti wish you could prove the truth of that i ll,"unreviewed OCR comparison, not a confirmed difference"
205,235,insert,,205,you could prove the truth of that i ll let,you could prove the truth of that i ll let 205,"unreviewed OCR comparison, not a confirmed difference"
207,237,insert,,the deified augustus,aelianus know that i have a tongue as well as,the deified augustus aelianus know that i have a tongue as well as,"unreviewed OCR comparison, not a confirmed difference"
207,237,insert,,lit,if we can stop anyone from doing evil to us although well aware that it was usual to vote temples,if we can stop anyone from doing evil to us lit although well aware that it was usual to vote temples,"unreviewed OCR comparison, not a confirmed difference"
207,237,replace,peremptorily and,emphatically,rome in the city itself he refused this honour most peremptorily and even melted down the silver statues which had been set,rome in the city itself he refused this honour most emphatically even melting down the silver statues which had been set,"unreviewed OCR comparison, not a confirmed difference"
207,237,replace,melted,melting,city itself he refused this honour most peremptorily and even melted down the silver statues which had been set up in,the city itself he refused this honour most emphatically even melting down the silver statues which had been set up inhis,"unreviewed OCR comparison, not a confirmed difference"
207,237,replace,in his,inhis,melted down the silver statues which had been set up in his honour in former times and with the money coined from,melting down the silver statues which had been set up inhis honour in former times and with the money coined from,"unreviewed OCR comparison, not a confirmed difference"
207,237,replace,dedicated,dedicating,in former times and with the money coined from them dedicated golden tripods to apollo of the palatine when the people,in former times and with the money coined from them dedicating golden tripods to apollo of the palatine when the people,"unreviewed OCR comparison, not a confirmed difference"
207,237,insert,,litj,shoulders and with bare breast begged them not to insist he always shrank from the title of lord as reproachful,shoulders and with bare breast begged them not to insist litj he always shrank from the title of lord as reproachful,"unreviewed OCR comparison, not a confirmed difference"
207,237,replace,applied to,said of,sprang to their feet and applauded as if they were applied to him he at once checked their unseemly flattery by look,sprang to their feet and applauded as if they were said of him he at once checked their unseemly flattery by look,"unreviewed OCR comparison, not a confirmed difference"
207,237,replace,severely reprimanded,sharply reproved,flattery by look and gesture and on the following day severely reprimanded them in an edict after that he would not suffer,flattery by look and gesture and on the following day sharply reproved them in an edict after that he would not suffer,"unreviewed OCR comparison, not a confirmed difference"
207,237,insert,,207 va,in jest or earnest and he forbade them to use,in jest or earnest and he forbade them to use 207 va,"unreviewed OCR comparison, not a confirmed difference"
209,239,insert,,the deified augustus,such flattering terms among themselves he did not if he,the deified augustus such flattering terms even among themselves he did not if,"unreviewed OCR comparison, not a confirmed difference"
209,239,insert,,even,such flattering terms among themselves he did not if he could help it,the deified augustus such flattering terms even among themselves he did not if he could help it,"unreviewed OCR comparison, not a confirmed difference"
209,239,delete,suddenly,,senator with whom he was not at all intimate had suddenly become blind and had therefore resolved to starve himself to,senator with whom he was not at all intimate had become blind and had therefore resolved to end his life,"unreviewed OCR comparison, not a confirmed difference"
209,239,replace,starve himself to death,end his life by starvation,intimate had suddenly become blind and had therefore resolved to starve himself to death augustus called on him and by his consoling words induced,all intimate had become blind and had therefore resolved to end his life by starvation augustus called on him and by his consoling words induced,"unreviewed OCR comparison, not a confirmed difference"
209,239,insert,,liv,him and by his consoling words induced him to live as he was speaking in the senate someone said to,him and by his consoling words induced him to live liv as he was speaking in the senate someone said to,"unreviewed OCR comparison, not a confirmed difference"
209,239,replace,i,t,someone said to him i did not understand and another i would contradict you if i had an opportunity several times,someone said to him i did not understand and another t would contradict you if i had an opportunity several times,"unreviewed OCR comparison, not a confirmed difference"
209,239,replace,leaving,rushing from,if i had an opportunity several times when he was leaving the house in anger at the excessive bickering of the,if i had an opportunity several times when he was rushing from the house in anger at thé excessive bickering of the,"unreviewed OCR comparison, not a confirmed difference"
209,239,replace,the,thé,times when he was leaving the house in anger at the excessive bickering of the disputants some shouted after him senators,when he was rushing from the house in anger at thé excessive bickering of the disputants some shouted after him senators,"unreviewed OCR comparison, not a confirmed difference"
209,239,insert,,209 vol 1 p,affairs at the selection of senators when each member chose,affairs at the selection of senators when each member chose 209 vol 1 p,"unreviewed OCR comparison, not a confirmed difference"
211,241,insert,,the deified augustus,another antistius labeo named marcus lepidus an ex triumvir who,the deified augustus another antistius labeo named marcus lepidus an old enemy of,"unreviewed OCR comparison, not a confirmed difference"
211,241,replace,ex triumvir who was then,old enemy of the emperor s and at the time,another antistius labeo named marcus lepidus an ex triumvir who was then in banishment and when augustus asked him whether there were,the deified augustus another antistius labeo named marcus lepidus an old enemy of the emperor s and at the time in banishment and when augustus asked him whether there were,"unreviewed OCR comparison, not a confirmed difference"
211,241,delete,his,,that no one suffered for his freedom of speech or his insolence he did not even dread the lampoons against him,that no one suffered for his freedom of speech or insolence lv he did not even dread the lampoons against,"unreviewed OCR comparison, not a confirmed difference"
211,241,insert,,lv,one suffered for his freedom of speech or his insolence he did not even dread the lampoons against him which,no one suffered for his freedom of speech or insolence lv he did not even dread the lampoons against him which,"unreviewed OCR comparison, not a confirmed difference"
211,241,replace,those who,such as,trying to discover the authors he merely proposed that thereafter those who published notes or verses defamatory of anyone under a false,trying to discover the authors he merely proposed that thereafter such as published notes or verses defamatory of anyone under a false,"unreviewed OCR comparison, not a confirmed difference"
211,241,insert,,lvi,anyone under a false name should be called to account when he was assailed with scurrilous or spiteful jests by,anyone under a false name should be called to account lvi when he was assailed with scurrilous or spiteful jests by,"unreviewed OCR comparison, not a confirmed difference"
211,241,insert,,2,vetoed a law to check freedom of speech in wills whenever he took part in the election of magistrates he,vetoed a law to check freedom of speech in wills 2 whenever he took part in the election of magistrates he,"unreviewed OCR comparison, not a confirmed difference"
211,241,replace,nominated,recommended,to eject the owners of the neighbouring houses he never nominated his adopted sons for office without adding if they be,to eject the owners of the neighbouring houses he never recommended his sons for office without adding if they be worthy,"unreviewed OCR comparison, not a confirmed difference"
211,241,delete,adopted,,the owners of the neighbouring houses he never nominated his adopted sons for office without adding if they be worthy of,the owners of the neighbouring houses he never recommended his sons for office without adding if they be worthy of,"unreviewed OCR comparison, not a confirmed difference"
211,241,insert,,211 p 2,the same laws as the rest and equally liable to,the same laws as the rest and equally liable to 211 p 2,"unreviewed OCR comparison, not a confirmed difference"
213,243,replace,public,the deified augustus,public prosecution when nonius asprenas a close friend of his was,the deified augustus prosecution when nonius asprenas a close friend of his was,"unreviewed OCR comparison, not a confirmed difference"
213,243,replace,being present,appearing in the case,and prejudicing his case then since all approved of his being present he sat on the benches for several hours but in,and prejudicing his case then since all approved of his appearing in the case he sat on the benches for several hours but in,"unreviewed OCR comparison, not a confirmed difference"
213,243,replace,an old soldier,one,defend some of his clients for instance a certain scutarius an old soldier of his who was facing an action for slander he,defend some of his clients for instance a certain scutarius one of his officers who was accused of slander but he,"unreviewed OCR comparison, not a confirmed difference"
213,243,insert,,officers,for instance a certain scutarius an old soldier of his who was facing an action for slander he secured the,his clients for instance a certain scutarius one of his officers who was accused of slander but he secured the acquittal,"unreviewed OCR comparison, not a confirmed difference"
213,243,replace,facing an action for,accused of,a certain scutarius an old soldier of his who was facing an action for slander he secured the acquittal of no more than one,instance a certain scutarius one of his officers who was accused of slander but he secured the acquittal of no more than,"unreviewed OCR comparison, not a confirmed difference"
213,243,insert,,but,soldier of his who was facing an action for slander he secured the acquittal of no more than one single,scutarius one of his officers who was accused of slander but he secured the acquittal of no more than one single,"unreviewed OCR comparison, not a confirmed difference"
213,243,replace,judges,jurors,successful appeal to the accuser in the presence of the judges this was castricius through whom he had learned of murena,successful appeal to the accuser in the presence of the jurors this was castricius through whom he had learned of murena,"unreviewed OCR comparison, not a confirmed difference"
213,243,insert,,lvii,castricius through whom he had learned of murena s conspiracy it may readily be imagined how much he was beloved,castricius through whom he had learned of murena s conspiracy lvii it may readily be imagined how much he was beloved,"unreviewed OCR comparison, not a confirmed difference"
213,243,delete,the,,beloved because of this admirable conduct i say nothing of the decrees of the senate which might seem to have been,beloved because of this admirable conduct i say nothing of decrees of the senate which might seem to have been,"unreviewed OCR comparison, not a confirmed difference"
213,243,delete,and,,the roman knights celebrated his birthday of their own accord and by common consent and always for two successive days all,the roman knights celebrated his birthday of their own accord by common consent and always for two successive days all,"unreviewed OCR comparison, not a confirmed difference"
213,243,insert,,213,been destroyed by fire the veterans the guilds the tribes,been destroyed by fire the veterans the guilds the tribes 213,"unreviewed OCR comparison, not a confirmed difference"
215,245,insert,,the deified augustus,and even individuals of other conditions gladly contributed money according,the deified augustus and even individuals of other conditions gladly contributed money each,"unreviewed OCR comparison, not a confirmed difference"
215,245,insert,,each,and even individuals of other conditions gladly contributed money according to their means but he barely took a little,augustus and even individuals of other conditions gladly contributed money each according to his means but he merely took a little,"unreviewed OCR comparison, not a confirmed difference"
215,245,replace,their,his,even individuals of other conditions gladly contributed money according to their means but he barely took a little from each pile,individuals of other conditions gladly contributed money each according to his means but he merely took a little from each pile,"unreviewed OCR comparison, not a confirmed difference"
215,245,replace,barely,merely,conditions gladly contributed money according to their means but he barely took a little from each pile as a matter of,gladly contributed money each according to his means but he merely took a little from each pile as a matter of,"unreviewed OCR comparison, not a confirmed difference"
215,245,delete,appropriating,,little from each pile as a matter of form not appropriating more than a single denarius from any of them on,little from each pile as a matter of form not more than a denarius from any of them on his,"unreviewed OCR comparison, not a confirmed difference"
215,245,delete,single,,as a matter of form not appropriating more than a single denarius from any of them on his return from the,pile as a matter of form not more than a denarius from any of them on his return from a,"unreviewed OCR comparison, not a confirmed difference"
215,245,replace,the provinces,a province,single denarius from any of them on his return from the provinces they received him not only with prayers and good wishes,a denarius from any of them on his return from a province they received him not only with prayers and good wishes,"unreviewed OCR comparison, not a confirmed difference"
215,245,replace,a,the,with prayers and good wishes but with songs it was a rule too that whenever he entered the city no one,with prayers and good wishes but with songs it was the rule too that whenever he entered the city no one,"unreviewed OCR comparison, not a confirmed difference"
215,245,insert,,lviii,whenever he entered the city no one should suffer punishment the whole body of citizens with a sudden unanimous impulse,whenever he entered the city no one should suffer punishment lviii the whole body of citizens with a sudden unanimous impulse,"unreviewed OCR comparison, not a confirmed difference"
215,245,delete,the,,entered the theatre which they attended in throngs all wearing the laurel crowns the senate afterwards in the house not by,entered the theatre which they attended in throngs all wearing laurel wreaths the senate afterwards in the house not by,"unreviewed OCR comparison, not a confirmed difference"
215,245,replace,crowns,wreaths,theatre which they attended in throngs all wearing the laurel crowns the senate afterwards in the house not by a decree,the theatre which they attended in throngs all wearing laurel wreaths the senate afterwards in the house not by a decree,"unreviewed OCR comparison, not a confirmed difference"
215,245,insert,,lix,approval of yours to the very end of my life in honour of his physician antonius musa through whose care,approval of yours to the very end of my life lix in honour of his physician antonius musa through whose care,"unreviewed OCR comparison, not a confirmed difference"
215,245,replace,lead,drive,some householders provided in their wills that their heirs should lead victims to the capitol and pay a thank offering,some householders provided in their wills that their heirs should drive victims to the capitol and pay a thank offering 215,"unreviewed OCR comparison, not a confirmed difference"
215,245,insert,,215,lead victims to the capitol and pay a thank offering,drive victims to the capitol and pay a thank offering 215,"unreviewed OCR comparison, not a confirmed difference"
217,247,insert,,the deified augustus,in their behalf because augustus had survived them and that,the deified augustus in their behalf because augustus had survived them and that,"unreviewed OCR comparison, not a confirmed difference"
217,247,insert,,lx,in his honour in almost every one of their towns his friends and allies among the kings each in his,in his honour in almost every one of their towns lx his friends and allies among the kings each in his,"unreviewed OCR comparison, not a confirmed difference"
217,247,replace,made,joined in,his own realm founded a city called caesarea and all made a plan to contribute jointly and finish at their own,his own realm founded a city called caesarea and all joined in a plan to contribute the funds for finishing the temple,"unreviewed OCR comparison, not a confirmed difference"
217,247,replace,jointly and finish at their own expense,the funds for finishing,city called caesarea and all made a plan to contribute jointly and finish at their own expense the temple of olympian jupiter at athens which had been,called caesarea and all joined in a plan to contribute the funds for finishing the temple of jupiter olympius which was begun at athens,"unreviewed OCR comparison, not a confirmed difference"
217,247,delete,olympian,,jointly and finish at their own expense the temple of olympian jupiter at athens which had been begun in ancient days,plan to contribute the funds for finishing the temple of jupiter olympius which was begun at athens in ancient days,"unreviewed OCR comparison, not a confirmed difference"
217,247,insert,,olympius which was begun,finish at their own expense the temple of olympian jupiter at athens which had been begun in ancient days and,to contribute the funds for finishing the temple of jupiter olympius which was begun at athens in ancient days and to dedicate it to,"unreviewed OCR comparison, not a confirmed difference"
217,247,delete,which had been begun,,their own expense the temple of olympian jupiter at athens which had been begun in ancient days and to dedicate it to his genius,the temple of jupiter olympius which was begun at athens in ancient days and to dedicate it to his genius,"unreviewed OCR comparison, not a confirmed difference"
217,247,insert,,and,in ancient days and to dedicate it to his genius they would often leave their kingdoms and show him the,in ancient days and to dedicate it to his genius and they would often leave their kingdoms and show him the,"unreviewed OCR comparison, not a confirmed difference"
217,247,insert,,lxi,rome but even when he was travelling through the provinces now that i have shown how he conducted himself in,rome but even when he was travelling through the provinces lxi now that i have shown how he conducted himself in,"unreviewed OCR comparison, not a confirmed difference"
217,247,replace,the utmost,marked,octavia in his fifty fourth year to both he showed the utmost devotion during their lifetime and also paid them the highest,octavia in his fifty fourth year to both he showed marked devotion during their lifetime and also paid them the highest,"unreviewed OCR comparison, not a confirmed difference"
217,247,insert,,lxii,and also paid them the highest honours after their death in his youth he was betrothed to the daughter of,and also paid them the highest honours after their death lxii in his youth he was betrothed to the daughter of,"unreviewed OCR comparison, not a confirmed difference"
217,247,insert,,217 48 b o 9 b c,further united by some tie of kinship he took to,further united by some tie of kinship he took to 217 48 b o 9 b c,"unreviewed OCR comparison, not a confirmed difference"
219,249,insert,,the deified augustus,wife antony s stepdaughter claudia daughter of fulvia by publius,the deified augustus wife antony s stepdaughter claudia daughter of 43x fulvia by,"unreviewed OCR comparison, not a confirmed difference"
219,249,insert,,43x,wife antony s stepdaughter claudia daughter of fulvia by publius clodius although she was barely of marriageable,the deified augustus wife antony s stepdaughter claudia daughter of 43x fulvia by publius clodius althou h she was barely of,"unreviewed OCR comparison, not a confirmed difference"
219,249,replace,although,althou h,antony s stepdaughter claudia daughter of fulvia by publius clodius although she was barely of marriageable age but on falling out,s stepdaughter claudia daughter of 43x fulvia by publius clodius althou h she was barely of marriageable age but because of a,"unreviewed OCR comparison, not a confirmed difference"
219,249,replace,on,because of a,publius clodius although she was barely of marriageable age but on falling out with his mother in law fulvia he divorced,clodius althou h she was barely of marriageable age but because of a falling out with his mother in law fulvia he divorced,"unreviewed OCR comparison, not a confirmed difference"
219,249,insert,,408 c,shortly after that he married scribonia who had been wedded before to two ex consuls and was a mother by,shortly after that he married scribonia who had been wedded 408 c before to two ex consuls and was a mother by,"unreviewed OCR comparison, not a confirmed difference"
219,249,replace,alsounable,also unable,was a mother by one of them he divorced her alsounable to put up with her shrewish disposition as he himself,was a mother by one of them he divorced her also unable to put up with her shrewish disposition as he himself,"unreviewed OCR comparison, not a confirmed difference"
219,249,insert,,38 x c,himself writes and at once took livia drusilla from her husband tiberius nero although she was with child at the,himself writes and at once took livia drusilla from her 38 x c husband tiberius nero although she was with child at the,"unreviewed OCR comparison, not a confirmed difference"
219,249,insert,,lxiii,loved and esteemed her to the end without a rival by scribonia he had a daughter julia by livia no,loved and esteemed her to the end without a rival lxiii by scribonia he had a daughter julia by livia no,"unreviewed OCR comparison, not a confirmed difference"
219,249,insert,,prematurely,he earnestly desired issue one baby was conceived but was born prematurely he gave julia in marriage first to marcellus,he earnestly desired issue one baby was conceived but was prematurely born he gave julia in marriage first to marcellus son,"unreviewed OCR comparison, not a confirmed difference"
219,249,delete,prematurely,,earnestly desired issue one baby was conceived but was born prematurely he gave julia in marriage first to marcellus son of,desired issue one baby was conceived but was prematurely born he gave julia in marriage first to marcellus son of,"unreviewed OCR comparison, not a confirmed difference"
219,249,delete,had,,time agrippa had to wife one of the marcellas and had children from her when agrippa also died augustus after considering,time agrippa had to wife one of the marcellas and children from her when agrippa also died augustus after considering,"unreviewed OCR comparison, not a confirmed difference"
219,249,insert,,finally,alliances for a long time even in the equestrian order chose his stepson tiberius obliging him to divorce his wife,alliances for a long time even in the equestrian order finally chose his stepson tiberius obliging him to divorce his wife,"unreviewed OCR comparison, not a confirmed difference"
219,249,insert,,lxiv,hand of the king s daughter for himself in turn from agrippa and julia he had three grandsons gaius lucius,hand of the king s daughter for himself in turn lxiv from agrippa and julia he had three grandsons gaius lucius,"unreviewed OCR comparison, not a confirmed difference"
219,249,replace,grand daughters,granddaughters,he had three grandsons gaius lucius and agrippa and two grand daughters julia and agrippina he married,he had three grandsons gaius lucius and agrippa and two granddaughters julia and agrippina he married 219,"unreviewed OCR comparison, not a confirmed difference"
219,249,insert,,219,agrippa and two grand daughters julia and agrippina he married,and agrippa and two granddaughters julia and agrippina he married 219,"unreviewed OCR comparison, not a confirmed difference"
221,251,insert,,the deified augustus,julia to lucius paulus the censor s son and agrippina,the deified augustus julia to lucius paulus the censor s son and agrippina,"unreviewed OCR comparison, not a confirmed difference"
221,251,replace,grand daughters,granddaughter,as consuls elect in bringing up his daughter and his grand daughters he even had them taught spinning and weaving and he,as consuls elect in bringing up his daughter and his granddaughter he even had them taught spinning and weaving and he,"unreviewed OCR comparison, not a confirmed difference"
221,251,delete,strictly,,he even had them taught spinning and weaving and he strictly forbade them to say or do anything except openly and,he even had them taught spinning and weaving and he forbade them to say or do anything except openly and,"unreviewed OCR comparison, not a confirmed difference"
221,251,insert,,lxv,his carriage or rode close by it on either side but at the height of his happiness and his confidence,his carriage or rode close by it on either side lxv but at the height of his happiness and his confidence,"unreviewed OCR comparison, not a confirmed difference"
221,251,replace,grand daughter,granddaughter,proved fickle he found the two julias his daughter and grand daughter guilty of every form of vice and banished them he,proved fickle he found the two julias his daughter and granddaughter guilty of every form of vice and banished them he,"unreviewed OCR comparison, not a confirmed difference"
221,251,replace,space,span,and banished them he lost gaius and lucius within the space of eighteen months for the former died in lycia and,and banished them he lost gaius and lucius within the span of eighteen months for the former died in lycia and,"unreviewed OCR comparison, not a confirmed difference"
221,251,insert,,lictors presided over by the pontifex maximus this form of adoption was usual with adults cf chap ixiv 1 22i,in the assembly of the curiae but he soon disowned,in the assembly of the curiae but he soon disowned lictors presided over by the pontifex maximus this form of adoption was usual with adults cf chap ixiv 1 22i,"unreviewed OCR comparison, not a confirmed difference"
223,253,insert,,the deified augustus,agrippa because of his low tastes and violent temper and,the deified augustus agrippa because of his low tastes and violent temper and,"unreviewed OCR comparison, not a confirmed difference"
223,253,replace,let,informed,broken by the fate of gaius and lucius but he let the senate know of his daughter s fall through a,broken by the fate of gaius and lucius but he informed the senate of his daughter s fall through a letter,"unreviewed OCR comparison, not a confirmed difference"
223,253,delete,know,,fate of gaius and lucius but he let the senate know of his daughter s fall through a letter read in,fate of gaius and lucius but he informed the senate of his daughter s fall through a letter read in,"unreviewed OCR comparison, not a confirmed difference"
223,253,replace,grand daughter,granddaughter,wives he would not allow the child born to his grand daughter julia after her sentence to be recognized or reared as,wives he would not allow the child born to his granddaughter julia after her sentence to be recognized or reared as,"unreviewed OCR comparison, not a confirmed difference"
223,253,insert,,223,over him besides he also provided by a decree of,over him besides he also provided by a decree of 223,"unreviewed OCR comparison, not a confirmed difference"
225,255,insert,,the deified augustus,the senate that he should be confined there for all,the deified augustus the senate that he should be confined there for all,"unreviewed OCR comparison, not a confirmed difference"
225,255,replace,i,1,he would sigh deeply and even cry out would that i ne er had wedded and would i had died without,he would sigh deeply and even cry out would that 1 ne er had wedded and would i had died without,"unreviewed OCR comparison, not a confirmed difference"
225,255,insert,,lxvi,them except as his three boils and his three ulcers he did not readily make friends but he clung to,them except as his three boils and his three ulcers lxvi he did not readily make friends but he clung to,"unreviewed OCR comparison, not a confirmed difference"
225,255,insert,,pp with his friends the emperor s position made his anger atal that is to say holding the highest place in the ordo senatorius equestris plebeius of which he was a member 225 vol i q,a leading place in his own class although sometimes differences,a leading place in his own class although sometimes differences pp with his friends the emperor s position made his anger atal that is to say holding the highest place in the ordo senatorius equestris plebeius of which he was a member 225 vol i q,"unreviewed OCR comparison, not a confirmed difference"
227,257,insert,,the deified augustus,arose not to mention the others he occasionally found agrippa,the deified augustus arose not to mention the others he occasionally found agrippa,"unreviewed OCR comparison, not a confirmed difference"
227,257,insert,,lxvii,day when they assumed the gown of manhood or married as patron and master he was no less strict than,day when they assumed the gown of manhood or married lxvii as patron and master he was no less strict than,"unreviewed OCR comparison, not a confirmed difference"
227,257,replace,a wild,awild,panic got behind him when they were suddenly charged by a wild boar he preferred to tax the man with timorousness rather,panic got behind him when they were suddenly charged by awild boar he preferred to tax the man with timorousness rather,"unreviewed OCR comparison, not a confirmed difference"
227,257,insert,,227 q 2,man with timorousness rather than with anything more serious and,man with timorousness rather than with anything more serious and 227 q 2,"unreviewed OCR comparison, not a confirmed difference"
229,259,insert,,the deified augustus,turned a matter of grave danger into a jest because,the deified augustus turned a matter of grave danger into a jest because,"unreviewed OCR comparison, not a confirmed difference"
229,259,replace,matrons,maitrons,own life because he was convicted of adultery with roman matrons and broke the legs of his secretary thallus for taking,own life because he was convicted of adultery with roman maitrons and broke the legs of his secretary thallus for taking,"unreviewed OCR comparison, not a confirmed difference"
229,259,insert,,the,his secretary thallus for taking five hundred denarii to betray the contents of a letter because the tutor and attendants,his secretary thallus for taking five hundred denarii to betray the the contents of a letter because the tutor and attendants,"unreviewed OCR comparison, not a confirmed difference"
229,259,insert,,lxviii,thrown into a river with heavy weights about their necks in early youth he incurred the reproach of sundry shameless,thrown into a river with heavy weights about their necks lxviii in early youth he incurred the reproach of sundry shameless,"unreviewed OCR comparison, not a confirmed difference"
229,259,insert,,lxix,see st how a wanton s finger sways the world that he was given to adultery not even his friends,see st how a wanton s finger sways the world lxix that he was given to adultery not even his friends,"unreviewed OCR comparison, not a confirmed difference"
229,259,insert,,229,besides his hasty marriage with livia with taking the wife,besides his hasty marriage with livia with taking the wife 229,"unreviewed OCR comparison, not a confirmed difference"
231,261,insert,,the deified augustus,of an ex consul from her husband s dining room,the deified augustus of an ex consul from her husband s dining room,"unreviewed OCR comparison, not a confirmed difference"
231,261,insert,,lxx,it matter where or with whom you take your pleasure there was besides a private dinner of his commonly called,it matter where or with whom you take your pleasure lxx there was besides a private dinner of his commonly called,"unreviewed OCR comparison, not a confirmed difference"
231,261,replace,rôle,réle,gods and six goddesses while caesar impiously plays the false rôle of apollo and feasts amid novel debaucheries of the gods,gods and six goddesses while caesar impiously plays the false réle of apollo and feasts amid novel debaucheries of the gods,"unreviewed OCR comparison, not a confirmed difference"
231,261,insert,,231,the earth and jupiter himself fled from his golden throne,the earth and jupiter himself fled from his golden throne 231,"unreviewed OCR comparison, not a confirmed difference"
233,263,insert,,the deified augustus,the scandal of this banquet was the greater because of,the deified augustus the scandal of this banquet was the greater because of,"unreviewed OCR comparison, not a confirmed difference"
233,263,replace,statuein,statue in,the time of the proscriptions there was written on his statuein silver once my father dealt now in corinthians i since,the time of the proscriptions there was written on his statue in silver once my father dealt now in corinthians i since,"unreviewed OCR comparison, not a confirmed difference"
233,263,insert,,lxxi,all the time in the hope of winning one victory of these charges or slanders whichever we may call them,all the time in the hope of winning one victory lxxi of these charges or slanders whichever we may call them,"unreviewed OCR comparison, not a confirmed difference"
233,263,replace,all,al,of deflowering maidens who were brought together for him from all quarters even by his own wife he did not in,of deflowering maidens who were brought together for him from al quarters even by his own wife he did not in,"unreviewed OCR comparison, not a confirmed difference"
233,263,insert,,233,by his own wife he did not in the least,by his own wife he did not in the least 233,"unreviewed OCR comparison, not a confirmed difference"
235,265,insert,,the deified augustus,shrink from a reputation for gaming and played frankly and,the deified augustus shrink from a reputation for gaming and played frankly and,"unreviewed OCR comparison, not a confirmed difference"
235,265,replace,i,j,for in a letter in his own handwriting he says i dined dear tiberius with the same company we had besides,for in a letter in his own handwriting he says j dined dear tiberius with the same company we had besides,"unreviewed OCR comparison, not a confirmed difference"
235,265,insert,,lxxii,at dice or at odd and even during the dinner in the other details of his life it is generally,at dice or at odd and even during the dinner lxxii in the other details of his life it is generally,"unreviewed OCR comparison, not a confirmed difference"
235,265,insert,,239,even the suspicion of any fault he lived at first,even the suspicion of any fault he lived at first 239,"unreviewed OCR comparison, not a confirmed difference"
237,267,insert,,ra the deified augustus,near the forum romanum above the stairs of the ringmakers,ra the deified augustus near the forum romanum above the stairs of the ringmakers,"unreviewed OCR comparison, not a confirmed difference"
237,267,replace,calvus,calyus,ringmakers in a house which had belonged to the orator calvus afterwards on the palatine but in the no less modest,ringmakers in a house which had belonged to the orator calyus afterwards on the palatine but in the no less modest,"unreviewed OCR comparison, not a confirmed difference"
237,267,insert,,4,top of the house which he called syracuse and technyphion in this he used to take refuge or else in,top of the house which he called syracuse and technyphion 4 in this he used to take refuge or else in,"unreviewed OCR comparison, not a confirmed difference"
237,267,replace,grand daughter,granddaughter,country palaces actually razing to the ground one which his grand daughter julia built on a lavish scale his own villas which,country palaces actually razing to the ground one which his granddaughter julia built on a lavish scale his own villas which,"unreviewed OCR comparison, not a confirmed difference"
237,267,insert,,lxxiii,bones of the giants and the weapons of the heroes the simplicity of his furniture and household goods may be,bones of the giants and the weapons of the heroes lxxiii the simplicity of his furniture and household goods may be,"unreviewed OCR comparison, not a confirmed difference"
237,267,insert,,237,goods may be seen from couches and tables still in,goods may be seen from couches and tables still in 237,"unreviewed OCR comparison, not a confirmed difference"
239,269,insert,,the deified augustus,existence many of which are scarcely fine enough for a,the deified augustus existence many of which are scarcely fine enough for a,"unreviewed OCR comparison, not a confirmed difference"
239,269,replace,grand daughters,granddaughters,for the house made by his sister wife daughter or grand daughters his togas were neither close nor full his purple stripe,for the house made by his sister wife daughter or granddaughters his togas were neither close nor full his purple stripe,"unreviewed OCR comparison, not a confirmed difference"
239,269,insert,,lxxiv,public ready in his room for sudden and unexpected occasions he gave dinner parties constantly and always formally with great,public ready in his room for sudden and unexpected occasions lxxiv he gave dinner parties constantly and always formally with great,"unreviewed OCR comparison, not a confirmed difference"
239,269,insert,,see chap lxxii 2 tellers of marvellous tales cf juv 15 16 and mayor ret loc doubtless the same as the fabulatores ixxviii 2 ow 239,even strolling players from the circus and especially story tellers,even strolling players from the circus and especially story tellers see chap lxxii 2 tellers of marvellous tales cf juv 15 16 and mayor ret loc doubtless the same as the fabulatores ixxviii 2 ow 239,"unreviewed OCR comparison, not a confirmed difference"
241,271,insert,,the deified augustus lxxv,festivals and holidays he celebrated lavishly as a rule but,the deified augustus lxxv festivals and holidays he celebrated lavishly as a rule but,"unreviewed OCR comparison, not a confirmed difference"
241,271,replace,gain,ain lxxvi,take part in the bidding and share the loss or gain he was a light eater for i would not omit,take part in the bidding and share the loss or ain lxxvi he wasa light eater for i would not omit even,"unreviewed OCR comparison, not a confirmed difference"
241,271,replace,was a,wasa,in the bidding and share the loss or gain he was a light eater for i would not omit even this detail,the bidding and share the loss or ain lxxvi he wasa light eater for i would not omit even this detail,"unreviewed OCR comparison, not a confirmed difference"
241,271,replace,hand made,handmade,of plain food he particularly liked coarse bread small fishes hand made moist cheese and green figs of the second crop and,of plain food he particularly liked coarse bread small fishes handmade moist cheese and green figs of the second crop and,"unreviewed OCR comparison, not a confirmed difference"
241,271,insert,,241 vol i r,irregularity he sometimes ate alone either before a dinner party,irregularity he sometimes ate alone either before a dinner party 241 vol i r,"unreviewed OCR comparison, not a confirmed difference"
243,273,insert,,the deified augustus,began or after it was over touching nothing while it,the deified augustus began or after it was over touching nothing while it,"unreviewed OCR comparison, not a confirmed difference"
243,273,insert,,lxxvii,it was over touching nothing while it was in progress he was by nature most sparing also in his use,it was over touching nothing while it was in progress lxxvii he was by nature most sparing also in his use,"unreviewed OCR comparison, not a confirmed difference"
243,273,insert,,lxxviii,an apple with a tart flavour either fresh or dried after his midday meal he used to rest for a,an apple with a tart flavour either fresh or dried lxxviii after his midday meal he used to rest for a,"unreviewed OCR comparison, not a confirmed difference"
243,273,insert,,243 r 2,sleep and he would drop off while he was being,sleep and he would drop off while he was being 243 r 2,"unreviewed OCR comparison, not a confirmed difference"
245,275,insert,,the deified augustus,carried through the streets and when his litter was set,the deified augustus carried through the streets and when his litter was set,"unreviewed OCR comparison, not a confirmed difference"
245,275,insert,,lxxix,when his litter was set down because of some delay he was unusually handsome and exceedingly graceful at all periods,when his litter was set down because of some delay lxxix he was unusually handsome and exceedingly graceful at all periods,"unreviewed OCR comparison, not a confirmed difference"
245,275,replace,personal,persona,all periods of his life though he cared nothing for personal adornment he was so far from being particular about the,all periods of his life though he cared nothing for persona adornment he was so far from being particular about the,"unreviewed OCR comparison, not a confirmed difference"
245,275,insert,,245,the fine proportion and symmetry of his figure and was,the fine proportion and symmetry of his figure and was 245,"unreviewed OCR comparison, not a confirmed difference"
247,277,insert,,the deified augustus,noticeable only by comparison with some taller person standing beside,the deified augustus noticeable only by comparison with some taller person standing beside,"unreviewed OCR comparison, not a confirmed difference"
247,277,insert,,lxxx,only by comparison with some taller person standing beside him it is said that his body was covered with spots,only by comparison with some taller person standing beside him lxxx it is said that his body was covered with spots,"unreviewed OCR comparison, not a confirmed difference"
247,277,insert,,4,number with the stars of the bear in the heavens also numerous callous places resembling ringworm caused by a constant,number with the stars of the bear in the heavens 4 also numerous callous places resembling ringworm caused by a constant,"unreviewed OCR comparison, not a confirmed difference"
247,277,insert,,lxxxi,of the pain only after passing stones in his urine in the course of his life he suffered from several,of the pain only after passing stones in his urine lxxxi in the course of his life he suffered from several,"unreviewed OCR comparison, not a confirmed difference"
247,277,insert,,247 23 b c,that he could not readily endure either cold or heat,that he could not readily endure either cold or heat 247 23 b c,"unreviewed OCR comparison, not a confirmed difference"
249,279,insert,,the deified augustus lxxxii,in winter he protected himself with four tunics and a,the deified augustus lxxxii in winter he protected himself with four tunics and a,"unreviewed OCR comparison, not a confirmed difference"
249,279,insert,,lxxxiii,hands and feet in the water one after the other immediately after the civil war he gave up exercise with,hands and feet in the water one after the other lxxxiii immediately after the civil war he gave up exercise with,"unreviewed OCR comparison, not a confirmed difference"
249,279,replace,balloon ball,balloonball,the campus martius at first turning to pass ball and balloon ball but soon confining himself to riding or taking a walk,the campus martius at first turning to pass ball and balloonball but soon confining himself to riding or taking a walk,"unreviewed OCR comparison, not a confirmed difference"
249,279,insert,,4 the folliculus was a large light ball the players wore a guard on the right arm with which they struck the ball as in the italian giuco del many games were played with nuts cf hor serm 2 3 171 mart 5 84 etc 249,played at dice marbles and nuts with little boys searching,played at dice marbles and nuts with little boys searching 4 the folliculus was a large light ball the players wore a guard on the right arm with which they struck the ball as in the italian giuco del many games were played with nuts cf hor serm 2 3 171 mart 5 84 etc 249,"unreviewed OCR comparison, not a confirmed difference"
251,281,insert,,the deified augustus,everywhere for such as were attractive for their pretty faces,the deified augustus everywhere for such as were attractive for their pretty faces,"unreviewed OCR comparison, not a confirmed difference"
251,281,insert,,lxxxiv,that sort as freaks of nature and of ill omen from early youth he devoted himself eagerly and with the,that sort as freaks of nature and of ill omen lxxxiv from early youth he devoted himself eagerly and with the,"unreviewed OCR comparison, not a confirmed difference"
251,281,replace,off hand,offhand,address although he did not lack the gift of speaking off hand without preparation moreover to avoid the danger of forgetting what,address although he did not lack the gift of speaking offhand without preparation moreover to avoid the danger of forgetting what,"unreviewed OCR comparison, not a confirmed difference"
251,281,replace,off hand,offhand,of saying too much or too little if he spoke off hand he had an agreeable and rather characteristic enunciation and he,of saying too much or too little if he spoke offhand he had an agreeable and rather characteristic enunciation and he,"unreviewed OCR comparison, not a confirmed difference"
251,281,insert,,lxxxv,of the throat he addressed the people through a herald he wrote numerous works of various kinds in prose some,of the throat he addressed the people through a herald lxxxv he wrote numerous works of various kinds in prose some,"unreviewed OCR comparison, not a confirmed difference"
251,281,replace,lecture room,lectureroom,group of his intimate friends as others did in a lecture room for example his reply to brutus on cato at the,group of his intimate friends as others did in a lectureroom for example his reply to brutus on cato at the,"unreviewed OCR comparison, not a confirmed difference"
251,281,insert,,251,well on in years he also wrote exhortations to philosophy,well on in years he also wrote exhortations to philosophy 251,"unreviewed OCR comparison, not a confirmed difference"
253,283,insert,,the deified augustus,and some volumes of an autobiography giving an account of,the deified augustus and some volumes of an autobiography giving an account of,"unreviewed OCR comparison, not a confirmed difference"
253,283,insert,,lxxxvi,he answered that his ajax had fallen on his sponge he cultivated a style of speaking that was chaste and,he answered that his ajax had fallen on his sponge lxxxvi he cultivated a style of speaking that was chaste and,"unreviewed OCR comparison, not a confirmed difference"
253,283,insert,,253,writing rather to be admired than to be understood then,writing rather to be admired than to be understood then 253,"unreviewed OCR comparison, not a confirmed difference"
255,285,insert,,the deified augustus,going on to ridicule his perverse and inconsistent taste in,the deified augustus going on to ridicule his perverse and inconsistent taste in,"unreviewed OCR comparison, not a confirmed difference"
255,285,insert,,lxxxvii,must take great care not to write and talk affectedly that in his everyday conversation he used certain favourite and,must take great care not to write and talk affectedly lxxxvii that in his everyday conversation he used certain favourite and,"unreviewed OCR comparison, not a confirmed difference"
255,285,insert,,4,says let s be satisfied with the cato we have and to express the speed of a hasty action quicker,says let s be satisfied with the cato we have 4 and to express the speed of a hasty action quicker,"unreviewed OCR comparison, not a confirmed difference"
255,285,insert,,slang and the exact form and derivation of many of them are uncertain j since sumus was originally enclitic the forms simus sumus may have represented the sound between u and 4 in maximus maxumus etc or stmus may have been formed on the analogy of agimus and similar forms 255,he used simus for sumus and domos in the genitive,he used simus for sumus and domos in the genitive slang and the exact form and derivation of many of them are uncertain j since sumus was originally enclitic the forms simus sumus may have represented the sound between u and 4 in maximus maxumus etc or stmus may have been formed on the analogy of agimus and similar forms 255,"unreviewed OCR comparison, not a confirmed difference"
257,287,insert,,the deified augustus,singular instead of domuos the last two forms he wrote,the deified augustus singular instead of domuos t the last two forms he,"unreviewed OCR comparison, not a confirmed difference"
257,287,insert,,t,singular instead of domuos the last two forms he wrote invariably for fear they,the deified augustus singular instead of domuos t the last two forms he wrote invariably for fear they,"unreviewed OCR comparison, not a confirmed difference"
257,287,insert,,lxxxviii,rest of the word and draws a loop around them he does not strictly comply with orthography that is to,rest of the word and draws a loop around them lxxxviii he does not strictly comply with orthography that is to,"unreviewed OCR comparison, not a confirmed difference"
257,287,replace,ipsi,ips,fellow because he observed that he had written ixi for ipsi whenever he wrote in cipher he wrote b for a,fellow because he observed that he had written ixi for ips whenever he wrote in cipher he wrote b for a,"unreviewed OCR comparison, not a confirmed difference"
257,287,insert,,lxxxix,the letters on the same principle using aa for x he was equally interested in greek studies and in these,the letters on the same principle using aa for x lxxxix he was equally interested in greek studies and in these,"unreviewed OCR comparison, not a confirmed difference"
257,287,insert,,257 vol i s,it for if he had occasion to use the language,it for if he had occasion to use the language 257 vol i s,"unreviewed OCR comparison, not a confirmed difference"
259,289,insert,,the deified augustus,he wrote what he had to say in latin and,the deified augustus he wrote what he had to say in latin and,"unreviewed OCR comparison, not a confirmed difference"
259,289,replace,in,im,offence at being made the subject of any composition except in serious earnest and by the most eminent writers often charging,offence at being made the subject of any composition except im serious earnest and by the most eminent writers often charging,"unreviewed OCR comparison, not a confirmed difference"
259,289,insert,,xc,not to let his name be cheapened in prize declamations this is what we are told of his attitude towards,not to let his name be cheapened in prize declamations xc this is what we are told of his attitude towards,"unreviewed OCR comparison, not a confirmed difference"
259,289,insert,,259 s 2,sign of a violent storm took refuge in an underground,sign of a violent storm took refuge in an underground 259 s 2,"unreviewed OCR comparison, not a confirmed difference"
261,291,insert,,the deified augustus,vaulted room for as i have said he was once,the deified augustus vaulted room for as i have said he was once,"unreviewed OCR comparison, not a confirmed difference"
261,291,insert,,xci,a narrow escape from lightning during a journey by night he was not indifferent to his own dreams or to,a narrow escape from lightning during a journey by night xci he was not indifferent to his own dreams or to,"unreviewed OCR comparison, not a confirmed difference"
261,291,insert,,xcij,out his open hand to have pennies dropped in it certain auspices and omens he regarded as infallible if his,out his open hand to have pennies dropped in it xcij certain auspices and omens he regarded as infallible if his,"unreviewed OCR comparison, not a confirmed difference"
261,291,insert,,betoken261,by land or sea he thought it a good omen,by land or sea he thought it a good omen betoken261,"unreviewed OCR comparison, not a confirmed difference"
263,293,replace,betokening,the deified augustus ing,betokening a speedy and prosperous return but he was especially affected,the deified augustus ing a speedy and prosperous return but he was especially affected,"unreviewed OCR comparison, not a confirmed difference"
263,293,replace,soundof,sound of,case as he writes tiberius he merely dreaded the unlucky soundof the name he treated with great respect such foreign rites,case as he writes tiberius he merely dreaded the unlucky sound of the name xciii he treated with great respect such foreign,"unreviewed OCR comparison, not a confirmed difference"
263,293,insert,,xciii,writes tiberius he merely dreaded the unlucky soundof the name he treated with great respect such foreign rites as were,tiberius he merely dreaded the unlucky sound of the name xciii he treated with great respect such foreign rites as were,"unreviewed OCR comparison, not a confirmed difference"
263,293,insert,,xciv,not offering prayers at jerusalem as he passed by judaea having reached this point it will not be out of,not offering prayers at jerusalem as he passed by judaea xciv having reached this point it will not be out of,"unreviewed OCR comparison, not a confirmed difference"
263,293,insert,,263,day of his birth and afterwards from which it was,day of his birth and afterwards from which it was 263,"unreviewed OCR comparison, not a confirmed difference"
265,295,insert,,the deified augustus,possible to anticipate and perceive his future greatness and uninterrupted,the deified augustus possible to anticipate and perceive his future greatness and uninterrupted,"unreviewed OCR comparison, not a confirmed difference"
265,295,replace,rule,tule,made that a citizen of that town would one day rule the world through their confidence in this the people of,made that a citizen of that town would one day tule the world through their confidence in this the people of,"unreviewed OCR comparison, not a confirmed difference"
265,295,insert,,o,story in the books of asclepias of mendes entitled theologumena when atia had come in the middle of the night,story in the books of asclepias of mendes entitled theologumena o when atia had come in the middle of the night,"unreviewed OCR comparison, not a confirmed difference"
265,295,replace,on a sudden a,onasuddena,fell asleep while the rest of the matrons also slept on a sudden a serpent glided up to her and shortly went away when,fell asleep while the rest of the matrons also slept onasuddena serpent glided up to her and shortly went away when,"unreviewed OCR comparison, not a confirmed difference"
265,295,insert,,often represented bya serpent and those of husband and wife by two serpents e g in pompeian frescoes to avoid profanation of the sacred rites 265,never get rid of it so that presently she ceased,never get rid of it so that presently she ceased often represented bya serpent and those of husband and wife by two serpents e g in pompeian frescoes to avoid profanation of the sacred rites 265,"unreviewed OCR comparison, not a confirmed difference"
267,297,insert,,the deified augustus,ever to go to the public baths in the tenth,the deified augustus ever to go to the public baths in the tenth,"unreviewed OCR comparison, not a confirmed difference"
267,297,replace,born,bom,public baths in the tenth month after that augustus was born and was therefore regarded as the son of apollo atia,public baths in the tenth month after that augustus was bom and was therefore regarded as the son of apollo atia,"unreviewed OCR comparison, not a confirmed difference"
267,297,insert,,267,morning had disappeared but after long search he was at,morning had disappeared but after long search he was at 267,"unreviewed OCR comparison, not a confirmed difference"
269,299,insert,,the deified augustus,last found lying on a lofty tower with his face,the deified augustus last found lying on a lofty tower with his face,"unreviewed OCR comparison, not a confirmed difference"
269,299,insert,,269,to the capitol he happened to tell his friends a,to the capitol he happened to tell his friends a 269,"unreviewed OCR comparison, not a confirmed difference"
271,301,insert,,the deified augustus,dream of the night before that a boy of noble,the deified augustus dream of the night before that a boy of noble,"unreviewed OCR comparison, not a confirmed difference"
271,301,replace,augustus,augustiis,grandson should be his successor while in retirement at apollonia augustus mounted with agrippa to the studio of the astrologer theogenes,grandson should be his successor while in retirement at apollonia augustiis mounted with agrippa to the studio of the astrologer theogenes,"unreviewed OCR comparison, not a confirmed difference"
271,301,insert,,27,when he at last gave it unwillingly and hesitatingly and,when he at last gave it unwillingly and hesitatingly and 27,"unreviewed OCR comparison, not a confirmed difference"
273,303,insert,,the deified augustus,only after many urgent requests theogenes sprang up and threw,the deified augustus only after many urgent requests theogenes sprang up and threw,"unreviewed OCR comparison, not a confirmed difference"
273,303,insert,,xcv,stamped with the constellation capricornus under which he was born as he was entering the city on his return from,stamped with the constellation capricornus under which he was born xcv as he was entering the city on his return from,"unreviewed OCR comparison, not a confirmed difference"
273,303,insert,,xcvi,to be an omen of a great and happy future he even divined beforehand the outcome of all his wars,to be an omen of a great and happy future xcvi he even divined beforehand the outcome of all his wars,"unreviewed OCR comparison, not a confirmed difference"
273,303,insert,,273 vol i t,carried off all the equipment of the sacrifice whereupon the,carried off all the equipment of the sacrifice whereupon the 273 vol i t,"unreviewed OCR comparison, not a confirmed difference"
275,305,insert,,the deified augustus,soothsayers agreed that all the dangers and disasters with which,the deified augustus soothsayers agreed that all the dangers and disasters with which,"unreviewed OCR comparison, not a confirmed difference"
275,305,replace,the,thé,before the sea fight off sicily a fish sprang from the sea and fell at his feet at actium as he,before the sea fight off sicily a fish sprang from thé sea and fell at his feet at actium as he,"unreviewed OCR comparison, not a confirmed difference"
275,305,insert,,xcvii,enclosure into which he converted the site of his camp his death too of which i shall speak next and,enclosure into which he converted the site of his camp xcvii his death too of which i shall speak next and,"unreviewed OCR comparison, not a confirmed difference"
275,305,insert,,275 tr 2,then too when he was on the point of sending,then too when he was on the point of sending 275 tr 2,"unreviewed OCR comparison, not a confirmed difference"
277,307,insert,,the deified augustus,tiberius to illyricum and was proposing to escort him as,the deified augustus tiberius to i lyricum and was proposing to escort him,"unreviewed OCR comparison, not a confirmed difference"
277,307,replace,illyricum,i lyricum,tiberius to illyricum and was proposing to escort him as far as beneventum,the deified augustus tiberius to i lyricum and was proposing to escort him as far as beneventum,"unreviewed OCR comparison, not a confirmed difference"
277,307,delete,the,,him as far as beneventum and litigants detained him on the judgment seat by bringing forward case after case he cried,him as far as beneventum and litigants detained him on judgment seat by bringing forward case after case he cried,"unreviewed OCR comparison, not a confirmed difference"
277,307,insert,,xcviii,breeze and thus contracted an illness beginning with a diarrhoea then after skirting the coast of campania and the neighbouring,breeze and thus contracted an illness beginning with a diarrhoea xcviii then after skirting the coast of campania and the neighbouring,"unreviewed OCR comparison, not a confirmed difference"
277,307,insert,,277,he continually watched the exercises of the ephebi of whom,he continually watched the exercises of the ephebi of whom 277,"unreviewed OCR comparison, not a confirmed difference"
279,309,insert,,the deified augustus,there was still a goodly number at capreae according to,the deified augustus there was still a goodly number at capreae according to,"unreviewed OCR comparison, not a confirmed difference"
279,309,replace,i,t,with many torches he uttered aloud this verse composed offhand i see the founder s tomb alight with fire and turning,with many torches he uttered aloud this verse composed offhand t see the founder s tomb alight with fire and turning,"unreviewed OCR comparison, not a confirmed difference"
279,309,insert,,279,quinquennial gymnastic contest which had been established in his honour,quinquennial gymnastic contest which had been established in his honour 279,"unreviewed OCR comparison, not a confirmed difference"
281,311,insert,,the deified augustus,and then started with tiberius for his destination but as,the deified augustus and then started with tiberius for his destination but as,"unreviewed OCR comparison, not a confirmed difference"
281,311,insert,,xcix,after which he gave attention to no business of importance on the last day of his life he asked every,after which he gave attention to no business of importance xcix on the last day of his life he asked every,"unreviewed OCR comparison, not a confirmed difference"
281,311,replace,handsand,hands and,since well i ve played my part all clap your handsand from the stage dismiss me with applause then he sent,since well i ve played my part all clap your hands and from the stage dismiss me with applause then he sent,"unreviewed OCR comparison, not a confirmed difference"
281,311,insert,,c,pretorian guard that carried him forth to lie in state he died in the same room as his father octavius,pretorian guard that carried him forth to lie in state c he died in the same room as his father octavius,"unreviewed OCR comparison, not a confirmed difference"
281,311,insert,,281,father octavius in the consulship of two sextuses pompeius and,father octavius in the consulship of two sextuses pompeius and 281,"unreviewed OCR comparison, not a confirmed difference"
283,313,insert,,the deified augustus,appuleius on the fourteenth day before the kalends of september,the deified augustus appuleius on the fourteenth day before the kalends of september,"unreviewed OCR comparison, not a confirmed difference"
283,313,insert,,aug 19 4a d,bovillae in the night time because of the season of the year being placed by day in the basilica of,bovillae in the night time because of the season of aug 19 4a d the year being placed by day i in the basilica,"unreviewed OCR comparison, not a confirmed difference"
283,313,insert,,i,of the season of the year being placed by day in the basilica of the town at which they arrived,aug 19 4a d the year being placed by day i in the basilica of the town at which they arrived,"unreviewed OCR comparison, not a confirmed difference"
283,313,insert,,283,seen the form of the emperor after he had been,seen the form of the emperor after he had been 283,"unreviewed OCR comparison, not a confirmed difference"
285,315,insert,,the deified augustus,reduced to ashes on its way to heaven his remains,the deified augustus reduced to ashes on its way to heaven his remains,"unreviewed OCR comparison, not a confirmed difference"
285,315,replace,equestrian,uestrian,remains were gathered up by the leading men of the equestrian order bare footed and in ungirt tunics and placed in,remains were gathered up by the leading men of the uestrian order bare footed and in ungirt tunics and placed in,"unreviewed OCR comparison, not a confirmed difference"
285,315,insert,,ci,public the groves and walks by which it was surrounded he had made a will in the consulship of lucius,public the groves and walks by which it was surrounded ci he had made a will in the consulship of lucius,"unreviewed OCR comparison, not a confirmed difference"
285,315,replace,two thirds,twothirds,senate he appointed as his chief heirs tiberius to receive two thirds of the estate and livia one third these he also,senate he appointed as his chief heirs tiberius to receive twothirds of the estate and livia one third these he also,"unreviewed OCR comparison, not a confirmed difference"
285,315,replace,degreewere,degree were,also bade assume his name his heirs in the second degreewere drusus son of tiberius for one third and for the,also bade assume his name his heirs in the second degree were drusus son of tiberius for one third nd for the,"unreviewed OCR comparison, not a confirmed difference"
285,315,replace,and,nd,the second degreewere drusus son of tiberius for one third and for the rest germanicus and his three male children in,second degree were drusus son of tiberius for one third nd for the rest germanicus and his three male cnitaren in,"unreviewed OCR comparison, not a confirmed difference"
285,315,replace,children,cnitaren,third and for the rest germanicus and his three male children in the third grade he mentioned many of his relatives,third nd for the rest germanicus and his three male cnitaren in the third grade he mentioned many his relatives and,"unreviewed OCR comparison, not a confirmed difference"
285,315,delete,of,,three male children in the third grade he mentioned many of his relatives and friends he left to the roman people,three male cnitaren in the third grade he mentioned many his relatives and friends he left to the roman people,"unreviewed OCR comparison, not a confirmed difference"
285,315,insert,,285 28 b c april 8 18 a d,as his excuse for the delay the small amount of,as his excuse for the delay the small amount of 285 28 b c april 8 18 a d,"unreviewed OCR comparison, not a confirmed difference"
287,317,insert,,the deified augustus,his property and declaring that not more than a hundred,the deified augustus his property and declaring that not more than a hundred,"unreviewed OCR comparison, not a confirmed difference"
287,317,replace,accomplished,uccomplished,funeral in the second an account of what he had accomplished which he desired to have cut upon bronze tablets and,funeral in the second an account of what he had uccomplished which he desired to have cut upon bronze tablets and,"unreviewed OCR comparison, not a confirmed difference"
287,317,insert,,287,freedmen and slaves from whom the details could be demanded,freedmen and slaves from whom the details could be demanded 287,"unreviewed OCR comparison, not a confirmed difference"
