file,volume,page,seq,kind,xml,ocr,xml_context,ocr_context
phi1348.abo012.rolfe-eng1-alison.xml,1,123,161,insert,,book ii the deified augustus i,there are many indications that the octavian family was,book ii the deified augustus i there are many indications that the octavian family was
phi1348.abo012.rolfe-eng1-alison.xml,1,123,161,insert,,ii,of the victims be handed over to the octavii the family was admitted to the senate by king,of the victims be handed over to the octavii ii the family was admitted to the senate by king
phi1348.abo012.rolfe-eng1-alison.xml,1,123,161,insert,,a,senate by king tarquinius priscus among the lesser clans was later enrolled by servius tullius among the patricians,senate by king tarquinius priscus among the lesser clans a was later enrolled by servius tullius among the patricians
phi1348.abo012.rolfe-eng1-alison.xml,1,123,161,insert,,123,magistracy was gaius rufus who became quaestor he begot,magistracy was gaius rufus who became quaestor he begot 123
phi1348.abo012.rolfe-eng1-alison.xml,1,125,163,insert,,the deified augustus,gnaeus and gaius from whom two branches of the,the deified augustus gnaeus and gaius from whom two branches of the
phi1348.abo012.rolfe-eng1-alison.xml,1,125,163,insert,,205 в с,soldiers under the command of aemilius papus his grandfather content with the offices of a municipal town and,soldiers under the command of aemilius papus his grandfather 205 в с content with the offices of a municipal town and
phi1348.abo012.rolfe-eng1-alison.xml,1,125,163,insert,,iii,able to learn about the paternal ancestors of augustus his father gaius octavius was from the beginning of,able to learn about the paternal ancestors of augustus iii his father gaius octavius was from the beginning of
phi1348.abo012.rolfe-eng1-alison.xml,1,125,163,insert,,125,the country about thurii in governing his province he,the country about thurii in governing his province he 125
phi1348.abo012.rolfe-eng1-alison.xml,1,127,165,insert,,the deified augustus,showed equal justice and courage for besides routing the,the deified augustus showed equal justice and courage for besides routing the
phi1348.abo012.rolfe-eng1-alison.xml,1,127,165,insert,,61 58,at the time was serving as proconsular governor of asia with no great credit to himself to imitate,at the time was serving as proconsular governor of 61 58 asia with no great credit to himself to imitate
phi1348.abo012.rolfe-eng1-alison.xml,1,127,165,insert,,iv,neighbour octavius in winning the favour of our allies while returning from macedonia before he could declare himself,neighbour octavius in winning the favour of our allies iv while returning from macedonia before he could declare himself
phi1348.abo012.rolfe-eng1-alison.xml,1,127,165,insert,,a,praetor he was one of the commission of twenty appointed by the julian law to distribute lands in,praetor he was one of the commission of twenty a appointed by the julian law to distribute lands in
phi1348.abo012.rolfe-eng1-alison.xml,1,127,165,insert,,misunderstood cassius who used collybus of a kind of cake in general see scott mem amer acad in rome xi 12 f b c 127,kneaded into shape with hands stained with filthy lucre,kneaded into shape with hands stained with filthy lucre misunderstood cassius who used collybus of a kind of cake in general see scott mem amer acad in rome xi 12 f b c 127
phi1348.abo012.rolfe-eng1-alison.xml,1,129,167,insert,,the deified augustus 63 в с v,augustus was born just before sunrise on the ninth,the deified augustus 63 в с v augustus was born just before sunrise on the sept
phi1348.abo012.rolfe-eng1-alison.xml,1,129,167,insert,,sept 28,augustus was born just before sunrise on the ninth day before the kalends of october in the,v augustus was born just before sunrise on the sept 28 ninth day before the kalends of october in the
phi1348.abo012.rolfe-eng1-alison.xml,1,129,167,insert,,vi,that that part of his house should be consecrated a small room like a pantry is shown to,that that part of his house should be consecrated vi a small room like a pantry is shown to
phi1348.abo012.rolfe-eng1-alison.xml,1,129,167,replace,also,actually,the opinion prevails in the neighbourhood that he was also born there no one ventures to enter this room,the opinion prevails in the neighbourhood that he was actually born there no one ventures to enter this room
phi1348.abo012.rolfe-eng1-alison.xml,1,129,167,insert,,vii,found bedclothes and all half dead before the door in his infancy he was given the surname thurinus,found bedclothes and all half dead before the door vii in his infancy be was given the surname thurinus
phi1348.abo012.rolfe-eng1-alison.xml,1,129,167,replace,he,be,all half dead before the door in his infancy he was given the surname thurinus in memory of the,half dead before the door vii in his infancy be was given the surname thurinus in memory of the
phi1348.abo012.rolfe-eng1-alison.xml,1,129,167,insert,,vol i s f 129,else because it was near thurii that his father,else because it was near thurii that his father vol i s f 129
phi1348.abo012.rolfe-eng1-alison.xml,1,131,169,insert,,the deified augustus,octavius shortly before the birth of his son had,the deified augustus octavius shortly after the birth of his son had
phi1348.abo012.rolfe-eng1-alison.xml,1,131,169,replace,before,after,octavius shortly before the birth of his son had gained his victory,the deified augustus octavius shortly after the birth of his son had gained his victory
phi1348.abo012.rolfe-eng1-alison.xml,1,131,169,replace,owned,obtained,may assert on very trustworthy evidence since i once owned a little bronze statuette representing him as a boy,may assert on very trustworthy evidence since i once obtained a bronze statuette representing him as a boy and
phi1348.abo012.rolfe-eng1-alison.xml,1,131,169,delete,little,,on very trustworthy evidence since i once owned a little bronze statuette representing him as a boy and inscribed,on very trustworthy evidence since i once obtained a bronze statuette representing him as a boy and inscribed
phi1348.abo012.rolfe-eng1-alison.xml,1,131,169,insert,,27 a c,surname augustus the former by the will of his great uncle the latter on the motion of munatius,surname augustus the former by the will of his 27 a c great uncle the latter on the motion of munatius
phi1348.abo012.rolfe-eng1-alison.xml,1,131,169,insert,,viii,after by augury august illustrious rome had been founded at the age of four he lost his father,after by augury august illustrious rome had been founded viii at the age of four he lost his father
phi1348.abo012.rolfe-eng1-alison.xml,1,131,169,insert,,59,the age of four he lost his father in his twelfth year he delivered a funeral oration to,the age of four he lost his father in 59 his twelfth year he delivered a funeral oration to
phi1348.abo012.rolfe-eng1-alison.xml,1,131,169,insert,,131,of manhood he received military prizes at caesar s,of manhood he received military prizes at caesar s 131
phi1348.abo012.rolfe-eng1-alison.xml,1,133,171,insert,,the deified augustus,african triumph although he had taken no part in,the deified augustus african triumph although he had taken no part in
phi1348.abo012.rolfe-eng1-alison.xml,1,133,171,insert,,46 a,of pompey although augustus had hardly yet recovered his strength after a severe illness he followed over roads,of pompey although augustus had hardly yet recovered his 46 a strength after a severe illness he followed over roads
phi1348.abo012.rolfe-eng1-alison.xml,1,133,171,insert,,44 b g,uncle had been slain and that he was his heir he was in doubt for some time whether,uncle had been slain and that he was his 44 b g heir he was in doubt for some time whether
phi1348.abo012.rolfe-eng1-alison.xml,1,133,171,insert,,ix,twelve years and finally by himself for forty four having given as it were a summary of his,twelve years and finally by himself for forty four ix having given as it were a summary of his
phi1348.abo012.rolfe-eng1-alison.xml,1,133,171,insert,,133,were against marcus antonius the second against brutus and,were against marcus antonius the second against brutus and 133
phi1348.abo012.rolfe-eng1-alison.xml,1,135,173,insert,,the deified augustus,cassius the third against lucius antonius brother of the,the deified augustus cassius the third against lucius antonius brother of the
phi1348.abo012.rolfe-eng1-alison.xml,1,135,173,insert,,x,and the fourth against sextus pompeius son of gnaeus the initial reason for all these wars was this,and the fourth against sextus pompeius son of gnaeus x the initial reason for all these wars was this
phi1348.abo012.rolfe-eng1-alison.xml,1,135,173,insert,,135,had raised with the rank of propraetor and bidden,had raised with the rank of propraetor and bidden 135
phi1348.abo012.rolfe-eng1-alison.xml,1,137,175,insert,,the deified augustus,to join with hirtius and pansa who had become,the deified augustus to join with hirtius and pansa who had become
phi1348.abo012.rolfe-eng1-alison.xml,1,137,175,insert,,xi,shouldered the eagle and carried it for some time as hirtius lost his life in battle during this,shouldered the eagle and carried it for some time xi as hirtius lost his life in battle during this
phi1348.abo012.rolfe-eng1-alison.xml,1,137,175,insert,,xii,other consul hirtius amid the confusion of the battle but when he learned that antony after his flight,other consul hirtius amid the confusion of the battle xii but when he learned that antony after his flight
phi1348.abo012.rolfe-eng1-alison.xml,1,137,175,insert,,137,to his veterans to show more plainly that he,to his veterans to show more plainly that he 137
phi1348.abo012.rolfe-eng1-alison.xml,1,139,177,insert,,the deified augustus,regretted his connection with the former party he imposed,the deified augustus regretted his connection with the former party he imposed
phi1348.abo012.rolfe-eng1-alison.xml,1,139,177,insert,,xiii,mutina and inscribed upon it they fell for liberty then forming a league with antony and lepidus he,mutina and inscribed upon it they fell for liberty xiii then forming a league with antony and lepidus he
phi1348.abo012.rolfe-eng1-alison.xml,1,139,177,insert,,na,he finished the war of philippi also in two battles although weakened by illness being driven from his,he finished the war of philippi also in two na battles although weakened by illness being driven from his
phi1348.abo012.rolfe-eng1-alison.xml,1,139,177,replace,well known,wellknown,because of this the rest including marcus favonius the well known imitator of cato saluted antony respectfully as imperator when,because of this the rest including marcus favonius the wellknown imitator of cato saluted antony respectfully as imperator when
phi1348.abo012.rolfe-eng1-alison.xml,1,139,177,insert,,139,municipalities he could neither satisfy the veterans nor the,municipalities he could neither satisfy the veterans nor the 139
phi1348.abo012.rolfe-eng1-alison.xml,1,141,179,insert,,the deified augustus,landowners since the latter complained that they were driven,the deified augustus landowners since the latter complained that they were driven
phi1348.abo012.rolfe-eng1-alison.xml,1,141,179,insert,,xiv,treated as their services had led them to hope when lucius antonius at this juncture attempted a revolution,treated as their services had led them to hope xiv when lucius antonius at this juncture 41 b c
phi1348.abo012.rolfe-eng1-alison.xml,1,141,179,insert,,41 b c,them to hope when lucius antonius at this juncture attempted a revolution relying on his position as consul,to hope xiv when lucius antonius at this juncture 41 b c attempted a revolution relying on his position as consul
phi1348.abo012.rolfe-eng1-alison.xml,1,141,179,replace,having,when he had,during the war for at an exhibition of games having given orders that a common soldier who was sitting,during the war for at an exhibition of games when he had given orders that a common soldier who was sitting
phi1348.abo012.rolfe-eng1-alison.xml,1,141,179,insert,,a,common soldier who was sitting in the fourteen rows be put out by an attendant the report was,common soldier who was sitting in the fourteen rows a be put out by an attendant the report was
phi1348.abo012.rolfe-eng1-alison.xml,1,141,179,insert,,xv,gladiators who had made a sally from the town after the capture of perusia he took vengeance on,gladiators who had made a sally from the town xv after the capture of perusia he took vengeance on
phi1348.abo012.rolfe-eng1-alison.xml,1,141,179,insert,,40 в о 141,estates to pay the rewards promised to his veterans,estates to pay the rewards promised to his veterans 40 в о 141
phi1348.abo012.rolfe-eng1-alison.xml,1,143,181,insert,,the deified augustus b c xvi,the sicilian war was among the first that he,the deified augustus b c xvi the sicilian war was among the first that he
phi1348.abo012.rolfe-eng1-alison.xml,1,143,181,insert,,43 35,the sicilian war was among the first that he began but it was long drawn out by many,the sicilian war was among the first that he 43 35 began but it was long drawn out by many
phi1348.abo012.rolfe-eng1-alison.xml,1,143,181,replace,and,due to,rebuilding his fleets which he twice lost by shipwreck and storms and that too in the summer and again,rebuilding his fleets which he twice lost by shipwreck due to storms and that too in the summer and again
phi1348.abo012.rolfe-eng1-alison.xml,1,143,181,replace,were,had been,there was a severe famine finally after new ships were built and twenty thousand slaves set free and trained,there was a severe famine finally after new ships had been built and twenty thousand slaves set free and trained
phi1348.abo012.rolfe-eng1-alison.xml,1,143,181,replace,overcome,held fast,naulochus though just before the battle he was suddenly overcome by so deep a sleep that his friends had,naulochus though just before the battle he was suddenly held fast by so deep a sleep that his friends had
phi1348.abo012.rolfe-eng1-alison.xml,1,143,181,replace,another,an,been put to flight by marcus agrippa some censured another act and saying of his declaring that when his,been put to flight by marcus agrippa some censured an act and saying of his declaring that when his
phi1348.abo012.rolfe-eng1-alison.xml,1,143,181,delete,next,,the victory spite of neptune and that on the next day that there were games in the circus he,the victory spite of neptune and that on the day when games in the circus next occurred he
phi1348.abo012.rolfe-eng1-alison.xml,1,143,181,replace,that there were,when,spite of neptune and that on the next day that there were games in the circus he removed the statue of,victory spite of neptune and that on the day when games in the circus next occurred he removed the
phi1348.abo012.rolfe-eng1-alison.xml,1,143,181,insert,,next occurred,next day that there were games in the circus he removed the statue of that god from the,that on the day when games in the circus next occurred he removed the statue of that god from the
phi1348.abo012.rolfe-eng1-alison.xml,1,143,181,replace,way,143,as he was going on foot to regium by way,as he was going on foot to regium by 143
phi1348.abo012.rolfe-eng1-alison.xml,1,145,183,insert,,the deified augustus way,of locri he saw some of pompey s biremes,the deified augustus way of locri he saw some of pompey s biremes
phi1348.abo012.rolfe-eng1-alison.xml,1,145,183,insert,,xvii,it he banished him for all time to circei at last he broke off his alliance with marcus,it he banished him for all time to circei xvii at last he broke off his alliance with marcus
phi1348.abo012.rolfe-eng1-alison.xml,1,145,183,insert,,81 na,dependents of the antonii not long afterwards he won the sea fight at actium where the contest continued,dependents of the antonii not long afterwards he won 81 na the sea fight at actium where the contest continued
phi1348.abo012.rolfe-eng1-alison.xml,1,145,183,insert,,145,on board having gone into winter quarters at samos,on board having gone into winter quarters at samos 145
phi1348.abo012.rolfe-eng1-alison.xml,1,147,185,insert,,the deified augustus,after actium he was disturbed by the news of,the deified augustus after actium he was disturbed by the news of
phi1348.abo012.rolfe-eng1-alison.xml,1,147,185,replace,days just,daysjust,rudder broken he delayed at brundisium only twenty seven days just long enough to satisfy all the demands of the,rudder broken he delayed at brundisium only twenty seven daysjust long enough to satisfy all the demands of the
phi1348.abo012.rolfe-eng1-alison.xml,1,147,185,insert,,147,as carefully as if they were his own kin,as carefully as if they were his own kin 147
phi1348.abo012.rolfe-eng1-alison.xml,1,149,187,insert,,the deified augustus xviii,about this time he had the sarcophagus and body,the deified augustus xviii about this time he had the sarcophagus and body
phi1348.abo012.rolfe-eng1-alison.xml,1,149,187,insert,,xix,with naval trophies consecrated it to neptune and mars after this he nipped in the bud at various,with naval trophies consecrated it to neptune and mars xix after this he nipped in the bud at various
phi1348.abo012.rolfe-eng1-alison.xml,1,149,187,replace,epicadius,epicadus,forgery and was moreover old and feeble also asinius epicadius a half breed of parthian descent and finally telephus,forgery and was moreover old and feeble also asinius epicadus a half breed of parthian descent and finally telephus
phi1348.abo012.rolfe-eng1-alison.xml,1,149,187,replace,epicadius,epicadus,conspired against him and imperilled his safety audasius and epicadius had planned to take his daughter julia,conspired against him and imperilled his safety audasius and epicadus had planned to take his daughter julia 149
phi1348.abo012.rolfe-eng1-alison.xml,1,149,187,insert,,149,and epicadius had planned to take his daughter julia,and epicadus had planned to take his daughter julia 149
phi1348.abo012.rolfe-eng1-alison.xml,1,151,189,insert,,the deified augustus,and his grandson agrippa by force to the armies,the deified augustus and his grandson agrippa by force to the armies
phi1348.abo012.rolfe-eng1-alison.xml,1,151,189,insert,,xx,since nothing could be wrung from him by torture he carried on but two foreign wars in person,since nothing could be wrung from him by torture xx he carried on but two foreign wars in person
phi1348.abo012.rolfe-eng1-alison.xml,1,151,189,insert,,xxi,the city as far as ravenna mediolanum or aquileia in part as leader and in part with armies,the city as far as ravenna mediolanum or aquileia xxi in part as leader and in part with armies
phi1348.abo012.rolfe-eng1-alison.xml,1,151,189,insert,,151,peoples too that were in a state of unrest,peoples too that were in a state of unrest 151
phi1348.abo012.rolfe-eng1-alison.xml,1,153,191,insert,,the deified augustus,but he never made war on any nation without,the deified augustus but he never made war on any nation without
phi1348.abo012.rolfe-eng1-alison.xml,1,153,191,replace,to exact,exacting,which they asked in some cases indeed he tried to exact a new kind of hostages namely women realizing that,which they asked in some cases indeed he tried exacting a new kind of hostages namely women realizing that
phi1348.abo012.rolfe-eng1-alison.xml,1,153,191,insert,,20 พ ศ,to armenia and at his demand surrendered the stand ards which they had taken from marcus crassus and,to armenia and at his demand surrendered the stand 20 พ ศ ards which they had taken from marcus crassus and
phi1348.abo012.rolfe-eng1-alison.xml,1,153,191,insert,,xxii,they would accept only the one whom he selected the temple of janus quirinus which had been closed,they would accept only the one whom he selected xxii the temple of janus quirinus which had been closed
phi1348.abo012.rolfe-eng1-alison.xml,1,153,191,delete,sea,,far shorter period having won peace on land and sea he twice entered the city in an ovation after,far shorter period having won peace on land and he twice entered the city in an ovation after
phi1348.abo012.rolfe-eng1-alison.xml,1,153,191,insert,,sea 153,war of philippi and again after that in sicily,war of philippi and again after that in sicily sea 153
phi1348.abo012.rolfe-eng1-alison.xml,1,155,193,insert,,the deified augustus,and he celebrated three regular triumphs for his victories,the deified augustus and he celebrated three regular triumphs for his victories
phi1348.abo012.rolfe-eng1-alison.xml,1,155,193,insert,,9 α xxiii,actium and at alexandria all on three successive days he suffered but two severe and ignominious defeats those,actium and at alexandria all on three successive days 9 α xxiii he suffered but two severe and ignominious defeats those
phi1348.abo012.rolfe-eng1-alison.xml,1,155,193,insert,,15 b а,which were in germany of these the former was more humiliating than serious but the latter was almost,which were in germany of these the former was 15 b а more humiliating than serious but the latter was almost
phi1348.abo012.rolfe-eng1-alison.xml,1,155,193,insert,,xxiv,disaster each year as one of sorrow and mourning he made many changes and innovations in the army,disaster each year as one of sorrow and mourning xxiv he made many changes and innovations in the army
phi1348.abo012.rolfe-eng1-alison.xml,1,155,193,insert,,tax155,for military service but when he saw that some,for military service but when he saw that some tax155
phi1348.abo012.rolfe-eng1-alison.xml,1,157,195,replace,tax,the deified augustus,tax gatherers were intent upon buying him he knocked him,the deified augustus gatherers were intent upon buying him he knocked him
phi1348.abo012.rolfe-eng1-alison.xml,1,157,195,insert,,c xxv,ten foot poles or even a clod of earth after the civil wars he never called any of,ten foot poles or even a clod of earth c xxv after the civil wars he never called any of
phi1348.abo012.rolfe-eng1-alison.xml,1,157,195,insert,,d,the assembly or in an edict but always soldiers and he would not allow them to be addressed,the assembly or in an edict but always soldiers d and he would not allow them to be addressed
phi1348.abo012.rolfe-eng1-alison.xml,1,157,195,replace,on,when they were slaves from,bank of the river rhine even these he levied on men and women of means while they were still,bank of the river rhine even these he levied when they were slaves from men and women of means and at once gave
phi1348.abo012.rolfe-eng1-alison.xml,1,157,195,delete,while they were still slaves,,these he levied on men and women of means while they were still slaves and at once gave them freedom and he kept,they were slaves from men and women of means and at once gave them freedom and he kept
phi1348.abo012.rolfe-eng1-alison.xml,1,157,195,insert,,157,them freedom and he kept them under their original,them freedom and he kept them under their original 157
phi1348.abo012.rolfe-eng1-alison.xml,1,159,197,insert,,the deified augustus,standard not mingling them with the soldiers of free,the deified augustus standard not mingling them with the soldiers of free
phi1348.abo012.rolfe-eng1-alison.xml,1,159,197,insert,,xxvi,off could not be made good by any catch he received offices and honours before the usual age,off could not be made good by any catch xxvi he received offices and honours before the usual age
phi1348.abo012.rolfe-eng1-alison.xml,1,159,197,insert,,43 c,his legions against the city as if it were that of an enemy and sending messengers to demand,his legions against the city as if it were 43 c that of an enemy and sending messengers to demand
phi1348.abo012.rolfe-eng1-alison.xml,1,159,197,insert,,159,for him in the name of his army and,for him in the name of his army and 159
phi1348.abo012.rolfe-eng1-alison.xml,1,161,199,insert,,the deified augustus b c,when the senate hesitated his centurion cornelius leader of,the deified augustus b c when the senate hesitated his centurion cornelius leader of
phi1348.abo012.rolfe-eng1-alison.xml,1,161,199,insert,,33 в с,you do not he held his second consulship nine years later and a third after a year s,you do not he held his second consulship nine 33 в с years later and a third after a year s
phi1348.abo012.rolfe-eng1-alison.xml,1,161,199,insert,,81 b c,and a third after a year s interval the rest up to the eleventh were in successive years,and a third after a year s interval the 81 b c rest up to the eleventh were in successive years
phi1348.abo012.rolfe-eng1-alison.xml,1,161,199,insert,,30 23,up to the eleventh were in successive years then after declining a number of terms that were offered,up to the eleventh were in successive years then 30 23 after declining a number of terms that were offered
phi1348.abo012.rolfe-eng1-alison.xml,1,161,199,insert,,5 b с,long interval no less than seventeen years and two years later for a thirteenth wishing to hold the,long interval no less than seventeen years and two 5 b с years ears later for a thirteenth wishing to hold
phi1348.abo012.rolfe-eng1-alison.xml,1,161,199,insert,,ears,interval no less than seventeen years and two years later for a thirteenth wishing to hold the highest,than seventeen years and two 5 b с years ears later for a thirteenth wishing to hold the 2
phi1348.abo012.rolfe-eng1-alison.xml,1,161,199,insert,,2 b c,years later for a thirteenth wishing to hold the highest magistracy at the time when he introduced each,ears later for a thirteenth wishing to hold the 2 b c highest magistracy at the time when he introduced each
phi1348.abo012.rolfe-eng1-alison.xml,1,161,199,insert,,xxvii,isle of samos the eighth and ninth at tarraco he was for ten years a member of the,isle of samos the eighth and ninth at tarraco xxvii he was for ten years a member of the
phi1348.abo012.rolfe-eng1-alison.xml,1,161,199,insert,,vol i s g 161,who had also been the colleague of his father,who had also been the colleague of his father vol i s g 161
phi1348.abo012.rolfe-eng1-alison.xml,1,163,201,insert,,the deified augustus,octavius in the aedileship julius saturninus adds that after,the deified augustus octavius in the aedileship julius saturninus adds that after
phi1348.abo012.rolfe-eng1-alison.xml,1,163,201,insert,,and soldiers,had gallius hustled from the tribunal by some centurions tortured him as if he were a slave and,had gallius hustled from the tribunal by some centurions and soldiers tortured him as if he were a slave and
phi1348.abo012.rolfe-eng1-alison.xml,1,163,201,insert,,163,and that after he was dismissed under sentence of,and that after he was dismissed under sentence of 163
phi1348.abo012.rolfe-eng1-alison.xml,1,165,203,insert,,the deified augustus,banishment he either lost his life by shipwreck or,the deified augustus banishment he either lost his life by shipwreck or
phi1348.abo012.rolfe-eng1-alison.xml,1,165,203,insert,,xxviii,last time with a colleague the second time alone he twice thought of restoring the republic first immediately,last time with a colleague the second time alone xxviii he twice thought of restoring the republic first immediately
phi1348.abo012.rolfe-eng1-alison.xml,1,165,203,replace,the populace,more than one,hazardous to trust the state to the control of the populace he continued to keep it in his hands and,hazardous to trust the state to the control of more than one he continued to keep it in his hands and
phi1348.abo012.rolfe-eng1-alison.xml,1,165,203,insert,,165,effort to prevent any dissatisfaction with the new régime,effort to prevent any dissatisfaction with the new régime 165
phi1348.abo012.rolfe-eng1-alison.xml,1,167,205,insert,,the deified augustus,since the city was not adorned as the dignity,the deified augustus since the city was not adorned as the dignity
phi1348.abo012.rolfe-eng1-alison.xml,1,167,205,replace,brick,bricka,justly boast that he had found it built of brick and left it in marble he made it safe,justly boast that he had found it built of bricka and left it in marble he made it safe
phi1348.abo012.rolfe-eng1-alison.xml,1,167,205,insert,,xxix,so far as human foresight could provide for this he built many public works in particular the following,so far as human foresight could provide for this xxix he built many public works in particular the following
phi1348.abo012.rolfe-eng1-alison.xml,1,167,205,insert,,24 na,the following his forum with the temple of mars the avenger the temple of apollo on the palatine,the following his forum with the temple of mars 24 na the avenger the temple of apollo on the palatine
phi1348.abo012.rolfe-eng1-alison.xml,1,167,205,insert,,28 в с,the avenger the temple of apollo on the palatine and the fane of jupiter the thunderer on the,the avenger the temple of apollo on the palatine 28 в с and the fane of jupiter the thunderer on the
phi1348.abo012.rolfe-eng1-alison.xml,1,167,205,insert,,22 b c,and the fane of jupiter the thunderer on the capitol his reason for building the forum was the,and the fane of jupiter the thunderer on the 22 b c capitol his reason for building the forum was the
phi1348.abo012.rolfe-eng1-alison.xml,1,167,205,insert,,167,and revised the lists of jurors he dedicated the,and revised the lists of jurors he dedicated the 167
phi1348.abo012.rolfe-eng1-alison.xml,1,169,207,insert,,the deified augustus,shrine to jupiter the thunderer because of a narrow,the deified augustus shrine to jupiter the thunderer because of a narrow
phi1348.abo012.rolfe-eng1-alison.xml,1,169,207,insert,,and nephew,works too in the name of others his grandsons to wit his wife and his sister such as,works too in the name of others his grandsons and nephew to wit his wife and his sister such as
phi1348.abo012.rolfe-eng1-alison.xml,1,169,207,insert,,12 в с,and his sister such as the colonnade and basilica of gaius and lucius also the colonnades of livia,and his sister such as the colonnade and basilica 12 в с of gaius and lucius also the colonnades of livia
phi1348.abo012.rolfe-eng1-alison.xml,1,169,207,insert,,в с,gaius and lucius also the colonnades of livia and octavia and the theatre of marcellus more than that,gaius and lucius also the colonnades of livia and в с octavia and the theatre of marcellus more than 133
phi1348.abo012.rolfe-eng1-alison.xml,1,169,207,insert,,133 c,and octavia and the theatre of marcellus more than that he often urged other prominent men to adorn,с octavia and the theatre of marcellus more than 133 c that he often urged other prominent men to adorn
phi1348.abo012.rolfe-eng1-alison.xml,1,169,207,replace,of,and,by many men for example the temple of hercules of the muses by marcius philippus the temple of diana,by many men for example the temple of hercules and the muses by marcius philippus the temple of diana
phi1348.abo012.rolfe-eng1-alison.xml,1,169,207,insert,,xxx,and by marcus agrippa in particular many magnificent structures he divided the area of the city into regions,and by marcus agrippa in particular many magnificent structures xxx he divided the area of the city into regions
phi1348.abo012.rolfe-eng1-alison.xml,1,169,207,insert,,169,rest of the high ways to others who had,rest of the high ways to others who had 169
phi1348.abo012.rolfe-eng1-alison.xml,1,171,209,insert,,the deified augustus,been honoured with triumphs asking them to use their,the deified augustus been honoured with triumphs asking them to use their
phi1348.abo012.rolfe-eng1-alison.xml,1,171,209,insert,,xxxi,precious stones to the value of fifty million sesterces after he finally assumed the office of pontifex maximus,precious stones to the value of fifty million sesterces xxxi after he finally had assumed the office of 13
phi1348.abo012.rolfe-eng1-alison.xml,1,171,209,insert,,had,the value of fifty million sesterces after he finally assumed the office of pontifex maximus on the death,value of fifty million sesterces xxxi after he finally had assumed the office of 13 pontifex maximus on the
phi1348.abo012.rolfe-eng1-alison.xml,1,171,209,insert,,13,million sesterces after he finally assumed the office of pontifex maximus on the death of lepidus for he,xxxi after he finally had assumed the office of 13 pontifex maximus on the death of lepidus for he
phi1348.abo012.rolfe-eng1-alison.xml,1,171,209,insert,,saa,and in making this arrangement he called the month sextilis by his own surname rather than his birth,and in making this arrangement he called the month saa sextilis by his own surname rather than his birthmonth
phi1348.abo012.rolfe-eng1-alison.xml,1,171,209,replace,birth month,birthmonth,month sextilis by his own surname rather than his birth month september because in the former he had won his,saa sextilis by his own surname rather than his birthmonth september because in the former he had won his
phi1348.abo012.rolfe-eng1-alison.xml,1,171,209,insert,,171,hazard of the lot he solemnly swore that if,hazard of the lot he solemnly swore that if 171
phi1348.abo012.rolfe-eng1-alison.xml,1,173,211,insert,,the deified augustus,anyone of his grand daughters were of eligible age,the deified augustus anyone of his grand daughters were of eligible age
phi1348.abo012.rolfe-eng1-alison.xml,1,173,211,insert,,xxxii,arch opposite the grand door of pompey s theatre many pernicious practices militating against public security had survived,arch opposite the grand door of pompey s theatre xxxii many pernicious practices militating against public security had survived
phi1348.abo012.rolfe-eng1-alison.xml,1,173,211,insert,,173,and slaves alike were seized and kept in confinement,and slaves alike were seized and kept in confinement 173
phi1348.abo012.rolfe-eng1-alison.xml,1,175,213,insert,,the deified augustus,in the workhouses of the land owners numerous leagues,the deified augustus in the workhouses of the land owners numerous leagues
phi1348.abo012.rolfe-eng1-alison.xml,1,175,213,replace,ducenarii,ducenariie,a fourth of a lower estate to be called ducenarii and to sit on cases involving trifling amounts he,a fourth of a lower estate to be called ducenariie and to sit on cases involving trifling amounts he
phi1348.abo012.rolfe-eng1-alison.xml,1,175,213,insert,,175,and that the custom of holding court during the,and that the custom of holding court during the 175
phi1348.abo012.rolfe-eng1-alison.xml,1,177,215,insert,,the deified augustus,months of november and december should be given up,the deified augustus months of november and december should be given up
phi1348.abo012.rolfe-eng1-alison.xml,1,177,215,insert,,xxxiii,months of november and december should be given up he himself administered justice regularly and sometimes up to,months of november and december should be given up xxxiii he himself administered justice regularly and sometimes up to
phi1348.abo012.rolfe-eng1-alison.xml,1,177,215,insert,,xxxiv,in charge of the business affairs of each province he revised existing laws and enacted some new ones,in charge of the business affairs of each province xxxiv he revised existing laws and enacted some new ones
phi1348.abo012.rolfe-eng1-alison.xml,1,177,215,insert,,177,obligation to marry after the death of a husband,obligation to marry after the death of a husband 177
phi1348.abo012.rolfe-eng1-alison.xml,1,179,217,insert,,the deified augustus,or wife when the knights even then persistently called,the deified augustus or wife when the knights even then persistently called
phi1348.abo012.rolfe-eng1-alison.xml,1,179,217,insert,,xxxv,duration of betrothals and set a limit on divorce since the number of the senators was swelled by,duration of betrothals and set a limit on divorce xxxv since the number of the senators was swelled by
phi1348.abo012.rolfe-eng1-alison.xml,1,179,217,insert,,179,he provided that before taking his seat each member,he provided that before taking his seat each member 179
phi1348.abo012.rolfe-eng1-alison.xml,1,181,219,insert,,the deified augustus,should offer incense and wine at the altar of,the deified augustus should offer incense and wine at the altar of
phi1348.abo012.rolfe-eng1-alison.xml,1,181,219,insert,,xxxvi,to initiate action rather than give assent to others he introduced other innovations too among them these that,to initiate action rather than give assent to others xxxvi he introduced other innovations too among them these that
phi1348.abo012.rolfe-eng1-alison.xml,1,181,219,insert,,xxxvii,convoke should be summoned by the board of ten to enable more men to take part in the,convoke should be summoned by the board of ten xxxvii to enable more men to take part in the
phi1348.abo012.rolfe-eng1-alison.xml,1,181,219,insert,,181,of grain to the people as well as the,of grain to the people as well as the 181
phi1348.abo012.rolfe-eng1-alison.xml,1,183,221,insert,,the deified augustus,prefecture of the city a board of three for,the deified augustus prefecture of the city a board of three for
phi1348.abo012.rolfe-eng1-alison.xml,1,183,221,insert,,xxxviii,he held the office with another and not alone he was not less generous in honouring martial prowess,he held the office with another and not alone xxxviii he was not less generous in honouring martial prowess
phi1348.abo012.rolfe-eng1-alison.xml,1,183,221,insert,,a,in honouring martial prowess for he had regular triumphs voted to above thirty generals and the triumphal regalia,in honouring martial prowess for he had regular triumphs a voted to above thirty generals and the triumphal regalia
phi1348.abo012.rolfe-eng1-alison.xml,1,183,221,insert,,183,were summoned later he excused those who were over,were summoned later he excused those who were over 183
phi1348.abo012.rolfe-eng1-alison.xml,1,185,223,insert,,the deified augustus,thirty five years of age and did not wish,the deified augustus thirty five years of age and did not wish
phi1348.abo012.rolfe-eng1-alison.xml,1,185,223,insert,,xxxix,wish to retain their horses from formally surrendering them having obtained ten assistants from the senate he compelled,wish to retain their horses from formally surrendering them xxxix having obtained ten assistants from the senate he compelled
phi1348.abo012.rolfe-eng1-alison.xml,1,185,223,insert,,xl,low interest and invested it at a higher rate at the elections for tribunes if there were not,low interest and invested it at a higher rate xl at the elections for tribunes if there were not
phi1348.abo012.rolfe-eng1-alison.xml,1,185,223,replace,street,district,s estate he revised the lists of the people street by street and to prevent the commons from being,s estate he revised the lists of the people district by district and to prevent the commons from being
phi1348.abo012.rolfe-eng1-alison.xml,1,185,223,replace,street,district,he revised the lists of the people street by street and to prevent the commons from being called away,he revised the lists of the people district by district and to prevent the commons from being called away
phi1348.abo012.rolfe-eng1-alison.xml,1,185,223,insert,,185,and distributing to his fellow members of the fabian,and distributing to his fellow members of the fabian 185
phi1348.abo012.rolfe-eng1-alison.xml,1,187,225,insert,,the deified augustus,and scaptian tribes a thousand sesterces a man from,the deified augustus and scaptian tribes a thousand sesterces a man from
phi1348.abo012.rolfe-eng1-alison.xml,1,187,225,insert,,or disgraceful acts flagitia became on manumission dediticii prisoners of war 187,and he directed the aediles never again to allow,and he directed the aediles never again to allow or disgraceful acts flagitia became on manumission dediticii prisoners of war 187
phi1348.abo012.rolfe-eng1-alison.xml,1,189,227,insert,,the deified augustus,anyone to appear in the forum or its neighbourhood,the deified augustus anyone to appear in the forum or its neighbourhood
phi1348.abo012.rolfe-eng1-alison.xml,1,189,227,insert,,xli,neighbourhood except in the toga and without a cloak he often showed generosity to all classes when occasion,neighbourhood except in the toga and without a cloak xli he often showed generosity to all classes when occasion
phi1348.abo012.rolfe-eng1-alison.xml,1,189,227,insert,,without interest,of those who had been condemned he loaned it for fixed periods to any who could give security,of those who had been condemned he loaned it without interest for fixed periods to any who could give security
phi1348.abo012.rolfe-eng1-alison.xml,1,189,227,insert,,xlii,sometimes for nothing and he doubled the money tickets but to show that he was a prince who,sometimes for nothing and he doubled the money tickets xlii but to show that he was a prince who
phi1348.abo012.rolfe-eng1-alison.xml,1,189,227,insert,,and various commodities were distributed by similar tesserae cf chap xl 2 nero xi dom iv 189,largess which he had in fact promised he replied,largess which he had in fact promised he replied and various commodities were distributed by similar tesserae cf chap xl 2 nero xi dom iv 189
phi1348.abo012.rolfe-eng1-alison.xml,1,191,229,insert,,the deified augustus,i am a man of my word but when,the deified augustus i am a man of my word but when
phi1348.abo012.rolfe-eng1-alison.xml,1,191,229,insert,,xliii,and grain dealers than for those of the populace he surpassed all his predecessors in the frequency variety,and grain dealers than for those of the populace xliii he surpassed all his predecessors in the frequency variety
phi1348.abo012.rolfe-eng1-alison.xml,1,191,229,insert,,amphi191,of gladiators not only in the forum or the,of gladiators not only in the forum or the amphi191
phi1348.abo012.rolfe-eng1-alison.xml,1,193,231,replace,amphitheatre,the deified augustus theatre,amphitheatre but in the circus and in the saepta sometimes,the deified augustus theatre but in the circus and in the saepta sometimes
phi1348.abo012.rolfe-eng1-alison.xml,1,193,231,replace,sea fight,seafight,in the campus martius erecting wooden seats also a sea fight constructing an artificial lake near the tiber where the,in the campus martius erecting wooden seats also a seafight constructing an artificial lake near the tiber where the
phi1348.abo012.rolfe-eng1-alison.xml,1,193,231,replace,brigands,footpads,city to prevent it from falling a prey to brigands because of the few people who remained at home,city to prevent it from falling a prey to footpads because of the few people who remained at home
phi1348.abo012.rolfe-eng1-alison.xml,1,193,231,insert,,vol i s h 193,display of the first parthian hostages that had ever,display of the first parthian hostages that had ever vol i s h 193
phi1348.abo012.rolfe-eng1-alison.xml,1,195,233,insert,,the deified augustus,been sent to rome by leading them through the,the deified augustus been sent to rome by leading them through the
phi1348.abo012.rolfe-eng1-alison.xml,1,195,233,insert,,front of,the stage and a snake of fifty cubits in the comitium it chanced that at the time of,the stage and a snake of fifty cubits in front of the comitium it chanced that at the time of
phi1348.abo012.rolfe-eng1-alison.xml,1,195,233,insert,,xliv,his seat in the part which appeared most dangerous he put a stop by special regulations to the,his seat in the part which appeared most dangerous xliv he put a stop by special regulations to the
phi1348.abo012.rolfe-eng1-alison.xml,1,195,233,delete,he,,he was informed that even freedmen were sometimes appointed he separated the soldiery from the people he assigned special,he was informed that even freedmen were sometimes appointed separated the soldiery from the people he assigned special
phi1348.abo012.rolfe-eng1-alison.xml,1,195,233,insert,,he 195,to their preceptors and he decreed that no one,to their preceptors and he decreed that no one he 195
phi1348.abo012.rolfe-eng1-alison.xml,1,197,235,insert,,the deified augustus,wearing a dark cloak should sit in the middle,the deified augustus wearing a dark cloak should sit in the middle
phi1348.abo012.rolfe-eng1-alison.xml,1,197,235,insert,,xlv,not come to the theatre before the fifth hour he himself usually watched the games in the circus,not come to the theatre before the fifth hour xlv he himself usually watched the games in the circus
phi1348.abo012.rolfe-eng1-alison.xml,1,197,235,insert,,197,to each of the participants according to his deserts,to each of the participants according to his deserts 197
phi1348.abo012.rolfe-eng1-alison.xml,1,199,237,insert,,the deified augustus,he was especially given to watching boxers particularly those,the deified augustus he was especially given to watching boxers particularly those
phi1348.abo012.rolfe-eng1-alison.xml,1,199,237,insert,,xlvi,all eyes upon a spectator who was hissing him after having thus set the city and its affairs,all eyes upon a spectator who was hissing him xlvi after having thus set the city and its affairs
phi1348.abo012.rolfe-eng1-alison.xml,1,199,237,insert,,199,rights and dignity with the city of rome by,rights and dignity with the city of rome by 199
phi1348.abo012.rolfe-eng1-alison.xml,1,201,239,insert,,the deified augustus,devising a kind of votes which the members of,the deified augustus devising a kind of votes which the members of
phi1348.abo012.rolfe-eng1-alison.xml,1,201,239,insert,,a,and multiply he admitted to the equestrian military career those who were recommended by any town while to,and multiply he admitted to the equestrian military career a those who were recommended by any town while to
phi1348.abo012.rolfe-eng1-alison.xml,1,201,239,insert,,xlvii,districts he distributed a thousand sesterces for each child the stronger provinces which could neither easily nor safely,districts he distributed a thousand sesterces for each child xlvii the stronger provinces which could 27 в с neither
phi1348.abo012.rolfe-eng1-alison.xml,1,201,239,insert,,27 в с,sesterces for each child the stronger provinces which could neither easily nor safely be governed by annual magistrates,for each child xlvii the stronger provinces which could 27 в с neither easily nor safely be governed by annual magistrates
phi1348.abo012.rolfe-eng1-alison.xml,1,201,239,insert,,he relieved,ruin through their lawlessness he deprived of their independence others which were overwhelmed with debt he relieved some,ruin through their lawlessness he deprived of their independence he relieved others that were overwhelmed with debt rebuilt some which
phi1348.abo012.rolfe-eng1-alison.xml,1,201,239,replace,which,that,through their lawlessness he deprived of their independence others which were overwhelmed with debt he relieved some which had,lawlessness he deprived of their independence he relieved others that were overwhelmed with debt rebuilt some which had been
phi1348.abo012.rolfe-eng1-alison.xml,1,201,239,replace,he relieved,rebuilt,of their independence others which were overwhelmed with debt he relieved some which had been destroyed by earthquakes he rebuilt,independence he relieved others that were overwhelmed with debt rebuilt some which had been destroyed by earthquakes and gave
phi1348.abo012.rolfe-eng1-alison.xml,1,201,239,delete,he rebuilt,,he relieved some which had been destroyed by earthquakes he rebuilt and he gave latin rights or full citizenship to,debt rebuilt some which had been destroyed by earthquakes and gave latin rights or full citizenship to such
phi1348.abo012.rolfe-eng1-alison.xml,1,201,239,delete,he,,which had been destroyed by earthquakes he rebuilt and he gave latin rights or full citizenship to such as,rebuilt some which had been destroyed by earthquakes and gave latin rights or full citizenship to such as
phi1348.abo012.rolfe-eng1-alison.xml,1,201,239,insert,,xlviii,had neither opportunity nor occasion to make the voyage except in a few instances he restored the kingdoms,had neither opportunity nor occasion to make the voyage xlviii except in a few instances he restored the kingdoms
phi1348.abo012.rolfe-eng1-alison.xml,1,201,239,insert,,201,of conquest to those from whom he had taken,of conquest to those from whom he had taken 201
phi1348.abo012.rolfe-eng1-alison.xml,1,203,241,insert,,the deified augustus,them or joined them with other foreign nations he,the deified augustus them or joined them with other foreign nations he
phi1348.abo012.rolfe-eng1-alison.xml,1,203,241,insert,,xlix,many of them and educated them with his own of his military forces he assigned legions and auxiliaries,many of them and educated them with his own xlix of his military forces he assigned the legions and
phi1348.abo012.rolfe-eng1-alison.xml,1,203,241,insert,,the,with his own of his military forces he assigned legions and auxiliaries to the various provinces stationed a,his own xlix of his military forces he assigned the legions and auxiliaries to the various provinces stationed a
phi1348.abo012.rolfe-eng1-alison.xml,1,203,241,insert,,either,them from being tempted to revolution after their discharge by age or poverty to have funds ready at,them from being tempted to revolution after their discharge either by age or poverty to have funds ready at
phi1348.abo012.rolfe-eng1-alison.xml,1,203,241,insert,,203,he established a military treasury supported by new taxes,he established a military treasury supported by new taxes 203
phi1348.abo012.rolfe-eng1-alison.xml,1,205,243,insert,,the deified augustus,to enable what was going on in each of,the deified augustus to enable what was going on in each of
phi1348.abo012.rolfe-eng1-alison.xml,1,205,243,insert,,l,place can if occasion demands be questioned as well in passports dispatches and private letters he used as,place can if occasion demands be questioned as well l in passports dispatches and private letters he used as
phi1348.abo012.rolfe-eng1-alison.xml,1,205,243,insert,,even,the exact hour not only of the day but of the night to indicate precisely when they were,the exact hour not only of the day but even of the night to indicate precisely when they were
phi1348.abo012.rolfe-eng1-alison.xml,1,205,243,insert,,li,the night to indicate precisely when they were written the evidences of his clemency and moderation are numerous,the night to indicate precisely when they were written li the evidences of his clemency and moderation are numerous
phi1348.abo012.rolfe-eng1-alison.xml,1,205,243,insert,,with,junius novatus and cassius patavinus with a fine and a mild form of banishment although the former had,junius novatus and cassius patavinus with a fine and with a mild form of banishment respectively although the former
phi1348.abo012.rolfe-eng1-alison.xml,1,205,243,insert,,respectively,with a fine and a mild form of banishment although the former had circulated a most scathing letter,a fine and with a mild form of banishment respectively although the former had circulated a most scathing letter
phi1348.abo012.rolfe-eng1-alison.xml,1,205,243,replace,and,while,about him under the name of the young agrippa and the latter had openly boasted at a large dinner,about him under the name of the young agrippa while the latter had openly declared at a large dinner
phi1348.abo012.rolfe-eng1-alison.xml,1,205,243,replace,boasted,declared,of the young agrippa and the latter had openly boasted at a large dinner party that he lacked neither,of the young agrippa while the latter had openly declared at a large dinner party that he lacked neither
phi1348.abo012.rolfe-eng1-alison.xml,1,205,243,replace,stab,kill,lacked neither the earnest desire nor the courage to stab him again when he was hearing a case against,lacked neither the earnest desire nor the courage to kill him again when he was hearing a case against
phi1348.abo012.rolfe-eng1-alison.xml,1,205,243,insert,,205,could prove the truth of that i ll let,could prove the truth of that i ll let 205
phi1348.abo012.rolfe-eng1-alison.xml,1,207,245,insert,,the deified augustus,aelianus know that i have a tongue as well,the deified augustus aelianus know that i have a tongue as well
phi1348.abo012.rolfe-eng1-alison.xml,1,207,245,insert,,lii,we can stop anyone from doing evil to us although well aware that it was usual to vote,we can stop anyone from doing evil to us lii although well aware that it was usual to vote
phi1348.abo012.rolfe-eng1-alison.xml,1,207,245,replace,peremptorily and,emphatically,in the city itself he refused this honour most peremptorily and even melted down the silver statues which had been,in the city itself he refused this honour most emphatically even melting down the silver statues which had been
phi1348.abo012.rolfe-eng1-alison.xml,1,207,245,replace,melted,melting,itself he refused this honour most peremptorily and even melted down the silver statues which had been set up,city itself he refused this honour most emphatically even melting down the silver statues which had been set up
phi1348.abo012.rolfe-eng1-alison.xml,1,207,245,replace,dedicated,dedicating,former times and with the money coined from them dedicated golden tripods to apollo of the palatine when the,former times and with the money coined from them dedicating golden tripods to apollo of the palatine when the
phi1348.abo012.rolfe-eng1-alison.xml,1,207,245,insert,,liii,and with bare breast begged them not to insist he always shrank from the title of lord as,and with bare breast begged them not to insist liii he always shrank from the title of lord a
phi1348.abo012.rolfe-eng1-alison.xml,1,207,245,insert,,a,insist he always shrank from the title of lord as reproachful and insulting when the words o just,liii he always shrank from the title of lord a as reproachful and insulting when the words o just
phi1348.abo012.rolfe-eng1-alison.xml,1,207,245,replace,applied to,said of,to their feet and applauded as if they were applied to him he at once checked their unseemly flattery by,to their feet and applauded as if they were said of him he at once checked their unseemly flattery by
phi1348.abo012.rolfe-eng1-alison.xml,1,207,245,replace,severely reprimanded,sharply reproved,by look and gesture and on the following day severely reprimanded them in an edict after that he would not,by look and gesture and on the following day sharply reproved them in an edict after that he would not
phi1348.abo012.rolfe-eng1-alison.xml,1,207,245,insert,,207,jest or earnest and he forbade them to use,jest or earnest and he forbade them to use 207
phi1348.abo012.rolfe-eng1-alison.xml,1,209,247,insert,,the deified augustus in,such flattering terms among themselves he did not if,the deified augustus in such flattering terms even among themselves he did not
phi1348.abo012.rolfe-eng1-alison.xml,1,209,247,insert,,even,such flattering terms among themselves he did not if he could help,the deified augustus in such flattering terms even among themselves he did not if he could help
phi1348.abo012.rolfe-eng1-alison.xml,1,209,247,delete,in,,to avoid disturbing anyone by the obligations of ceremony in his consulship he commonly went through the streets on,to avoid disturbing anyone by the obligations of ceremony his consulship he commonly went through the streets on
phi1348.abo012.rolfe-eng1-alison.xml,1,209,247,replace,starve himself to death,end his life by starvation,had suddenly become blind and had therefore resolved to starve himself to death augustus called on him and by his consoling words,had suddenly become blind and had therefore resolved to end his life by starvation augustus called on him and by his consoling words
phi1348.abo012.rolfe-eng1-alison.xml,1,209,247,insert,,liv,and by his consoling words induced him to live as he was speaking in the senate someone said,and by his consoling words induced him to live liv as he was speaking in the senate someone said
phi1348.abo012.rolfe-eng1-alison.xml,1,209,247,replace,leaving,rushing from,i had an opportunity several times when he was leaving the house in anger at the excessive bickering of,i had an opportunity several times when he was rushing from the house in anger at the excessive bickering of
phi1348.abo012.rolfe-eng1-alison.xml,1,209,247,insert,,209,at the selection of senators when each member chose,at the selection of senators when each member chose 209
phi1348.abo012.rolfe-eng1-alison.xml,1,211,249,insert,,the deified augustus,another antistius labeo named marcus lepidus an ex triumvir,the deified augustus another antistius labeo named marcus lepidus an old enemy
phi1348.abo012.rolfe-eng1-alison.xml,1,211,249,replace,ex triumvir,old enemy of the emperor s,another antistius labeo named marcus lepidus an ex triumvir who was then in banishment and when augustus asked,deified augustus another antistius labeo named marcus lepidus an old enemy of the emperor s who was at the time in banishment and when
phi1348.abo012.rolfe-eng1-alison.xml,1,211,249,replace,then,at the time,labeo named marcus lepidus an ex triumvir who was then in banishment and when augustus asked him whether there,an old enemy of the emperor s who was at the time in banishment and when augustus asked him whether there
phi1348.abo012.rolfe-eng1-alison.xml,1,211,249,delete,his,,no one suffered for his freedom of speech or his insolence he did not even dread the lampoons against,no one suffered for his freedom of speech or insolence lv he did not even dread the lampoons
phi1348.abo012.rolfe-eng1-alison.xml,1,211,249,insert,,lv,suffered for his freedom of speech or his insolence he did not even dread the lampoons against him,one suffered for his freedom of speech or insolence lv he did not even dread the lampoons against him
phi1348.abo012.rolfe-eng1-alison.xml,1,211,249,replace,those who,such as,to discover the authors he merely proposed that thereafter those who published notes or verses defamatory of anyone under a,to discover the authors he merely proposed that thereafter such as published notes or verses defamatory of anyone under a
phi1348.abo012.rolfe-eng1-alison.xml,1,211,249,insert,,lvi,under a false name should be called to account when he was assailed with scurrilous or spiteful jests,under a false name should be called to account lvi when he was assailed with scurrilous or spiteful jests
phi1348.abo012.rolfe-eng1-alison.xml,1,211,249,replace,nominated,recommended,eject the owners of the neighbouring houses he never nominated his adopted sons for office without adding if they,eject the owners of the neighbouring houses he never recommended his sons for office without adding if they be
phi1348.abo012.rolfe-eng1-alison.xml,1,211,249,delete,adopted,,owners of the neighbouring houses he never nominated his adopted sons for office without adding if they be worthy,owners of the neighbouring houses he never recommended his sons for office without adding if they be worthy
phi1348.abo012.rolfe-eng1-alison.xml,1,211,249,insert,,211,same laws as the rest and equally liable to,same laws as the rest and equally liable to 211
phi1348.abo012.rolfe-eng1-alison.xml,1,213,251,replace,public,the deified augustus,public prosecution when nonius asprenas a close friend of his,the deified augustus prosecution when nonius asprenas a close friend of his
phi1348.abo012.rolfe-eng1-alison.xml,1,213,251,replace,being present,appearing in the case,prejudicing his case then since all approved of his being present he sat on the benches for several hours but,prejudicing his case then since all approved of his appearing in the case he sat on the benches a for several hours
phi1348.abo012.rolfe-eng1-alison.xml,1,213,251,insert,,a,of his being present he sat on the benches for several hours but in silence and without even,appearing in the case he sat on the benches a for several hours but in silence and without even
phi1348.abo012.rolfe-eng1-alison.xml,1,213,251,replace,an old soldier,one,some of his clients for instance a certain scutarius an old soldier of his who was facing an action for slander,some of his clients for instance a certain scutarius one of his former officers who was accused of slander
phi1348.abo012.rolfe-eng1-alison.xml,1,213,251,insert,,former officers,instance a certain scutarius an old soldier of his who was facing an action for slander he secured,clients for instance a certain scutarius one of his former officers who was accused of slander but he secured the
phi1348.abo012.rolfe-eng1-alison.xml,1,213,251,replace,facing an action for,accused of,certain scutarius an old soldier of his who was facing an action for slander he secured the acquittal of no more than,certain scutarius one of his former officers who was accused of slander but he secured the acquittal of no more
phi1348.abo012.rolfe-eng1-alison.xml,1,213,251,insert,,but,of his who was facing an action for slander he secured the acquittal of no more than one,of his former officers who was accused of slander but he secured the acquittal of no more than one
phi1348.abo012.rolfe-eng1-alison.xml,1,213,251,replace,judges,jurors,appeal to the accuser in the presence of the judges this was castricius through whom he had learned of,appeal to the accuser in the presence of the jurors this was castricius through whom he had learned of
phi1348.abo012.rolfe-eng1-alison.xml,1,213,251,insert,,lvii,through whom he had learned of murena s conspiracy it may readily be imagined how much he was,through whom he had learned of murena s conspiracy lvii it may readily be imagined how much he was
phi1348.abo012.rolfe-eng1-alison.xml,1,213,251,delete,the,,because of this admirable conduct i say nothing of the decrees of the senate which might seem to have,because of this admirable conduct i say nothing of decrees of the senate which might seem to have
phi1348.abo012.rolfe-eng1-alison.xml,1,213,251,delete,and,,roman knights celebrated his birthday of their own accord and by common consent and always for two successive days,roman knights celebrated his birthday of their own accord by common consent and always for two successive days
phi1348.abo012.rolfe-eng1-alison.xml,1,213,251,insert,,213,destroyed by fire the veterans the guilds the tribes,destroyed by fire the veterans the guilds the tribes 213
phi1348.abo012.rolfe-eng1-alison.xml,1,215,253,insert,,the deified augustus,and even individuals of other conditions gladly contributed money,the deified augustus and even individuals of other conditions gladly contributed money
phi1348.abo012.rolfe-eng1-alison.xml,1,215,253,insert,,each,and even individuals of other conditions gladly contributed money according to their means but he barely took a,and even individuals of other conditions gladly contributed money each according to his means but he merely took a
phi1348.abo012.rolfe-eng1-alison.xml,1,215,253,replace,their,his,individuals of other conditions gladly contributed money according to their means but he barely took a little from each,of other conditions gladly contributed money each according to his means but he merely took a little from each
phi1348.abo012.rolfe-eng1-alison.xml,1,215,253,replace,barely,merely,gladly contributed money according to their means but he barely took a little from each pile as a matter,contributed money each according to his means but he merely took a little from each pile as a matter
phi1348.abo012.rolfe-eng1-alison.xml,1,215,253,delete,appropriating,,from each pile as a matter of form not appropriating more than a single denarius from any of them,from each pile as a matter of form not more than a denarius from any of them on
phi1348.abo012.rolfe-eng1-alison.xml,1,215,253,delete,single,,a matter of form not appropriating more than a single denarius from any of them on his return from,as a matter of form not more than a denarius from any of them on his return from
phi1348.abo012.rolfe-eng1-alison.xml,1,215,253,replace,the provinces,a province,denarius from any of them on his return from the provinces they received him not only with prayers and good,denarius from any of them on his return from a province they received him not only with prayers and good
phi1348.abo012.rolfe-eng1-alison.xml,1,215,253,replace,a,the,prayers and good wishes but with songs it was a rule too that whenever he entered the city no,prayers and good wishes but with songs it was the rule too that whenever he entered the city no
phi1348.abo012.rolfe-eng1-alison.xml,1,215,253,insert,,lviii,he entered the city no one should suffer punishment the whole body of citizens with a sudden unanimous,he entered the city no one should suffer punishment lviii the whole body of citizens with a sudden unanimous
phi1348.abo012.rolfe-eng1-alison.xml,1,215,253,delete,the,,the theatre which they attended in throngs all wearing the laurel crowns the senate afterwards in the house not,the theatre which they attended in throngs all wearing laurel wreaths the senate afterwards in the house not
phi1348.abo012.rolfe-eng1-alison.xml,1,215,253,replace,crowns,wreaths,which they attended in throngs all wearing the laurel crowns the senate afterwards in the house not by a,theatre which they attended in throngs all wearing laurel wreaths the senate afterwards in the house not by a
phi1348.abo012.rolfe-eng1-alison.xml,1,215,253,insert,,lix,of yours to the very end of my life in honour of his physician antonius musa through whose,of yours to the very end of my life lix in honour of his physician antonius musa through whose
phi1348.abo012.rolfe-eng1-alison.xml,1,215,253,replace,lead,drive,householders provided in their wills that their heirs should lead victims to the capitol and pay a thank offering,householders provided in their wills that their heirs should drive victims to the capitol and pay a thank offering
phi1348.abo012.rolfe-eng1-alison.xml,1,215,253,insert,,215,victims to the capitol and pay a thank offering,victims to the capitol and pay a thank offering 215
phi1348.abo012.rolfe-eng1-alison.xml,1,217,255,insert,,the deified augustus,in their behalf because augustus had survived them and,the deified augustus in their behalf because augustus had survived them and
phi1348.abo012.rolfe-eng1-alison.xml,1,217,255,insert,,lx,his honour in almost every one of their towns his friends and allies among the kings each in,his honour in almost every one of their towns lx his friends and allies among the kings each in
phi1348.abo012.rolfe-eng1-alison.xml,1,217,255,replace,made,joined in,own realm founded a city called caesarea and all made a plan to contribute jointly and finish at their,own realm founded a city called caesarea and all joined in a plan to contribute the funds for finishing the
phi1348.abo012.rolfe-eng1-alison.xml,1,217,255,replace,jointly and finish at their own expense,the funds for finishing,called caesarea and all made a plan to contribute jointly and finish at their own expense the temple of olympian jupiter at athens which had,caesarea and all joined in a plan to contribute the funds for finishing the temple of jupiter olympius which was begun at
phi1348.abo012.rolfe-eng1-alison.xml,1,217,255,delete,olympian,,and finish at their own expense the temple of olympian jupiter at athens which had been begun in ancient,to contribute the funds for finishing the temple of jupiter olympius which was begun at athens in ancient
phi1348.abo012.rolfe-eng1-alison.xml,1,217,255,insert,,olympius which was begun,at their own expense the temple of olympian jupiter at athens which had been begun in ancient days,contribute the funds for finishing the temple of jupiter olympius which was begun at athens in ancient days and to dedicate it
phi1348.abo012.rolfe-eng1-alison.xml,1,217,255,delete,which had been begun,,own expense the temple of olympian jupiter at athens which had been begun in ancient days and to dedicate it to his,temple of jupiter olympius which was begun at athens in ancient days and to dedicate it to his
phi1348.abo012.rolfe-eng1-alison.xml,1,217,255,insert,,and,ancient days and to dedicate it to his genius they would often leave their kingdoms and show him,ancient days and to dedicate it to his genius and they would often leave their kingdoms and show him
phi1348.abo012.rolfe-eng1-alison.xml,1,217,255,insert,,lxi,but even when he was travelling through the provinces now that i have shown how he conducted himself,but even when he was travelling through the provinces lxi now that i have shown how he conducted himself
phi1348.abo012.rolfe-eng1-alison.xml,1,217,255,insert,,431,he lost his mother during his first consulship and his sister octavia in his fifty fourth year to,he lost his mother during his first consulship and 431 his sister octavia in his fifty fourth year to
phi1348.abo012.rolfe-eng1-alison.xml,1,217,255,replace,the utmost,marked,in his fifty fourth year to both he showed the utmost devotion during their lifetime and also paid them the,in his fifty fourth year to both he showed marked devotion during their lifetime and also paid them the
phi1348.abo012.rolfe-eng1-alison.xml,1,217,255,insert,,lxii,also paid them the highest honours after their death in his youth he was betrothed to the daughter,also paid them the highest honours after their death lxii in his youth he was betrothed to the daughter
phi1348.abo012.rolfe-eng1-alison.xml,1,217,255,insert,,217,united by some tie of kinship he took to,united by some tie of kinship he took to 217
phi1348.abo012.rolfe-eng1-alison.xml,1,219,257,insert,,the deified augustus,wife antony s stepdaughter claudia daughter of fulvia by,the deified augustus wife antony s stepdaughter claudia daughter of 43 na
phi1348.abo012.rolfe-eng1-alison.xml,1,219,257,insert,,43 na,wife antony s stepdaughter claudia daughter of fulvia by publius clodius although she was barely of,deified augustus wife antony s stepdaughter claudia daughter of 43 na fulvia by publius clodius although she was barely of
phi1348.abo012.rolfe-eng1-alison.xml,1,219,257,replace,on,because of a,clodius although she was barely of marriageable age but on falling out with his mother in law fulvia he,clodius although she was barely of marriageable age but because of a falling out with his mother in law fulvia he
phi1348.abo012.rolfe-eng1-alison.xml,1,219,257,insert,,40 b с,after that he married scribonia who had been wedded before to two ex consuls and was a mother,after that he married scribonia who had been wedded 40 b с before to two ex consuls and was a mother
phi1348.abo012.rolfe-eng1-alison.xml,1,219,257,replace,alsounable,also unable,a mother by one of them he divorced her alsounable to put up with her shrewish disposition as he,a mother by one of them he divorced her also unable to put up with her shrewish disposition as he
phi1348.abo012.rolfe-eng1-alison.xml,1,219,257,insert,,38 в о,writes and at once took livia drusilla from her husband tiberius nero although she was with child at,writes and at once took livia drusilla from her 38 в о husband tiberius nero although she was with child at
phi1348.abo012.rolfe-eng1-alison.xml,1,219,257,insert,,lxiii,and esteemed her to the end without a rival by scribonia he had a daughter julia by livia,and esteemed her to the end without a rival lxiii by scribonia he had a daughter julia by livia
phi1348.abo012.rolfe-eng1-alison.xml,1,219,257,insert,,prematurely,earnestly desired issue one baby was conceived but was born prematurely he gave julia in marriage first to,earnestly desired issue one baby was conceived but was prematurely born he gave julia in marriage first to marcellus
phi1348.abo012.rolfe-eng1-alison.xml,1,219,257,delete,prematurely,,desired issue one baby was conceived but was born prematurely he gave julia in marriage first to marcellus son,issue one baby was conceived but was prematurely born he gave julia in marriage first to marcellus son
phi1348.abo012.rolfe-eng1-alison.xml,1,219,257,insert,,finally,for a long time even in the equestrian order chose his stepson tiberius obliging him to divorce his,for a long time even in the equestrian order finally chose his stepson tiberius obliging him to divorce his
phi1348.abo012.rolfe-eng1-alison.xml,1,219,257,insert,,lxiv,of the king s daughter for himself in turn from agrippa and julia he had three grandsons gaius,of the king s daughter for himself in turn lxiv from agrippa and julia he had three grandsons gaius
phi1348.abo012.rolfe-eng1-alison.xml,1,219,257,replace,grand daughters,granddaughters,had three grandsons gaius lucius and agrippa and two grand daughters julia and agrippina he married,had three grandsons gaius lucius and agrippa and two granddaughters julia and agrippina he married 219
phi1348.abo012.rolfe-eng1-alison.xml,1,219,257,insert,,219,and two grand daughters julia and agrippina he married,agrippa and two granddaughters julia and agrippina he married 219
phi1348.abo012.rolfe-eng1-alison.xml,1,221,259,insert,,the deified augustus,julia to lucius paulus the censor s son and,the deified augustus julia to lucius paulus the censor s son and
phi1348.abo012.rolfe-eng1-alison.xml,1,221,259,replace,grand daughters,granddaughters,consuls elect in bringing up his daughter and his grand daughters he even had them taught spinning and weaving and,consuls elect in bringing up his daughter and his granddaughters he even had them taught spinning and weaving and
phi1348.abo012.rolfe-eng1-alison.xml,1,221,259,delete,strictly,,even had them taught spinning and weaving and he strictly forbade them to say or do anything except openly,even had them taught spinning and weaving and he forbade them to say or do anything except openly
phi1348.abo012.rolfe-eng1-alison.xml,1,221,259,insert,,lxv,carriage or rode close by it on either side but at the height of his happiness and his,carriage or rode close by it on either side lxv but at the height of his happiness and his
phi1348.abo012.rolfe-eng1-alison.xml,1,221,259,insert,,2 b c,his confidence in his family and its training fortune proved fickle he found the two julias his daughter,his confidence in his family and its training fortune 2 b c proved fickle he found the two julias his daughter
phi1348.abo012.rolfe-eng1-alison.xml,1,221,259,insert,,9 в с,proved fickle he found the two julias his daughter and grand daughter guilty of every form of vice,proved fickle he found the two julias his daughter 9 в с and granddaughter guilty of every form of vice and
phi1348.abo012.rolfe-eng1-alison.xml,1,221,259,replace,grand daughter,granddaughter,fickle he found the two julias his daughter and grand daughter guilty of every form of vice and banished them,the two julias his daughter 9 в с and granddaughter guilty of every form of vice and banished them
phi1348.abo012.rolfe-eng1-alison.xml,1,221,259,replace,space,span,banished them he lost gaius and lucius within the space of eighteen months for the former died in lycia,banished them he lost gaius and lucius within the span of eighteen months for the former died in 2
phi1348.abo012.rolfe-eng1-alison.xml,1,221,259,insert,,2 a d,space of eighteen months for the former died in lycia and the latter at massilia he then publicly,span of eighteen months for the former died in 2 a d lycia and the latter at massilia he then publicly
phi1348.abo012.rolfe-eng1-alison.xml,1,221,259,insert,,4 a d,lycia and the latter at massilia he then publicly adopted his third grandson agrippa and at the same,lycia and the latter at massilia he then publicly 4 a d adopted his third grandson agrippa and at the same
phi1348.abo012.rolfe-eng1-alison.xml,1,221,259,replace,curiae,curiaed,by a bill passed in the assembly of the curiae but he soon disowned,by a bill passed in the assembly of the curiaed but he soon disowned lictors presided over by the
phi1348.abo012.rolfe-eng1-alison.xml,1,221,259,insert,,lictors presided over by the pontifex maximus this form of adoption was usual with adults cf chap lxiv 1 221,the assembly of the curiae but he soon disowned,the assembly of the curiaed but he soon disowned lictors presided over by the pontifex maximus this form of adoption was usual with adults cf chap lxiv 1 221
phi1348.abo012.rolfe-eng1-alison.xml,1,223,261,insert,,the deified augustus,agrippa because of his low tastes and violent temper,the deified augustus agrippa because of his low tastes and violent temper
phi1348.abo012.rolfe-eng1-alison.xml,1,223,261,replace,let,informed,by the fate of gaius and lucius but he let the senate know of his daughter s fall through,by the fate of gaius and lucius but he informed the senate of his daughter s fall through a
phi1348.abo012.rolfe-eng1-alison.xml,1,223,261,delete,know,,of gaius and lucius but he let the senate know of his daughter s fall through a letter read,of gaius and lucius but he informed the senate of his daughter s fall through a letter read
phi1348.abo012.rolfe-eng1-alison.xml,1,223,261,replace,grand daughter,granddaughter,he would not allow the child born to his grand daughter julia after her sentence to be recognized or reared,he would not allow the child born to his granddaughter julia after her sentence to be recognized or reared
phi1348.abo012.rolfe-eng1-alison.xml,1,223,261,insert,,223,him besides he also provided by a decree of,him besides he also provided by a decree of 223
phi1348.abo012.rolfe-eng1-alison.xml,1,225,263,insert,,the deified augustus,the senate that he should be confined there for,the deified augustus the senate that he should be confined there for
phi1348.abo012.rolfe-eng1-alison.xml,1,225,263,insert,,b lxvi,except as his three boils and his three ulcers he did not readily make friends but he clung,except as his three boils and his three ulcers b lxvi he did not readily make friends but he clung
phi1348.abo012.rolfe-eng1-alison.xml,1,225,263,replace,only,oniy,he clung to them with the utmost constancy not only suitably rewarding their virtues and deserts but even condoning,he clung to them with the utmost constancy not oniy suitably rewarding their virtues and deserts but even condoning
phi1348.abo012.rolfe-eng1-alison.xml,1,225,263,replace,died by his own hand driven,was forced,his ungrateful and envious spirit but when gallus too died by his own hand driven to it by the menaces of his accusers and,his ungrateful and envious spirit but when gallus too was forced to undergo death through the declarations of his accusers
phi1348.abo012.rolfe-eng1-alison.xml,1,225,263,replace,it by,undergo death through,gallus too died by his own hand driven to it by the menaces of his accusers and the decrees of,envious spirit but when gallus too was forced to undergo death through the declarations of his accusers and the decrees of
phi1348.abo012.rolfe-eng1-alison.xml,1,225,263,replace,menaces,declarations,by his own hand driven to it by the menaces of his accusers and the decrees of the senate,gallus too was forced to undergo death through the declarations of his accusers and the decrees of the senate
phi1348.abo012.rolfe-eng1-alison.xml,1,225,263,replace,sometimes differences,up with his friends the emperor s position made his anger fatal vol i s i 225,holding a leading place in his own class although sometimes differences,holding a leading place in his own class although up with his friends the emperor s position made his anger fatal vol i s i 225
phi1348.abo012.rolfe-eng1-alison.xml,1,227,265,insert,,the deified augustus sometimes differences,arose not to mention the others he occasionally found,the deified augustus sometimes differences arose not to mention the others he occasionally found
phi1348.abo012.rolfe-eng1-alison.xml,1,227,265,insert,,lxvii,when they assumed the gown of manhood or married as patron and master he was no less strict,when they assumed the gown of manhood or married lxvii as patron and master he was no less strict
phi1348.abo012.rolfe-eng1-alison.xml,1,227,265,insert,,227,with timorousness rather than with anything more serious and,with timorousness rather than with anything more serious and 227
phi1348.abo012.rolfe-eng1-alison.xml,1,229,267,insert,,the deified augustus,turned a matter of grave danger into a jest,the deified augustus turned a matter of grave danger into a jest
phi1348.abo012.rolfe-eng1-alison.xml,1,229,267,insert,,lxviii,into a river with heavy weights about their necks in early youth he incurred the reproach of sundry,into a river with heavy weights about their necks lxviii in early youth he incurred the reproach of sundry
phi1348.abo012.rolfe-eng1-alison.xml,1,229,267,replace,drum,timbrel,the mother of the gods as he beat his drum see st how a wanton s finger sways the,the mother of the gods as he beat his timbrel see st how a wanton s finger sways the
phi1348.abo012.rolfe-eng1-alison.xml,1,229,267,insert,,a lxix,st how a wanton s finger sways the world that he was given to adultery not even his,st how a wanton s finger sways the world a lxix that he was given to adultery not even his
phi1348.abo012.rolfe-eng1-alison.xml,1,229,267,insert,,229,his hasty marriage with livia with taking the wife,his hasty marriage with livia with taking the wife 229
phi1348.abo012.rolfe-eng1-alison.xml,1,231,269,insert,,the deified augustus,of an ex consul from her husband s dining,the deified augustus of an ex consul from her husband s dining
phi1348.abo012.rolfe-eng1-alison.xml,1,231,269,insert,,a,too freely at the excessive influence of a rival that his friends acted as his panders and stripped,too freely at the excessive influence of a rival a that his friends acted as his panders and stripped
phi1348.abo012.rolfe-eng1-alison.xml,1,231,269,insert,,lxx,matter where or with whom you take your pleasure there was besides a private dinner of his commonly,matter where or with whom you take your pleasure lxx there was besides a private dinner of his commonly
phi1348.abo012.rolfe-eng1-alison.xml,1,231,269,insert,,231,earth and jupiter himself fled from his golden throne,earth and jupiter himself fled from his golden throne 231
phi1348.abo012.rolfe-eng1-alison.xml,1,233,271,insert,,the deified augustus,the scandal of this banquet was the greater because,the deified augustus the scandal of this banquet was the greater because
phi1348.abo012.rolfe-eng1-alison.xml,1,233,271,replace,statuein,statue in,time of the proscriptions there was written on his statuein silver once my father dealt now in corinthians i,time of the proscriptions there was written on his statue in silver once my father dealt now in corinthiansa i
phi1348.abo012.rolfe-eng1-alison.xml,1,233,271,replace,corinthians,corinthiansa,his statuein silver once my father dealt now in corinthians i since it was believed that he caused some,statue in silver once my father dealt now in corinthiansa i since it was believed that he caused some
phi1348.abo012.rolfe-eng1-alison.xml,1,233,271,insert,,lxxi,the time in the hope of winning one victory of these charges or slanders whichever we may call,the time in the hope of winning one victory lxxi of these charges or slanders whichever we may call
phi1348.abo012.rolfe-eng1-alison.xml,1,233,271,insert,,233,his own wife he did not in the least,his own wife he did not in the least 233
phi1348.abo012.rolfe-eng1-alison.xml,1,235,273,insert,,the deified augustus,shrink from a reputation for gaming and played frankly,the deified augustus shrink from a reputation for gaming and played frankly
phi1348.abo012.rolfe-eng1-alison.xml,1,235,273,delete,a,,and kept the gaming board warm your brother made a great outcry about his luck but after all did,and kept the gaming board warm your brother made great outcry about his luck but after all did
phi1348.abo012.rolfe-eng1-alison.xml,1,235,273,insert,,a lxxii,dice or at odd and even during the dinner in the other details of his life it is,dice or at odd and even during the dinner a lxxii in the other details of his life it is
phi1348.abo012.rolfe-eng1-alison.xml,1,235,273,insert,,235,the suspicion of any fault he lived at first,the suspicion of any fault he lived at first 235
phi1348.abo012.rolfe-eng1-alison.xml,1,237,275,insert,,the deified augustus,near the forum romanum above the stairs of the,the deified augustus near the forum romanum above the stairs of the
phi1348.abo012.rolfe-eng1-alison.xml,1,237,275,delete,a,,was remarkable neither for size nor elegance having but a short colonnade with columns of alban stone and rooms,was remarkable neither for size nor elegance having but short colonnades with columns of alban stone a and
phi1348.abo012.rolfe-eng1-alison.xml,1,237,275,replace,colonnade,colonnades,neither for size nor elegance having but a short colonnade with columns of alban stone and rooms without any,remarkable neither for size nor elegance having but short colonnades with columns of alban stone a and rooms without
phi1348.abo012.rolfe-eng1-alison.xml,1,237,275,insert,,a,but a short colonnade with columns of alban stone and rooms without any marble decorations or handsome pavements,having but short colonnades with columns of alban stone a and rooms without any marble decorations or handsome pavements
phi1348.abo012.rolfe-eng1-alison.xml,1,237,275,replace,grand daughter,granddaughter,palaces actually razing to the ground one which his grand daughter julia built on a lavish scale his own villas,palaces actually razing to the ground one which his granddaughter julia built on a lavish scale his own villas
phi1348.abo012.rolfe-eng1-alison.xml,1,237,275,insert,,lxxiii,of the giants and the weapons of the heroes the simplicity of his furniture and household goods may,of the giants and the weapons of the heroes lxxiii the simplicity of his furniture and household goods may
phi1348.abo012.rolfe-eng1-alison.xml,1,237,275,insert,,237,may be seen from couches and tables still in,may be seen from couches and tables still in 237
phi1348.abo012.rolfe-eng1-alison.xml,1,239,277,insert,,the deified augustus,existence many of which are scarcely fine enough for,the deified augustus existence many of which are scarcely fine enough for
phi1348.abo012.rolfe-eng1-alison.xml,1,239,277,replace,grand daughters,granddaughters,the house made by his sister wife daughter or grand daughters his togas were neither close nor full his purple,the house made by his sister wife daughter or granddaughters his togas were neither close nor full his purple
phi1348.abo012.rolfe-eng1-alison.xml,1,239,277,insert,,lxxiv,ready in his room for sudden and unexpected occasions he gave dinner parties constantly and always formally with,ready in his room for sudden and unexpected occasions lxxiv he gave dinner parties constantly and always formally with
phi1348.abo012.rolfe-eng1-alison.xml,1,239,277,insert,,d 239,strolling players from the circus and especially story tellers,strolling players from the circus and especially story tellers d 239
phi1348.abo012.rolfe-eng1-alison.xml,1,241,279,insert,,the deified augustus lxxv,festivals and holidays he celebrated lavishly as a rule,the deified augustus lxxv festivals and holidays he celebrated lavishly as a rule
phi1348.abo012.rolfe-eng1-alison.xml,1,241,279,insert,,lxxvi,in the bidding and share the loss or gain he was a light eater for i would not,in the bidding and share the loss or gain lxxvi he was a light eater for i would not
phi1348.abo012.rolfe-eng1-alison.xml,1,241,279,insert,,ate,not omit even this detail and as a rule of plain food he particularly liked coarse bread small,not omit even this detail and as a rule ate of plain food he particularly liked coarse bread small
phi1348.abo012.rolfe-eng1-alison.xml,1,241,279,replace,hand made,handmade,plain food he particularly liked coarse bread small fishes hand made moist cheese and green figs of the second crop,plain food he particularly liked coarse bread small fishes handmade moist cheese and green figs of the second crop
phi1348.abo012.rolfe-eng1-alison.xml,1,241,279,replace,going home,on my homeward way,dates in my carriage and again as i was going home from the colonnade of pompey in my litter i,dates in my carriage and again as i was on my homeward way from the regia in my litter i devoured an
phi1348.abo012.rolfe-eng1-alison.xml,1,241,279,replace,colonnade of pompey,regia,and again as i was going home from the colonnade of pompey in my litter i devoured an ounce of bread,as i was on my homeward way from the regia in my litter i devoured an ounce of bread
phi1348.abo012.rolfe-eng1-alison.xml,1,241,279,insert,,241,he sometimes ate alone either before a dinner party,he sometimes ate alone either before a dinner party 241
phi1348.abo012.rolfe-eng1-alison.xml,1,243,281,insert,,the deified augustus,began or after it was over touching nothing while,the deified augustus began or after it was over touching nothing while
phi1348.abo012.rolfe-eng1-alison.xml,1,243,281,insert,,lxxvii,was over touching nothing while it was in progress he was by nature most sparing also in his,was over touching nothing while it was in progress lxxvii he was by nature most sparing also in his
phi1348.abo012.rolfe-eng1-alison.xml,1,243,281,insert,,lxxviii,apple with a tart flavour either fresh or dried after his midday meal he used to rest for,apple with a tart flavour either fresh or dried lxxviii after his midday meal he used to rest for
phi1348.abo012.rolfe-eng1-alison.xml,1,243,281,insert,,243,and he would drop off while he was being,and he would drop off while he was being 243
phi1348.abo012.rolfe-eng1-alison.xml,1,245,283,insert,,the deified augustus,carried through the streets and when his litter was,the deified augustus carried through the streets and when his litter was
phi1348.abo012.rolfe-eng1-alison.xml,1,245,283,insert,,lxxix,his litter was set down because of some delay he was unusually handsome and exceedingly graceful at all,his litter was set down because of some delay lxxix he was unusually handsome and exceedingly graceful at all
phi1348.abo012.rolfe-eng1-alison.xml,1,245,283,insert,,245,fine proportion and symmetry of his figure and was,fine proportion and symmetry of his figure and was 245
phi1348.abo012.rolfe-eng1-alison.xml,1,247,285,insert,,the deified augustus,noticeable only by comparison with some taller person standing,the deified augustus noticeable only by comparison with some taller person standing
phi1348.abo012.rolfe-eng1-alison.xml,1,247,285,insert,,lxxx,by comparison with some taller person standing beside him it is said that his body was covered with,by comparison with some taller person standing beside him lxxx it is said that his body was covered with
phi1348.abo012.rolfe-eng1-alison.xml,1,247,285,insert,,a,with the stars of the bear in the heavens also numerous callous places resembling ringworm caused by a,with the stars of the bear in the heavens a also numerous callous places resembling ringworm caused by a
phi1348.abo012.rolfe-eng1-alison.xml,1,247,285,insert,,lxxxi,the pain only after passing stones in his urine in the course of his life he suffered from,the pain only after passing stones in his urine lxxxi in the course of his life he suffered from
phi1348.abo012.rolfe-eng1-alison.xml,1,247,285,insert,,23 na,after the subjugation of cantabria when he was in such a desperate plight from abscesses of the liver,after the subjugation of cantabria when he was in 23 na such a desperate plight from abscesses of the liver
phi1348.abo012.rolfe-eng1-alison.xml,1,247,285,insert,,247,he could not readily endure either cold or heat,he could not readily endure either cold or heat 247
phi1348.abo012.rolfe-eng1-alison.xml,1,249,287,insert,,the deified augustus lxxxii,in winter he protected himself with four tunics and,the deified augustus lxxxii in winter he protected himself with four tunics and
phi1348.abo012.rolfe-eng1-alison.xml,1,249,287,insert,,lxxxiii,and feet in the water one after the other immediately after the civil war he gave up exercise,and feet in the water one after the other lxxxiii immediately after the civil war he gave up exercise
phi1348.abo012.rolfe-eng1-alison.xml,1,249,287,replace,balloon ball,balloonball,campus martius at first turning to pass ball and balloon ball but soon confining himself to riding or taking a,campus martius at first turning to pass ball and balloonball but soon confining himself to riding or taking a
phi1348.abo012.rolfe-eng1-alison.xml,1,249,287,insert,,249,at dice marbles and nuts with little boys searching,at dice marbles and nuts with little boys searching 249
phi1348.abo012.rolfe-eng1-alison.xml,1,251,289,insert,,the deified augustus,everywhere for such as were attractive for their pretty,the deified augustus everywhere for such as were attractive for their pretty
phi1348.abo012.rolfe-eng1-alison.xml,1,251,289,insert,,lxxxiv,sort as freaks of nature and of ill omen from early youth he devoted himself eagerly and with,sort as freaks of nature and of ill omen lxxxiv from early youth he devoted himselt eagerly and with
phi1348.abo012.rolfe-eng1-alison.xml,1,251,289,replace,himself,himselt,and of ill omen from early youth he devoted himself eagerly and with the utmost diligence to oratory and,of ill omen lxxxiv from early youth he devoted himselt eagerly and with the utmost diligence to oratory and
phi1348.abo012.rolfe-eng1-alison.xml,1,251,289,replace,off hand,offhand,although he did not lack the gift of speaking off hand without preparation moreover to avoid the danger of forgetting,although he did not lack the gift of speaking offhand without preparation moreover to avoid the danger of forgetting
phi1348.abo012.rolfe-eng1-alison.xml,1,251,289,replace,off hand,offhand,saying too much or too little if he spoke off hand he had an agreeable and rather characteristic enunciation and,saying too much or too little if he spoke offhand he had an agreeable and rather characteristic enunciation and
phi1348.abo012.rolfe-eng1-alison.xml,1,251,289,insert,,lxxxv,the throat he addressed the people through a herald he wrote numerous works of various kinds in prose,the throat he addressed the people through a herald lxxxv he wrote numerous works of various kinds in prose
phi1348.abo012.rolfe-eng1-alison.xml,1,251,289,replace,lecture room,lectureroom,of his intimate friends as others did in a lecture room for example his reply to brutus on cato at,of his intimate friends as others did in a lectureroom for example his reply to brutus on cato at
phi1348.abo012.rolfe-eng1-alison.xml,1,251,289,delete,on,,them to tiberius to finish for he was well on in years he also wrote exhortations to philosophy,them to tiberius to finish for he was well in years he also wrote exhortations to philosophy on
phi1348.abo012.rolfe-eng1-alison.xml,1,251,289,insert,,on 251,on in years he also wrote exhortations to philosophy,well in years he also wrote exhortations to philosophy on 251
phi1348.abo012.rolfe-eng1-alison.xml,1,253,291,insert,,the deified augustus,and some volumes of an autobiography giving an account,the deified augustus and some volumes of an autobiography giving an account
phi1348.abo012.rolfe-eng1-alison.xml,1,253,291,replace,enthusiasm,enthusiasın,the bath though he began a tragedy with much enthusiasm he destroyed it because his style did not satisfy,the bath though he began a tragedy with much enthusiasın he destroyed it because his style did not satisfy
phi1348.abo012.rolfe-eng1-alison.xml,1,253,291,insert,,lxxxvi,answered that his ajax had fallen on his sponge he cultivated a style of speaking that was chaste,answered that his ajax had fallen on his sponge lxxxvi he cultivated a style of speaking that was chaste
phi1348.abo012.rolfe-eng1-alison.xml,1,253,291,insert,,253,rather to be admired than to be understood then,rather to be admired than to be understood then 253
phi1348.abo012.rolfe-eng1-alison.xml,1,255,293,insert,,the deified augustus,going on to ridicule his perverse and inconsistent taste,the deified augustus going on to ridicule his perverse and inconsistent taste
phi1348.abo012.rolfe-eng1-alison.xml,1,255,293,insert,,lxxxvii,take great care not to write and talk affectedly that in his everyday conversation he used certain favourite,take great care not to write and talk affectedly lxxxvii that in his everyday conversation he used certain favourite
phi1348.abo012.rolfe-eng1-alison.xml,1,255,293,insert,,a,let s be satisfied with the cato we have and to express the speed of a hasty action,let s be satisfied with the cato we have a and to express the speed of a hasty action
phi1348.abo012.rolfe-eng1-alison.xml,1,255,293,replace,sumus,sumuss,vulgar term is lachanizare besides he used simus for sumus and domos in the genitive,vulgar term is lachanizare besides he used simus for sumuss and domos in the genitive slang and the exact
phi1348.abo012.rolfe-eng1-alison.xml,1,255,293,insert,,slang and the exact form and derivation of many of them are uncertain 255,used simus for sumus and domos in the genitive,used simus for sumuss and domos in the genitive slang and the exact form and derivation of many of them are uncertain 255
phi1348.abo012.rolfe-eng1-alison.xml,1,257,295,insert,,the deified augustus,singular instead of domuos the last two forms he,the deified augustus singular instead of domuos the last two forms he
phi1348.abo012.rolfe-eng1-alison.xml,1,257,295,insert,,lxxxviii,of the word and draws a loop around them he does not strictly comply with orthography that is,of the word and draws a loop around them lxxxviii he does not strictly comply with orthography that is
phi1348.abo012.rolfe-eng1-alison.xml,1,257,295,insert,,lxxxix,letters on the same principle using aa for x he was equally interested in greek studies and in,letters on the same principle using aa for x lxxxix he was equally interested in greek studies and in
phi1348.abo012.rolfe-eng1-alison.xml,1,257,295,insert,,vol i s k 257,for if he had occasion to use the language,for if he had occasion to use the language vol i s k 257
phi1348.abo012.rolfe-eng1-alison.xml,1,259,297,insert,,the deified augustus,he wrote what he had to say in latin,the deified augustus he wrote what he had to say in latin
phi1348.abo012.rolfe-eng1-alison.xml,1,259,297,insert,,xc,to let his name be cheapened in prize declamations this is what we are told of his attitude,to let his name be cheapened in prize declamations xc this is what we are told of his attitude
phi1348.abo012.rolfe-eng1-alison.xml,1,259,297,insert,,259,of a violent storm took refuge in an underground,of a violent storm took refuge in an underground 259
phi1348.abo012.rolfe-eng1-alison.xml,1,261,299,insert,,the deified augustus,vaulted room for as i have said he was,the deified augustus vaulted room for as i have said he was
phi1348.abo012.rolfe-eng1-alison.xml,1,261,299,insert,,xci,narrow escape from lightning during a journey by night he was not indifferent to his own dreams or,narrow escape from lightning during a journey by night xci he was not indifferent to his own dreams or
phi1348.abo012.rolfe-eng1-alison.xml,1,261,299,insert,,c xcii,his open hand to have pennies dropped in it certain auspices and omens he regarded as infallible if,his open hand to have pennies dropped in it c xcii certain auspices and omens he regarded as infallible if
phi1348.abo012.rolfe-eng1-alison.xml,1,261,299,replace,order,way,if his shoes were put on in the wrong order in the morning the left before the right he,if his shoes were put on in the wrong way in the morning the left instead of the right
phi1348.abo012.rolfe-eng1-alison.xml,1,261,299,replace,before,instead of,in the wrong order in the morning the left before the right he considered it a bad sign if,in the wrong way in the morning the left instead of the right he considered it a bad sign if
phi1348.abo012.rolfe-eng1-alison.xml,1,261,299,insert,,betoken261,land or sea he thought it a good omen,land or sea he thought it a good omen betoken261
phi1348.abo012.rolfe-eng1-alison.xml,1,263,301,replace,betokening,the deified augustus ing,betokening a speedy and prosperous return but he was especially,the deified augustus ing a speedy and prosperous return but he was especially
phi1348.abo012.rolfe-eng1-alison.xml,1,263,301,replace,soundof,sound of,as he writes tiberius he merely dreaded the unlucky soundof the name he treated with great respect such foreign,as he writes tiberius he merely dreaded the unlucky sound of the name xciii he treated with great respect such
phi1348.abo012.rolfe-eng1-alison.xml,1,263,301,insert,,xciii,tiberius he merely dreaded the unlucky soundof the name he treated with great respect such foreign rites as,he merely dreaded the unlucky sound of the name xciii he treated with great respect such foreign rites as
phi1348.abo012.rolfe-eng1-alison.xml,1,263,301,insert,,attic,at rome involving the privileges of the priests of ceres in which certain matters of secrecy were brought,at rome involving the privileges of the priests of attic ceres in which certain matters of secrecy were brought
phi1348.abo012.rolfe-eng1-alison.xml,1,263,301,replace,refused,omitted,private but on the other hand he not only refused to make a slight detour to visit apis when,private but on the other hand he not only omitted to make a slight detour to visit apis when
phi1348.abo012.rolfe-eng1-alison.xml,1,263,301,insert,,xciv,offering prayers at jerusalem as he passed by judaea having reached this point it will not be out,offering prayers at jerusalem as he passed by judaea xciv having reached this point it will not be out
phi1348.abo012.rolfe-eng1-alison.xml,1,263,301,insert,,263,of his birth and afterwards from which it was,of his birth and afterwards from which it was 263
phi1348.abo012.rolfe-eng1-alison.xml,1,265,303,insert,,the deified augustus,possible to anticipate and perceive his future greatness and,the deified augustus possible to anticipate and perceive his future greatness and
phi1348.abo012.rolfe-eng1-alison.xml,1,265,303,insert,,265,get rid of it so that presently she ceased,get rid of it so that presently she ceased 265
phi1348.abo012.rolfe-eng1-alison.xml,1,267,305,insert,,the deified augustus,ever to go to the public baths in the,the deified augustus ever to go to the public baths in the
phi1348.abo012.rolfe-eng1-alison.xml,1,267,305,insert,,267,had disappeared but after long search he was at,had disappeared but after long search he was at 267
phi1348.abo012.rolfe-eng1-alison.xml,1,269,307,insert,,the deified augustus,last found lying on a lofty tower with his,the deified augustus last found lying on a lofty tower with his
phi1348.abo012.rolfe-eng1-alison.xml,1,269,307,replace,breakfasting,lunching,no frog has ever croaked there as he was breakfasting in a grove at the fourth milestone on the,no frog has ever croaked there as he was lunching in a grove at the fourth milestone on the
phi1348.abo012.rolfe-eng1-alison.xml,1,269,307,replace,altar,alter,boys of good family who were playing around his altar and put in the lap of his toga an,boys of good family who were playing around his alter and put in the fold of his toga an
phi1348.abo012.rolfe-eng1-alison.xml,1,269,307,replace,lap,fold,were playing around his altar and put in the lap of his toga an image of roma which he,were playing around his alter and put in the fold of his toga an image of roma which he
phi1348.abo012.rolfe-eng1-alison.xml,1,269,307,insert,,269,the capitol he happened to tell his friends a,the capitol he happened to tell his friends a 269
phi1348.abo012.rolfe-eng1-alison.xml,1,271,309,insert,,the deified augustus,dream of the night before that a boy of,the deified augustus dream of the night before that a boy of
phi1348.abo012.rolfe-eng1-alison.xml,1,271,309,replace,tunic,tunica,augustus was assuming the gown of manhood his senatorial tunic was ripped apart on both sides and fell at,augustus was assuming the gown of manhood his senatorial tunica was ripped apart on both sides and fell at
phi1348.abo012.rolfe-eng1-alison.xml,1,271,309,insert,,371,he at last gave it unwillingly and hesitatingly and,he at last gave it unwillingly and hesitatingly and 371
phi1348.abo012.rolfe-eng1-alison.xml,1,273,311,insert,,the deified augustus,only after many urgent requests theogenes sprang up and,the deified augustus only after many urgent requests theogenes sprang up and
phi1348.abo012.rolfe-eng1-alison.xml,1,273,311,insert,,sign of the,public and issued a silver coin stamped with the constellation capricornus under which he was born as he,public and issued a silver coin stamped with the sign of the constellation capricornus under which he was born xcv as
phi1348.abo012.rolfe-eng1-alison.xml,1,273,311,insert,,xcv,with the constellation capricornus under which he was born as he was entering the city on his return,of the constellation capricornus under which he was born xcv as he was entering the city on his return
phi1348.abo012.rolfe-eng1-alison.xml,1,273,311,replace,double,doubled inward,livers within all of them were found to be double at the lower end which all those who were,livers within all of them were found to be doubled inward at the lower end which all those who were
phi1348.abo012.rolfe-eng1-alison.xml,1,273,311,insert,,xcvi,be an omen of a great and happy future he even divined beforehand the outcome of all his,be an omen of a great and happy future xcvi he even divined beforehand the outcome of all his
phi1348.abo012.rolfe-eng1-alison.xml,1,273,311,insert,,273,off all the equipment of the sacrifice whereupon the,off all the equipment of the sacrifice whereupon the 273
phi1348.abo012.rolfe-eng1-alison.xml,1,275,313,insert,,the deified augustus,soothsayers agreed that all the dangers and disasters with,the deified augustus soothsayers agreed that all the dangers and disasters with
phi1348.abo012.rolfe-eng1-alison.xml,1,275,313,insert,,xcvii,into which he converted the site of his camp his death too of which i shall speak next,into which he converted the site of his camp xcvii his death too of which i shall speak next
phi1348.abo012.rolfe-eng1-alison.xml,1,275,313,insert,,275,too when he was on the point of sending,too when he was on the point of sending 275
phi1348.abo012.rolfe-eng1-alison.xml,1,277,315,insert,,the deified augustus,tiberius to illyricum and was proposing to escort him,the deified augustus tiberius to illyricum and was proposing to escort him
phi1348.abo012.rolfe-eng1-alison.xml,1,277,315,insert,,xcviii,and thus contracted an illness beginning with a diarrhoea then after skirting the coast of campania and the,and thus contracted an illness beginning with a diarrhoea xcviii then after skirting the coast of campania and the
phi1348.abo012.rolfe-eng1-alison.xml,1,277,315,replace,cloaks,cloaksa,little presents of various kinds he distributed togas and cloaks as well stipulating that the romans should use the,little presents of various kinds he distributed togas and cloaksa as well stipulating that the romans should use the
phi1348.abo012.rolfe-eng1-alison.xml,1,277,315,insert,,277,continually watched the exercises of the ephebi of whom,continually watched the exercises of the ephebi of whom 277
phi1348.abo012.rolfe-eng1-alison.xml,1,279,317,insert,,the deified augustus,there was still a goodly number at capreae according,the deified augustus there was still a goodly number at capreae according
phi1348.abo012.rolfe-eng1-alison.xml,1,279,317,insert,,a,the neighbouring part of the island of capreae apragopolis from the laziness of some of his company who,the neighbouring part of the island of capreae apragopolis a from the laziness of some of his company who
phi1348.abo012.rolfe-eng1-alison.xml,1,279,317,insert,,279,gymnastic contest which had been established in his honour,gymnastic contest which had been established in his honour 279
phi1348.abo012.rolfe-eng1-alison.xml,1,281,319,insert,,the deified augustus,and then started with tiberius for his destination but,the deified augustus and then started with tiberius for his destination a
phi1348.abo012.rolfe-eng1-alison.xml,1,281,319,insert,,a,and then started with tiberius for his destination but as he was returning his illness increased and,augustus and then started with tiberius for his destination a but as he was returning his illness increased and
phi1348.abo012.rolfe-eng1-alison.xml,1,281,319,insert,,xcix,which he gave attention to no business of importance on the last day of his life he asked,which he gave attention to no business of importance xcix on the last day of his life he asked
phi1348.abo012.rolfe-eng1-alison.xml,1,281,319,insert,,c,his hair combed and his falling jaws set straight after that calling in his friends and asking whether,his hair combed and his falling jaws set straight c after that calling in his friends and asking whether
phi1348.abo012.rolfe-eng1-alison.xml,1,281,319,replace,handsand,hands and,well i ve played my part all clap your handsand from the stage dismiss me with applause then he,well i ve played my part all clap your hands and from the stage dismiss me with applause then he
phi1348.abo012.rolfe-eng1-alison.xml,1,281,319,insert,,c,guard that carried him forth to lie in state he died in the same room as his father,guard that carried him forth to lie in state c he died in the same room as his father
phi1348.abo012.rolfe-eng1-alison.xml,1,281,319,insert,,281,octavius in the consulship of two sextuses pompeius and,octavius in the consulship of two sextuses pompeius and 281
phi1348.abo012.rolfe-eng1-alison.xml,1,283,321,insert,,the deified augustus,appuleius on the fourteenth day before the kalends of,the deified augustus appuleius on the fourteenth day before the kalends of
phi1348.abo012.rolfe-eng1-alison.xml,1,283,321,insert,,aug 19,september at the ninth hour just thirty five days before his seventy sixth birthday his body was carried,september at the ninth hour just thirty five days aug 19 before his seventy sixth birthday his body was carried
phi1348.abo012.rolfe-eng1-alison.xml,1,283,321,insert,,14 a d 283,the form of the emperor after he had been,the form of the emperor after he had been 14 a d 283
phi1348.abo012.rolfe-eng1-alison.xml,1,285,323,insert,,the deified augustus,reduced to ashes on its way to heaven his,the deified augustus reduced to ashes on its way to heaven his
phi1348.abo012.rolfe-eng1-alison.xml,1,285,323,replace,remains,1emains,reduced to ashes on its way to heaven his remains were gathered up by the leading men of the,reduced to ashes on its way to heaven his 1emains were gathered up by the leading men of the
phi1348.abo012.rolfe-eng1-alison.xml,1,285,323,insert,,28 b с,had built in his sixth consulship between the via flaminia and the bank of the tiber and at,had built in his sixth consulship between the via 28 b с flaminia and the bank of the tiber and at
phi1348.abo012.rolfe-eng1-alison.xml,1,285,323,insert,,13 a d ci,the groves and walks by which it was surrounded he had made a will in the consulship of,the groves and walks by which it was surrounded 13 a d ci he had made a will in the consulship of
phi1348.abo012.rolfe-eng1-alison.xml,1,285,323,insert,,april 8,he had made a will in the consulship of lucius plancus and gaius silius on the third day,he had made a will in the consulship of april 8 lucius plancus and gaius silius on the third day
phi1348.abo012.rolfe-eng1-alison.xml,1,285,323,replace,two thirds,twothirds,he appointed as his chief heirs tiberius to receive two thirds of the estate and livia one third these he,he appointed as his chief heirs tiberius to receive twothirds of the estate and livia one third these he
phi1348.abo012.rolfe-eng1-alison.xml,1,285,323,replace,degreewere,degree were,bade assume his name his heirs in the second degreewere drusus son of tiberius for one third and for,bade assume his name his heirs in the second degree were drusus son of tiberius for one third and for
phi1348.abo012.rolfe-eng1-alison.xml,1,285,323,insert,,c,for the rest germanicus and his three male children in the third grade he mentioned many of his,for the rest germanicus and his three male children c in the third grade he mentioned many of his
phi1348.abo012.rolfe-eng1-alison.xml,1,285,323,insert,,to the city cohorts five hundred,the soldiers of the pretorian guard a thousand each and to the legionaries three hundred this sum he,the soldiers of the pretorian guard a thousand each to the city cohorts five hundred and to the legionaries three hundred this sum he
phi1348.abo012.rolfe-eng1-alison.xml,1,285,323,insert,,285,his excuse for the delay the small amount of,his excuse for the delay the small amount of 285
phi1348.abo012.rolfe-eng1-alison.xml,1,287,325,insert,,the deified augustus,his property and declaring that not more than a,the deified augustus his property and declaring that not more than a
phi1348.abo012.rolfe-eng1-alison.xml,1,287,325,replace,the,his two paternal,had spent nearly all of it as well as the estates left him by his natural and his adoptive,had spent nearly all of it as well as his two paternal estates and his other inheritances for the benefit of
phi1348.abo012.rolfe-eng1-alison.xml,1,287,325,delete,left him by his natural,,nearly all of it as well as the estates left him by his natural and his adoptive father for the benefit of the,of it as well as his two paternal estates and his other inheritances for the benefit of the
phi1348.abo012.rolfe-eng1-alison.xml,1,287,325,replace,adoptive father,other inheritances,the estates left him by his natural and his adoptive father for the benefit of the state he gave orders,as well as his two paternal estates and his other inheritances for the benefit of the state he gave orders
phi1348.abo012.rolfe-eng1-alison.xml,1,287,325,insert,,287,and slaves from whom the details could be demanded,and slaves from whom the details could be demanded 287
