file,note_index,xml_line,reference,xml_page,kind_or_comparison,xml_note,source_volume,source_page,source_sequence,matching_score,source_excerpt,source_before_excerpt,xml_anchor_left,xml_anchor_right,ocr_anchor_gaps,anchor_status,source_url,review_id,legacy_resp,author_attribution_status,source_match_caution,edition_page_link,review_status,reviewer,decision,verified_anchor,evidence,prior_review_status,comparison_excerpt_witness,pdf_decision_id,pdf_body_page,pdf_note_pages,verified_reference_1914,verified_marker_1914
phi1348.abo012.rolfe-eng1-alison.xml,1,105,2.1,123,wording-review,"A term applied to the plebeian families in
                the senate enrolled in addition to the patricians.",1,122,160,0.75,"Plebeian families in the senate enrolled in addition to
the patricians","ss.
* magno intervallo per, (also Vin a correction by a late
hand).
• ",admitted to the senate by king tarquinius priscus among the lesser clans,was later enrolled by servius tullius among the patricians in course of,' ; a ',letter-marker-at-anchor,https://babel.hathitrust.org/cgi/pt?id=uc1.32106005388886&seq=160,L01-N0001,editor,Generic editor; no personal name asserted,Candidate OCR match only; excerpt may be clipped. Verify the complete source page.,,Unreviewed,,,,,Unreviewed,1970 Hathi OCR from earlier audit,,,,,
phi1348.abo012.rolfe-eng1-alison.xml,8,174,4.1,127,word-match,"See Jul. xx. 3, note.",1,126,164,1.0,"See Jul. xx. 3, note",",
senatorial) rank, kept in the hall (atrium) of their descendants.
d ",the office of praetor he was one of the commission of twenty,appointed by the julian law to distribute lands in campania to the,' a ',letter-marker-at-anchor,https://babel.hathitrust.org/cgi/pt?id=uc1.32106005388886&seq=164,L01-N0008,editor,Generic editor; no personal name asserted,Candidate OCR match only; excerpt may be clipped. Verify the complete source page.,,Unreviewed,,,,,Unreviewed,1970 Hathi OCR from earlier audit,,,,,
phi1348.abo012.rolfe-eng1-alison.xml,24,438,14.1,141,word-match,See note on Jul. xxxix. 2.,1,140,178,1.0,See note on Jul. xxxix. 2,"aemia solverentur.
1 conpecto, Lipsius; conspecto n (conspectu, Q).
• ",orders that a common soldier who was sitting in the fourteen rows,be put out by an attendant the report was spread by his,' a ',letter-marker-at-anchor,https://babel.hathitrust.org/cgi/pt?id=uc1.32106005388886&seq=178,L01-N0024,editor,Generic editor; no personal name asserted,Candidate OCR match only; excerpt may be clipped. Verify the complete source page.,,Unreviewed,,,,,Unreviewed,1970 Hathi OCR from earlier audit,,,,,
phi1348.abo012.rolfe-eng1-alison.xml,79,1261,38.1,183,word-match,See note on chap. xxii.,1,182,220,1.0,See note on chap. xxii,"qui gratiam fecit
1
a, quidam apud Torrentium; Ihm suggests sumpta.
• ",not less generous in honouring martial prowess for he had regular triumphs,voted to above thirty generals and the triumphal regalia to somewhat more,' a ',letter-marker-at-anchor,https://babel.hathitrust.org/cgi/pt?id=uc1.32106005388886&seq=220,L01-N0079,editor,Generic editor; no personal name asserted,Candidate OCR match only; excerpt may be clipped. Verify the complete source page.,,Unreviewed,,,,,Unreviewed,1970 Hathi OCR from earlier audit,,,,,
phi1348.abo012.rolfe-eng1-alison.xml,100,1595,46.1,201,word-match,"That is, appointed them to the offices of tribunus cohortis,
                praefectus alae, and tribunus legionis, usually open only to knights.",1,200,238,1.0,"That is, appointed them to the offices of tribunus cohortis,
praefectus alae, and tribunus legionis, usually open only to
knights","ure potitus est,
praeter pauca, aut iisdem quibus ademerat reddidit
• ",commons to increase and multiply he admitted to the equestrian military career,those who were recommended by any town while to those of the,' a ',letter-marker-at-anchor,https://babel.hathitrust.org/cgi/pt?id=uc1.32106005388886&seq=238,L01-N0100,editor,Generic editor; no personal name asserted,Candidate OCR match only; excerpt may be clipped. Verify the complete source page.,,Unreviewed,,,,,Unreviewed,1970 Hathi OCR from earlier audit,,,,,
phi1348.abo012.rolfe-eng1-alison.xml,104,1755,53.1,207,word-match,"
                Dominus, ""master,"" in the time of the Republic indicated the relation between master
                and slaves. Tiberius also shrank from it (Tib. xxvii), and it was first adopted by
                Caligula and Domitian. From the time of Trajan it was usual in the sense of ""Lord""
                or ""Sire.""",1,206,244,1.0,"Dominus, “master,"" in the time of the Republic indicated the relation between master and slaves. Tiberius also
shrank from it (Tib. xxvii.), and it was first adopted by
Caligula and Domitian. From the time of Trajan it was
usual in the sense of ""Lord "" or ""Sire"," quiis MV (ex quis, M²); the other
mss. have ex quis (ex quib., S).
• ",them not to insist he always shrank from the title of lord,as reproachful and insulting when the words o just and gracious lord,' a ',letter-marker-at-anchor,https://babel.hathitrust.org/cgi/pt?id=uc1.32106005388886&seq=244,L01-N0104,editor,Generic editor; no personal name asserted,Candidate OCR match only; excerpt may be clipped. Verify the complete source page.,,Unreviewed,,,,,Unreviewed,1970 Hathi OCR from earlier audit,,,,,
phi1348.abo012.rolfe-eng1-alison.xml,108,1871,56.4,213,wording-review,"The movable seats provided for the advocates, witnesses, etc.",1,212,250,0.8889,"The movable seats provided for the advocates, witnesses","ibus
etc.
1 eripere, Juncker; eriperet, Ω.
• consensu] concessu, Ω.
• ",since all approved of his being present he sat on the benches,for several hours but in silence and without even speaking in praise,' a\n',letter-marker-at-anchor,https://babel.hathitrust.org/cgi/pt?id=uc1.32106005388886&seq=250,L01-N0108,editor,Generic editor; no personal name asserted,Candidate OCR match only; excerpt may be clipped. Verify the complete source page.,,Unreviewed,,,,,Unreviewed,1970 Hathi OCR from earlier audit,,,,,
phi1348.abo012.rolfe-eng1-alison.xml,126,2242,69.1,231,word-match,Probably referring to Livia.,1,230,268,1.0,Probably referring to Livia,"s tunc numina declinarunt,
Fugit et auratos Iuppiter ipse thronos.""
• ",expressed her resentment too freely at the excessive influence of a rival,that his friends acted as his panders and stripped and inspected matrons,'; a\n',letter-marker-at-anchor,https://babel.hathitrust.org/cgi/pt?id=uc1.32106005388886&seq=268,L01-N0126,editor,Generic editor; no personal name asserted,Candidate OCR match only; excerpt may be clipped. Verify the complete source page.,,Unreviewed,,,,,Unreviewed,1970 Hathi OCR from earlier audit,,,,,
phi1348.abo012.rolfe-eng1-alison.xml,134,2361,72.1,237,word-match,"Commonly called peperino, a hard grey volcanic stone with black nodules resembling
                peppercorns.",1,236,274,1.0,"Commonly called peperino, a hard grey volcanic stone with
black nodules resembling peppercorns","uis lectis atque
1 technyphion (τεχνύφιον), Bentley; tegnophion, Ω.
• ",nor elegance having but a short colonnade with columns of alban stone,and rooms without any marble decorations or handsome pavements for more than,"',a\n'",letter-marker-at-anchor,https://babel.hathitrust.org/cgi/pt?id=uc1.32106005388886&seq=274,L01-N0134,editor,Generic editor; no personal name asserted,Candidate OCR match only; excerpt may be clipped. Verify the complete source page.,,Unreviewed,,,,,Unreviewed,1970 Hathi OCR from earlier audit,,,,,
phi1348.abo012.rolfe-eng1-alison.xml,149,2567,80.1,247,word-match,"Ursa major,
                Charles's Wain, the Great Dipper.",1,246,284,1.0,"Ursa major, Charles's Wain, the Great Dipper","at.
1 coxendice] coxaindice, 2; corrected in the fifteenth century.
• ",order and number with the stars of the bear in the heavens,also numerous callous places resembling ringworm caused by a constant itching of,'; a\n',letter-marker-at-anchor,https://babel.hathitrust.org/cgi/pt?id=uc1.32106005388886&seq=284,L01-N0149,editor,Generic editor; no personal name asserted,Candidate OCR match only; excerpt may be clipped. Verify the complete source page.,,Unreviewed,,,,,Unreviewed,1970 Hathi OCR from earlier audit,,,,,
phi1348.abo012.rolfe-eng1-alison.xml,162,2747,87.1,255,word-match,See Index.,1,254,292,1.0,See Index," contrast with the studied simplicity
of the Attic school of orators.
",are he says let s be satisfied with the cato we have,and to express the speed of a hasty action quicker than you,"'; ""a '",letter-marker-at-anchor,https://babel.hathitrust.org/cgi/pt?id=uc1.32106005388886&seq=292,L01-N0162,editor,Generic editor; no personal name asserted,Candidate OCR match only; excerpt may be clipped. Verify the complete source page.,,Unreviewed,,,,,Unreviewed,1970 Hathi OCR from earlier audit,,,,,
phi1348.abo012.rolfe-eng1-alison.xml,197,3237,98.5,281,word-match,"Beneventum; chap. xcvii.
                3.",1,280,318,1.0,Beneventum; chap. xcvii. 3,"oaldus); the other mss. have minimum.
• ab urbe, LS25; ad urbem, Ω.
• ",established in his honour and then started with tiberius for his destination,but as he was returning his illness increased and he at last,'.a\n',letter-marker-at-anchor,https://babel.hathitrust.org/cgi/pt?id=uc1.32106005388886&seq=318,L01-N0197,editor,Generic editor; no personal name asserted,Candidate OCR match only; excerpt may be clipped. Verify the complete source page.,,Unreviewed,,,,,Unreviewed,1970 Hathi OCR from earlier audit,,,,,
phi1348.abo012.rolfe-eng1-alison.xml,199,3252,99.1,281,word-match,Or closed.,1,280,318,1.0,Or closed,"urbem, Ω.
• Beneventum; chap. xcvii. 3.
i.e. open through weakness.
• ",mirror he had his hair combed and his falling jaws set straight,after that calling in his friends and asking whether it seemed to,'.c\n',letter-marker-at-anchor,https://babel.hathitrust.org/cgi/pt?id=uc1.32106005388886&seq=318,L01-N0199,editor,Generic editor; no personal name asserted,Candidate OCR match only; excerpt may be clipped. Verify the complete source page.,,Unreviewed,,,,,Unreviewed,1970 Hathi OCR from earlier audit,,,,,
phi1348.abo012.rolfe-eng1-alison.xml,206,3342,101.2,285,word-match,"See chap.
                lxiv.1. ",1,284,322,1.0,See chap. lxiv. 1,"red on him by the senate; Dio 57.
2-3.
See note on Jul. lxxxiii. 2. • ",one third and for the rest germanicus and his three male children,in the third grade he mentioned many of his relatives and friends,'.c\n',letter-marker-at-anchor,https://babel.hathitrust.org/cgi/pt?id=uc1.32106005388886&seq=322,L01-N0206,editor,Generic editor; no personal name asserted,Candidate OCR match only; excerpt may be clipped. Verify the complete source page.,,Unreviewed,,,,,Unreviewed,1970 Hathi OCR from earlier audit,,,,,
suet.aug.rolfe_eng1.xml,1,85,2.1,,wording-review,A term applied to the plebeian families in the senate enrolled in addition to the patricians.,1,122,160,0.75,"Plebeian families in the senate enrolled in addition to
the patricians","ss.
* magno intervallo per, (also Vin a correction by a late
hand).
• ",admitted to the senate by king tarquinius priscus among the lesser clans,was later enrolled by servius tullius among the patricians in course of,' ; a ',letter-marker-at-anchor,https://babel.hathitrust.org/cgi/pt?id=uc1.32106005388886&seq=160,L03-N0001,,No explicit resp in legacy XML,Candidate OCR match only; excerpt may be clipped. Verify the complete source page.,,Unreviewed,,,,,Unreviewed,1970 Hathi OCR from earlier audit,,,,,
suet.aug.rolfe_eng1.xml,6,106,4.1,,word-match,"See Jul. xx. 3, note.",1,126,164,1.0,"See Jul. xx. 3, note",",
senatorial) rank, kept in the hall (atrium) of their descendants.
d ",the office of praetor he was one of the commission of twenty,appointed by the julian law to distribute lands in campania to the,' a ',letter-marker-at-anchor,https://babel.hathitrust.org/cgi/pt?id=uc1.32106005388886&seq=164,L03-N0006,,No explicit resp in legacy XML,Candidate OCR match only; excerpt may be clipped. Verify the complete source page.,,Unreviewed,,,,,Unreviewed,1970 Hathi OCR from earlier audit,,,,,
suet.aug.rolfe_eng1.xml,15,194,14.1,,word-match,See note on Jul. xxxix. 2.,1,140,178,1.0,See note on Jul. xxxix. 2,"aemia solverentur.
1 conpecto, Lipsius; conspecto n (conspectu, Q).
• ",orders that a common soldier who was sitting in the fourteen rows,be put out by an attendant the report was spread by his,' a ',letter-marker-at-anchor,https://babel.hathitrust.org/cgi/pt?id=uc1.32106005388886&seq=178,L03-N0015,,No explicit resp in legacy XML,Candidate OCR match only; excerpt may be clipped. Verify the complete source page.,,Unreviewed,,,,,Unreviewed,1970 Hathi OCR from earlier audit,,,,,
suet.aug.rolfe_eng1.xml,24,293,24.2,,word-match,"Carrying the pole to measure off the camp, or clods for building the rampart, was the work of common soldiers; hence degrading for officers.",1,156,194,1.0,"Carrying the pole to measure off the camp, or clods for
building the rampart, was the work of common soldiers;
hence degrading for officers","enth man, selected by lot.
• Instead of the usual rations of wheat.
• ",or again holding ten foot poles or even a clod of earth,xxv after the civil wars he never called any of the troops,'.c\n',letter-marker-at-anchor,https://babel.hathitrust.org/cgi/pt?id=uc1.32106005388886&seq=194,L03-N0024,,No explicit resp in legacy XML,Candidate OCR match only; excerpt may be clipped. Verify the complete source page.,,Unreviewed,,,,,Unreviewed,1970 Hathi OCR from earlier audit,,,,,
suet.aug.rolfe_eng1.xml,47,463,38.1,,word-match,See note on chap. xxii.,1,182,220,1.0,See note on chap. xxii,"qui gratiam fecit
1
a, quidam apud Torrentium; Ihm suggests sumpta.
• ",not less generous in honouring martial prowess for he had regular triumphs,voted to above thirty generals and the triumphal regalia to somewhat more,' a ',letter-marker-at-anchor,https://babel.hathitrust.org/cgi/pt?id=uc1.32106005388886&seq=220,L03-N0047,,No explicit resp in legacy XML,Candidate OCR match only; excerpt may be clipped. Verify the complete source page.,,Unreviewed,,,,,Unreviewed,1970 Hathi OCR from earlier audit,,,,,
suet.aug.rolfe_eng1.xml,65,565,46.1,,word-match,"That is, appointed them to the offices of tribunus cohortis, praefectus alae, and tribunus legionis, usually open only to knights.",1,200,238,1.0,"That is, appointed them to the offices of tribunus cohortis,
praefectus alae, and tribunus legionis, usually open only to
knights","ure potitus est,
praeter pauca, aut iisdem quibus ademerat reddidit
• ",commons to increase and multiply he admitted to the equestrian military career,those who were recommended by any town while to those of the,' a ',letter-marker-at-anchor,https://babel.hathitrust.org/cgi/pt?id=uc1.32106005388886&seq=238,L03-N0065,,No explicit resp in legacy XML,Candidate OCR match only; excerpt may be clipped. Verify the complete source page.,,Unreviewed,,,,,Unreviewed,1970 Hathi OCR from earlier audit,,,,,
suet.aug.rolfe_eng1.xml,68,618,53.1,,word-match,"Dominus, ""master,"" in the time of the Republic indicated the relation between master and slaves. Tiberius also shrank from it (Tib. xxvii.), and it was first adopted by Caligula and Domitian. From the time of Trajan it was usual in the sense of ""Lord"" or ""Sire.""",1,206,244,1.0,"Dominus, “master,"" in the time of the Republic indicated the relation between master and slaves. Tiberius also
shrank from it (Tib. xxvii.), and it was first adopted by
Caligula and Domitian. From the time of Trajan it was
usual in the sense of ""Lord "" or ""Sire"," quiis MV (ex quis, M²); the other
mss. have ex quis (ex quib., S).
• ",not to insist liii he always shrank from the title of lord,as reproachful and insulting when the words o just and gracious lord,' a ',letter-marker-at-anchor,https://babel.hathitrust.org/cgi/pt?id=uc1.32106005388886&seq=244,L03-N0068,,No explicit resp in legacy XML,Candidate OCR match only; excerpt may be clipped. Verify the complete source page.,,Unreviewed,,,,,Unreviewed,1970 Hathi OCR from earlier audit,,,,,
suet.aug.rolfe_eng1.xml,72,648,56.3,,wording-review,"The movable seats provided for the advocates, witnesses, etc.",1,212,250,0.8889,"The movable seats provided for the advocates, witnesses","ibus
etc.
1 eripere, Juncker; eriperet, Ω.
• consensu] concessu, Ω.
• ",approved of his appearing in the case he sat on the benches,for several hours but in silence and without even speaking in praise,' a\n',letter-marker-at-anchor,https://babel.hathitrust.org/cgi/pt?id=uc1.32106005388886&seq=250,L03-N0072,,No explicit resp in legacy XML,Candidate OCR match only; excerpt may be clipped. Verify the complete source page.,,Unreviewed,,,,,Unreviewed,1970 Hathi OCR from earlier audit,,,,,
suet.aug.rolfe_eng1.xml,89,762,68.1,,word-match,"A double word-play on orbem, ""round drum"" and ""world,"" and temperat, ""beats"" and ""sways.""",1,228,266,1.0,"A double word-play on orbem, ""round drum "" and
""world,"" and temperat, ""beats"" and ""sways"," feminam
1 oneratis, Ts; onenitos, G; the other mss. have oneratos.
• ",his drum see st how a wanton s finger sways the world,lxix that he was given to adultery not even his friends deny,"'?"" a\n'",letter-marker-at-anchor,https://babel.hathitrust.org/cgi/pt?id=uc1.32106005388886&seq=266,L03-N0089,,No explicit resp in legacy XML,Candidate OCR match only; excerpt may be clipped. Verify the complete source page.,,Unreviewed,,,,,Unreviewed,1970 Hathi OCR from earlier audit,,,,,
suet.aug.rolfe_eng1.xml,90,771,69.2,,word-match,Probably referring to Livia.,1,230,268,1.0,Probably referring to Livia,"s tunc numina declinarunt,
Fugit et auratos Iuppiter ipse thronos.""
• ",expressed her resentment too freely at the excessive influence of a rival,that his friends acted as his panders and stripped and inspected matrons,'; a\n',letter-marker-at-anchor,https://babel.hathitrust.org/cgi/pt?id=uc1.32106005388886&seq=268,L03-N0090,,No explicit resp in legacy XML,Candidate OCR match only; excerpt may be clipped. Verify the complete source page.,,Unreviewed,,,,,Unreviewed,1970 Hathi OCR from earlier audit,,,,,
suet.aug.rolfe_eng1.xml,98,801,72.1,,word-match,"Commonly called peperino, a hard grey volcanic stone with black nodules resembling peppercorns. Cf. chap. lxxxii. 1.",1,236,274,1.0,"Commonly called peperino, a hard grey volcanic stone with
black nodules resembling peppercorns.
Cf. chap. lxxxii. 1","uis lectis atque
1 technyphion (τεχνύφιον), Bentley; tegnophion, Ω.
• ",nor elegance having but a short colonnade with columns of alban stone,and rooms without any marble decorations or handsome pavements for more than,"',a\n'",letter-marker-at-anchor,https://babel.hathitrust.org/cgi/pt?id=uc1.32106005388886&seq=274,L03-N0098,,No explicit resp in legacy XML,Candidate OCR match only; excerpt may be clipped. Verify the complete source page.,,Unreviewed,,,,,Unreviewed,1970 Hathi OCR from earlier audit,,,,,
suet.aug.rolfe_eng1.xml,112,873,80.1,,word-match,"Ursa major, Charles's Wain, the Great Dipper.",1,246,284,1.0,"Ursa major, Charles's Wain, the Great Dipper","at.
1 coxendice] coxaindice, 2; corrected in the fifteenth century.
• ",order and number with the stars of the bear in the heavens,also numerous callous places resembling ringworm caused by a constant itching of,'; a\n',letter-marker-at-anchor,https://babel.hathitrust.org/cgi/pt?id=uc1.32106005388886&seq=284,L03-N0112,,No explicit resp in legacy XML,Candidate OCR match only; excerpt may be clipped. Verify the complete source page.,,Unreviewed,,,,,Unreviewed,1970 Hathi OCR from earlier audit,,,,,
suet.aug.rolfe_eng1.xml,133,981,91.3,,wording-review,"This is not in accordance with the emperor's character (cf. chap. lvii), and Suetonius may have confused him with Caligula; see Calig. xlii. Yet there are records of many such acts of humility to propitiate Nemesis; see Casaubon ad loc.",1,260,298,1.0,"This is not in accordance with the emperor's character
(cf. chap. lvii), and Suetonius may have confused him with
Caligula; see Calig. xlii.
Cang
Yet there are records of many
such acts of humility to propitiate Nemesis; see Casaubon
ad loc","ing never goes more than five feet below the ground.
Chap. xxix. 3.
• ",people holding out his open hand to have pennies dropped in it,xcii certain auspices and omens he regarded as infallible if his shoes,'.c\n',letter-marker-at-anchor,https://babel.hathitrust.org/cgi/pt?id=uc1.32106005388886&seq=298,L03-N0133,,No explicit resp in legacy XML,Candidate OCR match only; excerpt may be clipped. Verify the complete source page.,,Unreviewed,,,,,Unreviewed,1970 Hathi OCR from earlier audit,,,,,
suet.aug.rolfe_eng1.xml,150,1086,98.4,,wording-review,"The City of Do-nothings. There is no island ""near Capreae,"" and ""the neighbouring island of Capreae"" is meaningless; if the text is sound, Suetonius is careless, or we must take Capreis as a locative, and regard vicinam as used in a partitive sense like reliquus, primus, etc.",1,278,316,0.3958,"of Do-nothings. As there is no island
""near Capreae,"" I take Capreis as locative, and vicinam as","
* putaret, r; the other mss. have putarit (putaverit, S).
• The Land ",indulge he called the neighbouring part of the island of capreae apragopolis,from the laziness of some of his company who sojourned there besides,' a ',letter-marker-at-anchor,https://babel.hathitrust.org/cgi/pt?id=uc1.32106005388886&seq=316,L03-N0150,,No explicit resp in legacy XML,Candidate OCR match only; excerpt may be clipped. Verify the complete source page.,,Unreviewed,,,,,Unreviewed,1970 Hathi OCR from earlier audit,,,,,
suet.aug.rolfe_eng1.xml,152,1098,99.1,,word-match,Beneventum; chap. xcvii. 3.,1,280,318,1.0,Beneventum; chap. xcvii. 3,"oaldus); the other mss. have minimum.
• ab urbe, LS25; ad urbem, Ω.
• ",in his honour xcix and then started with tiberius for his destination,but as he was returning his illness increased and he at last,'.a\n',letter-marker-at-anchor,https://babel.hathitrust.org/cgi/pt?id=uc1.32106005388886&seq=318,L03-N0152,,No explicit resp in legacy XML,Candidate OCR match only; excerpt may be clipped. Verify the complete source page.,,Unreviewed,,,,,Unreviewed,1970 Hathi OCR from earlier audit,,,,,
suet.aug.rolfe_eng1.xml,153,1101,99.2,,word-match,i.e. open through weakness. Or closed.,1,280,318,1.0,"i.e. open through weakness.
• Or closed"," minimum.
• ab urbe, LS25; ad urbem, Ω.
• Beneventum; chap. xcvii. 3.
",mirror he had his hair combed and his falling jaws set straight,after that calling in his friends and asking whether it seemed to,'.c\n',letter-marker-at-anchor,https://babel.hathitrust.org/cgi/pt?id=uc1.32106005388886&seq=318,L03-N0153,,No explicit resp in legacy XML,Candidate OCR match only; excerpt may be clipped. Verify the complete source page.,,Unreviewed,,,,,Unreviewed,1970 Hathi OCR from earlier audit,,,,,
suet.jc.rolfe_eng1.xml,1,85,1.1,,wording-review,"85/84 B.C., according to the chronology of Suetonius, which makes the year of Caesar's birth 100 B.C. The arguments in favour of 102 are however very strong. See p. xxi.",1,2,40,0.8235,"85/84 в.с., according to the chronology of Suetonius,
which makes the year of Caesar's birth 100 в.с. The arguments in favour of 102 are however very strong","3 impetravit. Satis constat Sullam, cum deprecantibus
1 See p. xxi.
• ",i in the course of his sixteenth year,he lost his father in the next consulate having previously been nominated,' a ',letter-marker-at-anchor,https://babel.hathitrust.org/cgi/pt?id=uc1.32106005388886&seq=40,L05-N0001,,No explicit resp in legacy XML,Candidate OCR match only; excerpt may be clipped. Verify the complete source page.,,Unreviewed,,,,,Unreviewed,1970 Hathi OCR from earlier audit,,,,,
suet.jc.rolfe_eng1.xml,3,97,2.1,,word-match,"A chaplet of oak leaves, given for saving the life of a fellow-citizen, the Victoria Cross of antiquity.",1,4,42,1.0,"A chaplet of oak leaves, given for saving the life of a
fellow-citizen, the Victoria Cross of antiquity","ione civili Cornelium
Dolabellam consularem et triumphalem repetun-
• ",and at the storming of mytilene thermus awarded him the civic crown,iii he served too under servilius isauricus in cilicia but only for,'.a\n',letter-marker-at-anchor,https://babel.hathitrust.org/cgi/pt?id=uc1.32106005388886&seq=42,L05-N0003,,No explicit resp in legacy XML,Candidate OCR match only; excerpt may be clipped. Verify the complete source page.,,Unreviewed,,,,,Unreviewed,1970 Hathi OCR from earlier audit,,,,,
suet.jc.rolfe_eng1.xml,8,169,11.1,,word-match,"As iudex quaestionis, an office held by Caesar between the aedileship and the praetorship.",1,14,52,1.0,"As iudex quaestionis, an office held by Caesar between the
aedileship and the praetorship","tiosum tribunatum
senatus coercuerat, ac sorte iudex in reum ductus
• ",which sulla had long since demolished furthermore in conducting prosecutions for murder,he included in the number of murderers even those who had received,"',a\n'",letter-marker-at-anchor,https://babel.hathitrust.org/cgi/pt?id=uc1.32106005388886&seq=52,L05-N0008,,No explicit resp in legacy XML,Candidate OCR match only; excerpt may be clipped. Verify the complete source page.,,Unreviewed,,,,,Unreviewed,1970 Hathi OCR from earlier audit,,,,,
suet.jc.rolfe_eng1.xml,34,429,38.2,,word-match,"The prandium was the first substantial meal of the day, taken about noon; the translation ""dinner"" is used advisedly.",1,52,90,1.0,"The prandium was the first substantial meal of the day,
taken about noon; the translation ""dinner"" is used advisedly","ultorios agitaverunt
nobilissimi iuvenes. Troiam lusit turma duplex
a ",and a dole of meat and after his spanish victory two dinners,for deeming that the former of these had not been served with,'; a\n',letter-marker-at-anchor,https://babel.hathitrust.org/cgi/pt?id=uc1.32106005388886&seq=90,L05-N0034,,No explicit resp in legacy XML,Candidate OCR match only; excerpt may be clipped. Verify the complete source page.,,Unreviewed,,,,,Unreviewed,1970 Hathi OCR from earlier audit,,,,,
suet.jc.rolfe_eng1.xml,45,555,50.2,,word-match,"The word play on tertia (pars) and Tertia, daughter of Servilia, as well as on the two senses of deducta, is quite untranslatable. The first meaning is given in the translation, and the second is implied in the following sentence. Cf. Macrobius, Saturnalia, 2. 2. 5.",1,68,106,1.0,"The word play on tertia (pars) and Tertia, daughter of
Servilia, as well as on the two senses of deducta, is quite
untranslatable. The first meaning is given in the translation,
and the second is implied in the following sentence. Cf.
Macrobius, Saturnalia, 2. 2. 5"," triumphat qui subegit Caesarem.
2 primo, Torrentius; proximo, mss.
• ",a better bargain than you think for there is a third off,and in fact it was thought that servilia was prostituting her own,"'."" a '",letter-marker-at-anchor,https://babel.hathitrust.org/cgi/pt?id=uc1.32106005388886&seq=106,L05-N0045,,No explicit resp in legacy XML,Candidate OCR match only; excerpt may be clipped. Verify the complete source page.,,Unreviewed,,,,,Unreviewed,1970 Hathi OCR from earlier audit,,,,,
suet.jc.rolfe_eng1.xml,46,567,52.1,,wording-review,M. Actorius Naso; see chap. 9.3.,1,70,108,0.8571,M. Actorius Naso; see chap," idque, Modderman; the greater number of the mss. have
que (=quae).
• ",as on her husband he bestowed many splendid presents as naso writes,but above all with cleopatra with whom he often feasted until daybreak,'; a ',letter-marker-at-anchor,https://babel.hathitrust.org/cgi/pt?id=uc1.32106005388886&seq=108,L05-N0046,,No explicit resp in legacy XML,Candidate OCR match only; excerpt may be clipped. Verify the complete source page.,,Unreviewed,,,,,Unreviewed,1970 Hathi OCR from earlier audit,,,,,
suet.jc.rolfe_eng1.xml,64,793,77.1,,word-match,"Playing on the double meaning of cor, also regarded as the seat of intelligence.",1,100,138,1.0,"Playing on the double meaning of cor, also regarded as
the seat of intelligence","have -iis.
• Ampius, Pulmann, Torrentius; Amprius, a (Amplius,
QT).
• ",not be regarded as a portent if a beast has no heart,lxxviii but it was the following action in particular that roused deadly,"'."" a\n'",letter-marker-at-anchor,https://babel.hathitrust.org/cgi/pt?id=uc1.32106005388886&seq=138,L05-N0064,,No explicit resp in legacy XML,Candidate OCR match only; excerpt may be clipped. Verify the complete source page.,,Unreviewed,,,,,Unreviewed,1970 Hathi OCR from earlier audit,,,,,
suet.jc.rolfe_eng1.xml,70,823,80.2,,word-match,See note on xlv. 3.,1,104,142,1.0,See note on xlv. 3,"r formulas in proposals to the
senate, Aug. lviii. 3, Calig. xv. 3. • ",then the gauls put off their breeches and put on the laticlave,when quintus maximus whom he had appointed consul in his place for,"'.""c\n'",letter-marker-at-anchor,https://babel.hathitrust.org/cgi/pt?id=uc1.32106005388886&seq=142,L05-N0070,,No explicit resp in legacy XML,Candidate OCR match only; excerpt may be clipped. Verify the complete source page.,,Unreviewed,,,,,Unreviewed,1970 Hathi OCR from earlier audit,,,,,
suet.jc.rolfe_eng1.xml,75,874,83.2,,word-match,To inherit a share of his estate in the event of the death of the heirs in the first degree or their refusal to accept the inheritance; it was often a mere compliment.,1,112,150,1.0,"To inherit a share of his estate in the event of the death
of the heirs in the first degree or their refusal to accept the
inheritance; it was often a mere compliment","a, quia suffec1 reliquo, T (Lipsius); the other mss. have reliquos.
• ",him and decimus brutus even among his heirs in the second degree,to the people he left his gardens near the tiber for their,'.a\n',letter-marker-at-anchor,https://babel.hathitrust.org/cgi/pt?id=uc1.32106005388886&seq=150,L05-N0075,,No explicit resp in legacy XML,Candidate OCR match only; excerpt may be clipped. Verify the complete source page.,,Unreviewed,,,,,Unreviewed,1970 Hathi OCR from earlier audit,,,,,
suetonius.aug.loeb_eng1.xml,1,90,2.1,123,wording-review,A term applied to the plebeian families in the senate enrolled in addition to the patricians.,1,122,160,0.75,"Plebeian families in the senate enrolled in addition to
the patricians","ss.
* magno intervallo per, (also Vin a correction by a late
hand).
• ",admitted to the senate by king tarquinius priscus among the lesser clans,was later enrolled by servius tullius among the patricians in course of,' ; a ',letter-marker-at-anchor,https://babel.hathitrust.org/cgi/pt?id=uc1.32106005388886&seq=160,L07-N0001,editor,Generic editor; no personal name asserted,Candidate OCR match only; excerpt may be clipped. Verify the complete source page.,,Unreviewed,,,,,Unreviewed,1970 Hathi OCR from earlier audit,,,,,
suetonius.aug.loeb_eng1.xml,8,111,4.1,127,word-match,"See Jul. xx. 3, note.",1,126,164,1.0,"See Jul. xx. 3, note",",
senatorial) rank, kept in the hall (atrium) of their descendants.
d ",the office of praetor he was one of the commission of twenty,appointed by the julian law to distribute lands in campania to the,' a ',letter-marker-at-anchor,https://babel.hathitrust.org/cgi/pt?id=uc1.32106005388886&seq=164,L07-N0008,editor,Generic editor; no personal name asserted,Candidate OCR match only; excerpt may be clipped. Verify the complete source page.,,Unreviewed,,,,,Unreviewed,1970 Hathi OCR from earlier audit,,,,,
suetonius.aug.loeb_eng1.xml,23,199,14.1,141,word-match,See note on Jul. xxxix. 2.,1,140,178,1.0,See note on Jul. xxxix. 2,"aemia solverentur.
1 conpecto, Lipsius; conspecto n (conspectu, Q).
• ",orders that a common soldier who was sitting in the fourteen rows,be put out by an attendant the report was spread by his,' a ',letter-marker-at-anchor,https://babel.hathitrust.org/cgi/pt?id=uc1.32106005388886&seq=178,L07-N0023,editor,Generic editor; no personal name asserted,Candidate OCR match only; excerpt may be clipped. Verify the complete source page.,,Unreviewed,,,,,Unreviewed,1970 Hathi OCR from earlier audit,,,,,
suetonius.aug.loeb_eng1.xml,78,466,38.1,183,word-match,See note on chap. xxii.,1,182,220,1.0,See note on chap. xxii,"qui gratiam fecit
1
a, quidam apud Torrentium; Ihm suggests sumpta.
• ",not less generous in honouring martial prowess for he had regular triumphs,voted to above thirty generals and the triumphal regalia to somewhat more,' a ',letter-marker-at-anchor,https://babel.hathitrust.org/cgi/pt?id=uc1.32106005388886&seq=220,L07-N0078,editor,Generic editor; no personal name asserted,Candidate OCR match only; excerpt may be clipped. Verify the complete source page.,,Unreviewed,,,,,Unreviewed,1970 Hathi OCR from earlier audit,,,,,
suetonius.aug.loeb_eng1.xml,98,568,46.1,201,word-match,"That is, appointed them to the offices of tribunus cohortis, praefectus alae, and tribunus legionis, usually open only to knights.",1,200,238,1.0,"That is, appointed them to the offices of tribunus cohortis,
praefectus alae, and tribunus legionis, usually open only to
knights","ure potitus est,
praeter pauca, aut iisdem quibus ademerat reddidit
• ",commons to increase and multiply he admitted to the equestrian military career,those who were recommended by any town while to those of the,' a ',letter-marker-at-anchor,https://babel.hathitrust.org/cgi/pt?id=uc1.32106005388886&seq=238,L07-N0098,editor,Generic editor; no personal name asserted,Candidate OCR match only; excerpt may be clipped. Verify the complete source page.,,Unreviewed,,,,,Unreviewed,1970 Hathi OCR from earlier audit,,,,,
suetonius.aug.loeb_eng1.xml,109,782,69.1,231,word-match,Probably referring to Livia.,1,230,268,1.0,Probably referring to Livia,"s tunc numina declinarunt,
Fugit et auratos Iuppiter ipse thronos.""
• ",expressed her resentment too freely at the excessive influence of a rival,that his friends acted as his panders and stripped and inspected matrons,'; a\n',letter-marker-at-anchor,https://babel.hathitrust.org/cgi/pt?id=uc1.32106005388886&seq=268,L07-N0109,editor,Generic editor; no personal name asserted,Candidate OCR match only; excerpt may be clipped. Verify the complete source page.,,Unreviewed,,,,,Unreviewed,1970 Hathi OCR from earlier audit,,,,,
suetonius.aug.loeb_eng1.xml,116,819,72.1,237,word-match,"Commonly called peperino, a hard grey volcanic stone with black nodules resembling peppercorns. Cf. chap. lxxxii. 1.",1,236,274,1.0,"Commonly called peperino, a hard grey volcanic stone with
black nodules resembling peppercorns.
Cf. chap. lxxxii. 1","uis lectis atque
1 technyphion (τεχνύφιον), Bentley; tegnophion, Ω.
• ",nor elegance having but a short colonnade with columns of alban stone,and rooms without any marble decorations or handsome pavements for more than,"',a\n'",letter-marker-at-anchor,https://babel.hathitrust.org/cgi/pt?id=uc1.32106005388886&seq=274,L07-N0116,editor,Generic editor; no personal name asserted,Candidate OCR match only; excerpt may be clipped. Verify the complete source page.,,Unreviewed,,,,,Unreviewed,1970 Hathi OCR from earlier audit,,,,,
suetonius.aug.loeb_eng1.xml,129,886,80.1,247,word-match,"Ursa major, Charles's Wain, the Great Dipper.",1,246,284,1.0,"Ursa major, Charles's Wain, the Great Dipper","at.
1 coxendice] coxaindice, 2; corrected in the fifteenth century.
• ",order and number with the stars of the bear in the heavens,also numerous callous places resembling ringworm caused by a constant itching of,'; a\n',letter-marker-at-anchor,https://babel.hathitrust.org/cgi/pt?id=uc1.32106005388886&seq=284,L07-N0129,editor,Generic editor; no personal name asserted,Candidate OCR match only; excerpt may be clipped. Verify the complete source page.,,Unreviewed,,,,,Unreviewed,1970 Hathi OCR from earlier audit,,,,,
suetonius.aug.loeb_eng1.xml,141,946,87.1,255,word-match,See Index.,1,254,292,1.0,See Index," contrast with the studied simplicity
of the Attic school of orators.
",are he says let s be satisfied with the cato we have,and to express the speed of a hasty action quicker than you,"'; ""a '",letter-marker-at-anchor,https://babel.hathitrust.org/cgi/pt?id=uc1.32106005388886&seq=292,L07-N0141,editor,Generic editor; no personal name asserted,Candidate OCR match only; excerpt may be clipped. Verify the complete source page.,,Unreviewed,,,,,Unreviewed,1970 Hathi OCR from earlier audit,,,,,
suetonius.aug.loeb_eng1.xml,176,1083,98.5,281,word-match,Beneventum; chap. xcvii. 3.,1,280,318,1.0,Beneventum; chap. xcvii. 3,"oaldus); the other mss. have minimum.
• ab urbe, LS25; ad urbem, Ω.
• ",established in his honour and then started with tiberius for his destination,but as he was returning his illness increased and he at last,'.a\n',letter-marker-at-anchor,https://babel.hathitrust.org/cgi/pt?id=uc1.32106005388886&seq=318,L07-N0176,editor,Generic editor; no personal name asserted,Candidate OCR match only; excerpt may be clipped. Verify the complete source page.,,Unreviewed,,,,,Unreviewed,1970 Hathi OCR from earlier audit,,,,,
suetonius.aug.loeb_eng1.xml,177,1089,99.1,281,word-match,i.e. open through weakness.,1,280,318,1.0,i.e. open through weakness," minimum.
• ab urbe, LS25; ad urbem, Ω.
• Beneventum; chap. xcvii. 3.
",mirror he had his hair combed and his falling jaws set straight,after that calling in his friends and asking whether it seemed to,'.c\n',letter-marker-at-anchor,https://babel.hathitrust.org/cgi/pt?id=uc1.32106005388886&seq=318,L07-N0177,editor,Generic editor; no personal name asserted,Candidate OCR match only; excerpt may be clipped. Verify the complete source page.,,Unreviewed,,,,,Unreviewed,1970 Hathi OCR from earlier audit,,,,,
suetonius.aug.loeb_eng1.xml,178,1089,99.1,281,word-match,Or closed.,1,280,318,1.0,Or closed,"urbem, Ω.
• Beneventum; chap. xcvii. 3.
i.e. open through weakness.
• ",mirror he had his hair combed and his falling jaws set straight,after that calling in his friends and asking whether it seemed to,'.c\n',letter-marker-at-anchor,https://babel.hathitrust.org/cgi/pt?id=uc1.32106005388886&seq=318,L07-N0178,editor,Generic editor; no personal name asserted,Candidate OCR match only; excerpt may be clipped. Verify the complete source page.,,Unreviewed,,,,,Unreviewed,1970 Hathi OCR from earlier audit,,,,,
suetonius.cal.loeb_eng1.xml,22,210,15.1,425,word-match,Of Augustus; see Aug. c. 4.,1,424,462,1.0,Of Augustus; see Aug. c. 4,"erentur, sixteenth century editions; afficerentur
(adficerentur) Ω.
• ",the tiber to rome where he had them carried to the mausoleum,on two biers by the most distinguished men of the order of,' a ',letter-marker-at-anchor,https://babel.hathitrust.org/cgi/pt?id=uc1.32106005388886&seq=462,L08-N0022,editor,Generic editor; no personal name asserted,Candidate OCR match only; excerpt may be clipped. Verify the complete source page.,,Unreviewed,,,,,Unreviewed,1970 Hathi OCR from earlier audit,,,,,
suetonius.cal.loeb_eng1.xml,26,229,16.2,427,word-match,"Ducentesimam (sc. partem), one half of one per cent.",1,426,464,1.0,"Ducentesimam (sc. partem), one half of one per cent","
(Beroaldus); affecit (adfecit), Ω.
• See Aug. xxviii. 1 and ci. 4.
• ",which tiberius had suppressed he remitted the tax of a two hundredth,on auction sales in italy made good to many their losses from,' d ',letter-marker-at-anchor,https://babel.hathitrust.org/cgi/pt?id=uc1.32106005388886&seq=464,L08-N0026,editor,Generic editor; no personal name asserted,Candidate OCR match only; excerpt may be clipped. Verify the complete source page.,,Unreviewed,,,,,Unreviewed,1970 Hathi OCR from earlier audit,,,,,
suetonius.cal.loeb_eng1.xml,43,343,26.2,445,word-match,"Or perhaps, in short linen tunics.",1,444,482,1.0,"Or perhaps, in short linen tunics","cte occupantium, omnis fustibus abegit; elisi
1 ementitus, Bentley.
• ",chariot and to wait on him at table standing napkin in hand,either at the head of his couch or at his feet others,' a ',letter-marker-at-anchor,https://babel.hathitrust.org/cgi/pt?id=uc1.32106005388886&seq=482,L08-N0043,editor,Generic editor; no personal name asserted,Candidate OCR match only; excerpt may be clipped. Verify the complete source page.,,Unreviewed,,,,,Unreviewed,1970 Hathi OCR from earlier audit,,,,,
suetonius.cal.loeb_eng1.xml,48,358,27.1,447,word-match,It seems probable that there happened to be a baldheaded man at each end of the line; the expression became proverbial.,1,447,485,1.0,"It seems probable that there happened to be a baldheaded man at each end of the line; the expression became
proverbial"," his life for the
same reason, but delayed to kill himself, he turned
",a colonnade he bade them be led away from baldhead to baldhead,a man who had made a vow to fight in the arena,"'."" d '",letter-marker-at-anchor,https://babel.hathitrust.org/cgi/pt?id=uc1.32106005388886&seq=485,L08-N0048,editor,Generic editor; no personal name asserted,Candidate OCR match only; excerpt may be clipped. Verify the complete source page.,,Unreviewed,,,,,Unreviewed,1970 Hathi OCR from earlier audit,,,,,
suetonius.cal.loeb_eng1.xml,53,404,30.3,453,wording-review,"For punishment, or to fight in the arena. See Index and Friedländer, op. cit. (p. 446, ftn. b) iv, 171 ff.",1,452,490,1.0,"For punishment, or to fight in the arena.
d See Index and Friedländer, op. cit. (p. 446, ftn. b) iv,
171 ff","lorum apud Fidenas memora-
• Accius, Trag., 203.
• See chap. xv. 4.
• ",asked for him were tetriniuses also once a band of five retiarii,in tunics matched against the same number of secutores yielded without a,' a ',letter-marker-at-anchor,https://babel.hathitrust.org/cgi/pt?id=uc1.32106005388886&seq=490,L08-N0053,editor,Generic editor; no personal name asserted,Candidate OCR match only; excerpt may be clipped. Verify the complete source page.,,Unreviewed,,,,,Unreviewed,1970 Hathi OCR from earlier audit,,,,,
suetonius.cal.loeb_eng1.xml,72,527,44.1,473,word-match,"Half the amount established by Augustus; see Dio, 55. 23.",1,472,510,1.0,"Half the amount established by Augustus; see Dio, 55.23","ntiari. Quo facto proripuit se cum
1 senum, Lipsius; sescentorum, .
• ",rewards given on completion of full military service to six thousand sesterces,all that he accomplished was to receive the surrender of adminius son,'.a\n',letter-marker-at-anchor,https://babel.hathitrust.org/cgi/pt?id=uc1.32106005388886&seq=510,L08-N0072,editor,Generic editor; no personal name asserted,Candidate OCR match only; excerpt may be clipped. Verify the complete source page.,,Unreviewed,,,,,Unreviewed,1970 Hathi OCR from earlier audit,,,,,
suetonius.cal.loeb_eng1.xml,95,632,55.2,489,wording-review,The host at a dinner party often gave gifts to his guests to take away with them (hence called by the Greek name apophoreta); cf. Aug. lxxv.,1,489,527,0.7778,"to take away with them (hence called by the Greek name
apophoreta); cf. Aug. lxxv"," and the rest were
waiting for a favourable opportunity, two men made
",with them he gave the driver eutychus two million sesterces in gifts,he used to send his soldiers on the day before the games,'.d\n',letter-marker-at-anchor,https://babel.hathitrust.org/cgi/pt?id=uc1.32106005388886&seq=527,L08-N0095,editor,Generic editor; no personal name asserted,Candidate OCR match only; excerpt may be clipped. Verify the complete source page.,,Unreviewed,,,,,Unreviewed,1970 Hathi OCR from earlier audit,,,,,
suetonius.cal.loeb_eng1.xml,100,656,57.3,493,word-match,Its name was derived from a famous highwayman; cf. Juv. 8. 186.,1,492,530,1.0,"Its name was derived from a famous highwayman; cf.
Juv. 8. 186","s called Cinyras, and its story is told by Ovid,
Metam. 10. 298 ff.
• ",philip king of the macedonians was assassinated in a farce called laureolus,in which the chief actor falls as he is making his escape,"',"" d '",letter-marker-at-anchor,https://babel.hathitrust.org/cgi/pt?id=uc1.32106005388886&seq=530,L08-N0100,editor,Generic editor; no personal name asserted,Candidate OCR match only; excerpt may be clipped. Verify the complete source page.,,Unreviewed,,,,,Unreviewed,1970 Hathi OCR from earlier audit,,,,,
suetonius.claud.loeb_eng1.xml,7,124,4.1,9,word-match,Celebrated by Augustus in 12 A.D. in honour of Mars Ultor; cf. Aug. xxix. 1 and 2.,2,8,20,1.0,"Celebrated by Augustus in 12 A.D. in honour of Mars
Ultor; cf. Aug. xxix. 1 and 2","cleros,
a Of relatives and friends.
The future emperor. • Claudius.
a ",to be done with your grandson tiberius at the games of mars,now we are both agreed that we must decide once for all,'.d\n',letter-marker-at-anchor,https://babel.hathitrust.org/cgi/pt?id=uc1.32106005389009&seq=20,L09-N0007,editor,Generic editor; no personal name asserted,Candidate OCR match only; excerpt may be clipped. Verify the complete source page.,,Unreviewed,,,,,Unreviewed,1970 Hathi OCR from earlier audit,,,,,
suetonius.claud.loeb_eng1.xml,10,142,4.7,13,word-match,See note on Jul. lxxxiii. 2; the heirs in the third degree had little or no prospect of receiving their inheritance.,2,12,24,1.0,"See note on Jul. lxxxiii. 2; the heirs in the third degree
had little or no prospect of receiving their inheritance","egatoque, mss.; legato, Torrentius.
4 sigillaria, L³; sigillari, Ω.
a ",naming him as one of his heirs save in the third degree,and to a sixth part of his estate among those who were,' a ',letter-marker-at-anchor,https://babel.hathitrust.org/cgi/pt?id=uc1.32106005389009&seq=24,L09-N0010,editor,Generic editor; no personal name asserted,Candidate OCR match only; excerpt may be clipped. Verify the complete source page.,,Unreviewed,,,,,Unreviewed,1970 Hathi OCR from earlier audit,,,,,
suetonius.claud.loeb_eng1.xml,11,148,5.1,13,word-match,"December 21 and 22, an extension of the Saturnalia, when it was customary to make presents of little images of various kinds (sigilla); also the name of a quarter or street in Rome, see chap. xvi. 4; Nero, xxviii. 2.",2,12,24,1.0,"December 21 and 22, an extension of the Saturnalia,
when it was customary to make presents of little images of
various kinds (sigilla); also the name of a quarter or street
in Rome, see chap. xvi. 4; Nero, xxviii. 2","hird degree
had little or no prospect of receiving their inheritance.
",have sent you forty gold pieces for the saturnalia and the sigillaria,then at last claudius abandoned all hope of advancement and gave himself,"'.\'""b '",letter-marker-at-anchor,https://babel.hathitrust.org/cgi/pt?id=uc1.32106005389009&seq=24,L09-N0011,editor,Generic editor; no personal name asserted,Candidate OCR match only; excerpt may be clipped. Verify the complete source page.,,Unreviewed,,,,,Unreviewed,1970 Hathi OCR from earlier audit,,,,,
suetonius.claud.loeb_eng1.xml,20,181,9.3,19,word-match,"in vacuum; the meaning is uncertain. It perhaps means that the advertisement was merely a matter of form, though none the less humiliating.",2,19,31,1.0,"in vacuum; the meaning is uncertain. It perhaps means
that the advertisement was merely a matter of form, though
none the less humiliating","n terror, he hailed him
as emperor. Then he took him to the rest of
a ",the prefects his property was advertised for sale to meet the deficiency,in accordance with the law regulating confiscations having spent the greater part,"',d '",letter-marker-at-anchor,https://babel.hathitrust.org/cgi/pt?id=uc1.32106005389009&seq=31,L09-N0020,editor,Generic editor; no personal name asserted,Candidate OCR match only; excerpt may be clipped. Verify the complete source page.,,Unreviewed,,,,,Unreviewed,1970 Hathi OCR from earlier audit,,,,,
suetonius.claud.loeb_eng1.xml,21,193,10.3,21,word-match,"""Hope"" of becoming emperor; ""confidence"" that he had escaped death.",2,20,32,1.0,"Hope"" of becoming emperor; ""confidence"" that he
had escaped death","pli simul causa et quod
1 armatos, ΠΩ; the other mss. have armatus.
""""",spent the night among the sentries with much less hope than confidence,for the consuls with the senate and the city cohorts had taken,'; a\n',letter-marker-at-anchor,https://babel.hathitrust.org/cgi/pt?id=uc1.32106005389009&seq=32,L09-N0021,editor,Generic editor; no personal name asserted,Candidate OCR match only; excerpt may be clipped. Verify the complete source page.,,Unreviewed,,,,,Unreviewed,1970 Hathi OCR from earlier audit,,,,,
suetonius.claud.loeb_eng1.xml,26,214,12.1,23,word-match,See Jul. lxxvi. 1.,2,22,34,1.0,See Jul. lxxvi. 1," The comedy was doubtless written
by Germanicus; see Calig. iii. 2.
d ",dignity he was modest and unassuming refraining from taking the forename imperator,refusing excessive honours and passing over the betrothal of his daughter and,"', a '",letter-marker-at-anchor,https://babel.hathitrust.org/cgi/pt?id=uc1.32106005389009&seq=34,L09-N0026,editor,Generic editor; no personal name asserted,Candidate OCR match only; excerpt may be clipped. Verify the complete source page.,,Unreviewed,,,,,Unreviewed,1970 Hathi OCR from earlier audit,,,,,
suetonius.claud.loeb_eng1.xml,27,229,13.2,27,wording-review,With garlands and perfumes; cf. note on Tib. xlviii. 2. See note on Jul. lxii.,2,26,38,0.9333,"With garlands and perfumes; cf. note on Tib. xlviii. 2.
See note on Jul","praeceps, nonnumquam
frivolus amentique similis. Cum decurias rerum
a ",new commander by some providential chance the eagles could not be adorned,nor the standards pulled up and moved he held four consulships in,' a ',letter-marker-at-anchor,https://babel.hathitrust.org/cgi/pt?id=uc1.32106005389009&seq=38,L09-N0027,editor,Generic editor; no personal name asserted,Candidate OCR match only; excerpt may be clipped. Verify the complete source page.,,Unreviewed,,,,,Unreviewed,1970 Hathi OCR from earlier audit,,,,,
suetonius.claud.loeb_eng1.xml,32,247,15.3,29,word-match,Only a Roman citizen had the right to wear the toga.,2,28,40,1.0,Only a Roman citizen had the right to wear the toga,"iberorum, one of which was freedom from jury duty.
Cf. Dio, 60. 28.
d ",to whether the defendant ought to make his appearance in the toga,or in a greek mantle and the emperor with the idea of,' d ',letter-marker-at-anchor,https://babel.hathitrust.org/cgi/pt?id=uc1.32106005389009&seq=40,L09-N0032,editor,Generic editor; no personal name asserted,Candidate OCR match only; excerpt may be clipped. Verify the complete source page.,,Unreviewed,,,,,Unreviewed,1970 Hathi OCR from earlier audit,,,,,
suetonius.claud.loeb_eng1.xml,37,284,18.1,37,word-match,"A suburb of Rome, lying north of the city, outside of the Servian wall.",2,36,48,1.0,"A suburb of Rome, lying north of the city, outside of the
Servian wall","by Ihm; magna
potius quam n., mss. The second quam is omitted by Q.
a ",of grain on the occasion of a stubborn fire in the aemiliana,he remained in the diribitorium for two nights and when a body,' a ',letter-marker-at-anchor,https://babel.hathitrust.org/cgi/pt?id=uc1.32106005389009&seq=48,L09-N0037,editor,Generic editor; no personal name asserted,Candidate OCR match only; excerpt may be clipped. Verify the complete source page.,,Unreviewed,,,,,Unreviewed,1970 Hathi OCR from earlier audit,,,,,
suetonius.claud.loeb_eng1.xml,47,320,21.4,43,word-match,See note on Aug. lxxiv.,2,42,54,1.0,See note on Aug. lxxiv,"s edixerat, Busle ed. of 1533; daturum se dixerat,
Ω (dixerant, Υ).
a ",to which he was the first to apply the name of sportula,because before giving it for the first time he made proclamation that,"',a\n'",letter-marker-at-anchor,https://babel.hathitrust.org/cgi/pt?id=uc1.32106005389009&seq=54,L09-N0047,editor,Generic editor; no personal name asserted,Candidate OCR match only; excerpt may be clipped. Verify the complete source page.,,Unreviewed,,,,,Unreviewed,1970 Hathi OCR from earlier audit,,,,,
suetonius.claud.loeb_eng1.xml,52,326,21.6,45,word-match,"About to die; one of Claudius's feeble jokes, which the combatants pretended to understand as meaning that they need not risk their lives in battle.",2,44,56,1.0,"About to die; one of Claudius's feeble jokes, which the
combatants pretended to understand as meaning that they
need not risk their lives in battle","nte, G).
ave, Roth (avi, Turnebus); aut, MGLP; aut in urbe
aut, YO.
a ",they who are about to die salute thee he replied or not,and after that all of them refused to fight maintaining that they,"',"" a '",letter-marker-at-anchor,https://babel.hathitrust.org/cgi/pt?id=uc1.32106005389009&seq=56,L09-N0052,editor,Generic editor; no personal name asserted,Candidate OCR match only; excerpt may be clipped. Verify the complete source page.,,Unreviewed,,,,,Unreviewed,1970 Hathi OCR from earlier audit,,,,,
suetonius.claud.loeb_eng1.xml,57,347,24.1,47,wording-review,"A common reason for this was the desire to engage in business, which senators were not allowed to do.",2,47,59,0.9474,"reason for this was the desire to engage in
business, which senators were not allowed to do","ectively 300,000,
200,000, 100,000, and 60,000 sesterces.
@ A cominon ",even to the second grade of stewards if any refused senatorial rank,he took from them that of knight also though he had declared,"',d '",letter-marker-at-anchor,https://babel.hathitrust.org/cgi/pt?id=uc1.32106005389009&seq=59,L09-N0057,editor,Generic editor; no personal name asserted,Candidate OCR match only; excerpt may be clipped. Verify the complete source page.,,Unreviewed,,,,,Unreviewed,1970 Hathi OCR from earlier audit,,,,,
suetonius.claud.loeb_eng1.xml,60,359,25.1,51,word-match,"That is, if their own freedmen proved ungrateful and they wished to bring suit against them.",2,50,62,1.0,"That is, if their own freedmen proved ungrateful and
they wished to bring suit against them","ere epistula Graeca
1 Esquilino, GQT; the other mss. have Esquilinio.
",advocates that he would not entertain a suit against their own freedmen,when certain men were exposing their sick and worn out slaves on,'.a\n',letter-marker-at-anchor,https://babel.hathitrust.org/cgi/pt?id=uc1.32106005389009&seq=62,L09-N0060,editor,Generic editor; no personal name asserted,Candidate OCR match only; excerpt may be clipped. Verify the complete source page.,,Unreviewed,,,,,Unreviewed,1970 Hathi OCR from earlier audit,,,,,
suetonius.claud.loeb_eng1.xml,63,365,25.3,51,word-match,The part of the Esquiline hill on both sides of the Servian wall; occupied in part by the Gardens of Maecenas ; see Hor. Serm. 1. 8. The place of execution seems to have been outside of the Porta Esquilina.,2,50,62,1.0,"The part of the Esquiline hill on both sides of the
Servian wall; occupied in part by the Gardens of Maecenas ;
see Hor. Serm. 1. 8. The place of execution seems to have
been outside of the Porta Esquilina",", although a
foreigner often retained his native name as a surname.
@ ",usurped the privileges of roman citizenship he executed in the esquiline field,he restored to the senate the provinces of achaia and macedonia which,'.d\n',letter-marker-at-anchor,https://babel.hathitrust.org/cgi/pt?id=uc1.32106005389009&seq=62,L09-N0063,editor,Generic editor; no personal name asserted,Candidate OCR match only; excerpt may be clipped. Verify the complete source page.,,Unreviewed,,,,,Unreviewed,1970 Hathi OCR from earlier audit,,,,,
suetonius.claud.loeb_eng1.xml,78,443,34.1,65,word-match,See Aug. xxxiii. 1.,2,64,76,1.0,See Aug. xxxiii. 1,"t et meridie dimisso ad prandium populo
1 interdiu, 5; interdum, Ω.
"" ",small he always exacted examination by torture and the punishment of parricides,at once and in his presence when he was at tibur and,' a ',letter-marker-at-anchor,https://babel.hathitrust.org/cgi/pt?id=uc1.32106005389009&seq=76,L09-N0078,editor,Generic editor; no personal name asserted,Candidate OCR match only; excerpt may be clipped. Verify the complete source page.,,Unreviewed,,,,,Unreviewed,1970 Hathi OCR from earlier audit,,,,,
suetonius.claud.loeb_eng1.xml,81,446,34.2,65,word-match,"According to Pliny, N.H. 28. 34, game killed with a knife with which a man had been slain was a specific for epilepsy.",2,64,76,1.0,"According to Pliny, N.H. 28. 34, game killed with a
knife with which a man had been slain was a specific for
epilepsy","heir faces were not covered by helmets; see Index, s. v.
retiarius.
d
",had some little knives made from both their swords for his use,he took such pleasure in the combats with wild beasts and of,'.d ',letter-marker-at-anchor,https://babel.hathitrust.org/cgi/pt?id=uc1.32106005389009&seq=76,L09-N0081,editor,Generic editor; no personal name asserted,Candidate OCR match only; excerpt may be clipped. Verify the complete source page.,,Unreviewed,,,,,Unreviewed,1970 Hathi OCR from earlier audit,,,,,
suetonius.claud.loeb_eng1.xml,86,461,36.1,67,word-match,Chap. xiii.,2,66,78,1.0,Chap. xiii,"uv. 4. 122, and Mayor's note.
See note on Aug. xix. 1. • Chap. xii. d ",that he had tried to abdicate when as i have mentioned before,a man with a dagger was caught near him as he was,"',d '",letter-marker-at-anchor,https://babel.hathitrust.org/cgi/pt?id=uc1.32106005389009&seq=78,L09-N0086,editor,Generic editor; no personal name asserted,Candidate OCR match only; excerpt may be clipped. Verify the complete source page.,,Unreviewed,,,,,Unreviewed,1970 Hathi OCR from earlier audit,,,,,
suetonius.claud.loeb_eng1.xml,88,470,37.2,71,no-source-match,Narcissus.,,,,,,,whole affair to the senate next day and to thank the freedman,for watching over his emperor s safety even in his sleep he,' a ',letter-marker-at-anchor,,L09-N0088,editor,Generic editor; no personal name asserted,No source-page match established by the audit.,,Unreviewed,,,,,Unreviewed,1970 Hathi OCR from earlier audit,,,,,
suetonius.claud.loeb_eng1.xml,90,479,38.2,71,wording-review,"See Tib. xxxiv. 1. Claudius apparently allowed greater freedom. The restrictions were renewed by Nero (see Nero, xvi. 2), and according to Dio, 60. 6, Claudius himself (later?) issued an edict forbidding the sale of dressed meats and hot water, as well as abolishing the drinking-booths.",2,70,82,0.5957,"See Tib. xxxiv. 1. Claudius apparently allowed greater
freedom. The restrictions were renewed by Nero (see Nero,
xvi. 2), and according to Dio, 60. 6, Claudius himself (later","onov; ante, Ω (autem, Π¹).
a Narcissus.
See note on chap. xxiii. 2.
• ",motive he took from the aediles the regulation of the cook shops,he did not even keep quiet about his own stupidity but in,'.c\n',letter-marker-at-anchor,https://babel.hathitrust.org/cgi/pt?id=uc1.32106005389009&seq=82,L09-N0090,editor,Generic editor; no personal name asserted,Candidate OCR match only; excerpt may be clipped. Verify the complete source page.,,Unreviewed,,,,,Unreviewed,1970 Hathi OCR from earlier audit,,,,,
suetonius.claud.loeb_eng1.xml,93,512,41.2,75,wording-review,Because he stammered; see chap. xxx.,2,74,86,0.8333,Because he stainmered; see chap. xxx," for his folly; but
nothing is known about him.
The famous historian.
",wrote a good deal and gave constant recitals through a professional reader,he began his history with the death of the dictator caesar but,'.c\n',letter-marker-at-anchor,https://babel.hathitrust.org/cgi/pt?id=uc1.32106005389009&seq=86,L09-N0093,editor,Generic editor; no personal name asserted,Candidate OCR match only; excerpt may be clipped. Verify the complete source page.,,Unreviewed,,,,,Unreviewed,1970 Hathi OCR from earlier audit,,,,,
suetonius.claud.loeb_eng1.xml,99,522,42.1,77,word-match,"Iliad, 24. 369; Odyss. 21. 133.",2,77,89,1.0,"Iliad, 24. 369; Odyss. 21. 133","re was
• Referring to the cohort on guard at the Palace; cf.
chap. x.
",watchword ward off stoutly the man whosoever is first to assail you,at last he even wrote historical works in greek twenty books of,"'."" f\n'",letter-marker-at-anchor,https://babel.hathitrust.org/cgi/pt?id=uc1.32106005389009&seq=89,L09-N0099,editor,Generic editor; no personal name asserted,Candidate OCR match only; excerpt may be clipped. Verify the complete source page.,,Unreviewed,,,,,Unreviewed,1970 Hathi OCR from earlier audit,,,,,
suetonius.claud.loeb_eng1.xml,100,531,43.1,79,word-match,"A proverbial expression, derived from the story of Telephus, who when wounded by Achilles was told by the oracle that he could be cured only by the one who dealt the blow. Achilles cured him by applying rust from his spear to the wound.",2,78,90,1.0,"A proverbial expression, derived from the story of
Telephus, who when wounded by Achilles was told by the
oracle that he could be cured only by the one who dealt the
blow. Achilles cured him by applying rust from his spear
to the wound","
1
novum, added by Drechsler; Roth suggested Claudieum
after Musio.
* ",done adding in greek he who dealt the wound will heal it,when he expressed his intention of giving britannicus the gown of manhood,"'.""a '",letter-marker-at-anchor,https://babel.hathitrust.org/cgi/pt?id=uc1.32106005389009&seq=90,L09-N0100,editor,Generic editor; no personal name asserted,Candidate OCR match only; excerpt may be clipped. Verify the complete source page.,,Unreviewed,,,,,Unreviewed,1970 Hathi OCR from earlier audit,,,,,
suetonius.dom.loeb_eng1.xml,10,106,2.3,343,word-match,"That is, twice as large as his brother's.",2,342,354,1.0,"That is, twice as large as his brother's"," is to his consulships before he became emperor; see chap. xiii. 3.
d ",father he hesitated for some time whether to offer a double largess,to the soldiers and he never had any compunction about saying that,' a ',letter-marker-at-anchor,https://babel.hathitrust.org/cgi/pt?id=uc1.32106005389009&seq=354,L10-N0010,editor,Generic editor; no personal name asserted,Candidate OCR match only; excerpt may be clipped. Verify the complete source page.,,Unreviewed,,,,,Unreviewed,1970 Hathi OCR from earlier audit,,,,,
suetonius.dom.loeb_eng1.xml,12,115,3.2,345,word-match,See chaps. ix. and xi. 1.,2,344,356,1.0,See chaps. ix. and xi. 1,"it, supplied by Ihm.
3 mixturaque, Lipsius; mixtura prope, Bentley.
a ",far as one may guess it was contrary to his natural disposition,that he was made rapacious through need and cruel through fear iv,' a\n',letter-marker-at-anchor,https://babel.hathitrust.org/cgi/pt?id=uc1.32106005389009&seq=356,L10-N0012,editor,Generic editor; no personal name asserted,Candidate OCR match only; excerpt may be clipped. Verify the complete source page.,,Unreviewed,,,,,Unreviewed,1970 Hathi OCR from earlier audit,,,,,
suetonius.dom.loeb_eng1.xml,19,133,4.5,349,word-match,"Represented in many cases by tesserae, or tickets; see note on Aug. xli. 2.",2,348,360,1.0,"Represented in many cases by tesserae, or tickets; see
note on Aug. xli. 2"," 3.
• While the spectators remained in their seats; cf. Dio,
67. 4.
d ",on the following day he scattered gifts of all sorts of things,to be scrambled for and since the greater part of these fell,' a ',letter-marker-at-anchor,https://babel.hathitrust.org/cgi/pt?id=uc1.32106005389009&seq=360,L10-N0019,editor,Generic editor; no personal name asserted,Candidate OCR match only; excerpt may be clipped. Verify the complete source page.,,Unreviewed,,,,,Unreviewed,1970 Hathi OCR from earlier audit,,,,,
suetonius.dom.loeb_eng1.xml,22,139,5.1,351,word-match,"Who finished and dedicated it; it was also called the Forum Transitorium because it connected the Forum of Augustus with the Forum Pacis, as well as the Subura with the Forum Romanum. It occupied a part of the Argiletum.",2,350,362,1.0,"Who finished and dedicated it; it was also called the
Forum Transitorium because it connected the Forum of
Augustus with the Forum Pacis, as well as the Subura with
the Forum Romanum. It occupied a part of the Argiletum",", ut caput
quoque adportatum eius vidisse se plerique contenderent.
a ",jupiter custos and the forum which now bears the name of nerva,likewise a temple to the flavian family a stadium an odeum and,'; a ',letter-marker-at-anchor,https://babel.hathitrust.org/cgi/pt?id=uc1.32106005389009&seq=362,L10-N0022,editor,Generic editor; no personal name asserted,Candidate OCR match only; excerpt may be clipped. Verify the complete source page.,,Unreviewed,,,,,Unreviewed,1970 Hathi OCR from earlier audit,,,,,
suetonius.dom.loeb_eng1.xml,27,145,6.1,351,word-match,Tac. Agr. 39 says that his unjustified triumph over the Germans (and the Dacians) was a laughing-stock.,2,350,362,1.0,"Tac Agr. 39 says that his unjustified triumph over
the Germans (and the Dacians) was a laughing-stock","occupied a part of the Argiletum.
Or Music Hall.
• See chap. iv. 2.
d ",success he celebrated a double triumph over the chatti and the dacians,his victories over the sarmatians he commemorated merely by the offering of,'.d ',letter-marker-at-anchor,https://babel.hathitrust.org/cgi/pt?id=uc1.32106005389009&seq=362,L10-N0027,editor,Generic editor; no personal name asserted,Candidate OCR match only; excerpt may be clipped. Verify the complete source page.,,Unreviewed,,,,,Unreviewed,1970 Hathi OCR from earlier audit,,,,,
suetonius.dom.loeb_eng1.xml,43,198,10.1,359,word-match,See chap. iii. 1.,2,359,371,1.0,See chap. iii. 1,"in the confiscation of the
goods of the accused to the privy purse. d ",in his skill and his appearance he seemed not unlike his master,also hermogenes of tarsus because of some allusions in his history besides,'; d ',letter-marker-at-anchor,https://babel.hathitrust.org/cgi/pt?id=uc1.32106005389009&seq=371,L10-N0043,editor,Generic editor; no personal name asserted,Candidate OCR match only; excerpt may be clipped. Verify the complete source page.,,Unreviewed,,,,,Unreviewed,1970 Hathi OCR from earlier audit,,,,,
suetonius.dom.loeb_eng1.xml,45,198,10.1,361,word-match,"There is an added insult in parmularius, one armed with the buckler, ""a Thracian,"" as applied to a Roman citizen (pater familias).",2,360,372,1.0,"There is an added insult in parmularius, ""one armed
with the buckler,"" ""a Thracian,"" as applied to a Roman
citizen (pater familias","one, p. 413, would insert Herennium Senecionem
quod before Helvidi.
a ",dogs with this placard a favourer of the thracians who spoke impiously,he put to death many senators among them several ex consuls including,"'."" a\n'",letter-marker-at-anchor,https://babel.hathitrust.org/cgi/pt?id=uc1.32106005389009&seq=372,L10-N0045,editor,Generic editor; no personal name asserted,Candidate OCR match only; excerpt may be clipped. Verify the complete source page.,,Unreviewed,,,,,Unreviewed,1970 Hathi OCR from earlier audit,,,,,
suetonius.dom.loeb_eng1.xml,52,235,12.3,367,word-match,Iliad. 2. 204.,2,366,378,1.0,Iliad. 2. 204,", whom the Romans
commonly confounded with the Jews.
See Vesp. iii.
• ",he and uttered the words not good is a number of rulers,xiii when he became emperor he did not hesitate to boast in,"'."" c\n'",letter-marker-at-anchor,https://babel.hathitrust.org/cgi/pt?id=uc1.32106005389009&seq=378,L10-N0052,editor,Generic editor; no personal name asserted,Candidate OCR match only; excerpt may be clipped. Verify the complete source page.,,Unreviewed,,,,,Unreviewed,1970 Hathi OCR from earlier audit,,,,,
suetonius.dom.loeb_eng1.xml,53,241,13.1,367,word-match,Pulvinar here means the couch for the images of the gods; cf. Aug. xlv. 1.,2,366,378,1.0,"Pulvinar here means the couch for the images of the
gods; cf. Aug. xlv. 1","
commonly confounded with the Jews.
See Vesp. iii.
• Iliad. 2. 204.
a ",after their divorce that he had recalled her to his divine couch,he delighted to hear the people in the amphitheatre shout on his,"'."" d '",letter-marker-at-anchor,https://babel.hathitrust.org/cgi/pt?id=uc1.32106005389009&seq=378,L10-N0053,editor,Generic editor; no personal name asserted,Candidate OCR match only; excerpt may be clipped. Verify the complete source page.,,Unreviewed,,,,,Unreviewed,1970 Hathi OCR from earlier audit,,,,,
suetonius.dom.loeb_eng1.xml,56,244,13.2,369,word-match,"Arci is a transliteration of the Greek word ἀρκεῖ with a pun on its resemblance in sound to arcus, ""arch.""",2,368,380,1.0,"Arci is a transliteration of the Greek word ἀρκεῖ with a
pun on its resemblance in sound to arcus, ""arch","ot, 5; quod, Ω.
3 insidiis, G; conspiratione, after intimorum, YON.
a ",that on one of them someone wrote in greek it is enough,he held the consulship seventeen times more often than any of his,"'.""a '",letter-marker-at-anchor,https://babel.hathitrust.org/cgi/pt?id=uc1.32106005389009&seq=380,L10-N0056,editor,Generic editor; no personal name asserted,Candidate OCR match only; excerpt may be clipped. Verify the complete source page.,,Unreviewed,,,,,Unreviewed,1970 Hathi OCR from earlier audit,,,,,
suetonius.dom.loeb_eng1.xml,59,258,14.2,371,word-match,"Cf. Ovid, Fasti, 1. 357.",2,370,382,1.0,"Cf. Ovid, Fasti, 1. 357","I. L. iv. 3407, 6.
2 audendam, pL3; audiendam, 2.
a See chap. vii. 2.
",to pour upon thee o goat when at the altar you stand,it was because of this same timorousness that although he was most,"'."" b\n'",letter-marker-at-anchor,https://babel.hathitrust.org/cgi/pt?id=uc1.32106005389009&seq=382,L10-N0059,editor,Generic editor; no personal name asserted,Candidate OCR match only; excerpt may be clipped. Verify the complete source page.,,Unreviewed,,,,,Unreviewed,1970 Hathi OCR from earlier audit,,,,,
suetonius.dom.loeb_eng1.xml,61,264,14.4,371,wording-review,"According to Pliny, N.H. 36. 163, a hard, white, translucent stone discovered in Cappodocia in the reign of Nero. According to Tzetzes, Lyc. 98, φεγγίτης = σεληνίτης, ""moon-stone."" Pliny also mentions similar mirrors of black obsidian; N.H. 36. 196.",2,370,382,0.6585,"According to Pliny, N.H. 36. 163, a hard, white, translucent stone discovered in Cappodocia in the reign of Nero.
According to Tzetzes, Lyc. 98, φεγγίτης = σεληνίτης","y the
early kings and the consuls; Tac. Ann. 3.2; Val. Max.
3.2. 9.
d ",of the colonnades in which he used to walk with phengite stone,to be able to see in its brilliant surface the reflection of,"',d '",letter-marker-at-anchor,https://babel.hathitrust.org/cgi/pt?id=uc1.32106005389009&seq=382,L10-N0061,editor,Generic editor; no personal name asserted,Candidate OCR match only; excerpt may be clipped. Verify the complete source page.,,Unreviewed,,,,,Unreviewed,1970 Hathi OCR from earlier audit,,,,,
suetonius.dom.loeb_eng1.xml,63,264,14.4,371,word-match,"See Nero, xlix. 4.",2,371,383,1.0,"See Nero, xlix. 4"," similar mirrors of black obsidian ;
Ν.Η. 36. 196.
• Cf. Nero, xl. 2.
",abandoned the freedman s hand had aided him in taking his life,xv finally he put to death his own cousin flavius clemens suddenly,'.f\n',letter-marker-at-anchor,https://babel.hathitrust.org/cgi/pt?id=uc1.32106005389009&seq=383,L10-N0063,editor,Generic editor; no personal name asserted,Candidate OCR match only; excerpt may be clipped. Verify the complete source page.,,Unreviewed,,,,,Unreviewed,1970 Hathi OCR from earlier audit,,,,,
suetonius.dom.loeb_eng1.xml,64,273,15.2,373,word-match,"It was evidently on a metal plate, attached to the marble base.",2,372,384,1.0,"It was evidently on a metal plate, attached to the marble
base"," Asclationis, F. Cumont, Cat. Codd. Astrol. Graec. v.
р. 205, п. 1.
a ",torn off in a violent tempest and fell upon a neighbouring tomb,the tree which had been overthrown when vespasian was still a private,'.a\n',letter-marker-at-anchor,https://babel.hathitrust.org/cgi/pt?id=uc1.32106005389009&seq=384,L10-N0064,editor,Generic editor; no personal name asserted,Candidate OCR match only; excerpt may be clipped. Verify the complete source page.,,Unreviewed,,,,,Unreviewed,1970 Hathi OCR from earlier audit,,,,,
suetonius.dom.loeb_eng1.xml,67,291,17.1,377,word-match,"Niece of Domitian,",2,376,388,1.0,Niece of Domitian," oculos effodere conatur.
1 dolonem, Ferrarius ; dolum, Ω; dolo, δ.
a ",attack him whether at the bath or at dinner stephanus domitilla s,steward at the time under accusation for embezzlement offered his aid and,' a ',letter-marker-at-anchor,https://babel.hathitrust.org/cgi/pt?id=uc1.32106005389009&seq=388,L10-N0067,editor,Generic editor; no personal name asserted,Candidate OCR match only; excerpt may be clipped. Verify the complete source page.,,Unreviewed,,,,,Unreviewed,1970 Hathi OCR from earlier audit,,,,,
suetonius.dom.loeb_eng1.xml,71,307,18.2,379,word-match,"Iliad, 21. 108.",2,379,391,1.0,"Iliad, 21. 108"," comely to
look on?b
And yet the same fate awaits my hair, and I bear
",not see that i too am tall and comely to look on,and yet the same fate awaits my hair and i bear with,'?b\n',letter-marker-at-anchor,https://babel.hathitrust.org/cgi/pt?id=uc1.32106005389009&seq=391,L10-N0071,editor,Generic editor; no personal name asserted,Candidate OCR match only; excerpt may be clipped. Verify the complete source page.,,Unreviewed,,,,,Unreviewed,1970 Hathi OCR from earlier audit,,,,,
suetonius.dom.loeb_eng1.xml,72,314,19.1,381,word-match,Cf. Tit. v. 2. The bow and arrow were not included by the Romans in the term arma.,2,380,392,1.0,"Cf. Tit. v. 2. The bow and arrow were not included by
the Romans in the term arma"," alfeno, MGY; the greater number of the X class
have alieno alfeno.
• ",he took no interest in arms but was particularly devoted to archery,there are many who have more than once seen him slay a,'.a\n',letter-marker-at-anchor,https://babel.hathitrust.org/cgi/pt?id=uc1.32106005389009&seq=392,L10-N0072,editor,Generic editor; no personal name asserted,Candidate OCR match only; excerpt may be clipped. Verify the complete source page.,,Unreviewed,,,,,Unreviewed,1970 Hathi OCR from earlier audit,,,,,
suetonius.dom.loeb_eng1.xml,75,327,21.1,383,word-match,"Named after C. Matius, a friend of Augustus and a writer on cookery and gardening.",2,382,394,1.0,"Named after C. Matius, a friend of Augustus and a
writer on cookery and gardening",".
1 clinopalem, Ω.
2 develleret, G; the other mss. have divelleret.
"" ",so that at dinner he rarely took anything except a matian apple,and a moderate amount of wine from a jug he gave numerous,' a ',letter-marker-at-anchor,https://babel.hathitrust.org/cgi/pt?id=uc1.32106005389009&seq=394,L10-N0075,editor,Generic editor; no personal name asserted,Candidate OCR match only; excerpt may be clipped. Verify the complete source page.,,Unreviewed,,,,,Unreviewed,1970 Hathi OCR from earlier audit,,,,,
suetonius.dom.loeb_eng1.xml,77,339,23.1,385,word-match,"Votive shields, adorned with the emperor's image; see Calig. xvi. 4. Cf. Plin. Paneg. lii.",2,384,396,1.0,"Votive shields, adorned with the emperor's image; see
Calig. xvi. 4.
Cf. Plin. Paneg. lii"," statum publice, M; rei statum publicae, G;
statum rei publicae, X.
a ",stinging kind of outcries they even had ladders brought and his shields,and images torn down before their eyes and dashed upon the ground,' a ',letter-marker-at-anchor,https://babel.hathitrust.org/cgi/pt?id=uc1.32106005389009&seq=396,L10-N0077,editor,Generic editor; no personal name asserted,Candidate OCR match only; excerpt may be clipped. Verify the complete source page.,,Unreviewed,,,,,Unreviewed,1970 Hathi OCR from earlier audit,,,,,
suetonius.galba.loeb_eng1.xml,5,85,1.1,191,word-match,No such temple is known.,2,190,202,1.0,No such temple is known," they carried in their triumph, according to
Pliny, N.H. 15. 136 f.
* ",all the hens furthermore when shortly afterwards the temple of the caesars,was struck by lightning the heads fell from all the statues at,' d ',letter-marker-at-anchor,https://babel.hathitrust.org/cgi/pt?id=uc1.32106005389009&seq=202,L11-N0005,editor,Generic editor; no personal name asserted,Candidate OCR match only; excerpt may be clipped. Verify the complete source page.,,Unreviewed,,,,,Unreviewed,1970 Hathi OCR from earlier audit,,,,,
suetonius.galba.loeb_eng1.xml,16,115,4.2,197,word-match,"The usual procedure, to avert the evil omen.",2,196,208,1.0,"The usual procedure, to avert the evil omen","exoletumque morem ac tantum in
1 παρατρώξῃ, Turnebus; παρατρώζη, Ω.
a ",s grandfather was busy with a sacrifice for a stroke of lightning,and an eagle snatched the intestines from his hand and carried them,"',a\n'",letter-marker-at-anchor,https://babel.hathitrust.org/cgi/pt?id=uc1.32106005389009&seq=208,L11-N0016,editor,Generic editor; no personal name asserted,Candidate OCR match only; excerpt may be clipped. Verify the complete source page.,,Unreviewed,,,,,Unreviewed,1970 Hathi OCR from earlier audit,,,,,
suetonius.galba.loeb_eng1.xml,18,127,5.1,199,word-match,To marry and rear a family was regarded as one of the duties of a good citizen.,2,198,210,1.0,"To marry and rear a family was regarded as one of the
duties of a good citizen"," and Q have it after Domiti.
2 L. mss. (Lucio, G); Cn., Torrentius.
• ",applied himself to the law he also assumed a husband s duties,but after losing his wife lepida and two sons whom he had,"',a\n'",letter-marker-at-anchor,https://babel.hathitrust.org/cgi/pt?id=uc1.32106005389009&seq=210,L11-N0018,editor,Generic editor; no personal name asserted,Candidate OCR match only; excerpt may be clipped. Verify the complete source page.,,Unreviewed,,,,,Unreviewed,1970 Hathi OCR from earlier audit,,,,,
suetonius.galba.loeb_eng1.xml,24,143,6.3,201,word-match,Cf. Calig. xxvi. 2.,2,200,212,1.0,Cf Calig. xxvi. 2," MXT (paenulis, OST); manu paenulas, G.
a See Calig. xliii. and xliv.
",by actually running for twenty miles close beside the emperor s chariot,vii when the murder of gaius was announced although many urged galba,'.b\n',letter-marker-at-anchor,https://babel.hathitrust.org/cgi/pt?id=uc1.32106005389009&seq=212,L11-N0024,editor,Generic editor; no personal name asserted,Candidate OCR match only; excerpt may be clipped. Verify the complete source page.,,Unreviewed,,,,,Unreviewed,1970 Hathi OCR from earlier audit,,,,,
suetonius.galba.loeb_eng1.xml,33,170,9.2,207,wording-review,"Such predictions, like the responses of oracles, were in verse.",2,206,218,0.9,"Such predictions, like the responses of oracles, were in","oppidi, quod
1 vel] velut, r.
verse.
2 IQ and the editions omit in.
a ",inspired girl two hundred years before and the purport of the verses,was that one day there would come forth from spain the ruler,' a ',letter-marker-at-anchor,https://babel.hathitrust.org/cgi/pt?id=uc1.32106005389009&seq=218,L11-N0033,editor,Generic editor; no personal name asserted,Candidate OCR match only; excerpt may be clipped. Verify the complete source page.,,Unreviewed,,,,,Unreviewed,1970 Hathi OCR from earlier audit,,,,,
suetonius.galba.loeb_eng1.xml,38,194,11.1,209,word-match,See note on chap. i.,2,208,220,1.0,See note on chap. i,"quam oppressis qui novas res moliebantur, praefecto
"" See chap. x. 1.
",he laid aside the title of governor and assumed that of caesar,he then began his march to rome in a general s cloak,'.b\n',letter-marker-at-anchor,https://babel.hathitrust.org/cgi/pt?id=uc1.32106005389009&seq=220,L11-N0038,editor,Generic editor; no personal name asserted,Candidate OCR match only; excerpt may be clipped. Verify the complete source page.,,Unreviewed,,,,,Unreviewed,1970 Hathi OCR from earlier audit,,,,,
suetonius.galba.loeb_eng1.xml,42,206,12.3,211,word-match,"Doubtless many of them were false or exaggerated. Galba's frugality was naturally regarded as stinginess by a people accustomed to a prince like Nero; see Nero, xxxi. 1.",2,210,222,1.0,"Doubtless many of them were false or exaggerated.
Galba's frugality was naturally regarded as stinginess by a
people accustomed to a prince like Nero; see Nero, xxxi. 1","ug. xxiv. 2; Calig. xlviii. 1.
• See Aug. xlix. 1; Calig. lviii. 3.
d ",tales too were told in mockery of him whether truly or falsely,that when an unusually elegant dinner was set before him he groaned,': d ',letter-marker-at-anchor,https://babel.hathitrust.org/cgi/pt?id=uc1.32106005389009&seq=222,L11-N0042,editor,Generic editor; no personal name asserted,Candidate OCR match only; excerpt may be clipped. Verify the complete source page.,,Unreviewed,,,,,Unreviewed,1970 Hathi OCR from earlier audit,,,,,
suetonius.galba.loeb_eng1.xml,43,206,12.3,213,word-match,"Plutarch, Galba, xvi., gives the story quite a different aspect, saying that the gift was of gold pieces, and that Galba said that it came from his own pocket, and not from the public funds.",2,212,224,1.0,"Plutarch, Galba, xvi., gives the story quite a different
aspect, saying that the gift was of gold pieces, and that
Galba said that it came from his own pocket, and not from
the public funds","
2 venit Onesimus, 8; ventione simus, 2; venit Dorsennus,
Lachmann.
a ",denarii which he took from his own purse with his own hand,xiii accordingly his coming was not so welcome as it might have,'.a\n',letter-marker-at-anchor,https://babel.hathitrust.org/cgi/pt?id=uc1.32106005389009&seq=224,L11-N0043,editor,Generic editor; no personal name asserted,Candidate OCR match only; excerpt may be clipped. Verify the complete source page.,,Unreviewed,,,,,Unreviewed,1970 Hathi OCR from earlier audit,,,,,
suetonius.galba.loeb_eng1.xml,44,213,13.1,213,word-match,"The text is uncertain, but obviously the song ridiculed a stingy old countryman.",2,212,224,1.0,"The text is uncertain, but obviously the song ridiculed a
stingy old countryman","said that it came from his own pocket, and not from
the public funds.
",atellan farce began the familiar lines here comes onesimus from his farm,all the spectators at once finished the song in chorus and repeated,"'"" b\n'",letter-marker-at-anchor,https://babel.hathitrust.org/cgi/pt?id=uc1.32106005389009&seq=224,L11-N0044,editor,Generic editor; no personal name asserted,Candidate OCR match only; excerpt may be clipped. Verify the complete source page.,,Unreviewed,,,,,Unreviewed,1970 Hathi OCR from earlier audit,,,,,
suetonius.galba.loeb_eng1.xml,48,226,14.3,215,word-match,See note on Claud. xv. 1.,2,214,226,1.0,See note on Claud. xv. 1,"ntissimos incolumes
praestitit atque insuper Halotum procuratione ama ",trial he rarely granted roman citizenship and the privileges of threefold paternity,to hardly one or two and even to those only for a,' a ',letter-marker-at-anchor,https://babel.hathitrust.org/cgi/pt?id=uc1.32106005389009&seq=226,L11-N0048,editor,Generic editor; no personal name asserted,Candidate OCR match only; excerpt may be clipped. Verify the complete source page.,,Unreviewed,,,,,Unreviewed,1970 Hathi OCR from earlier audit,,,,,
suetonius.nero.loeb_eng1.xml,17,132,6.2,95,word-match,"Boys on the ninth day after birth, and girls on the eight, were purified by a sacrifice and given a name; the ceremony was called lustratio.",2,94,106,1.0,"Boys on the ninth day after birth, and girls on the eight,
were purified by a sacrifice and given a name; the ceremony
was called lustratio","e.
See note on Tib. vii. 2.
See note on Tib. vii. 2 and cf. Aug. v.
d ",of nero s future unhappiness occurred on the day of his purification,for when gaius caesar was asked by his sister to give the,'; a ',letter-marker-at-anchor,https://babel.hathitrust.org/cgi/pt?id=uc1.32106005389009&seq=106,L12-N0017,editor,Generic editor; no personal name asserted,Candidate OCR match only; excerpt may be clipped. Verify the complete source page.,,Unreviewed,,,,,Unreviewed,1970 Hathi OCR from earlier audit,,,,,
suetonius.nero.loeb_eng1.xml,22,147,7.2,99,wording-review,See note d on Claud. i. 3.,2,126,138,0.8571,See note d on,"tia neque milites.
umquam, nisi absens aut alio verba pronuntiante,
"" ",people and a gift of money to the soldiers ordered a drill,of the praetorians and headed them shield in hand and thereafter returned,' a ',letter-marker-at-anchor,https://babel.hathitrust.org/cgi/pt?id=uc1.32106005389009&seq=138,L12-N0022,editor,Generic editor; no personal name asserted,Candidate OCR match only; excerpt may be clipped. Verify the complete source page.,,Unreviewed,,,,,Unreviewed,1970 Hathi OCR from earlier audit,,,,,
suetonius.nero.loeb_eng1.xml,30,168,10.2,103,word-match,"An honour previously conferred only on generals after a great victory; cf. Jul. xxiv. 3, at the end.",2,102,114,1.0,"An honour previously conferred only on generals after a
great victory; cf. Jul. xxiv. 3, at the end","nscribitur, Erasmus; scribitur, Ω.
3 avium, Gs; aulum, 2; aurum, 5.
• ",as well so greatly to the delight of all that a thanksgiving,was voted because of his recital while that part of his poems,' a ',letter-marker-at-anchor,https://babel.hathitrust.org/cgi/pt?id=uc1.32106005389009&seq=114,L12-N0030,editor,Generic editor; no personal name asserted,Candidate OCR match only; excerpt may be clipped. Verify the complete source page.,,Unreviewed,,,,,Unreviewed,1970 Hathi OCR from earlier audit,,,,,
suetonius.nero.loeb_eng1.xml,34,177,11.2,103,word-match,"A tight-rope, sloping downwards across the arena; cf. Galba, vi.",2,103,115,1.0,"A tight-rope, sloping downwards across the arena; cf.
Galba, vi","t given special seats
at the Circus by Claudius; see Claud. xxi. 3.
• ",well known roman knight mounted an elephant and rode down a rope,a roman play of afranius too was staged entitled the fire and,' ; e\n',letter-marker-at-anchor,https://babel.hathitrust.org/cgi/pt?id=uc1.32106005389009&seq=115,L12-N0034,editor,Generic editor; no personal name asserted,Candidate OCR match only; excerpt may be clipped. Verify the complete source page.,,Unreviewed,,,,,Unreviewed,1970 Hathi OCR from earlier audit,,,,,
suetonius.nero.loeb_eng1.xml,36,183,12.1,105,word-match,"The musicians, machinists, etc.; cf. Claud. xxxiv. 2.",2,104,116,1.0,"The musicians, machinists, etc.; cf. Claud. xxxiv. 2","dem
1 toto, Ω; toti, 5; cf. Caes. B.G. 7. 89; Prop. 3. 11. 57, etc.
a ",with the wild beasts and performed the various services in the arena,were of the same orders he also exhibited a naval battle in,' a ',letter-marker-at-anchor,https://babel.hathitrust.org/cgi/pt?id=uc1.32106005389009&seq=116,L12-N0036,editor,Generic editor; no personal name asserted,Candidate OCR match only; excerpt may be clipped. Verify the complete source page.,,Unreviewed,,,,,Unreviewed,1970 Hathi OCR from earlier audit,,,,,
suetonius.nero.loeb_eng1.xml,39,186,12.2,105,word-match,"The podium in the amphitheatre was a raised platform, close to the arena, on which the imperial family, the curule magistrates, and the Vestal virgins sat on curule chairs. Nero reclined there on a couch.",2,104,116,1.0,"The podium in the amphitheatre was a raised platform,
close to the arena, on which the imperial family, the curule
magistrates, and the Vestal virgins sat on curule chairs.
Nero reclined there on a couch"," kinds, as appears from
what follows.
• See note on Aug. xcviii. 3.
a ",couch at first through small openings and then with the entire balcony,uncovered he was likewise the first to establish at rome a quinquennial,' a ',letter-marker-at-anchor,https://babel.hathitrust.org/cgi/pt?id=uc1.32106005389009&seq=116,L12-N0039,editor,Generic editor; no personal name asserted,Candidate OCR match only; excerpt may be clipped. Verify the complete source page.,,Unreviewed,,,,,Unreviewed,1970 Hathi OCR from earlier audit,,,,,
suetonius.nero.loeb_eng1.xml,68,286,22.1,119,word-match,See note on Calig. lv. 2.,2,119,131,1.0,See note on Calig. lv. 2,"rdless of their
official positions.
• By his guardian and teachers.
* ",with his fellow pupils the fate of a charioteer of the greens,who was dragged by his horses and his preceptor scolded him he,"',"" a '",letter-marker-at-anchor,https://babel.hathitrust.org/cgi/pt?id=uc1.32106005389009&seq=131,L12-N0068,editor,Generic editor; no personal name asserted,Candidate OCR match only; excerpt may be clipped. Verify the complete source page.,,Unreviewed,,,,,Unreviewed,1970 Hathi OCR from earlier audit,,,,,
suetonius.nero.loeb_eng1.xml,69,289,22.2,121,word-match,The signal for the start.,2,120,132,1.0,The signal for the start,"s dignos ait.
Nec profectione dilata, ut primum Cassiopen traiecit,
"" ",him in the circus maximus one of his freedmen dropping the napkin,from the place usually occupied by the magistrates not content with showing,' a ',letter-marker-at-anchor,https://babel.hathitrust.org/cgi/pt?id=uc1.32106005389009&seq=132,L12-N0069,editor,Generic editor; no personal name asserted,Candidate OCR match only; excerpt may be clipped. Verify the complete source page.,,Unreviewed,,,,,Unreviewed,1970 Hathi OCR from earlier audit,,,,,
suetonius.nero.loeb_eng1.xml,77,310,24.1,125,word-match,"The Greek term hieronices, victor in the sacred games, indicates the religious nature of the festivals.",2,124,136,1.0,"The Greek term hieronices, ""victor in the sacred games,""
indicates the religious nature of the festivals"," festivals were selected by
competition among the rival candidates.
a ",heralds to obliterate the memory of all other victors in the games,and leave no trace of them their statues and busts were all,' d ',letter-marker-at-anchor,https://babel.hathitrust.org/cgi/pt?id=uc1.32106005389009&seq=136,L12-N0077,editor,Generic editor; no personal name asserted,Candidate OCR match only; excerpt may be clipped. Verify the complete source page.,,Unreviewed,,,,,Unreviewed,1970 Hathi OCR from earlier audit,,,,,
suetonius.nero.loeb_eng1.xml,82,322,25.2,127,word-match,"That is, song-birds, as a compliment to Nero's voice; the other offerings were also typical of his art and his triumph.",2,126,138,1.0,"That is, song-birds, as a compliment to Nero's voice ;
the other offerings were also typical of his art and his
triumph"," by the Arch of Vespasian and Titus, erected by
Domitian in 81 A.D.
d ",the streets were sprinkled from time to time with perfume while birds,ribbons and sweetmeats were showered upon him he placed the sacred crowns,"',a '",letter-marker-at-anchor,https://babel.hathitrust.org/cgi/pt?id=uc1.32106005389009&seq=138,L12-N0082,editor,Generic editor; no personal name asserted,Candidate OCR match only; excerpt may be clipped. Verify the complete source page.,,Unreviewed,,,,,Unreviewed,1970 Hathi OCR from earlier audit,,,,,
suetonius.nero.loeb_eng1.xml,91,367,30.1,135,word-match,"That is, could balance the account of their expenditures. See chap. xiii.",2,134,146,1.0,"That is, could balance the account of their expenditures.
See chap. xiii","oth); phalerata (phalera, G) cimazacum, GXR; falerata cimazacum, M.
a ",stingy and niggardly fellows kept a correct account of what they spent,while fine and genuinely magnificent gentlemen wasted and squandered nothing in his,"',a\n'",letter-marker-at-anchor,https://babel.hathitrust.org/cgi/pt?id=uc1.32106005389009&seq=146,L12-N0091,editor,Generic editor; no personal name asserted,Candidate OCR match only; excerpt may be clipped. Verify the complete source page.,,Unreviewed,,,,,Unreviewed,1970 Hathi OCR from earlier audit,,,,,
suetonius.nero.loeb_eng1.xml,93,373,30.3,135,word-match,Celebrated horseman of Mauretania.,2,134,146,1.0,Celebrated horseman of Mauretania,"itures.
See chap. xiii.
That is, for each pip of the winning throw.
d ",drivers clad in wool of canusium attended by a train of mazaces,and couriers with bracelets and trappings there was nothing however in which,' d ',letter-marker-at-anchor,https://babel.hathitrust.org/cgi/pt?id=uc1.32106005389009&seq=146,L12-N0093,editor,Generic editor; no personal name asserted,Candidate OCR match only; excerpt may be clipped. Verify the complete source page.,,Unreviewed,,,,,Unreviewed,1970 Hathi OCR from earlier audit,,,,,
suetonius.nero.loeb_eng1.xml,95,379,31.1,137,word-match,"That is, with three parallel rows of columns.",2,136,148,1.0,"That is, with three parallel rows of columns","tari, etiam scelere convictos non nisi ad
opus damnari praeceperat.
a ",high and it was so extensive that it had a triple colonnade,a mile long there was a pond too like a sea surrounded,' a ',letter-marker-at-anchor,https://babel.hathitrust.org/cgi/pt?id=uc1.32106005389009&seq=148,L12-N0095,editor,Generic editor; no personal name asserted,Candidate OCR match only; excerpt may be clipped. Verify the complete source page.,,Unreviewed,,,,,Unreviewed,1970 Hathi OCR from earlier audit,,,,,
suetonius.nero.loeb_eng1.xml,98,398,32.2,139,word-match,"That is, had left him nothing in their wills, or an insufficient amount.",2,138,150,1.0,"That is, had left him nothing in their wills, or an
insufficient amount","tam demonstrasse
procuratoribus suis dicitur detractamque ilico non
a ",further that the estates of those who were ungrateful to their emperor,should belong to the privy purse and that the advocates who had,' a ',letter-marker-at-anchor,https://babel.hathitrust.org/cgi/pt?id=uc1.32106005389009&seq=150,L12-N0098,editor,Generic editor; no personal name asserted,Candidate OCR match only; excerpt may be clipped. Verify the complete source page.,,Unreviewed,,,,,Unreviewed,1970 Hathi OCR from earlier audit,,,,,
suetonius.nero.loeb_eng1.xml,106,416,33.3,143,word-match,See Juv. i. 71 f.,2,142,154,1.0,See Juv. i. 71 f,"ewed by Julius Caesar.
For her past offences; see Tac. Ann. 12. 66.
• ",pardon and large estates in the country and actually sent her pupils,xxxiv his mother offended him by too strict surveillance and criticism of,'.c\n',letter-marker-at-anchor,https://babel.hathitrust.org/cgi/pt?id=uc1.32106005389009&seq=154,L12-N0106,editor,Generic editor; no personal name asserted,Candidate OCR match only; excerpt may be clipped. Verify the complete source page.,,Unreviewed,,,,,Unreviewed,1970 Hathi OCR from earlier audit,,,,,
suetonius.nero.loeb_eng1.xml,109,431,34.4,145,word-match,"Given by the future emperor Otho; see Otho, iii.",2,144,156,1.0,"Given by the future emperor Otho; see Otho, iii","entor was his freedman Anicetus; Tac. Ann.
14. 3.
See Aug. 1xxi. 3.
• ",had escaped the consequences of her detected guilt by suicide trustworthy authorities,add still more gruesome details that he hurried off to view the,' d ',letter-marker-at-anchor,https://babel.hathitrust.org/cgi/pt?id=uc1.32106005389009&seq=156,L12-N0109,editor,Generic editor; no personal name asserted,Candidate OCR match only; excerpt may be clipped. Verify the complete source page.,,Unreviewed,,,,,Unreviewed,1970 Hathi OCR from earlier audit,,,,,
suetonius.nero.loeb_eng1.xml,120,473,37.3,155,word-match,Such a salutation was usual; see Plin. Paneg. xxiii.,2,154,166,1.0,Such a salutation was usual; see Plin. Paneg. xxiii,"eater number of the mss. have Sthimii.
2 deversoria] diversoria, Ω.
• ",on beginning a journey nor on returning did he kiss any member,or even return his greeting and at the formal opening of the,' a\n',letter-marker-at-anchor,https://babel.hathitrust.org/cgi/pt?id=uc1.32106005389009&seq=166,L12-N0120,editor,Generic editor; no personal name asserted,Candidate OCR match only; excerpt may be clipped. Verify the complete source page.,,Unreviewed,,,,,Unreviewed,1970 Hathi OCR from earlier audit,,,,,
suetonius.nero.loeb_eng1.xml,121,480,38.1,155,word-match,"A line put by Dio, 58. 23, into the mouth of Tiberius. It is believed to be from the Bellerophon, a lost play of Euripides.",2,154,166,1.0,"A line put by Dio, 58. 23, into the mouth of Tiberius.
It is believed to be from the Bellerophon, a lost play of
Euripides","diversoria, Ω.
• Such a salutation was usual; see Plin. Paneg. xxiii.
",general conversation said when i am dead be earth consumed by fire,he rejoined nay rather while i live and his action was wholly,"',"" b\n'",letter-marker-at-anchor,https://babel.hathitrust.org/cgi/pt?id=uc1.32106005389009&seq=166,L12-N0121,editor,Generic editor; no personal name asserted,Candidate OCR match only; excerpt may be clipped. Verify the complete source page.,,Unreviewed,,,,,Unreviewed,1970 Hathi OCR from earlier audit,,,,,
suetonius.nero.loeb_eng1.xml,124,484,38.2,157,word-match,"A tower connected with the house and gardens of Maecenas on the Esquiline; see Hor. Odes, 3. 29. 10, molem propinquam nubibus arduis. It was probably connected with the Palatine by the domus transitoria; see chap. xxi. 2 and Tac. Ann. 15. 39, whose account, as well as that of Dio, 62. 18, differs from that of Suetonius.",2,156,168,1.0,"A tower connected with the house and gardens of
Maecenas on the Esquiline; see Hor. Odes, 3. 29. 10, molem
propinquam nubibus arduis. It was probably connected with
the Palatine by the domus transitoria; see chap. xxi. 2 and
Tac. Ann. 15. 39, whose account, as well as that of Dio,
62. 18, differs from that of Suetonius","aut vulgata sunt, sicut
illa:
“Νέρων Ορέστης ᾿Αλκμέων μητροκτόνος.”
a ",had survived from antiquity viewing the conflagration from the tower of maecenas,and exulting as he said in the beauty of the flames he,' a ',letter-marker-at-anchor,https://babel.hathitrust.org/cgi/pt?id=uc1.32106005389009&seq=168,L12-N0124,editor,Generic editor; no personal name asserted,Candidate OCR match only; excerpt may be clipped. Verify the complete source page.,,Unreviewed,,,,,Unreviewed,1970 Hathi OCR from earlier audit,,,,,
suetonius.nero.loeb_eng1.xml,126,493,39.1,157,word-match,"Venus Libitina, in whose temple funeral outfits and a register of deaths were kept; cf. Hor. Serm. ii. 6, 19.",2,157,169,1.0,"Venus Libitina, in whose temple funeral outfits and a
register of deaths were kept; cf. Hor. Serm. ii. 6, 19","example the
following:
""Nero, Orestes, Alcmeon their mothers slew.""
• ",a single autumn entered thirty thousand deaths in the accounts of libitina,a disaster in britain where two important towns were sacked and great,'; c\n',letter-marker-at-anchor,https://babel.hathitrust.org/cgi/pt?id=uc1.32106005389009&seq=169,L12-N0126,editor,Generic editor; no personal name asserted,Candidate OCR match only; excerpt may be clipped. Verify the complete source page.,,Unreviewed,,,,,Unreviewed,1970 Hathi OCR from earlier audit,,,,,
suetonius.nero.loeb_eng1.xml,131,521,40.2,161,word-match,"If the text is right, the remark must be of a general nature (""us"" = mankind). Dio, 63. 27, who reads διαθρέψει, says that Nero when planning to kill the senators, burn Rome, and sail to Alexandria, said: ""Even though we be driven from our empire, yet this little artistic gift of ours shall support us there""; i.e. at Alexandria.",2,160,172,1.0,"If the text is right, the remark must be of a general
nature (""us"" = mankind). Dio, 63. 27, who reads διαθρέψει,
says that Nero when planning to kill the senators, burn
Rome, and sail to Alexandria, said: ""Even though we be
driven from our empire, yet this little artistic gift of ours
shall support us there""; i.e. at Alexandria"," of the mss. have διατρέφει ;
διαθρέψει, Turnebus from Dio, 63. 27.
a ",well known saying of his a humble art affords us daily bread,doubtless uttered to justify him in practising the art of lyre playing,"',"" a '",letter-marker-at-anchor,https://babel.hathitrust.org/cgi/pt?id=uc1.32106005389009&seq=172,L12-N0131,editor,Generic editor; no personal name asserted,Candidate OCR match only; excerpt may be clipped. Verify the complete source page.,,Unreviewed,,,,,Unreviewed,1970 Hathi OCR from earlier audit,,,,,
suetonius.nero.loeb_eng1.xml,132,533,41.1,163,word-match,Cf. chap. vii. 1.,2,162,174,1.0,Cf. chap. vii. 1,"s, ad eam speciem exsiluit
1 elaboratae, Bernegger; laboratae, mss.
a ",lyre player and that he was addressed as ahenobarbus instead of nero,with regard to his family name which was cast in his teeth,'.a\n',letter-marker-at-anchor,https://babel.hathitrust.org/cgi/pt?id=uc1.32106005389009&seq=174,L12-N0132,editor,Generic editor; no personal name asserted,Candidate OCR match only; excerpt may be clipped. Verify the complete source page.,,Unreviewed,,,,,Unreviewed,1970 Hathi OCR from earlier audit,,,,,
suetonius.nero.loeb_eng1.xml,143,572,45.2,171,word-match,"Punning of course on Vindex, the leader of the revolt.",2,170,182,1.0,"Punning of course on Vindex, the leader of the revolt","m fuerat novissimam fabulam cantasse eum
a
1 scalptura] sculptura, Ω.
",be wrangling with their slaves and kept calling out for a defender,xlvi in addition he was frightened by manifest portents from dreams auspices,'.a\n',letter-marker-at-anchor,https://babel.hathitrust.org/cgi/pt?id=uc1.32106005389009&seq=182,L12-N0143,editor,Generic editor; no personal name asserted,Candidate OCR match only; excerpt may be clipped. Verify the complete source page.,,Unreviewed,,,,,Unreviewed,1970 Hathi OCR from earlier audit,,,,,
suetonius.nero.loeb_eng1.xml,146,591,47.1,173,word-match,"Pliny, N. H. 37. 29, tells us that the cups were of crystal.",2,172,184,1.0,"Pliny, N.H. 37. 29, tells us that the cups were of crystal","dixisse, P); finem dedisse, G;
decidisse, r.
2 μ' ἄνωγε] μενωγε, Ω.
"" ",called homeric because they were carved with scenes from homer s poems,then taking some poison from locusta and putting it into a golden,'.a\n',letter-marker-at-anchor,https://babel.hathitrust.org/cgi/pt?id=uc1.32106005389009&seq=184,L12-N0146,editor,Generic editor; no personal name asserted,Candidate OCR match only; excerpt may be clipped. Verify the complete source page.,,Unreviewed,,,,,Unreviewed,1970 Hathi OCR from earlier audit,,,,,
suetonius.nero.loeb_eng1.xml,147,595,47.2,173,no-source-match,Iliad. 10. 535.,,,,,,,one even cried is it so dreadful a thing then to die,whereupon he turned over various plans in his mind whether to go,"'?"" b\n'",letter-marker-at-anchor,,L12-N0147,editor,Generic editor; no personal name asserted,No source-page match established by the audit.,,Unreviewed,,,,,Unreviewed,1970 Hathi OCR from earlier audit,,,,,
suetonius.nero.loeb_eng1.xml,158,655,53.1,183,word-match,See note on Aug. xcvii. 1. Here lustrum is applied to the five-year period of the Olympic games.,2,182,194,1.0,"See note on Aug. xcvii. 1. Here lustrum is applied to
the five-year period of the Olympic games","ollowing maxima.
2 maxime, 5; maxima, Ω.
3 Olympia, 5; Olympiam, 2.
a ",after his victories on the stage he would at the next lustrum,have competed with the athletes at olympia for he practised wrestling constantly,' a ',letter-marker-at-anchor,https://babel.hathitrust.org/cgi/pt?id=uc1.32106005389009&seq=194,L12-N0158,editor,Generic editor; no personal name asserted,Candidate OCR match only; excerpt may be clipped. Verify the complete source page.,,Unreviewed,,,,,Unreviewed,1970 Hathi OCR from earlier audit,,,,,
suetonius.otho.loeb_eng1.xml,3,94,1.3,229,word-match,Suetonius does not mention this among the conspiracies against Claudius; see Claud. xiii.,2,228,240,1.0,"Suetonius does not mention this among the conspiracies
against Claudius; see Claud. xiii","um, ut vero quidam
tradunt, et consuetudine mutui stupri. Ac tantum
• ",knight whose slaves betrayed their master s design of killing the emperor,for in consequence of this the senate conferred a very unusual honour,'.a ',letter-marker-at-anchor,https://babel.hathitrust.org/cgi/pt?id=uc1.32106005389009&seq=240,L13-N0003,editor,Generic editor; no personal name asserted,Candidate OCR match only; excerpt may be clipped. Verify the complete source page.,,Unreviewed,,,,,Unreviewed,1970 Hathi OCR from earlier audit,,,,,
suetonius.otho.loeb_eng1.xml,6,103,2.2,231,word-match,The penalty for extortion was expulsion from the senate; see Jul. xliii. 1.,2,230,242,1.0,"The penalty for extortion was expulsion from the senate;
see Jul. xliii. 1","os, moderatione atque abstinentia singulari.
1 et, 2; id, Casaubon.
• ",the senate to give thanks before he had fully secured his restoration,iii he was privy to all the emperor s plans and secrets,'.a\n',letter-marker-at-anchor,https://babel.hathitrust.org/cgi/pt?id=uc1.32106005389009&seq=242,L13-N0006,editor,Generic editor; no personal name asserted,Candidate OCR match only; excerpt may be clipped. Verify the complete source page.,,Unreviewed,,,,,Unreviewed,1970 Hathi OCR from earlier audit,,,,,
suetonius.otho.loeb_eng1.xml,13,155,7.2,239,word-match,Proverbial of undertaking something beyond one's powers; cf. Cic. ad Att. ii. 16.,2,238,250,1.0,"Proverbial of undertaking something beyond one's
powers; cf. Cic. ad Att. ii. 16","ordiam.
8 placuerat, 5 (Torrentius); et placuerat, Ω; ei, Bücheler.
a ",muttered from time to time with long pipes what concern have i,viii now at about this same time the armies in germany swore,'?a\n',letter-marker-at-anchor,https://babel.hathitrust.org/cgi/pt?id=uc1.32106005389009&seq=250,L13-N0013,editor,Generic editor; no personal name asserted,Candidate OCR match only; excerpt may be clipped. Verify the complete source page.,,Unreviewed,,,,,Unreviewed,1970 Hathi OCR from earlier audit,,,,,
suetonius.tib.loeb_eng1.xml,37,174,9.1,305,word-match,Cf. Aug. xxi. 3.,1,304,342,1.0,Cf. Aug. xxi. 3," antea cuiquam tributo genere honoris.
• See note on Aug. xxxii. 1.
C
",besides recovered the standards which the parthians had taken from marcus crassus,then for about a year he was governor of gallia comata which,'.b\n',letter-marker-at-anchor,https://babel.hathitrust.org/cgi/pt?id=uc1.32106005388886&seq=342,L14-N0037,editor,Generic editor; no personal name asserted,Candidate OCR match only; excerpt may be clipped. Verify the complete source page.,,Unreviewed,,,,,Unreviewed,1970 Hathi OCR from earlier audit,,,,,
suetonius.tib.loeb_eng1.xml,61,345,25.1,331,word-match,"A Greek proverb; cf. Ter. Phorm, 506 and Donatus, ad loc.",1,330,368,1.0,"A Greek proverb; cf. Ter. Phorm. 506 and Donatus,
ad loc","e (se et, 0); omitted by
Lipsius.
* praetorianis] praetoriani, mss.
• ",him to say that he was holding a wolf by the ears,for a slave of agrippa clemens by name had collected a band,"'.a"" '",letter-marker-at-anchor,https://babel.hathitrust.org/cgi/pt?id=uc1.32106005388886&seq=368,L14-N0061,editor,Generic editor; no personal name asserted,Candidate OCR match only; excerpt may be clipped. Verify the complete source page.,,Unreviewed,,,,,Unreviewed,1970 Hathi OCR from earlier audit,,,,,
suetonius.tib.loeb_eng1.xml,108,624,59.1,375,word-match,"A knight must possess four hundred thousand sesterces; Tiberius, as the adopted son of Augustus, had no property. See chap. xv. 2.",1,374,412,1.0,"A knight must possess four hundred thousand sesterces;
Tiberius, as the adopted son of Augustus, had no property.
See chap. xv. 2","bella moventis
Non semel infectas aspice caede manus,
1 periit, Xr.
• ",feel you are no knight why so the hundred thousands are lacking,if you ask the whole tale you were an exile at rhodes,'; a\n',letter-marker-at-anchor,https://babel.hathitrust.org/cgi/pt?id=uc1.32106005388886&seq=412,L14-N0108,editor,Generic editor; no personal name asserted,Candidate OCR match only; excerpt may be clipped. Verify the complete source page.,,Unreviewed,,,,,Unreviewed,1970 Hathi OCR from earlier audit,,,,,
suetonius.tib.loeb_eng1.xml,109,625,59.1,375,word-match,"That is, not even a Roman citizen, since an exile lost his citizenship; still less a knight.",1,374,412,1.0,"That is, not even a Roman citizen, since an exile lost his
citizenship; still less a knight",", as the adopted son of Augustus, had no property.
See chap. xv. 2.
• ",if you ask the whole tale you were an exile at rhodes,you o caesar have altered the golden ages of saturn for while,'.b\n',letter-marker-at-anchor,https://babel.hathitrust.org/cgi/pt?id=uc1.32106005388886&seq=412,L14-N0109,editor,Generic editor; no personal name asserted,Candidate OCR match only; excerpt may be clipped. Verify the complete source page.,,Unreviewed,,,,,Unreviewed,1970 Hathi OCR from earlier audit,,,,,
suetonius.tib.loeb_eng1.xml,115,707,66.1,387,word-match,Where the senators sat at the theatre; cf. Aug. lv.,1,387,425,1.0,Where the senators sat at the theatre; cf. Aug. lv,"us as the
means of sending the news of the fall of Troy to Mycenae.
• ",him either to his face or by billets placed in the orchestra,by these however he was most diversely affected now through a sense,'.c\n',letter-marker-at-anchor,https://babel.hathitrust.org/cgi/pt?id=uc1.32106005388886&seq=425,L14-N0115,editor,Generic editor; no personal name asserted,Candidate OCR match only; excerpt may be clipped. Verify the complete source page.,,Unreviewed,,,,,Unreviewed,1970 Hathi OCR from earlier audit,,,,,
suetonius.tib.loeb_eng1.xml,123,761,71.1,395,word-match,"Monopoly, a Greek word transliterated into Latin; see note on chap. xxx.",1,394,432,1.0,"Monopoly,"" a Greek word transliterated into Latin;
see note on chap. xxx"," exaestuarat,
3 afflatus aura in graviorem recidit morbum. Susten-
• """,in the senate so much so that before using the word monopolium,he begged pardon for the necessity of employing a foreign term again,"',"" a '",letter-marker-at-anchor,https://babel.hathitrust.org/cgi/pt?id=uc1.32106005388886&seq=432,L14-N0123,editor,Generic editor; no personal name asserted,Candidate OCR match only; excerpt may be clipped. Verify the complete source page.,,Unreviewed,,,,,Unreviewed,1970 Hathi OCR from earlier audit,,,,,
suetonius.vesp.loeb_eng1.xml,4,106,2.2,285,word-match,"The anteambulo was the client who walked before his patron on the street and compelled people to make way for him; cf. Mart. 2. 18. 5, tumidique anteambulo regis, where regis means ""patron,"" as in Hor. Epist. 1. 17. 43 and elsewhere.",2,284,296,1.0,"The anteambulo was the client who walked before his
patron on the street and compelled people to make way for
him; cf. Mart. 2. 18. 5, tumidique anteambulo regis, where
regis means ""patron,"" as in Hor. Epist. 1. 17. 43 and elsewhere","c, Bentley, Duker; ac, Ω.
8 infensum, Lipsius; infensus (-os), mss.
a ",authority since she constantly taunted him with being his brother s footman,he served in thrace as tribune of the soldiers as quaestor was,'.a\n',letter-marker-at-anchor,https://babel.hathitrust.org/cgi/pt?id=uc1.32106005389009&seq=296,L16-N0004,editor,Generic editor; no personal name asserted,Candidate OCR match only; excerpt may be clipped. Verify the complete source page.,,Unreviewed,,,,,Unreviewed,1970 Hathi OCR from earlier audit,,,,,
suetonius.vesp.loeb_eng1.xml,9,109,2.3,285,word-match,The senate.,2,285,297,1.0,the senate,"se no
opportuity of winning the favour of Gaius, who was
at odds with ",cast out unburied he also thanked the emperor before that illustrious body,because he had deigned to honour him with an invitation to dinner,' a ',letter-marker-at-anchor,https://babel.hathitrust.org/cgi/pt?id=uc1.32106005389009&seq=297,L16-N0009,editor,Generic editor; no personal name asserted,Candidate OCR match only; excerpt may be clipped. Verify the complete source page.,,Unreviewed,,,,,Unreviewed,1970 Hathi OCR from earlier audit,,,,,
suetonius.vesp.loeb_eng1.xml,11,122,4.1,287,word-match,See Claud xvii.,2,286,298,1.0,See Claud. xvii,"icos quaestus sustinendae digni1 exim, M; the other mss. have exin.
• ",through the influence of narcissus from there he was transferred to britain,where he fought thirty battles with the enemy he reduced to subjection,"',a\n'",letter-marker-at-anchor,https://babel.hathitrust.org/cgi/pt?id=uc1.32106005389009&seq=298,L16-N0011,editor,Generic editor; no personal name asserted,Candidate OCR match only; excerpt may be clipped. Verify the complete source page.,,Unreviewed,,,,,Unreviewed,1970 Hathi OCR from earlier audit,,,,,
suetonius.vesp.loeb_eng1.xml,21,176,6.4,297,word-match,"July 11; according to Tac. Hist. 2. 79, it was the fifth day before the Nones, July 3.",2,296,308,1.0,"July 11; according to Tac. Hist. 2. 79, it was the fifth
day before the Nones, July 3","e admissum a quoquam et
iam pridem propter nervorum valitudinem vix
a ",to him personally on the fifth day before the ides of july,the enterprise was greatly forwarded by the circulation of a copy of,'.a\n',letter-marker-at-anchor,https://babel.hathitrust.org/cgi/pt?id=uc1.32106005389009&seq=308,L16-N0021,editor,Generic editor; no personal name asserted,Candidate OCR match only; excerpt may be clipped. Verify the complete source page.,,Unreviewed,,,,,Unreviewed,1970 Hathi OCR from earlier audit,,,,,
suetonius.vesp.loeb_eng1.xml,24,182,7.1,297,word-match,"The freedman's name, connected with Greek Βασιλεύς, ""king,"" was an additional omen.",2,296,308,1.0,"The freedman's name, connected with Greek Βασιλεύς,
""king,"" was an additional omen","n by Tac.
Ann. 2. 59; cf. Jul. xxxv. 1 (at the end); Aug. xviii. 2.
d ",at length turned about it seemed to him that his freedman basilides,offered him sacred boughs garlands and loaves as is the custom there,' d ',letter-marker-at-anchor,https://babel.hathitrust.org/cgi/pt?id=uc1.32106005389009&seq=308,L16-N0024,editor,Generic editor; no personal name asserted,Candidate OCR match only; excerpt may be clipped. Verify the complete source page.,,Unreviewed,,,,,Unreviewed,1970 Hathi OCR from earlier audit,,,,,
suetonius.vesp.loeb_eng1.xml,29,215,9.2,303,word-match,"That is, a citizen could return the abuse of another citizen, regardless of their respective ranks.",2,302,314,1.0,"That is, a citizen could return the abuse of another
citizen, regardless of their respective ranks","e Colosseum, known as the Flavian amphitheatre
until the Middle Ages.
",senators but to return their insults in kind is proper and lawful,x lawsuit upon lawsuit had accumulated in all the courts to an,"'."" d\n'",letter-marker-at-anchor,https://babel.hathitrust.org/cgi/pt?id=uc1.32106005389009&seq=314,L16-N0029,editor,Generic editor; no personal name asserted,Candidate OCR match only; excerpt may be clipped. Verify the complete source page.,,Unreviewed,,,,,Unreviewed,1970 Hathi OCR from earlier audit,,,,,
suetonius.vesp.loeb_eng1.xml,32,227,11.1,305,word-match,"In the legal sense; filii familiarum were sons who were still under the control of their fathers, regardless of their age; cf. Tib. xv. 2.",2,304,316,1.0,"In the legal sense; filii familiarum were sons who were
still under the control of their fathers, regardless of their
age; cf. Tib. xv. 2","statim nec, supplied by Bücheler; aut, Roth; statim, 0.
Hirschfeld.
• ",as a bond woman also that those who lend money to minors,should never have a legal right to enforce payment that is to,' a ',letter-marker-at-anchor,https://babel.hathitrust.org/cgi/pt?id=uc1.32106005389009&seq=316,L16-N0032,editor,Generic editor; no personal name asserted,Candidate OCR match only; excerpt may be clipped. Verify the complete source page.,,Unreviewed,,,,,Unreviewed,1970 Hathi OCR from earlier audit,,,,,
suetonius.vitellius.loeb_eng1.xml,2,103,2.2,251,word-match,See Tac. Ann. 2. 48.,2,250,262,1.0,See Tac. Ann. 2. 48,"aut raro sed cotidie
1 praelautus, Basle ed. of 1533; praelatus, Ω.
a ",the suggestion of tiberius to depose and get rid of undesirable senators,publius a member of germanicus staff arraigned gnaeus piso the enemy and,'.a ',letter-marker-at-anchor,https://babel.hathitrust.org/cgi/pt?id=uc1.32106005389009&seq=262,L17-N0002,editor,Generic editor; no personal name asserted,Candidate OCR match only; excerpt may be clipped. Verify the complete source page.,,Unreviewed,,,,,Unreviewed,1970 Hathi OCR from earlier audit,,,,,
suetonius.vitellius.loeb_eng1.xml,8,112,2.5,253,word-match,See Claud. xxi. 2.,2,252,264,1.0,See Claud. xxi. 2,"lia, the mss. except POST, which have Sextilia.
a See Claud. xxix. 1.
",when he was congratulating claudius at the celebration of the secular games,iii he died of a paralytic stroke on the second day after,'.b\n',letter-marker-at-anchor,https://babel.hathitrust.org/cgi/pt?id=uc1.32106005389009&seq=264,L17-N0008,editor,Generic editor; no personal name asserted,Candidate OCR match only; excerpt may be clipped. Verify the complete source page.,,Unreviewed,,,,,Unreviewed,1970 Hathi OCR from earlier audit,,,,,
suetonius.vitellius.loeb_eng1.xml,11,121,3.2,255,word-match,See Tib. xliii. 1.,2,254,266,1.0,See Tib. xliii. 1,"theriae, mss.
2 stagnum, the mss. except G (stamnum) Π¹ς (stannum).
a ",wantons of tiberius being branded for all time with the nickname spintria,and suspected of having been the cause of his father s first,' a ',letter-marker-at-anchor,https://babel.hathitrust.org/cgi/pt?id=uc1.32106005389009&seq=266,L17-N0011,editor,Generic editor; no personal name asserted,Candidate OCR match only; excerpt may be clipped. Verify the complete source page.,,Unreviewed,,,,,Unreviewed,1970 Hathi OCR from earlier audit,,,,,
suetonius.vitellius.loeb_eng1.xml,28,199,13.2,267,word-match,"That is, from the eastern to the western limits of the Roman world.",2,267,279,1.0,"That is, from the eastern to the western limits of the
Roman world"," in
that to make it a special furnace was built in the open
fields.
• ",and triremes from the whole empire from parthia to the spanish strait,being besides a man of an appetite that was not only boundless,'.c\n',letter-marker-at-anchor,https://babel.hathitrust.org/cgi/pt?id=uc1.32106005389009&seq=279,L17-N0028,editor,Generic editor; no personal name asserted,Candidate OCR match only; excerpt may be clipped. Verify the complete source page.,,Unreviewed,,,,,Unreviewed,1970 Hathi OCR from earlier audit,,,,,
