file,note_index,xml_line,reference,xml_page,kind_or_comparison,xml_note,source_volume,source_page,source_sequence,matching_score,source_excerpt,source_before_excerpt,xml_anchor_left,xml_anchor_right,ocr_anchor_gaps,anchor_status,source_url,review_id,legacy_resp,author_attribution_status,source_match_caution,edition_page_link,review_status,reviewer,decision,verified_anchor,evidence,prior_review_status,comparison_excerpt_witness,pdf_decision_id,pdf_body_page,pdf_note_pages,verified_reference_1914,verified_marker_1914
phi1348.abo012.rolfe-eng1-alison.xml,59,972,29.4,169,documented-editorial-addition,"1951
                edition: grandsons and nephews",,,,,,,he constructed some works too in the name of others his grandsons,to wit his wife and his sister such as the colonnade and,,unresolved,,L01-N0059,,No explicit resp in legacy XML,No source-page match established by the audit.,,Unreviewed,,,,,Unreviewed,1970 Hathi OCR from earlier audit,,,,,
phi1348.abo012.rolfe-eng1-alison.xml,102,1678,50.1,205,word-match,"
    Diploma, strictly any document written on a two-leaved 
    tablet, is used especially of those which secured to travellers 
    the use of the public post (see chap. xlix. 3) 
    and other privileges; cf. Cic. Ad Fam. 6. 12.
",1,204,242,1.0,"Diploma, strictly any document written on a two-leaved
tablet, is used especially of those which secured to travellers
the use of the public post (see chap. xlix. 3) and other privileges; cf. Cic. Ad Fam. 6. 12","similis: ""Velim,"" inquit, ""hoc mihi
1 scalpta, Ernesti; sculpta, Ω.
• ",any place can if occasion demands be questioned as well in passports,dispatches and private letters he used as his seal at first a,,unresolved,https://babel.hathitrust.org/cgi/pt?id=uc1.32106005388886&seq=242,L01-N0102,,No explicit resp in legacy XML,Candidate OCR match only; excerpt may be clipped. Verify the complete source page.,,Unreviewed,,,,,Unreviewed,1970 Hathi OCR from earlier audit,,,,,
suet.aug.rolfe_eng1.xml,1,85,2.1,,wording-review,A term applied to the plebeian families in the senate enrolled in addition to the patricians.,1,122,160,0.75,"Plebeian families in the senate enrolled in addition to
the patricians","ss.
* magno intervallo per, (also Vin a correction by a late
hand).
• ",admitted to the senate by king tarquinius priscus among the lesser clans,was later enrolled by servius tullius among the patricians in course of,' ; a ',letter-marker-at-anchor,https://babel.hathitrust.org/cgi/pt?id=uc1.32106005388886&seq=160,L03-N0001,,No explicit resp in legacy XML,Candidate OCR match only; excerpt may be clipped. Verify the complete source page.,,Unreviewed,,,,,Unreviewed,1970 Hathi OCR from earlier audit,,,,,
suet.aug.rolfe_eng1.xml,2,91,2.3,,word-match,In his Memoirs; see chap. lxxxv. 1.,1,124,162,1.0,In his Memoirs; see chap. lxxxv. 1," extra ordinem dato. Pro1 in senatu] a senatu, Mommsen (P. Thomas).
• ",age this is the account given by others augustus himself merely writes,that he came of an old and wealthy equestrian family in which,' ',no-marker-in-ocr,https://babel.hathitrust.org/cgi/pt?id=uc1.32106005388886&seq=162,L03-N0002,,No explicit resp in legacy XML,Candidate OCR match only; excerpt may be clipped. Verify the complete source page.,,Unreviewed,,,,,Unreviewed,1970 Hathi OCR from earlier audit,,,,,
suet.aug.rolfe_eng1.xml,3,100,3.2,,word-match,Ad Quint. Frat. 1. 1. 21.,1,126,164,1.0,Ad Quint. Frat. 1. 1. 21," decoloratis Nerulonensis mensarius.""
1 profiteri, 5; confiteri, Ω.
* ",his treatment of our allies was such that marcus cicero in letters,which are still in existence urges and admonishes his brother quintus who,' ',no-marker-in-ocr,https://babel.hathitrust.org/cgi/pt?id=uc1.32106005388886&seq=164,L03-N0003,,No explicit resp in legacy XML,Candidate OCR match only; excerpt may be clipped. Verify the complete source page.,,Unreviewed,,,,,Unreviewed,1970 Hathi OCR from earlier audit,,,,,
suet.aug.rolfe_eng1.xml,4,100,3.2,,word-match,Q. Cicero was really propraetor; see note on Jul. liv. 1.,1,126,164,1.0,Q. Cicero was really propraetor; see note on Jul. liv. 1,"mensarius.""
1 profiteri, 5; confiteri, Ω.
* Ad Quint. Frat. 1. 1. 21.
",his brother quintus who at the time was serving as proconsular governor,of asia with no great credit to himself to imitate his neighbour,,unresolved,https://babel.hathitrust.org/cgi/pt?id=uc1.32106005388886&seq=164,L03-N0004,,No explicit resp in legacy XML,Candidate OCR match only; excerpt may be clipped. Verify the complete source page.,,Unreviewed,,,,,Unreviewed,1970 Hathi OCR from earlier audit,,,,,
suet.aug.rolfe_eng1.xml,5,106,4.1,,word-match,"Imagines were waxen masks of ancestors of noble (i.e., senatorial) rank, kept in the hall (atrium) of their descendants.",1,126,164,1.0,"Imagines were waxen masks of ancestors of noble (i.e.,
senatorial) rank, kept in the hall (atrium) of their descendants","1. 1. 21.
Q. Cicero was really propraetor; see note on Jul. liv. 1.
• ",his father s side and of a family displaying many senatorial portraits,was closely connected on his mother s side with pompey the great,"', '",no-marker-in-ocr,https://babel.hathitrust.org/cgi/pt?id=uc1.32106005388886&seq=164,L03-N0005,,No explicit resp in legacy XML,Candidate OCR match only; excerpt may be clipped. Verify the complete source page.,,Unreviewed,,,,,Unreviewed,1970 Hathi OCR from earlier audit,,,,,
suet.aug.rolfe_eng1.xml,6,106,4.1,,word-match,"See Jul. xx. 3, note.",1,126,164,1.0,"See Jul. xx. 3, note",",
senatorial) rank, kept in the hall (atrium) of their descendants.
d ",the office of praetor he was one of the commission of twenty,appointed by the julian law to distribute lands in campania to the,' a ',letter-marker-at-anchor,https://babel.hathitrust.org/cgi/pt?id=uc1.32106005388886&seq=164,L03-N0006,,No explicit resp in legacy XML,Candidate OCR match only; excerpt may be clipped. Verify the complete source page.,,Unreviewed,,,,,Unreviewed,1970 Hathi OCR from earlier audit,,,,,
suet.aug.rolfe_eng1.xml,7,109,4.2,,wording-review,"According to the Thes. Ling. Lat. s.v. collybus, Suetonius misunderstood the meaning of Cassius, who used collybus in the sense of a kind of cake.",1,127,165,0.5,"Cassius, who used collybus of a kind of cake","eaded into shape with hands stained with filthy
lucre.""
misunderstood ",changer from nerulum kneaded into shape with hands stained with filthy lucre,v augustus was born just before sunrise on the ninth day before,,unresolved,https://babel.hathitrust.org/cgi/pt?id=uc1.32106005388886&seq=165,L03-N0007,,No explicit resp in legacy XML,Candidate OCR match only; excerpt may be clipped. Verify the complete source page.,,Unreviewed,,,,,Unreviewed,1970 Hathi OCR from earlier audit,,,,,
suet.aug.rolfe_eng1.xml,8,115,5.1,,marginal-date-review,"Sept. 28, 63 B.C.",,,,,,,just before sunrise on the ninth day before the kalends of october,in the consulship of marcus tullius cicero and gaius antonius at the,,unresolved,,L03-N0008,,No explicit resp in legacy XML,No source-page match established by the audit.,,Unreviewed,,,,,Unreviewed,1970 Hathi OCR from earlier audit,,,,,
suet.aug.rolfe_eng1.xml,9,128,7.1,,no-source-match,i.e. Hadrian.,,,,,,,of iron almost illegible from age this i presented to the emperor,who cherishes it among the lares of his bed chamber furthermore he,,unresolved,,L03-N0009,,No explicit resp in legacy XML,No source-page match established by the audit.,,Unreviewed,,,,,Unreviewed,1970 Hathi OCR from earlier audit,,,,,
suet.aug.rolfe_eng1.xml,10,131,7.2,,no-source-match,"Annales, 502, Vahlen.2",,,,,,,the movements or feeding of the birds avium gestus gustusve as ennius,also shows when he writes after by augury august illustrious rome had,,unresolved,,L03-N0010,,No explicit resp in legacy XML,No source-page match established by the audit.,,Unreviewed,,,,,Unreviewed,1970 Hathi OCR from earlier audit,,,,,
suet.aug.rolfe_eng1.xml,11,158,10.2,,word-match,Since the time of Sulla only senators were eligible for the position of tribune.,1,134,172,1.0,"Since the time of Sulla only senators were eligible for
the position of tribune","m quanta potuit
largitione contraxit; iussusque comparato exercitui
• ",to die though he was a patrician and not yet a senator,but when his designs were opposed by marcus antonius who was then,'. ',no-marker-in-ocr,https://babel.hathitrust.org/cgi/pt?id=uc1.32106005388886&seq=172,L03-N0011,,No explicit resp in legacy XML,Candidate OCR match only; excerpt may be clipped. Verify the complete source page.,,Unreviewed,,,,,Unreviewed,1970 Hathi OCR from earlier audit,,,,,
suet.aug.rolfe_eng1.xml,12,176,12.1,,wording-review,"Cic. Epist. 1120.1; according to Vell. Paterc. 2.62, Cicero punned on the double meaning of tollo, ""to raise"" and ""to put out of the. way.""",1,136,174,0.8889,"1; according to Vell. Paterc.
2. 62. 6, Cicero punned on the double meaning of tollo, "" raise ""
and ""put out of the way"," aut veteranis par gratia referretur. Et
• Cic. Epist. ad Fam. 11. 20.",openly said that he ought to be honoured and got rid of,to escape the necessity of making suitable recompense to him or to,"', '",no-marker-in-ocr,https://babel.hathitrust.org/cgi/pt?id=uc1.32106005388886&seq=174,L03-N0012,,No explicit resp in legacy XML,Candidate OCR match only; excerpt may be clipped. Verify the complete source page.,,Unreviewed,,,,,Unreviewed,1970 Hathi OCR from earlier audit,,,,,
suet.aug.rolfe_eng1.xml,13,185,13.2,,word-match,"A game still common in Italy, in which the contestants thrust out their fingers (micare digitis), the one naming correctly the number thrust out by his opponent being the winner.",1,138,176,1.0,"A game still common in Italy, in which the contestants
thrust out their fingers (micare digitis), the one naming
correctly the number thrust out by his opponent being the
winner"," collocandos
1 dicitur, MV; dicatur Gr and the editors, except Ihm.
• ",he is said to have bidden them cast lots or play mora,to decide which should be spared and then to have looked on,"', '",no-marker-in-ocr,https://babel.hathitrust.org/cgi/pt?id=uc1.32106005388886&seq=176,L03-N0013,,No explicit resp in legacy XML,Candidate OCR match only; excerpt may be clipped. Verify the complete source page.,,Unreviewed,,,,,Unreviewed,1970 Hathi OCR from earlier audit,,,,,
suet.aug.rolfe_eng1.xml,14,185,13.2,,word-match,The term applied to a victorious general by his soldiers.,1,138,176,1.0,The term applied to a victorious general by his soldiers,"g
correctly the number thrust out by his opponent being the
winner.
• ",favonius the well known imitator of cato saluted antony respectfully as imperator,when they were led out in chains but lashed augustus to his,"', '",no-marker-in-ocr,https://babel.hathitrust.org/cgi/pt?id=uc1.32106005388886&seq=176,L03-N0014,,No explicit resp in legacy XML,Candidate OCR match only; excerpt may be clipped. Verify the complete source page.,,Unreviewed,,,,,Unreviewed,1970 Hathi OCR from earlier audit,,,,,
suet.aug.rolfe_eng1.xml,15,194,14.1,,word-match,See note on Jul. xxxix. 2.,1,140,178,1.0,See note on Jul. xxxix. 2,"aemia solverentur.
1 conpecto, Lipsius; conspecto n (conspectu, Q).
• ",orders that a common soldier who was sitting in the fourteen rows,be put out by an attendant the report was spread by his,' a ',letter-marker-at-anchor,https://babel.hathitrust.org/cgi/pt?id=uc1.32106005388886&seq=178,L03-N0015,,No explicit resp in legacy XML,Candidate OCR match only; excerpt may be clipped. Verify the complete source page.,,Unreviewed,,,,,Unreviewed,1970 Hathi OCR from earlier audit,,,,,
suet.aug.rolfe_eng1.xml,16,239,18.1,,wording-review,"The sacred precinct at Alexandria (τὸ καλούμενον Σῆμα, ὃ περίβολος ἦν, Strabo, 17. 1. 8) containing the tombs of Alexander and of the kings.",1,148,186,0.9583,"The sacred precinct at Alexandria (τὸ καλούμενον Σῆμα, δ
περίβολος ἦν, Strabo, 17. 1. 8) containing the tombs of
Alexander and of the kings",". Audasius atque
Epicadus Iuliam filiam et Agrippam nepotem ex
con-
• ",then asked whether he wished to see the tomb of the ptolemies,as well he replied my wish was to see a king not,'\n',no-marker-in-ocr,https://babel.hathitrust.org/cgi/pt?id=uc1.32106005388886&seq=186,L03-N0016,,No explicit resp in legacy XML,Candidate OCR match only; excerpt may be clipped. Verify the complete source page.,,Unreviewed,,,,,Unreviewed,1970 Hathi OCR from earlier audit,,,,,
suet.aug.rolfe_eng1.xml,17,248,19.1,,wording-review,"The nomenclator (nomenculator) was a slave whose duty it was to remind his master, or mistress, of the names of persons.",1,148,186,0.9524,"The nomenclator (nomerculator) was a slave whose duty it
was to remind his master, or mistress, of the names of persons","Strabo, 17. 1. 8) containing the tombs of
Alexander and of the kings.
",a half breed of parthian descent and finally telephus slave and page,of a woman for even men of the lowest condition conspired against,' ',no-marker-in-ocr,https://babel.hathitrust.org/cgi/pt?id=uc1.32106005388886&seq=186,L03-N0017,,No explicit resp in legacy XML,Candidate OCR match only; excerpt may be clipped. Verify the complete source page.,,Unreviewed,,,,,Unreviewed,1970 Hathi OCR from earlier audit,,,,,
suet.aug.rolfe_eng1.xml,18,263,21.1,,word-match,"Applied to expeditions commanded by others, since as commander-in-chief he took the auspices before the army set out.",1,150,188,1.0,"Applied to expeditions commanded by others, since as
commander-in-chief he took the auspices before the army set
out","eno agris conlocavit.
Alias item nationes male quietas ad obsequium
a
",part as leader and in part with armies serving under his auspices,he subdued cantabria aquitania pannonia dalmatia and all illyricum as well as,"', '",no-marker-in-ocr,https://babel.hathitrust.org/cgi/pt?id=uc1.32106005388886&seq=188,L03-N0018,,No explicit resp in legacy XML,Candidate OCR match only; excerpt may be clipped. Verify the complete source page.,,Unreviewed,,,,,Unreviewed,1970 Hathi OCR from earlier audit,,,,,
suet.aug.rolfe_eng1.xml,19,269,21.3,,wording-review,"Crassus lost his standards at the battle of Carrhae in 53, and Antony through the defeat of his lieutenants in 40 and 36 B.C.",1,152,190,1.0,"Crassus lost his standards at the battle of Carrhae in 53,
and Antony through the defeat of his lieutenants in 40 and
36","ssus est urbem, post Philippense
1 a, r'; omitted by the other mss.
• ",the standards which they had taken from marcus crassus and marcus antonius,they offered him hostages besides and once when there were several claimants,'; ',no-marker-in-ocr,https://babel.hathitrust.org/cgi/pt?id=uc1.32106005388886&seq=190,L03-N0019,,No explicit resp in legacy XML,Candidate OCR match only; excerpt may be clipped. Verify the complete source page.,,Unreviewed,,,,,Unreviewed,1970 Hathi OCR from earlier audit,,,,,
suet.aug.rolfe_eng1.xml,20,275,22.1,,word-match,"In the reign of Numa, and in 235 B.C., after the first Punic war,",1,152,190,1.0,"In the reign of Numa, and in 235 B.C., after the first
Punic war","3,
and Antony through the defeat of his lieutenants in 40 and
36 в.с.
",of janus quirinus which had been closed but twice before his time,since the founding of the city he closed three times in a,' ',no-marker-in-ocr,https://babel.hathitrust.org/cgi/pt?id=uc1.32106005388886&seq=190,L03-N0020,,No explicit resp in legacy XML,Candidate OCR match only; excerpt may be clipped. Verify the complete source page.,,Unreviewed,,,,,Unreviewed,1970 Hathi OCR from earlier audit,,,,,
suet.aug.rolfe_eng1.xml,21,275,22.1,,wording-review,"The ovation was a lesser triumph, in which the general entered the city on foot, instead of in a chariot drawn by four horses (whence the term triumphus curulis), and with other difference described by Gellius, 5. 6.",1,154,192,0.9737,"The ovation was a lesser triumph, in which the general
entered the city on foot, instead of in a chariot drawn by
four horses (whence the term triumphus curulis), and with
other difference described by Gellius, 5","mputasset, ipsum
bonaque subiecit hastae; quem tamen, quod inminere
• ",and again after that in sicily and he celebrated three regular triumphs,for his victories in dalmatia at actium and at alexandria all on,' ',no-marker-in-ocr,https://babel.hathitrust.org/cgi/pt?id=uc1.32106005388886&seq=192,L03-N0021,,No explicit resp in legacy XML,Candidate OCR match only; excerpt may be clipped. Verify the complete source page.,,Unreviewed,,,,,Unreviewed,1970 Hathi OCR from earlier audit,,,,,
suet.aug.rolfe_eng1.xml,22,293,24.2,,word-match,"That is, executed every tenth man, selected by lot.",1,156,194,1.0,"That is, executed every tenth man, selected by lot","oribus indictos ac sine mora manumissos, sub
1 bis] urbis, MGVLP'T.
• ",faithful service if any cohorts gave way in battle he decimated them,and fed the rest on barley when centurions left their posts he,"', '",no-marker-in-ocr,https://babel.hathitrust.org/cgi/pt?id=uc1.32106005388886&seq=194,L03-N0022,,No explicit resp in legacy XML,Candidate OCR match only; excerpt may be clipped. Verify the complete source page.,,Unreviewed,,,,,Unreviewed,1970 Hathi OCR from earlier audit,,,,,
suet.aug.rolfe_eng1.xml,23,293,24.2,,word-match,Instead of the usual rations of wheat.,1,156,194,1.0,Instead of the usual rations of wheat,"bis, MGVLP'T.
• That is, executed every tenth man, selected by lot.
• ",way in battle he decimated them and fed the rest on barley,when centurions left their posts he punished them with death just as,'. ',no-marker-in-ocr,https://babel.hathitrust.org/cgi/pt?id=uc1.32106005388886&seq=194,L03-N0023,,No explicit resp in legacy XML,Candidate OCR match only; excerpt may be clipped. Verify the complete source page.,,Unreviewed,,,,,Unreviewed,1970 Hathi OCR from earlier audit,,,,,
suet.aug.rolfe_eng1.xml,24,293,24.2,,word-match,"Carrying the pole to measure off the camp, or clods for building the rampart, was the work of common soldiers; hence degrading for officers.",1,156,194,1.0,"Carrying the pole to measure off the camp, or clods for
building the rampart, was the work of common soldiers;
hence degrading for officers","enth man, selected by lot.
• Instead of the usual rations of wheat.
• ",or again holding ten foot poles or even a clod of earth,xxv after the civil wars he never called any of the troops,'.c\n',letter-marker-at-anchor,https://babel.hathitrust.org/cgi/pt?id=uc1.32106005388886&seq=194,L03-N0024,,No explicit resp in legacy XML,Candidate OCR match only; excerpt may be clipped. Verify the complete source page.,,Unreviewed,,,,,Unreviewed,1970 Hathi OCR from earlier audit,,,,,
suet.aug.rolfe_eng1.xml,25,299,25.1,,no-source-match,Cf. Jul. lxxvii. 2.,,,,,,,comrades either in the assembly or in an edict but always soldiers,and he would not allow them to be addressed otherwise even by,,unresolved,,L03-N0025,,No explicit resp in legacy XML,No source-page match established by the audit.,,Unreviewed,,,,,Unreviewed,1970 Hathi OCR from earlier audit,,,,,
suet.aug.rolfe_eng1.xml,26,302,25.2,,word-match,"That is, he kept them apart from the rest in the companies in which they were first enrolled.",1,158,196,1.0,"That is, he kept them apart from the rest in the companies
in which they were first enrolled","scerent; cum quidem cunctante
1 perfecto, Bentley; inperfecto, mss.
• ",once gave them freedom and he kept them under their original standard,not mingling them with the soldiers of free birth or arming them,,unresolved,https://babel.hathitrust.org/cgi/pt?id=uc1.32106005388886&seq=196,L03-N0026,,No explicit resp in legacy XML,Candidate OCR match only; excerpt may be clipped. Verify the complete source page.,,Unreviewed,,,,,Unreviewed,1970 Hathi OCR from earlier audit,,,,,
suet.aug.rolfe_eng1.xml,27,305,25.3,,word-match,"The phalerae were discs or plates of metal attached to a belt or to the harness of horses,",1,158,196,1.0,"The phalerae were discs or plates of metal attached to a
belt or to the harness of horses","art from the rest in the companies
in which they were first enrolled.
",military prizes he was somewhat more ready to give trappings or collars,valuable for their gold and silver than crowns for scaling ramparts or,"', '",no-marker-in-ocr,https://babel.hathitrust.org/cgi/pt?id=uc1.32106005388886&seq=196,L03-N0027,,No explicit resp in legacy XML,Candidate OCR match only; excerpt may be clipped. Verify the complete source page.,,Unreviewed,,,,,Unreviewed,1970 Hathi OCR from earlier audit,,,,,
suet.aug.rolfe_eng1.xml,28,332,27.3,,word-match,"Se precipitaverit means ""hurled himself headlong,"" perhaps into the Tiber; more probably from some high place such as the Tarpeian Rock, or the roof of a building.",1,162,200,1.0,"Se precipitaverit means ""hurled himself headlong,"" perhaps into the Tiber; more probably from some high place
such as the Tarpeian Rock, or the roof of a building","ue a se in custodiam,
deinde urbe interdicta dimissum naufragio vel
• ",in spiteful terms he uttered such terrible threats that afer committed suicide,again when quintus gallius a praetor held some folded tablets under his,"'.""\n'",no-marker-in-ocr,https://babel.hathitrust.org/cgi/pt?id=uc1.32106005388886&seq=200,L03-N0028,,No explicit resp in legacy XML,Candidate OCR match only; excerpt may be clipped. Verify the complete source page.,,Unreviewed,,,,,Unreviewed,1970 Hathi OCR from earlier audit,,,,,
suet.aug.rolfe_eng1.xml,29,344,28.1,,no-source-match,See chap. ci.,,,,,,,house and submit an account of the general condition of the empire,reflecting however that as he himself would not be free from danger,,unresolved,,L03-N0029,,No explicit resp in legacy XML,No source-page match established by the audit.,,Unreviewed,,,,,Unreviewed,1970 Hathi OCR from earlier audit,,,,,
suet.aug.rolfe_eng1.xml,30,344,28.1,,word-match,"Suetonius is brief to the point of obscurity. The idea seems to be that the intentions of Augustus in establishing the principate, and the effect of the new régime on the public welfare, were equally good.",1,164,202,1.0,"Suetonius is brief to the point of obscurity. The idea
seems to be that the intentions of Augustus in establishing
the principate, and the effect of the new régime on the public
welfare, were equally good","; the other mss. have praesident
(praesidens) idem.
• See chap. ci.
• ",easy to say whether his intentions or their results were the better,his good intentions he not only expressed from time to time but,'. ',no-marker-in-ocr,https://babel.hathitrust.org/cgi/pt?id=uc1.32106005388886&seq=202,L03-N0030,,No explicit resp in legacy XML,Candidate OCR match only; excerpt may be clipped. Verify the complete source page.,,Unreviewed,,,,,Unreviewed,1970 Hathi OCR from earlier audit,,,,,
suet.aug.rolfe_eng1.xml,31,350,28.3,,word-match,"Latericiam is strictly ""of sun-dried brick.""",1,166,204,1.0,"Latericiam is strictly ""of sun-dried brick","Ω.
2 pronuntiarant, Stephanus; pronuntiarent, Ω (-runt T,
Bentley).
• ",he could justly boast that he had found it built of brick,and left it in marble he made it safe too for the,,unresolved,https://babel.hathitrust.org/cgi/pt?id=uc1.32106005388886&seq=204,L03-N0031,,No explicit resp in legacy XML,Candidate OCR match only; excerpt may be clipped. Verify the complete source page.,,Unreviewed,,,,,Unreviewed,1970 Hathi OCR from earlier audit,,,,,
suet.aug.rolfe_eng1.xml,32,359,29.2,,no-source-match,See Jul. lxxi.,,,,,,,on their way to the provinces with military commands should be escorted,and to it victors on their return should bear the tokens of,,unresolved,,L03-N0032,,No explicit resp in legacy XML,No source-page match established by the audit.,,Unreviewed,,,,,Unreviewed,1970 Hathi OCR from earlier audit,,,,,
suet.aug.rolfe_eng1.xml,33,394,31.4,,word-match,"See Index under Salus, and Dio 37. 24.",1,172,210,1.0,"See Index under Salus, and Dio 37. 24"," Bentley; est, Ω.
* vitam, supplied by Bücheler; normam, Oudendorp.
• ",which had gradually fallen into disuse such as the augury of safety,the office of flamen dialis the ceremonies of the lupercalia the secular,"', '",no-marker-in-ocr,https://babel.hathitrust.org/cgi/pt?id=uc1.32106005388886&seq=210,L03-N0033,,No explicit resp in legacy XML,Candidate OCR match only; excerpt may be clipped. Verify the complete source page.,,Unreviewed,,,,,Unreviewed,1970 Hathi OCR from earlier audit,,,,,
suet.aug.rolfe_eng1.xml,34,397,31.5,,word-match,"Exigere is the technical term for making weights and measures correspond with the standards in charge of the aediles; see C.I.L. XIV. 4124. 1, 2; X. 8067. 2; etc.",1,172,210,1.0,"Exigere is the technical term for making weights and
measures correspond with the standards in charge of the
aediles; see C.I.L. XIV. 4124. 1, 2; X. 8067.2; etc","normam, Oudendorp.
• See Index under Salus, and Dio 37. 24; 51. 20.
• ",and the rulers of later times as well to attain the standard,set by those worthies of old he also moved the statue of,' ',no-marker-in-ocr,https://babel.hathitrust.org/cgi/pt?id=uc1.32106005388886&seq=210,L03-N0034,,No explicit resp in legacy XML,Candidate OCR match only; excerpt may be clipped. Verify the complete source page.,,Unreviewed,,,,,Unreviewed,1970 Hathi OCR from earlier audit,,,,,
suet.aug.rolfe_eng1.xml,35,397,31.5,,word-match,"According to Richter, Topographie von Rom, p. 229, the regia was the main door, leading from the stage of the theatre to the colonnade.",1,172,210,1.0,"According to Richter, Topographie von Rom, p. 229, the
regia was the main door, leading from the stage of the theatre
to the colonnade"," charge of the
aediles; see C.I.L. XIV. 4124. 1, 2; X. 8067.2; etc.
• ",slain and placed it on a marble arch opposite the grand door,of pompey s theatre xxxii many pernicious practices militating against public security,' ',no-marker-in-ocr,https://babel.hathitrust.org/cgi/pt?id=uc1.32106005388886&seq=210,L03-N0035,,No explicit resp in legacy XML,Candidate OCR match only; excerpt may be clipped. Verify the complete source page.,,Unreviewed,,,,,Unreviewed,1970 Hathi OCR from earlier audit,,,,,
suet.aug.rolfe_eng1.xml,36,403,32.1,,word-match,"The ergastula were prisons for slaves, who were made to work in chains in the fields.",1,174,212,1.0,"The ergastula were prisons for slaves, who were made to
work in chains in the fields","ently wrong,
but the error may have been made by Suetonius himself.
• ",and slaves alike were seized and kept in confinement in the workhouses,of the land owners numerous leagues too were formed for the commission,,unresolved,https://babel.hathitrust.org/cgi/pt?id=uc1.32106005388886&seq=212,L03-N0036,,No explicit resp in legacy XML,Candidate OCR match only; excerpt may be clipped. Verify the complete source page.,,Unreviewed,,,,,Unreviewed,1970 Hathi OCR from earlier audit,,,,,
suet.aug.rolfe_eng1.xml,37,403,32.1,,word-match,"Collegia, or guilds, of workmen were allowed and were numerous; not infrequently they were a pretext for some illegal secret organization.",1,174,212,1.0,"Collegia, or guilds, of workmen were allowed and were
numerous; not infrequently they were a pretext for some
illegal secret organization"," prisons for slaves, who were made to
work in chains in the fields.
• ",of crimes of every kind assuming the title of some new guild,therefore to put a stop to brigandage he stationed guards of soldiers,'. ',no-marker-in-ocr,https://babel.hathitrust.org/cgi/pt?id=uc1.32106005388886&seq=212,L03-N0037,,No explicit resp in legacy XML,Candidate OCR match only; excerpt may be clipped. Verify the complete source page.,,Unreviewed,,,,,Unreviewed,1970 Hathi OCR from earlier audit,,,,,
suet.aug.rolfe_eng1.xml,38,406,32.2,,word-match,Sordibus refers especially to the mourning garb in which it was usual for the accused to appear in public.,1,174,212,1.0,"Sordibus refers especially to the mourning garb in which
it was usual for the accused to appear in public","requently they were a pretext for some
illegal secret organization.
• ",names of those who had long been under accusation from whose humiliation,nothing was to be gained except the gratification of their enemies with,' ',no-marker-in-ocr,https://babel.hathitrust.org/cgi/pt?id=uc1.32106005388886&seq=212,L03-N0038,,No explicit resp in legacy XML,Candidate OCR match only; excerpt may be clipped. Verify the complete source page.,,Unreviewed,,,,,Unreviewed,1970 Hathi OCR from earlier audit,,,,,
suet.aug.rolfe_eng1.xml,39,406,32.2,,word-match,"That is, if he failed to win his suit, he should suffer the penalty that would have been inflicted on the defendant, if he had been convicted.",1,175,213,1.0,"That is, if he failed to win his suit, he should suffer the
penalty that would have been inflicted on the defendant, if
he had been convicted","e a year's exemption,
and that the custom of holding court during the
",to renew the charge he should be liable to the same penalty,to prevent any action for damages or on a disputed claim from,'. ',no-marker-in-ocr,https://babel.hathitrust.org/cgi/pt?id=uc1.32106005388886&seq=213,L03-N0039,,No explicit resp in legacy XML,Candidate OCR match only; excerpt may be clipped. Verify the complete source page.,,Unreviewed,,,,,Unreviewed,1970 Hathi OCR from earlier audit,,,,,
suet.aug.rolfe_eng1.xml,40,409,32.3,,word-match,"Men whose property amounted to 200,000 sesterces, or half of a knight's estate.",1,175,213,1.0,"Men whose property amounted to 200,000 sesterces, or
half of a knight's estate","uld have been inflicted on the defendant, if
he had been convicted.
• ",he added a fourth of a lower estate to be called ducenarii,and to sit on cases involving trifling amounts he enrolled as jurors,,unresolved,https://babel.hathitrust.org/cgi/pt?id=uc1.32106005388886&seq=213,L03-N0040,,No explicit resp in legacy XML,Candidate OCR match only; excerpt may be clipped. Verify the complete source page.,,Unreviewed,,,,,Unreviewed,1970 Hathi OCR from earlier audit,,,,,
suet.aug.rolfe_eng1.xml,41,415,33.1,,word-match,"Parricides were sewn up in a sack with a dog, a cock, a snake, and a monkey, and thrown into the sea or a river. The word is here used in its modern sense; cf. Jul. xlii. 3.",1,176,214,1.0,"Parricides were sewn up in a sack with a dog, a cock, a
snake, and a monkey, and thrown into the sea or a river.
The word is here used in its modern sense; cf. Jul. xlii. 3","m lenitave parte poenarum et
1 signatores, Beroaldus; senatores, Ω.
• ",man clearly guilty of parricide from being sewn up in the sack,a punishment which was inflicted only on those who pleaded guilty he,"', '",no-marker-in-ocr,https://babel.hathitrust.org/cgi/pt?id=uc1.32106005388886&seq=214,L03-N0041,,No explicit resp in legacy XML,Candidate OCR match only; excerpt may be clipped. Verify the complete source page.,,Unreviewed,,,,,Unreviewed,1970 Hathi OCR from earlier audit,,,,,
suet.aug.rolfe_eng1.xml,42,427,34.1,,word-match,"These consisted of various immunities, especially those connected with the ius trium liberorum (see Introd. p. x).",1,176,214,1.0,"These consisted of various immunities, especially those
connected with the ius trium liberorum (see Introd. p. x","river.
The word is here used in its modern sense; cf. Jul. xlii. 3.
• ",abolished or mitigated a part of the penalties besides increasing the rewards,and allowing a three years exemption from the obligation to marry after,' ',no-marker-in-ocr,https://babel.hathitrust.org/cgi/pt?id=uc1.32106005388886&seq=214,L03-N0042,,No explicit resp in legacy XML,Candidate OCR match only; excerpt may be clipped. Verify the complete source page.,,Unreviewed,,,,,Unreviewed,1970 Hathi OCR from earlier audit,,,,,
suet.aug.rolfe_eng1.xml,43,436,35.1,,wording-review,"Orcivi or Orcini, ""freedmen by the grace of Orcus,"" were slaves set free by their master's will. The Orcivi senatores were those admitted by Mark Antony under pretence that they had been named in the papers left by Caesar.",1,178,216,0.975,"Orcivi or Orcini, ""freedmen by the grace of Orcus,""
were slaves set free by their master's will. The Orcivi
senatores were those admitted by Mark Antony under pretence that they had been nained in the papers left by Caesar"," and first Venetian editions; excusantis, Ω; excusatis, Ts, Gruter.
• ",more than a thousand some of whom called by the vulgar orcivi,were wholly unworthy and had been admitted after caesar s death through,"', '",no-marker-in-ocr,https://babel.hathitrust.org/cgi/pt?id=uc1.32106005388886&seq=216,L03-N0043,,No explicit resp in legacy XML,Candidate OCR match only; excerpt may be clipped. Verify the complete source page.,,Unreviewed,,,,,Unreviewed,1970 Hathi OCR from earlier audit,,,,,
suet.aug.rolfe_eng1.xml,44,451,36.1,,word-match,Cf. Jul. xx. 1.,1,180,218,1.0,Cf. Jul. xx. 1,"lo dividundi, praefecturam urbis, trium1 deposito, 5; disposito, Ω.
• ",them these that the proceedings of the senate should not be published,that magistrates should not be sent to the provinces immediately after laying,"'""; '",no-marker-in-ocr,https://babel.hathitrust.org/cgi/pt?id=uc1.32106005388886&seq=218,L03-N0044,,No explicit resp in legacy XML,Candidate OCR match only; excerpt may be clipped. Verify the complete source page.,,Unreviewed,,,,,Unreviewed,1970 Hathi OCR from earlier audit,,,,,
suet.aug.rolfe_eng1.xml,45,451,36.1,,word-match,"A very ancient tribunal, consisting at first of 105 members, three from each tribe, but later of 180. It sat in the Basilica Julia, with a spear (hasta), the ancient symbol of Quiritary ownership, planted before it. It was divided into four chambers, which usually sat separately, but sometimes altogether, or in two divisions.",1,180,218,1.0,"A very ancient tribunal, consisting at first of 105 members, three from each tribe, but later of 180. It sat in the
Basilica Julia, with a spear (hasta), the ancient symbol of
Quiritary ownership, planted before it. It was divided into
four chambers, which usually sat separately, but sometimes
altogether, or in two divisions","fecturam urbis, trium1 deposito, 5; disposito, Ω.
• Cf. Jul. xx. 1.
• ",city quaestors to ex praetors or praetors and that the centumviral court,which it was usual for ex quaestors to convoke should be summoned,"', '",no-marker-in-ocr,https://babel.hathitrust.org/cgi/pt?id=uc1.32106005388886&seq=218,L03-N0045,,No explicit resp in legacy XML,Candidate OCR match only; excerpt may be clipped. Verify the complete source page.,,Unreviewed,,,,,Unreviewed,1970 Hathi OCR from earlier audit,,,,,
suet.aug.rolfe_eng1.xml,46,451,36.1,,word-match,The decemviri stlitibus iudicandis.,1,180,218,1.0,The decemviri stlitibus iudicandis,"ally sat separately, but sometimes
altogether, or in two divisions.
• ",ex quaestors to convoke should be summoned by the board of ten,xxxvii to enable more men to take part in the administration of,'.\n',no-marker-in-ocr,https://babel.hathitrust.org/cgi/pt?id=uc1.32106005388886&seq=218,L03-N0046,,No explicit resp in legacy XML,Candidate OCR match only; excerpt may be clipped. Verify the complete source page.,,Unreviewed,,,,,Unreviewed,1970 Hathi OCR from earlier audit,,,,,
suet.aug.rolfe_eng1.xml,47,463,38.1,,word-match,See note on chap. xxii.,1,182,220,1.0,See note on chap. xxii,"qui gratiam fecit
1
a, quidam apud Torrentium; Ihm suggests sumpta.
• ",not less generous in honouring martial prowess for he had regular triumphs,voted to above thirty generals and the triumphal regalia to somewhat more,' a ',letter-marker-at-anchor,https://babel.hathitrust.org/cgi/pt?id=uc1.32106005388886&seq=220,L03-N0047,,No explicit resp in legacy XML,Candidate OCR match only; excerpt may be clipped. Verify the complete source page.,,Unreviewed,,,,,Unreviewed,1970 Hathi OCR from earlier audit,,,,,
suet.aug.rolfe_eng1.xml,48,469,38.3,,word-match,"That is, were so old or infirm that they could not ride, or would cut a sorry figure if they did.",1,182,220,1.0,"That is, were so old or infirm that they could not ride,
or would cut a sorry figure if they did","dam apud Torrentium; Ihm suggests sumpta.
• See note on chap. xxii.
• ",those who were conspicuous because of old age or any bodily infirmity,to send on their horses in the review and come on foot,'\n',no-marker-in-ocr,https://babel.hathitrust.org/cgi/pt?id=uc1.32106005388886&seq=220,L03-N0048,,No explicit resp in legacy XML,Candidate OCR match only; excerpt may be clipped. Verify the complete source page.,,Unreviewed,,,,,Unreviewed,1970 Hathi OCR from earlier audit,,,,,
suet.aug.rolfe_eng1.xml,49,481,40.1,,word-match,See note on chap. x. 2.,1,184,222,1.0,See note on chap. x. 2,"is, ; the best mss. have in exprobratis.
2 legerent] legerint, MGVLS.
",elections for tribunes if there were not candidates enough of senatorial rank,he made appointments from among the knights with the understanding that after,"', '",no-marker-in-ocr,https://babel.hathitrust.org/cgi/pt?id=uc1.32106005388886&seq=222,L03-N0049,,No explicit resp in legacy XML,Candidate OCR match only; excerpt may be clipped. Verify the complete source page.,,Unreviewed,,,,,Unreviewed,1970 Hathi OCR from earlier audit,,,,,
suet.aug.rolfe_eng1.xml,50,481,40.1,,word-match,"See note on Jul. xxxix. 2, and cf. chap. xiv.",1,184,222,1.0,"See note on Jul. xxxix. 2, and cf. chap. xiv","n exprobratis.
2 legerent] legerint, MGVLS.
See note on chap. x. 2.
• ",wars did not venture to view the games from the fourteen rows,through fear of the penalty of the law regarding theatres he declared,' ',no-marker-in-ocr,https://babel.hathitrust.org/cgi/pt?id=uc1.32106005388886&seq=222,L03-N0050,,No explicit resp in legacy XML,Candidate OCR match only; excerpt may be clipped. Verify the complete source page.,,Unreviewed,,,,,Unreviewed,1970 Hathi OCR from earlier audit,,,,,
suet.aug.rolfe_eng1.xml,51,484,40.2,,no-source-match,Cf. Jul. xli.,,,,,,,because of the distributions of grain he determined to give out tickets,for four months supply three times a year but at their urgent,,unresolved,,L03-N0051,,No explicit resp in legacy XML,No source-page match established by the audit.,,Unreviewed,,,,,Unreviewed,1970 Hathi OCR from earlier audit,,,,,
suet.aug.rolfe_eng1.xml,52,484,40.2,,word-match,"Augustus was a member of the latter because of his connection with the Octavian family; of the former, through his adoption into the Julian gens.",1,186,224,1.0,"Augustus was a member of the latter because of his connection with the Octavian family; of the former, through
his adoption into the Julian gens","ate1 Scaptiensibus tribulibus,
tribubus, Ω.
Beroaldus;
scaptensibus
• ",and distributing to his fellow members of the fabian and scaptian tribes,a thousand sesterces a man from his own purse on the day,,unresolved,https://babel.hathitrust.org/cgi/pt?id=uc1.32106005388886&seq=224,L03-N0052,,No explicit resp in legacy XML,Candidate OCR match only; excerpt may be clipped. Verify the complete source page.,,Unreviewed,,,,,Unreviewed,1970 Hathi OCR from earlier audit,,,,,
suet.aug.rolfe_eng1.xml,53,490,40.4,,wording-review,"That is, even by iusta libertas, which conferred citizenship. Slaves who had been punished for crimes (facinora) or disgraceful acts (flagitia) became on manumission dediticii, ""prisoners of war.""",1,186,224,0.6071,"That is, even by iusta libertas, which conferred citizenship. Slaves who had been punished for crimes (facinora","n family; of the former, through
his adoption into the Julian gens.
• ",acquire freedom and still more so for them to attain full rights,by making careful provision as to the number condition and status of,"', '",no-marker-in-ocr,https://babel.hathitrust.org/cgi/pt?id=uc1.32106005388886&seq=224,L03-N0053,,No explicit resp in legacy XML,Candidate OCR match only; excerpt may be clipped. Verify the complete source page.,,Unreviewed,,,,,Unreviewed,1970 Hathi OCR from earlier audit,,,,,
suet.aug.rolfe_eng1.xml,54,493,40.5,,word-match,Verg. Aen. 1. 282.,1,187,225,1.0,Verg. Aen. 1. 282,"cts (flagitia) became on manumission dediticii,
""prisoners of war.""
• ",them romans lords of the world the nation clad in the toga,and he directed the aediles never again to allow anyone to appear,"',""\n'",no-marker-in-ocr,https://babel.hathitrust.org/cgi/pt?id=uc1.32106005388886&seq=225,L03-N0054,,No explicit resp in legacy XML,Candidate OCR match only; excerpt may be clipped. Verify the complete source page.,,Unreviewed,,,,,Unreviewed,1970 Hathi OCR from earlier audit,,,,,
suet.aug.rolfe_eng1.xml,55,502,41.2,,word-match,"Congiarium, strictly a distribution of oil (from congius, a liquid measure) came to be used of any largess.",1,188,226,1.0,"Congiarium, strictly a distribution of oil (from congius, a
liquid measure) came to be used of any largess","em
1 circave] circove, Gr.
2 trecenos, Torrentius (5); tricenos, Ω.
• ",amount for those who did not possess it he often gave largess,to the people but usually of different sums now four hundred now,' ',no-marker-in-ocr,https://babel.hathitrust.org/cgi/pt?id=uc1.32106005388886&seq=226,L03-N0055,,No explicit resp in legacy XML,Candidate OCR match only; excerpt may be clipped. Verify the complete source page.,,Unreviewed,,,,,Unreviewed,1970 Hathi OCR from earlier audit,,,,,
suet.aug.rolfe_eng1.xml,56,502,41.2,,wording-review,"The tesserae nummulariae were small tablets or round hollow balls of wood, marked with numbers. They were distributed to the people instead of money and entitled the holder to receive the sum inscribed upon them. Grain, oil, and various commodities were distributed by similar tesserae; cf. chap. xl. 2; Nero, xi; Dom. iv.",1,188,226,0.6981,"The tesserae nummulariae were small tablets or round
hollow balls of wood, marked with numbers. They were
distributed to the people instead of money and entitled the
holder to receive the sum inscribed upon them. Grain, oil"," oil (from congius, a
liquid measure) came to be used of any largess.
",very low figure sometimes for nothing and he doubled the money tickets,xlii but to show that he was a prince who desired the,'.\n',no-marker-in-ocr,https://babel.hathitrust.org/cgi/pt?id=uc1.32106005388886&seq=226,L03-N0056,,No explicit resp in legacy XML,Candidate OCR match only; excerpt may be clipped. Verify the complete source page.,,Unreviewed,,,,,Unreviewed,1970 Hathi OCR from earlier audit,,,,,
suet.aug.rolfe_eng1.xml,57,520,43.1,,word-match,Cf. Jul. xxxix.1.,1,190,228,1.0,Cf. Jul. xxxix. 1,"anarum venationes, Roth (cf. Mon. Ancyr. iv.
39 ff. and Claud. xxi.).
",all the wards and on many stages with actors in all languages,and combats of gladiators not only in the forum or the amphitheatre,"', '",no-marker-in-ocr,https://babel.hathitrust.org/cgi/pt?id=uc1.32106005388886&seq=228,L03-N0057,,No explicit resp in legacy XML,Candidate OCR match only; excerpt may be clipped. Verify the complete source page.,,Unreviewed,,,,,Unreviewed,1970 Hathi OCR from earlier audit,,,,,
suet.aug.rolfe_eng1.xml,58,523,43.2,,word-match,Cf. Jul. xxxix. 2.,1,300,338,1.0,Cf. Jul. xxxix. 2,"lusit, supplied by Bentley and after Troiam by Roth.
• See Aug. xxii.
",highest rank besides he gave frequent performances of the game of troy,by older and younger boys thinking it a time honoured and worthy,,unresolved,https://babel.hathitrust.org/cgi/pt?id=uc1.32106005388886&seq=338,L03-N0058,,No explicit resp in legacy XML,Candidate OCR match only; excerpt may be clipped. Verify the complete source page.,,Unreviewed,,,,,Unreviewed,1970 Hathi OCR from earlier audit,,,,,
suet.aug.rolfe_eng1.xml,59,541,44.2,,word-match,"The auditorium was divided horizontally into three parts: ima (prima), media, and summa (ultima) cavea.",1,196,234,1.0,"The auditorium was divided horizontally into three parts:
ima (prima), media, and summa (ultima) cavea","bat nullique Graeco
certamini interfuit, quo non pro merito quemque
• ",wearing a dark cloak should sit in the middle of the house,he would not allow women to view even the gladiators except from,'. ',no-marker-in-ocr,https://babel.hathitrust.org/cgi/pt?id=uc1.32106005388886&seq=234,L03-N0059,,No explicit resp in legacy XML,Candidate OCR match only; excerpt may be clipped. Verify the complete source page.,,Unreviewed,,,,,Unreviewed,1970 Hathi OCR from earlier audit,,,,,
suet.aug.rolfe_eng1.xml,60,550,45.1,,wording-review,"This puzzling statement is thus explained by Baum.-Crusius: ""i.e. ex aedibus proxime adjacentibus, unde prospectus erat in Circuın. Coenacula autem in summis aedibus esse solebant. Idem narrat Dio 57. 11 de Tiberio: τοὺς τῶν ἵππων ἀγῶνας ἐξ οἰκίας καὶ αὐτὸς τῶν ἀπελευθέρων τινὸς πολλάκις ἑώρα.”",1,196,234,0.9787,"This puzzling statement is thus explained by Baum.-
Crusius: ""i.e. ex aedibus proxime adjacentibus, unde prospectus erat in Circum. Coenacula autem in summis aedibus
esse solebant. Idem narrat Dio 57. 11 de Tiberio: τοὺς τῶν
ἵππων ἀγῶνας ἐξ οἰκίας καὶ αὐτὸς τῶν ἀπελευθέρων τινὸς πολλάκις ἑώρα","lly into three parts:
ima (prima), media, and summa (ultima) cavea.
• ",himself usually watched the games in the circus from the upper rooms,of his friends and freedmen but sometimes from the imperial box and,' ',no-marker-in-ocr,https://babel.hathitrust.org/cgi/pt?id=uc1.32106005388886&seq=234,L03-N0060,,No explicit resp in legacy XML,Candidate OCR match only; excerpt may be clipped. Verify the complete source page.,,Unreviewed,,,,,Unreviewed,1970 Hathi OCR from earlier audit,,,,,
suet.aug.rolfe_eng1.xml,61,550,45.1,,word-match,"Pulvinar was originally a sacred couch for a god. The honour was given to Julius Caesar (see Jul, lxxvi. 1) and the term was later applied, as here, to the place reserved for the emperor and his family; cf. Claud. iv. 3.",1,196,234,1.0,"Pulvinar was originally a sacred couch for a god. The
honour was given to Julius Caesar (see Jul. lxxvi. 1) and the
term was later applied, as here, to the place reserved for the
emperor and his family; cf. Claud. iv. 3","ων ἀγῶνας ἐξ οἰκίας καὶ αὐτὸς τῶν ἀπελευθέρων τινὸς πολλάκις ἑώρα.”
• ",rooms of his friends and freedmen but sometimes from the imperial box,and even in company with his wife and children he was sometimes,"',\n'",no-marker-in-ocr,https://babel.hathitrust.org/cgi/pt?id=uc1.32106005388886&seq=234,L03-N0061,,No explicit resp in legacy XML,Candidate OCR match only; excerpt may be clipped. Verify the complete source page.,,Unreviewed,,,,,Unreviewed,1970 Hathi OCR from earlier audit,,,,,
suet.aug.rolfe_eng1.xml,62,553,45.2,,wording-review,"That is, given at Rome in the Greek language and dress. Or Graeco certamini may mean 'a contest in Greece.'",1,196,234,0.55,"That is, given at Rome in the Greek language and dress"," the place reserved for the
emperor and his family; cf. Claud. iv. 3.
",by others and he appeared at no contest in the grecian fashion,without making a present to each of the participants according to his,' ',no-marker-in-ocr,https://babel.hathitrust.org/cgi/pt?id=uc1.32106005388886&seq=234,L03-N0062,,No explicit resp in legacy XML,Candidate OCR match only; excerpt may be clipped. Verify the complete source page.,,Unreviewed,,,,,Unreviewed,1970 Hathi OCR from earlier audit,,,,,
suet.aug.rolfe_eng1.xml,63,559,45.4,,word-match,"Those of Pompey, Balbus, and Marcellus.",1,198,236,1.0,"Those of Pompey, Balbus, and Marcellus","tions ; longo, n.
2 ludis et scaena, Stephanus; ludos et scenam, 2.
• ",a boy he had him whipped with rods through the three theatres,and then banished him hylas a pantomimic actor was publicly scourged in,' ',no-marker-in-ocr,https://babel.hathitrust.org/cgi/pt?id=uc1.32106005388886&seq=236,L03-N0063,,No explicit resp in legacy XML,Candidate OCR match only; excerpt may be clipped. Verify the complete source page.,,Unreviewed,,,,,Unreviewed,1970 Hathi OCR from earlier audit,,,,,
suet.aug.rolfe_eng1.xml,64,559,45.4,,wording-review,"That is, his middle finger, infamis digitus; it implied a charge of obscenity; cf. Calig. lvi. 2.",1,198,236,0.9412,"That is, his middle finger, infamis digitus; it implied a
charge of obscenity; of. Calig. lvi. 2","anus; ludos et scenam, 2.
• Those of Pompey, Balbus, and Marcellus.
• ",from italy as well because by pointing at him with his finger,he turned all eyes upon a spectator who was hissing him xlvi,' ',no-marker-in-ocr,https://babel.hathitrust.org/cgi/pt?id=uc1.32106005388886&seq=236,L03-N0064,,No explicit resp in legacy XML,Candidate OCR match only; excerpt may be clipped. Verify the complete source page.,,Unreviewed,,,,,Unreviewed,1970 Hathi OCR from earlier audit,,,,,
suet.aug.rolfe_eng1.xml,65,565,46.1,,word-match,"That is, appointed them to the offices of tribunus cohortis, praefectus alae, and tribunus legionis, usually open only to knights.",1,200,238,1.0,"That is, appointed them to the offices of tribunus cohortis,
praefectus alae, and tribunus legionis, usually open only to
knights","ure potitus est,
praeter pauca, aut iisdem quibus ademerat reddidit
• ",commons to increase and multiply he admitted to the equestrian military career,those who were recommended by any town while to those of the,' a ',letter-marker-at-anchor,https://babel.hathitrust.org/cgi/pt?id=uc1.32106005388886&seq=238,L03-N0065,,No explicit resp in legacy XML,Candidate OCR match only; excerpt may be clipped. Verify the complete source page.,,Unreviewed,,,,,Unreviewed,1970 Hathi OCR from earlier audit,,,,,
suet.aug.rolfe_eng1.xml,66,571,47.1,,word-match,"A limited citizenship, taking its name from the old Latin cities and varying in different cases and at different times.",1,200,238,1.0,"A limited citizenship, taking its name from the old Latin
cities and varying in different cases and at different times","praefectus alae, and tribunus legionis, usually open only to
knights.
",rebuilt some which had been destroyed by earthquakes and gave latin rights,or full citizenship to such as could point to services rendered the,' ',no-marker-in-ocr,https://babel.hathitrust.org/cgi/pt?id=uc1.32106005388886&seq=238,L03-N0066,,No explicit resp in legacy XML,Candidate OCR match only; excerpt may be clipped. Verify the complete source page.,,Unreviewed,,,,,Unreviewed,1970 Hathi OCR from earlier audit,,,,,
suet.aug.rolfe_eng1.xml,67,595,50.1,,word-match,"Diploma, strictly any document written on a two-leaved tablet, is used especially of those which secured to travellers the use of the public post (see chap. xlix. 3) and other privileges; cf. Cic. Ad Fam. 6. 12.",1,204,242,1.0,"Diploma, strictly any document written on a two-leaved
tablet, is used especially of those which secured to travellers
the use of the public post (see chap. xlix. 3) and other privileges; cf. Cic. Ad Fam. 6. 12","similis: ""Velim,"" inquit, ""hoc mihi
1 scalpta, Ernesti; sculpta, Ω.
• ",place can if occasion demands be questioned as well l in passports,dispatches and private letters he used as his seal at first a,"', '",no-marker-in-ocr,https://babel.hathitrust.org/cgi/pt?id=uc1.32106005388886&seq=242,L03-N0067,,No explicit resp in legacy XML,Candidate OCR match only; excerpt may be clipped. Verify the complete source page.,,Unreviewed,,,,,Unreviewed,1970 Hathi OCR from earlier audit,,,,,
suet.aug.rolfe_eng1.xml,68,618,53.1,,word-match,"Dominus, ""master,"" in the time of the Republic indicated the relation between master and slaves. Tiberius also shrank from it (Tib. xxvii.), and it was first adopted by Caligula and Domitian. From the time of Trajan it was usual in the sense of ""Lord"" or ""Sire.""",1,206,244,1.0,"Dominus, “master,"" in the time of the Republic indicated the relation between master and slaves. Tiberius also
shrank from it (Tib. xxvii.), and it was first adopted by
Caligula and Domitian. From the time of Trajan it was
usual in the sense of ""Lord "" or ""Sire"," quiis MV (ex quis, M²); the other
mss. have ex quis (ex quib., S).
• ",not to insist liii he always shrank from the title of lord,as reproachful and insulting when the words o just and gracious lord,' a ',letter-marker-at-anchor,https://babel.hathitrust.org/cgi/pt?id=uc1.32106005388886&seq=244,L03-N0068,,No explicit resp in legacy XML,Candidate OCR match only; excerpt may be clipped. Verify the complete source page.,,Unreviewed,,,,,Unreviewed,1970 Hathi OCR from earlier audit,,,,,
suet.aug.rolfe_eng1.xml,69,624,53.3,,word-match,"That is, they did not make a morning call on him, as in other days.",1,208,246,1.0,"That is, they did not make a morning call on him, as in
other days","grandi iam ornatu, Ω.
• id inedia, Bologna ed. of 1488; inediam, 2.
• ",meeting of the senate he always greeted the members in the house,and in their seats calling each man by name without a prompter,' ',no-marker-in-ocr,https://babel.hathitrust.org/cgi/pt?id=uc1.32106005388886&seq=246,L03-N0069,,No explicit resp in legacy XML,Candidate OCR match only; excerpt may be clipped. Verify the complete source page.,,Unreviewed,,,,,Unreviewed,1970 Hathi OCR from earlier audit,,,,,
suet.aug.rolfe_eng1.xml,70,630,54.1,,word-match,See chap. xxxv. 1.,1,210,248,1.0,See chap. xxxv. 1,"1 vir virum, Torrentius; triumvirum, Ω
2 tribu, Erasmus; tribus, Ω.
• ",public affairs at the selection of senators when each member chose another,antistius labeo named marcus lepidus an old enemy of the emperor s,,unresolved,https://babel.hathitrust.org/cgi/pt?id=uc1.32106005388886&seq=248,L03-N0070,,No explicit resp in legacy XML,Candidate OCR match only; excerpt may be clipped. Verify the complete source page.,,Unreviewed,,,,,Unreviewed,1970 Hathi OCR from earlier audit,,,,,
suet.aug.rolfe_eng1.xml,71,642,56.1,,wording-review,"The Romans in their wills often express their opinion freely about public men and affairs; cf. chap. lxvi., and Cassius Dio, 58. 25, where it is said that Fulcinius Tiro, who died in prison, bitterly assailed Tiberius in his will.",1,210,248,0.975,"The Romans in their wills often express their opinion
freely about public men and affairs; cf. chap. lxvi., and Cassius
Dio, 58. 25, where it is said that Fulcinius Trio, who died in
prison, bitterly assailed Tiberius in his will","us; triumvirum, Ω
2 tribu, Erasmus; tribus, Ω.
• See chap. xxxv. 1.
• ",yet he vetoed a law to check freedom of speech in wills,whenever he took part in the election of magistrates he went the,'. ',no-marker-in-ocr,https://babel.hathitrust.org/cgi/pt?id=uc1.32106005388886&seq=248,L03-N0071,,No explicit resp in legacy XML,Candidate OCR match only; excerpt may be clipped. Verify the complete source page.,,Unreviewed,,,,,Unreviewed,1970 Hathi OCR from earlier audit,,,,,
suet.aug.rolfe_eng1.xml,72,648,56.3,,wording-review,"The movable seats provided for the advocates, witnesses, etc.",1,212,250,0.8889,"The movable seats provided for the advocates, witnesses","ibus
etc.
1 eripere, Juncker; eriperet, Ω.
• consensu] concessu, Ω.
• ",approved of his appearing in the case he sat on the benches,for several hours but in silence and without even speaking in praise,' a\n',letter-marker-at-anchor,https://babel.hathitrust.org/cgi/pt?id=uc1.32106005388886&seq=250,L03-N0072,,No explicit resp in legacy XML,Candidate OCR match only; excerpt may be clipped. Verify the complete source page.,,Unreviewed,,,,,Unreviewed,1970 Hathi OCR from earlier audit,,,,,
suet.aug.rolfe_eng1.xml,73,648,56.3,,word-match,"The custom of defending an accused person by a general eulogy of his character was forbidden by Pompey in his third consulship (Dio, 40. 52), but was nevertheless resorted to, even by Pompey himself (Dio, 40. 55).",1,212,250,1.0,"The custom of defending an accused person by a general
eulogy of his character was forbidden by Pompey in his
third consulship (Dio, 40. 52), but was nevertheless resorted
to, even by Pompey himself (Dio, 40. 55","essu, Ω.
• The movable seats provided for the advocates, witnesses,
• ",but in silence and without even speaking in praise of the defendant,he did however defend some of his clients for instance a certain,'. ',no-marker-in-ocr,https://babel.hathitrust.org/cgi/pt?id=uc1.32106005388886&seq=250,L03-N0073,,No explicit resp in legacy XML,Candidate OCR match only; excerpt may be clipped. Verify the complete source page.,,Unreviewed,,,,,Unreviewed,1970 Hathi OCR from earlier audit,,,,,
suet.aug.rolfe_eng1.xml,74,657,57.1,,word-match,September 22 and 23.,1,212,250,1.0,September 22 and 23,"was nevertheless resorted
to, even by Pompey himself (Dio, 40. 55).
• ",their own accord by common consent and always for two successive days,all sorts and conditions of men in fulfilment of a vow for,'. ',no-marker-in-ocr,https://babel.hathitrust.org/cgi/pt?id=uc1.32106005388886&seq=250,L03-N0074,,No explicit resp in legacy XML,Candidate OCR match only; excerpt may be clipped. Verify the complete source page.,,Unreviewed,,,,,Unreviewed,1970 Hathi OCR from earlier audit,,,,,
suet.aug.rolfe_eng1.xml,75,660,57.2,,word-match,Probably of the scribes and other minor officials.,1,212,250,1.0,Probably of the scribes and other minor officials,"rted
to, even by Pompey himself (Dio, 40. 55).
• September 22 and 23.
",the palatine which had been destroyed by fire the veterans the guilds,the tribes and even individuals of other conditions gladly contributed money each,,unresolved,https://babel.hathitrust.org/cgi/pt?id=uc1.32106005388886&seq=250,L03-N0075,,No explicit resp in legacy XML,Candidate OCR match only; excerpt may be clipped. Verify the complete source page.,,Unreviewed,,,,,Unreviewed,1970 Hathi OCR from earlier audit,,,,,
suet.aug.rolfe_eng1.xml,76,681,60.1,,word-match,"One's tutelary divinity, or familiar spirit, closely identified with the person himself,",1,216,254,1.0,"One's tutelary divinity, or familiar spirit, closely identified
with the person himself","post primam discordiam Antonio, expostulantibus utriusque militibus
• ",at athens in ancient days and to dedicate it to his genius,and they would often leave their kingdoms and show him the attentions,'; ',no-marker-in-ocr,https://babel.hathitrust.org/cgi/pt?id=uc1.32106005388886&seq=254,L03-N0076,,No explicit resp in legacy XML,Candidate OCR match only; excerpt may be clipped. Verify the complete source page.,,Unreviewed,,,,,Unreviewed,1970 Hathi OCR from earlier audit,,,,,
suet.aug.rolfe_eng1.xml,77,711,64.1,,word-match,"The form of purchase consisted in thrice touching a balance (libra) with a penny (as), in the presence of the praetor.",1,220,258,1.0,"The form of purchase consisted in thrice touching a
balance (libra) with a penny (as), in the presence of the
praetor","t in foro lege curiata; ex quibus
1 natare, mss. ; notare, Lipsius.
• ",at home privately buying them from their father by a symbolic sale,and initiated them into administrative life when they were still young sending,"',""\n'",no-marker-in-ocr,https://babel.hathitrust.org/cgi/pt?id=uc1.32106005388886&seq=258,L03-N0077,,No explicit resp in legacy XML,Candidate OCR match only; excerpt may be clipped. Verify the complete source page.,,Unreviewed,,,,,Unreviewed,1970 Hathi OCR from earlier audit,,,,,
suet.aug.rolfe_eng1.xml,78,714,64.2,,word-match,"A record of the events of the imperial household. The custom of keeping such a day-book apparently dated from the time of Augustus. See Friedländer, Roman Life and Manners (Eng. Trans.), IV. p. 56.",1,220,258,1.0,"A record of the events of the imperial household. The
custom of keeping such a day-book apparently dated from
the time of Augustus. See Friedländer, Roman Life and
Manners (Eng. Trans.), IV. p. 56","
balance (libra) with a penny (as), in the presence of the
praetor.
• ",except openly and such as might be recorded in the household diary,he was most strict in keeping them from meeting strangers once writing,'. ',no-marker-in-ocr,https://babel.hathitrust.org/cgi/pt?id=uc1.32106005388886&seq=258,L03-N0078,,No explicit resp in legacy XML,Candidate OCR match only; excerpt may be clipped. Verify the complete source page.,,Unreviewed,,,,,Unreviewed,1970 Hathi OCR from earlier audit,,,,,
suet.aug.rolfe_eng1.xml,79,717,64.3,,word-match,The host usually occupied the summus locus on the imus lectus.,1,220,258,1.0,"The host usually occupied the summus locus on the imus
lectus",". See Friedländer, Roman Life and
Manners (Eng. Trans.), IV. p. 56.
• ",in their company unless they sat beside him on the lowest couch,or made a journey unless they preceded his carriage or rode close,"', '",no-marker-in-ocr,https://babel.hathitrust.org/cgi/pt?id=uc1.32106005388886&seq=258,L03-N0079,,No explicit resp in legacy XML,Candidate OCR match only; excerpt may be clipped. Verify the complete source page.,,Unreviewed,,,,,Unreviewed,1970 Hathi OCR from earlier audit,,,,,
suet.aug.rolfe_eng1.xml,80,723,65.1,,wording-review,"Ancient divisions of the citizens for political purposes. In cases of adoption the curiae were represented by thirty lictors, presided over by the pontifex maximus. This form of adoption was usual with adults; cf. chap. lxiv. 1.",1,221,259,0.5676,"of the curiaed; but he soon disowned
lictors, presided over by the pontifex maximus. This form
of adoption was usual with adults; cf. chap. lxiv. 1","t the same
time his stepson Tiberius by a bill passed in the
assembly ",stepson tiberius by a bill passed in the assembly of the curiae,but he soon disowned agrippa because of his low tastes and violent,,unresolved,https://babel.hathitrust.org/cgi/pt?id=uc1.32106005388886&seq=259,L03-N0080,,No explicit resp in legacy XML,Candidate OCR match only; excerpt may be clipped. Verify the complete source page.,,Unreviewed,,,,,Unreviewed,1970 Hathi OCR from earlier audit,,,,,
suet.aug.rolfe_eng1.xml,81,729,65.3,,no-source-match,Pandataria.,,,,,,,not until five years later that he moved her from the island,to the mainland and treated her with somewhat less rigour but he,,unresolved,,L03-N0081,,No explicit resp in legacy XML,No source-page match established by the audit.,,Unreviewed,,,,,Unreviewed,1970 Hathi OCR from earlier audit,,,,,
suet.aug.rolfe_eng1.xml,82,732,65.4,,no-source-match,Planasia.,,,,,,,became madder from day to day he transferred him to an island,and set a guard of soldiers over him besides he also provided,,unresolved,,L03-N0082,,No explicit resp in legacy XML,No source-page match established by the audit.,,Unreviewed,,,,,Unreviewed,1970 Hathi OCR from earlier audit,,,,,
suet.aug.rolfe_eng1.xml,83,732,65.4,,word-match,"Iliad 3. 40, where the line is addressed by Hector to Paris, with the verbs in the second person.",1,224,262,1.0,"Iliad 3. 40, where the line is addressed by Hector to
Paris, with the verbs in the second person","videnius, 2, corrected in the Basle ed. of
1533.
2 sui, 5; suae, Ω.
• ",i ne er had wedded and would i had died without offspring,and he never alluded to them except as his three boils and,"'""; ""\n'",no-marker-in-ocr,https://babel.hathitrust.org/cgi/pt?id=uc1.32106005388886&seq=262,L03-N0083,,No explicit resp in legacy XML,Candidate OCR match only; excerpt may be clipped. Verify the complete source page.,,Unreviewed,,,,,Unreviewed,1970 Hathi OCR from earlier audit,,,,,
suet.aug.rolfe_eng1.xml,84,741,66.2,,word-match,"See chap. xlvii, at the beginning.",1,224,262,1.0,"See chap. xlvii., at the beginning"," addressed by Hector to
Paris, with the verbs in the second person.
• ",forbade his house and the privilege of residence in the imperial provinces,because of his ungrateful and envious spirit but when gallus too died,"',\n'",no-marker-in-ocr,https://babel.hathitrust.org/cgi/pt?id=uc1.32106005388886&seq=262,L03-N0084,,No explicit resp in legacy XML,Candidate OCR match only; excerpt may be clipped. Verify the complete source page.,,Unreviewed,,,,,Unreviewed,1970 Hathi OCR from earlier audit,,,,,
suet.aug.rolfe_eng1.xml,85,741,66.2,,word-match,As well as Salvidienus.,1,224,262,1.0,As well as Salvidienus,"e verbs in the second person.
• See chap. xlvii., at the beginning.
• ",provinces because of his ungrateful and envious spirit but when gallus too,died by his own hand driven to it by the menaces of,,unresolved,https://babel.hathitrust.org/cgi/pt?id=uc1.32106005388886&seq=262,L03-N0085,,No explicit resp in legacy XML,Candidate OCR match only; excerpt may be clipped. Verify the complete source page.,,Unreviewed,,,,,Unreviewed,1970 Hathi OCR from earlier audit,,,,,
suet.aug.rolfe_eng1.xml,86,741,66.2,,wording-review,"That is, while a private citizen could quarrel and make up with his friends, the emperor's position made his anger fatal.",1,225,263,0.7273,"up with his friends, the emperor's position made his anger
fatal"," their lives, each
holding a leading place in his own class, although
",not set what limits he chose to his anger with his friends,all the rest continued to enjoy power and wealth to the end,'. ',no-marker-in-ocr,https://babel.hathitrust.org/cgi/pt?id=uc1.32106005388886&seq=263,L03-N0086,,No explicit resp in legacy XML,Candidate OCR match only; excerpt may be clipped. Verify the complete source page.,,Unreviewed,,,,,Unreviewed,1970 Hathi OCR from earlier audit,,,,,
suet.aug.rolfe_eng1.xml,87,744,66.3,,word-match,"That is to say, holding the highest place in the ordo (senatorius, equestris, plebeius) of which he was a member.",1,225,263,1.0,"That is to say, holding the highest place in the ordo
(senatorius, equestris, plebeius) of which he was a member","h
up with his friends, the emperor's position made his anger
fatal.
• ",of their lives each holding a leading place in his own class,although sometimes differences arose not to mention the others he occasionally found,,unresolved,https://babel.hathitrust.org/cgi/pt?id=uc1.32106005388886&seq=263,L03-N0087,,No explicit resp in legacy XML,Candidate OCR match only; excerpt may be clipped. Verify the complete source page.,,Unreviewed,,,,,Unreviewed,1970 Hathi OCR from earlier audit,,,,,
suet.aug.rolfe_eng1.xml,88,747,66.4,,word-match,Cf. chap. lvi. 1 and the note.,1,226,264,1.0,Cf. chap. lvi. 1 and the note,"um, Torrentius; Licinium, mss.; et Celadum,
Casaubon; enceladum, Ω.
• ",his friends affection on their part both in life and after death,for though he was in no sense a legacy hunter and in,'. ',no-marker-in-ocr,https://babel.hathitrust.org/cgi/pt?id=uc1.32106005388886&seq=264,L03-N0088,,No explicit resp in legacy XML,Candidate OCR match only; excerpt may be clipped. Verify the complete source page.,,Unreviewed,,,,,Unreviewed,1970 Hathi OCR from earlier audit,,,,,
suet.aug.rolfe_eng1.xml,89,762,68.1,,word-match,"A double word-play on orbem, ""round drum"" and ""world,"" and temperat, ""beats"" and ""sways.""",1,228,266,1.0,"A double word-play on orbem, ""round drum "" and
""world,"" and temperat, ""beats"" and ""sways"," feminam
1 oneratis, Ts; onenitos, G; the other mss. have oneratos.
• ",his drum see st how a wanton s finger sways the world,lxix that he was given to adultery not even his friends deny,"'?"" a\n'",letter-marker-at-anchor,https://babel.hathitrust.org/cgi/pt?id=uc1.32106005388886&seq=266,L03-N0089,,No explicit resp in legacy XML,Candidate OCR match only; excerpt may be clipped. Verify the complete source page.,,Unreviewed,,,,,Unreviewed,1970 Hathi OCR from earlier audit,,,,,
suet.aug.rolfe_eng1.xml,90,771,69.2,,word-match,Probably referring to Livia.,1,230,268,1.0,Probably referring to Livia,"s tunc numina declinarunt,
Fugit et auratos Iuppiter ipse thronos.""
• ",expressed her resentment too freely at the excessive influence of a rival,that his friends acted as his panders and stripped and inspected matrons,'; a\n',letter-marker-at-anchor,https://babel.hathitrust.org/cgi/pt?id=uc1.32106005388886&seq=268,L03-N0090,,No explicit resp in legacy XML,Candidate OCR match only; excerpt may be clipped. Verify the complete source page.,,Unreviewed,,,,,Unreviewed,1970 Hathi OCR from earlier audit,,,,,
suet.aug.rolfe_eng1.xml,91,777,70.1,,wording-review,"The choragus at Athens had charge of the costuming and stage setting of plays. Hence the meaning is here ""when they had found someone to make them up.""",1,230,268,0.5714,"The choragus at Athens had charge of the costuming and
stage setting of plays","git et auratos Iuppiter ipse thronos.""
• Probably referring to Livia.
",knows as soon as that table of rascals had secured a choragus,and mallia saw six gods and six goddesses while caesar impiously plays,' ',no-marker-in-ocr,https://babel.hathitrust.org/cgi/pt?id=uc1.32106005388886&seq=268,L03-N0091,,No explicit resp in legacy XML,Candidate OCR match only; excerpt may be clipped. Verify the complete source page.,,Unreviewed,,,,,Unreviewed,1970 Hathi OCR from earlier audit,,,,,
suet.aug.rolfe_eng1.xml,92,777,70.1,,word-match,"According to some, the choragus; others regard it as the name of a place.",1,230,268,1.0,"According to some, the choragus; others regard it as the
name of a place","passage in general, see Scott,
Mem. Amer. Acad. in Rome, xi. 30 ff.
• ",soon as that table of rascals had secured a choragus and mallia,saw six gods and six goddesses while caesar impiously plays the false,' ',no-marker-in-ocr,https://babel.hathitrust.org/cgi/pt?id=uc1.32106005388886&seq=268,L03-N0092,,No explicit resp in legacy XML,Candidate OCR match only; excerpt may be clipped. Verify the complete source page.,,Unreviewed,,,,,Unreviewed,1970 Hathi OCR from earlier audit,,,,,
suet.aug.rolfe_eng1.xml,93,780,70.2,,word-match,Corinthiarius: coined in jest on the analogy of argentarius; used in inscr. of slaves in charge of the vasa Corinthia. ,1,232,270,1.0,Corinthiarius: coined in jest on the analogy of argentarius; used in inscr. of slaves in charge of the vasa Corinthia,"s promptior, quae sibi
undique etiam ab uxore conquirerentur. Aleae
• ",on his statue in silver once my father dealt now in corinthians,i since it was believed that he caused some men to be,,unresolved,https://babel.hathitrust.org/cgi/pt?id=uc1.32106005388886&seq=270,L03-N0093,,No explicit resp in legacy XML,Candidate OCR match only; excerpt may be clipped. Verify the complete source page.,,Unreviewed,,,,,Unreviewed,1970 Hathi OCR from earlier audit,,,,,
suet.aug.rolfe_eng1.xml,94,786,71.1,,word-match,Cf. chap. xli. 1.,1,232,270,1.0,Cf. chap. xli. 1,"gentarius; used in inscr. of slaves in charge of the vasa Corinthia
• ",alexandria he kept none of the furniture of the palace for himself,except a single agate cup and presently melted down all the golden,'\n',no-marker-in-ocr,https://babel.hathitrust.org/cgi/pt?id=uc1.32106005388886&seq=270,L03-N0094,,No explicit resp in legacy XML,Candidate OCR match only; excerpt may be clipped. Verify the complete source page.,,Unreviewed,,,,,Unreviewed,1970 Hathi OCR from earlier audit,,,,,
suet.aug.rolfe_eng1.xml,95,789,71.2,,word-match,When the freedom of the Saturnalia justified it.,1,234,272,1.0,When the freedom of the Saturnalia justified it,"m, mss.; aleatorium, Venice ed. of 1420, and the
editors generally.
• ",was well on in years not only in the month of december,but on other holidays as well and on working days too there,"', '",no-marker-in-ocr,https://babel.hathitrust.org/cgi/pt?id=uc1.32106005388886&seq=272,L03-N0095,,No explicit resp in legacy XML,Candidate OCR match only; excerpt may be clipped. Verify the complete source page.,,Unreviewed,,,,,Unreviewed,1970 Hathi OCR from earlier audit,,,,,
suet.aug.rolfe_eng1.xml,96,789,71.2,,word-match,"When only aces appeared, the throw was called canis; when all the dice turned up different numbers, Venus.",1,234,272,1.0,"When only aces appeared, the throw was called canis ;
when all the dice turned up different numbers, Venus","editors generally.
• When the freedom of the Saturnalia justified it.
",day for when the dice were thrown whoever turned up the dog,or the six put a denarius in the pool for each one,"""'\n""",no-marker-in-ocr,https://babel.hathitrust.org/cgi/pt?id=uc1.32106005388886&seq=272,L03-N0096,,No explicit resp in legacy XML,Candidate OCR match only; excerpt may be clipped. Verify the complete source page.,,Unreviewed,,,,,Unreviewed,1970 Hathi OCR from earlier audit,,,,,
suet.aug.rolfe_eng1.xml,97,792,71.3,,word-match,"The ""five-day"" festival of Minerva, March 20-25.",1,234,272,1.0,"The ""five-day"" festival of Minerva, March 20-25","called canis ;
when all the dice turned up different numbers, Venus.
'",who threw the venus again in another letter we spent the quinquatria,very merrily my dear tiberius for we played all day long and,' ',no-marker-in-ocr,https://babel.hathitrust.org/cgi/pt?id=uc1.32106005388886&seq=272,L03-N0097,,No explicit resp in legacy XML,Candidate OCR match only; excerpt may be clipped. Verify the complete source page.,,Unreviewed,,,,,Unreviewed,1970 Hathi OCR from earlier audit,,,,,
suet.aug.rolfe_eng1.xml,98,801,72.1,,word-match,"Commonly called peperino, a hard grey volcanic stone with black nodules resembling peppercorns. Cf. chap. lxxxii. 1.",1,236,274,1.0,"Commonly called peperino, a hard grey volcanic stone with
black nodules resembling peppercorns.
Cf. chap. lxxxii. 1","uis lectis atque
1 technyphion (τεχνύφιον), Bentley; tegnophion, Ω.
• ",nor elegance having but a short colonnade with columns of alban stone,and rooms without any marble decorations or handsome pavements for more than,"',a\n'",letter-marker-at-anchor,https://babel.hathitrust.org/cgi/pt?id=uc1.32106005388886&seq=274,L03-N0098,,No explicit resp in legacy XML,Candidate OCR match only; excerpt may be clipped. Verify the complete source page.,,Unreviewed,,,,,Unreviewed,1970 Hathi OCR from earlier audit,,,,,
suet.aug.rolfe_eng1.xml,99,804,72.2,,wording-review,"With reference to the study of Archimedes, or perhaps to the general use of such elevated rooms in Syracuse.",1,236,274,1.0,"With reference to the study stu of Archimedes, or perhaps
c
to the general use of such elevated rooms in Syracuse","stone with
black nodules resembling peppercorns.
Cf. chap. lxxxii. 1.
",retired place at the top of the house which he called syracuse,and technyphion in this he used to take refuge or else in,"'"" '",no-marker-in-ocr,https://babel.hathitrust.org/cgi/pt?id=uc1.32106005388886&seq=274,L03-N0099,,No explicit resp in legacy XML,Candidate OCR match only; excerpt may be clipped. Verify the complete source page.,,Unreviewed,,,,,Unreviewed,1970 Hathi OCR from earlier audit,,,,,
suet.aug.rolfe_eng1.xml,100,804,72.2,,word-match,"""Little workshop""; a diminutive from τέχνη.",1,236,274,1.0,"Little workshop""; a diminutive from τέχνη"," or perhaps
c
to the general use of such elevated rooms in Syracuse.
""",at the top of the house which he called syracuse and technyphion,in this he used to take refuge or else in the villa,"'."" '",no-marker-in-ocr,https://babel.hathitrust.org/cgi/pt?id=uc1.32106005388886&seq=274,L03-N0100,,No explicit resp in legacy XML,Candidate OCR match only; excerpt may be clipped. Verify the complete source page.,,Unreviewed,,,,,Unreviewed,1970 Hathi OCR from earlier audit,,,,,
suet.aug.rolfe_eng1.xml,101,813,73.1,,wording-review,Opposed to vestis frensis or forensia (vestimenta); cf. Vit. viii. 1.,1,238,276,0.9091,"Opposed to vestis forensis or forensia (vestimenta); cf. Vit.
viii. 1","cus; acromata, mss. (cromata, M¹).
▲ ludios, Beroaldus; ludos, mss.
a ",bed except on special occasions he wore common clothes for the house,made by his sister wife daughter or granddaughters his togas were neither,"', '",no-marker-in-ocr,https://babel.hathitrust.org/cgi/pt?id=uc1.32106005388886&seq=276,L03-N0101,,No explicit resp in legacy XML,Candidate OCR match only; excerpt may be clipped. Verify the complete source page.,,Verified in 1914 PDF,Codex,"Misplaced in legacy XML: printed marker is after “house,” in “common clothes for the house,” not after “clothing to wear in public”.","house,",Direct visual inspection of the 1914 PDF; see P011,Unreviewed,1970 Hathi OCR from earlier audit,P011,269,268,73.1,a
suet.aug.rolfe_eng1.xml,102,819,74.1,,word-match,"The cena recta was a regular dinner, at which the guests reclined on couches at a table, contrasted with sportula, an informal meal (Claud. xxi. 4) or a distribution of food. See Friedländer, Roman Life and Manners (Eng. trans.), IV. pp. 77 ff.",1,238,276,1.0,"The cena recta was a regular dinner, at which the guests
reclined on couches at a table, contrasted with sportula, an informal meal (Claud. xxi. 4) or a distribution of food. See Friedländer, Roman Life and Manners (Eng. trans.), IV. pp. 77 ff","pposed to vestis forensis or forensia (vestimenta); cf. Vit.
viii. 1.
",and unexpected occasions lxxiv he gave dinner parties constantly and always formally,with great regard to the rank and personality of his guests valerius,"', '",no-marker-in-ocr,https://babel.hathitrust.org/cgi/pt?id=uc1.32106005388886&seq=276,L03-N0102,,No explicit resp in legacy XML,Candidate OCR match only; excerpt may be clipped. Verify the complete source page.,,Verified in 1914 PDF,Codex,Printed marker and corresponding note visually verified in the 1914 PDF.,"formally,",Direct visual inspection of the 1914 PDF; see P012,Unreviewed,1970 Hathi OCR from earlier audit,P012,269,268,74.1,b
suet.aug.rolfe_eng1.xml,103,819,74.1,,word-match,"Tellers of marvellous tales; cf. Juv. 15. 16, and Mayor ad loc. Doubtless the same as the fabulatores, lxxviii. 2, below.",1,239,277,1.0,"Tellers of marvellous tales; cf. Juv. 15. 16, and Mayor
ad loc. Doubtless the same as the fabulatores, lxxviii. 2,
below","from the circus, and especially story-tellers.d
• See chap. lxxii. 2.
",actors or even strolling players from the circus and especially story tellers,lxxv festivals and holidays he celebrated lavishly as a rule but sometimes,,unresolved,https://babel.hathitrust.org/cgi/pt?id=uc1.32106005388886&seq=277,L03-N0103,,No explicit resp in legacy XML,Candidate OCR match only; excerpt may be clipped. Verify the complete source page.,,Verified in 1914 PDF,Codex,Printed marker and corresponding note visually verified in the 1914 PDF.,story-tellers.,Direct visual inspection of the 1914 PDF; see P014,Unreviewed,1970 Hathi OCR from earlier audit,P014,269,269,74.2,d
suet.aug.rolfe_eng1.xml,104,825,75.1,,word-match,When the freedom of the Saturnalia justified it.,1,234,272,1.0,When the freedom of the Saturnalia justified it,"m, mss.; aleatorium, Venice ed. of 1420, and the
editors generally.
• ",and at any other time when he took it into his head,he would now give gifts of clothing or gold and silver again,,unresolved,https://babel.hathitrust.org/cgi/pt?id=uc1.32106005388886&seq=272,L03-N0104,,No explicit resp in legacy XML,Candidate OCR match only; excerpt may be clipped. Verify the complete source page.,,Unreviewed,,,,,Unreviewed,1970 Hathi OCR from earlier audit,,,,,
suet.aug.rolfe_eng1.xml,105,837,76.2,,wording-review,See chap. xxxi. 5; some think that the reference is to the Regia in the Forum.,1,266,304,0.5,that the reference is to the," Otherwise unknown; Müller would read Caesarem
Drusum. Stahr believes ",and again as i was going home from the colonnade of pompey,in my litter i devoured an ounce of bread and a few,,unresolved,https://babel.hathitrust.org/cgi/pt?id=uc1.32106005388886&seq=304,L03-N0105,,No explicit resp in legacy XML,Candidate OCR match only; excerpt may be clipped. Verify the complete source page.,,Unreviewed,,,,,Unreviewed,1970 Hathi OCR from earlier audit,,,,,
suet.aug.rolfe_eng1.xml,106,837,76.2,,word-match,"That is, grapes suited for eating and not for making wine; cf. Mart. 13. 22; Colum. 3. 2.",1,240,278,1.0,"That is, grapes suited for eating and not for making
wine; cf. Mart. 13. 22; Colum. 3. 2"," same as regia in xxxi. 5; see Trans. Amer. Phil.
Assoc. xlvi. 35 ff.
",bread and a few berries from a cluster of hard fleshed grapes,once more not even a jew my dear tiberius fasts so scrupulously,"'."" '",no-marker-in-ocr,https://babel.hathitrust.org/cgi/pt?id=uc1.32106005388886&seq=278,L03-N0106,,No explicit resp in legacy XML,Candidate OCR match only; excerpt may be clipped. Verify the complete source page.,,Unreviewed,,,,,Unreviewed,1970 Hathi OCR from earlier audit,,,,,
suet.aug.rolfe_eng1.xml,107,846,77.1,,word-match,Like an acid wine.,1,242,280,1.0,Like an acid wine,"esticorum cenaculo
manebat. Sic quoque saepe indigens somni, et dum
• ",he did he used to throw it up he liked raetian wine,best but rarely drank before dinner instead he would take a bit,' ',no-marker-in-ocr,https://babel.hathitrust.org/cgi/pt?id=uc1.32106005388886&seq=280,L03-N0107,,No explicit resp in legacy XML,Candidate OCR match only; excerpt may be clipped. Verify the complete source page.,,Unreviewed,,,,,Unreviewed,1970 Hathi OCR from earlier audit,,,,,
suet.aug.rolfe_eng1.xml,108,852,78.1,,word-match,"That is, without a blanket over his feet, because he had his shoes on.",1,242,280,1.0,"That is, without a blanket over his feet, because he had
his shoes on","nebat. Sic quoque saepe indigens somni, et dum
• Like an acid wine.
• ",just as he was without taking off his clothes or his shoes,with his feet uncovered and his hand to his eyes after dinner,"', '",no-marker-in-ocr,https://babel.hathitrust.org/cgi/pt?id=uc1.32106005388886&seq=280,L03-N0108,,No explicit resp in legacy XML,Candidate OCR match only; excerpt may be clipped. Verify the complete source page.,,Unreviewed,,,,,Unreviewed,1970 Hathi OCR from earlier audit,,,,,
suet.aug.rolfe_eng1.xml,109,852,78.1,,word-match,"Lucubratoriam, ""for working by lamp-light.""",1,242,280,1.0,"Lucubratoriam, ""for working by lamp-light","t is, without a blanket over his feet, because he had
his shoes on.
• ",his eyes after dinner he went to a couch in his study,where he remained to late at night until he had attended to,"', '",no-marker-in-ocr,https://babel.hathitrust.org/cgi/pt?id=uc1.32106005388886&seq=280,L03-N0109,,No explicit resp in legacy XML,Candidate OCR match only; excerpt may be clipped. Verify the complete source page.,,Unreviewed,,,,,Unreviewed,1970 Hathi OCR from earlier audit,,,,,
suet.aug.rolfe_eng1.xml,110,867,79.3,,word-match,"The so-called ""Roman nose.""",1,244,282,1.0,"The so-called ""Roman nose","ere1 et a memoria, Lipsius; etiam memoriam, etiam in
memoriam, m88.
• ",nose projected a little at the top and then bent slightly inward,his complexion was between dark and fair he was short of stature,'. ',no-marker-in-ocr,https://babel.hathitrust.org/cgi/pt?id=uc1.32106005388886&seq=282,L03-N0110,,No explicit resp in legacy XML,Candidate OCR match only; excerpt may be clipped. Verify the complete source page.,,Unreviewed,,,,,Unreviewed,1970 Hathi OCR from earlier audit,,,,,
suet.aug.rolfe_eng1.xml,111,867,79.3,,word-match,Roman measure; a little less than five feet seven inches (5-58) English.,1,244,282,1.0,"Roman measure; a little less than five feet seven inches
(5.58) English","tiam memoriam, etiam in
memoriam, m88.
• The so-called ""Roman nose.
• ",records says that he was five feet and nine inches in height,but this was concealed by the fine proportion and symmetry of his,"'), '",no-marker-in-ocr,https://babel.hathitrust.org/cgi/pt?id=uc1.32106005388886&seq=282,L03-N0111,,No explicit resp in legacy XML,Candidate OCR match only; excerpt may be clipped. Verify the complete source page.,,Unreviewed,,,,,Unreviewed,1970 Hathi OCR from earlier audit,,,,,
suet.aug.rolfe_eng1.xml,112,873,80.1,,word-match,"Ursa major, Charles's Wain, the Great Dipper.",1,246,284,1.0,"Ursa major, Charles's Wain, the Great Dipper","at.
1 coxendice] coxaindice, 2; corrected in the fifteenth century.
• ",order and number with the stars of the bear in the heavens,also numerous callous places resembling ringworm caused by a constant itching of,'; a\n',letter-marker-at-anchor,https://babel.hathitrust.org/cgi/pt?id=uc1.32106005388886&seq=284,L03-N0112,,No explicit resp in legacy XML,Candidate OCR match only; excerpt may be clipped. Verify the complete source page.,,Unreviewed,,,,,Unreviewed,1970 Hathi OCR from earlier audit,,,,,
suet.aug.rolfe_eng1.xml,113,873,80.1,,word-match,Apparently a form of poultice; some read habenarum and explain as a kind of truss.,1,246,284,1.0,"Apparently a form of poultice; some read habenarum
and explain as a kind of truss"," fifteenth century.
• Ursa major, Charles's Wain, the Great Dipper.
• ",at times but he strengthened them by treatment with sand and reeds,he sometimes found the forefinger of his right hand so weak when,'. ',no-marker-in-ocr,https://babel.hathitrust.org/cgi/pt?id=uc1.32106005388886&seq=284,L03-N0113,,No explicit resp in legacy XML,Candidate OCR match only; excerpt may be clipped. Verify the complete source page.,,Unreviewed,,,,,Unreviewed,1970 Hathi OCR from earlier audit,,,,,
suet.aug.rolfe_eng1.xml,114,879,81.1,,word-match,Cf. Hor. Epist. 1. 15. 2-3.,1,246,284,1.0,Cf. Hor. Epist. 1. 15. 2-3,"rm of poultice; some read habenarum
and explain as a kind of truss. • ",by the advice of his physician antonius musa to try cold ones,he experienced also some disorders which recurred every year at definite times,'.\n',no-marker-in-ocr,https://babel.hathitrust.org/cgi/pt?id=uc1.32106005388886&seq=284,L03-N0114,,No explicit resp in legacy XML,Candidate OCR match only; excerpt may be clipped. Verify the complete source page.,,Unreviewed,,,,,Unreviewed,1970 Hathi OCR from earlier audit,,,,,
suet.aug.rolfe_eng1.xml,115,888,82.1,,word-match,"Cf. chap. lxxii. 1, note b.",1,248,286,1.0,"Cf. chap. lxxii. 1, note b","thorace, Ω.
2 segestria, Roth (segestro, Cuiacius); sestertio, ms3.
• ",the open court near a fountain besides having someone to fan him,yet he could not endure the sun even in winter and never,'.\n',no-marker-in-ocr,https://babel.hathitrust.org/cgi/pt?id=uc1.32106005388886&seq=286,L03-N0115,,No explicit resp in legacy XML,Candidate OCR match only; excerpt may be clipped. Verify the complete source page.,,Unreviewed,,,,,Unreviewed,1970 Hathi OCR from earlier audit,,,,,
suet.aug.rolfe_eng1.xml,116,891,82.2,,word-match,Albulae aquae were the sulphur springs which flow into the Anio between Rome and Tivoli (Tibur).,1,248,286,1.0,"Albulae aquae were the sulphur springs which flow into
the Anio between Rome and Tivoli (Tibur","(segestro, Cuiacius); sestertio, ms3.
• Cf. chap. lxxii. 1, note b.
• ",he had to use hot salt water and sulphur baths for rheumatism,he contented himself with sitting on a wooden bath seat which he,"', '",no-marker-in-ocr,https://babel.hathitrust.org/cgi/pt?id=uc1.32106005388886&seq=286,L03-N0116,,No explicit resp in legacy XML,Candidate OCR match only; excerpt may be clipped. Verify the complete source page.,,Unreviewed,,,,,Unreviewed,1970 Hathi OCR from earlier audit,,,,,
suet.aug.rolfe_eng1.xml,117,897,83.1,,word-match,The pila was a small hard ball. Three players stood at the three points of a triangle (whence the game was called trigon) and passed the ball from one to the other. A skilful player used his left hand as well as his right.,1,248,286,1.0,"The pila was a small hard ball. Three players stood at
the three points of a triangle (whence the game was called
trigon) and passed the ball from one to the other. A skilful
player used his left hand as well as his right","r springs which flow into
the Anio between Rome and Tivoli (Tibur).
• ",the campus martius at first turning to pass ball and balloon ball,but soon confining himself to riding or taking a walk ending the,,unresolved,https://babel.hathitrust.org/cgi/pt?id=uc1.32106005388886&seq=286,L03-N0117,,No explicit resp in legacy XML,Candidate OCR match only; excerpt may be clipped. Verify the complete source page.,,Unreviewed,,,,,Unreviewed,1970 Hathi OCR from earlier audit,,,,,
suet.aug.rolfe_eng1.xml,118,897,83.1,,wording-review,"The folliculus was a large light ball. The players wore a guard on the right arm, with which they struck the ball, as in the Italian giuco del pallone.",1,249,287,0.9655,"The folliculus was a large light ball. The players wore
a guard on the right arm, with which they struck the ball,
as in the Italian gioco del pallone","ometimes played at
dice, marbles and nuts with little boys, searching
",the campus martius at first turning to pass ball and balloon ball,but soon confining himself to riding or taking a walk ending the,,unresolved,https://babel.hathitrust.org/cgi/pt?id=uc1.32106005388886&seq=287,L03-N0118,,No explicit resp in legacy XML,Candidate OCR match only; excerpt may be clipped. Verify the complete source page.,,Unreviewed,,,,,Unreviewed,1970 Hathi OCR from earlier audit,,,,,
suet.aug.rolfe_eng1.xml,119,897,83.1,,word-match,"Many games were played with nuts; cf. Hor. Serm. 2. 3. 171, Mart. 5. 84, etc.",1,249,287,1.0,"Many games were played with nuts; cf. Hor. Serm. 2.
3. 171, Mart. 5. 84, etc","th which they struck the ball,
as in the Italian gioco del pallone.
• ",mind he sometimes angled and sometimes played at dice marbles and nuts,with little boys searching everywhere for such as were attractive for their,,unresolved,https://babel.hathitrust.org/cgi/pt?id=uc1.32106005388886&seq=287,L03-N0119,,No explicit resp in legacy XML,Candidate OCR match only; excerpt may be clipped. Verify the complete source page.,,Unreviewed,,,,,Unreviewed,1970 Hathi OCR from earlier audit,,,,,
suet.aug.rolfe_eng1.xml,120,906,84.2,,word-match,See chap. lxxxi. at the end.,1,250,288,1.0,See chap. lxxxi. at the end,"sumeret, S25; assumeret (adsumeret), Ω.
* scriptos, 5; scriptis, Ω.
• ",a teacher of elocution but sometimes because of weakness of the throat,he addressed the people through a herald lxxxv he wrote numerous works,' ',no-marker-in-ocr,https://babel.hathitrust.org/cgi/pt?id=uc1.32106005388886&seq=288,L03-N0120,,No explicit resp in legacy XML,Candidate OCR match only; excerpt may be clipped. Verify the complete source page.,,Unreviewed,,,,,Unreviewed,1970 Hathi OCR from earlier audit,,,,,
suet.aug.rolfe_eng1.xml,121,912,85.1,,wording-review,"Brutus published a eulogy of Cato in 46 B.C.; cf. Cic. ad Att. 12, 21.",1,250,288,0.9375,"Brutus published a eulogy of Cato in 46 B.C.; of. Cic.
ad Att. 12. 21","ret), Ω.
* scriptos, 5; scriptis, Ω.
• See chap. lxxxi. at the end.
• ",in a lecture room for example his reply to brutus on cato,at the reading of these volumes he had all but come to,"'.""\n'",no-marker-in-ocr,https://babel.hathitrust.org/cgi/pt?id=uc1.32106005388886&seq=288,L03-N0121,,No explicit resp in legacy XML,Candidate OCR match only; excerpt may be clipped. Verify the complete source page.,,Unreviewed,,,,,Unreviewed,1970 Hathi OCR from earlier audit,,,,,
suet.aug.rolfe_eng1.xml,122,927,86.3,,word-match,Evidently two archaizing grammarians of the day. ,1,254,292,1.0,Evidently two archaizing grammarians of the day,"um, r; omitted by the other
2
et pro pullo, S; apud pullum, Ω.
mss.
• ",you doubt whether you ought to imitate annius cimber or veranius flaccus,that you use the words which sallustius crispus gleaned from cato s,"',\n'",no-marker-in-ocr,https://babel.hathitrust.org/cgi/pt?id=uc1.32106005388886&seq=292,L03-N0122,,No explicit resp in legacy XML,Candidate OCR match only; excerpt may be clipped. Verify the complete source page.,,Unreviewed,,,,,Unreviewed,1970 Hathi OCR from earlier audit,,,,,
suet.aug.rolfe_eng1.xml,123,927,86.3,,word-match,"See De Grammaticis, x, at the end.",1,254,292,1.0,"See De Grammaticis, x, at the end","ud pullum, Ω.
mss.
• Evidently two archaizing grammarians of the day.
",you use the words which sallustius crispus gleaned from cato s origines,or would you rather introduce into our tongue the verbose and unmeaning,'? ',no-marker-in-ocr,https://babel.hathitrust.org/cgi/pt?id=uc1.32106005388886&seq=292,L03-N0123,,No explicit resp in legacy XML,Candidate OCR match only; excerpt may be clipped. Verify the complete source page.,,Unreviewed,,,,,Unreviewed,1970 Hathi OCR from earlier audit,,,,,
suet.aug.rolfe_eng1.xml,124,927,86.3,,word-match,Thus characterized in contrast with the studied simplicity of the Attic school of orators.,1,254,292,1.0,"Thus characterized in contrast with the studied simplicity
of the Attic school of orators","chaizing grammarians of the day.
See De Grammaticis, x, at the end.
• ",into our tongue the verbose and unmeaning fluency of the asiatic orators,and in a letter praising the talent of his granddaughter agrippina he,"'?"" '",no-marker-in-ocr,https://babel.hathitrust.org/cgi/pt?id=uc1.32106005388886&seq=292,L03-N0124,,No explicit resp in legacy XML,Candidate OCR match only; excerpt may be clipped. Verify the complete source page.,,Unreviewed,,,,,Unreviewed,1970 Hathi OCR from earlier audit,,,,,
suet.aug.rolfe_eng1.xml,125,933,87.1,,no-source-match,See Index.,,,,,,,are he says let s be satisfied with the cato we have,and to express the speed of a hasty action quicker than you,,unresolved,,L03-N0125,,No explicit resp in legacy XML,No source-page match established by the audit.,,Unreviewed,,,,,Unreviewed,1970 Hathi OCR from earlier audit,,,,,
suet.aug.rolfe_eng1.xml,126,936,87.2,,wording-review,"Cf. Catull. 67. 21, languidior tenera beta. All these words, which Augustus is said to have used, are colloquialisms or slang, and the exact form and derivation of many of them are uncertain.",1,254,292,0.6061,"Cf. Catull. 67. 21, languidior tenera beta. All these words,
which Augustus is said to have used, are colloquialisms or","h the studied simplicity
of the Attic school of orators.
See Index.
• ",beet for languere be weak for which the vulgar term is lachanizare,besides he used simus for sumus and domos in the genitive singular,'. ',no-marker-in-ocr,https://babel.hathitrust.org/cgi/pt?id=uc1.32106005388886&seq=292,L03-N0126,,No explicit resp in legacy XML,Candidate OCR match only; excerpt may be clipped. Verify the complete source page.,,Unreviewed,,,,,Unreviewed,1970 Hathi OCR from earlier audit,,,,,
suet.aug.rolfe_eng1.xml,127,936,87.2,,word-match,"Since sumus was originally enclitic, the forms simus, sumus may have represented the sound between u and i in maximus, maxumus, etc. Or simus may have been formed on the analogy of agimus and similar forms.",1,255,293,1.0,"Since sumus was originally enclitic, the forms simus,
sumus may have represented the sound between u and i in
maximus, maxumus, etc. Or simus may have been formed
on the analogy of agimus and similar forms","ang, and the exact form and derivation of many of them
are uncertain.
",which the vulgar term is lachanizare besides he used simus for sumus,and domos in the genitive singular instead of domuos the last two,,unresolved,https://babel.hathitrust.org/cgi/pt?id=uc1.32106005388886&seq=293,L03-N0127,,No explicit resp in legacy XML,Candidate OCR match only; excerpt may be clipped. Verify the complete source page.,,Unreviewed,,,,,Unreviewed,1970 Hathi OCR from earlier audit,,,,,
suet.aug.rolfe_eng1.xml,128,936,87.2,,word-match,"Domuos is the earlier form of the genitive, with the suffix -os, domus the later, with the suffix s. There was no form domos, and if Augustus used it, he probably did so on the analogy of domos, domus in the acc. plur.",1,256,294,1.0,"Domuos is the earlier form of the genitive, with the
suffix -os, domus the later, with the suffix -s. There was no
form domos, and if Augustus used it, he probably did so on
the analogy of domos, domus in the acc. plur","et si quid res
1 per Arei, Salmasius; sperarei, MGVY; omitted by X.
• ",simus for sumus and domos in the genitive singular instead of domuos,the last two forms he wrote invariably for fear they should be,,unresolved,https://babel.hathitrust.org/cgi/pt?id=uc1.32106005388886&seq=294,L03-N0128,,No explicit resp in legacy XML,Candidate OCR match only; excerpt may be clipped. Verify the complete source page.,,Unreviewed,,,,,Unreviewed,1970 Hathi OCR from earlier audit,,,,,
suet.aug.rolfe_eng1.xml,129,948,88.2,,word-match,"Cf. Jul. lvi.6-7, and Aul. Gell. 17.9.1-5.",1,256,294,1.0,"Cf. Jul. lvi. 6-7, and Aul. Gell. 17. 9. 1-5",", he probably did so on
the analogy of domos, domus in the acc. plur.
",that he had written ixi for ipsi whenever he wrote in cipher,he wrote b for a c for b and the rest of,"', '",no-marker-in-ocr,https://babel.hathitrust.org/cgi/pt?id=uc1.32106005388886&seq=294,L03-N0129,,No explicit resp in legacy XML,Candidate OCR match only; excerpt may be clipped. Verify the complete source page.,,Unreviewed,,,,,Unreviewed,1970 Hathi OCR from earlier audit,,,,,
suet.aug.rolfe_eng1.xml,130,969,90.1,,word-match,Religiones includes both religious belief and regard for omens and portents.,1,258,296,1.0,"Religiones includes both religious belief and regard for
omens and portents","erret pro remedio
atque ad omnem maioris tempestatis suspicionem in
• ",is what we are told of his attitude towards matters of religion,he was somewhat weak in his fear of thunder and lightning for,"'."" '",no-marker-in-ocr,https://babel.hathitrust.org/cgi/pt?id=uc1.32106005388886&seq=296,L03-N0130,,No explicit resp in legacy XML,Candidate OCR match only; excerpt may be clipped. Verify the complete source page.,,Unreviewed,,,,,Unreviewed,1970 Hathi OCR from earlier audit,,,,,
suet.aug.rolfe_eng1.xml,131,969,90.1,,word-match,"Pliny, N. H. 2. 55, says that the laurel tree (cf. Tib. lxix.) and the seal are never struck by lightning; and also that lightning never goes more than five feet below the ground.",1,260,298,1.0,"Pliny, N. H. 2. 55, says that the laurel tree (cf. Tib. lxix.)
and the seal are never struck by lightning; and also that
lightning never goes more than five feet below the ground","terra marive
ingrediente se longinquam profectionem forte rorasset,
• ",fear of thunder and lightning for he always carried a seal skin,about with him everywhere as a protection and at any sign of,' ',no-marker-in-ocr,https://babel.hathitrust.org/cgi/pt?id=uc1.32106005388886&seq=298,L03-N0131,,No explicit resp in legacy XML,Candidate OCR match only; excerpt may be clipped. Verify the complete source page.,,Unreviewed,,,,,Unreviewed,1970 Hathi OCR from earlier audit,,,,,
suet.aug.rolfe_eng1.xml,132,969,90.1,,no-source-match,Chap. xxix. 3.,,,,,,,took refuge in an underground vaulted room for as i have said,he was once badly frightened by a narrow escape from lightning during,,unresolved,,L03-N0132,,No explicit resp in legacy XML,No source-page match established by the audit.,,Unreviewed,,,,,Unreviewed,1970 Hathi OCR from earlier audit,,,,,
suet.aug.rolfe_eng1.xml,133,981,91.3,,wording-review,"This is not in accordance with the emperor's character (cf. chap. lvii), and Suetonius may have confused him with Caligula; see Calig. xlii. Yet there are records of many such acts of humility to propitiate Nemesis; see Casaubon ad loc.",1,260,298,1.0,"This is not in accordance with the emperor's character
(cf. chap. lvii), and Suetonius may have confused him with
Caligula; see Calig. xlii.
Cang
Yet there are records of many
such acts of humility to propitiate Nemesis; see Casaubon
ad loc","ing never goes more than five feet below the ground.
Chap. xxix. 3.
• ",people holding out his open hand to have pennies dropped in it,xcii certain auspices and omens he regarded as infallible if his shoes,'.c\n',letter-marker-at-anchor,https://babel.hathitrust.org/cgi/pt?id=uc1.32106005388886&seq=298,L03-N0133,,No explicit resp in legacy XML,Candidate OCR match only; excerpt may be clipped. Verify the complete source page.,,Unreviewed,,,,,Unreviewed,1970 Hathi OCR from earlier audit,,,,,
suet.aug.rolfe_eng1.xml,134,993,92.3,,word-match,"The Roman month was divided into periods of eight days, lettered in the Calendar from A to H. The last of these, every ninth day (nundinae) according to the Roman reckoning, was a market day.",1,262,300,1.0,"The Roman month was divided into periods of eight days,
lettered in the Calendar from A to H. The last of these,
every ninth day (nundinae) according to the Roman reckoning,
was a market day","evenerint, quibus futura
1 Hierosolyma, Burmann; Hierosolymam, mss.
• ",ever to begin a journey on the day after a market day,or to take up any important business on the nones though in,"', '",no-marker-in-ocr,https://babel.hathitrust.org/cgi/pt?id=uc1.32106005388886&seq=300,L03-N0134,,No explicit resp in legacy XML,Candidate OCR match only; excerpt may be clipped. Verify the complete source page.,,Unreviewed,,,,,Unreviewed,1970 Hathi OCR from earlier audit,,,,,
suet.aug.rolfe_eng1.xml,135,993,92.3,,wording-review,Because of its resemblance to non is (from eo); cf. Cic. de Div. 284; or perhaps merely because it contained non.,1,262,300,0.9524,"Because of its resemblance to non is (from eo); cf. Cic.
de Div. 2. 84; or perhaps merely because it contained non"," day (nundinae) according to the Roman reckoning,
was a market day.
• ",market day or to take up any important business on the nones,though in the latter case as he writes tiberius he merely dreaded,'; ',no-marker-in-ocr,https://babel.hathitrust.org/cgi/pt?id=uc1.32106005388886&seq=300,L03-N0135,,No explicit resp in legacy XML,Candidate OCR match only; excerpt may be clipped. Verify the complete source page.,,Unreviewed,,,,,Unreviewed,1970 Hathi OCR from earlier audit,,,,,
suet.aug.rolfe_eng1.xml,136,999,93.1,,word-match,Into the Eleusinian mysteries of Ceres.,1,262,300,1.0,Into the Eleusinian mysteries of Ceres,"cf. Cic.
de Div. 2. 84; or perhaps merely because it contained non.
• ",held the rest in contempt for example having been initiated at athens,and afterwards sitting in judgment of a case at rome involving the,' ',no-marker-in-ocr,https://babel.hathitrust.org/cgi/pt?id=uc1.32106005388886&seq=300,L03-N0136,,No explicit resp in legacy XML,Candidate OCR match only; excerpt may be clipped. Verify the complete source page.,,Unreviewed,,,,,Unreviewed,1970 Hathi OCR from earlier audit,,,,,
suet.aug.rolfe_eng1.xml,137,1014,94.3,,word-match,The decree was not complete until this was done; cf. Jul. xxviii. 3.,1,264,302,1.0,"The decree was not complete until this was done; cf.
Jul. xxviii. 3","evius; convenirent,
Bentley; <domi > dormirent, Wissowa; etc., etc.
• ",saw to it that the decree was not filed in the treasury,since each one appropriated the prediction to his own family i have,"', '",no-marker-in-ocr,https://babel.hathitrust.org/cgi/pt?id=uc1.32106005388886&seq=302,L03-N0137,,No explicit resp in legacy XML,Candidate OCR match only; excerpt may be clipped. Verify the complete source page.,,Unreviewed,,,,,Unreviewed,1970 Hathi OCR from earlier audit,,,,,
suet.aug.rolfe_eng1.xml,138,1017,94.4,,word-match,"i.e. ""Discourses about the Gods."" Aristotle wrote a work with the same title.",1,264,302,1.0,"i.e. ""Discourses about the Gods."" Aristotle wrote a
work with the same title"," The decree was not complete until this was done; cf.
Jul. xxviii. 3.
",the following story in the books of asclepias of mendes entitled theologumena,when atia had come in the middle of the night to the,'. ',no-marker-in-ocr,https://babel.hathitrust.org/cgi/pt?id=uc1.32106005388886&seq=302,L03-N0138,,No explicit resp in legacy XML,Candidate OCR match only; excerpt may be clipped. Verify the complete source page.,,Unreviewed,,,,,Unreviewed,1970 Hathi OCR from earlier audit,,,,,
suet.aug.rolfe_eng1.xml,139,1017,94.4,,wording-review,"The genius, or familiar spirit (see note on chap. lx.), was often represented by a serpent, and those of husband and wife by two serpents; e.g. in Pompeian frescoes.",1,265,303,0.7333,"often represented by a serpent, and those of husband and wife
by two serpents; e.g. in Pompeian frescoes","pent, and she could
never get rid of it; so that presently she ceased
",there appeared on her body a mark in colours like a serpent,and she could never get rid of it so that presently she,"', '",no-marker-in-ocr,https://babel.hathitrust.org/cgi/pt?id=uc1.32106005388886&seq=303,L03-N0139,,No explicit resp in legacy XML,Candidate OCR match only; excerpt may be clipped. Verify the complete source page.,,Unreviewed,,,,,Unreviewed,1970 Hathi OCR from earlier audit,,,,,
suet.aug.rolfe_eng1.xml,140,1023,94.6,,word-match,Otherwise unknown; Müller would read Caesarem Drusum. Stahr believes that the reference is to the Eulogy in chap. c. 3.,1,266,304,1.0,"Otherwise unknown; Müller would read Caesarem
Drusum. Stahr believes that the reference is to the Eulogy
in chap. c. 3","la loco plano, postera luce non
1 flammae, mss.; flamma, Modderman.
• ",still an infant as is recorded by the hand of gaius drusus,he was placed by his nurse at evening in his cradle on,"', '",no-marker-in-ocr,https://babel.hathitrust.org/cgi/pt?id=uc1.32106005388886&seq=304,L03-N0140,,No explicit resp in legacy XML,Candidate OCR match only; excerpt may be clipped. Verify the complete source page.,,Unreviewed,,,,,Unreviewed,1970 Hathi OCR from earlier audit,,,,,
suet.aug.rolfe_eng1.xml,141,1026,94.7,,wording-review,Apparently another name for the via Appia; see C.I.L. i.1291.,1,268,306,0.9231,Apparently another name for the via Appia; see C.I.L. i,"secutus
somnium pristinae noctis familiaribus forte narrabat:
1291.
• ",breakfasting in a grove at the fourth milestone on the campanian road,an eagle surprised him by snatching his bread from his hand and,"', '",no-marker-in-ocr,https://babel.hathitrust.org/cgi/pt?id=uc1.32106005388886&seq=306,L03-N0141,,No explicit resp in legacy XML,Candidate OCR match only; excerpt may be clipped. Verify the complete source page.,,Unreviewed,,,,,Unreviewed,1970 Hathi OCR from earlier audit,,,,,
suet.aug.rolfe_eng1.xml,142,1032,94.9,,word-match,Instead of kissing him directly.,1,268,306,1.0,Instead of kissing him directly,"t:
1291.
• Apparently another name for the via Appia; see C.I.L. i.
• ",boy s mouth with his fingers laid them on his own lips,as marcus cicero was attending gaius caesar to the capitol he happened,'.\n',no-marker-in-ocr,https://babel.hathitrust.org/cgi/pt?id=uc1.32106005388886&seq=306,L03-N0142,,No explicit resp in legacy XML,Candidate OCR match only; excerpt may be clipped. Verify the complete source page.,,Unreviewed,,,,,Unreviewed,1970 Hathi OCR from earlier audit,,,,,
suet.aug.rolfe_eng1.xml,143,1032,94.9,,word-match,See note on Jul. xv.268.,1,268,306,1.0,"See note on Jul. xv.
268","for the via Appia; see C.I.L. i.
• Instead of kissing him directly. • ",own lips as marcus cicero was attending gaius caesar to the capitol,he happened to tell his friends a dream of the night before,"', '",no-marker-in-ocr,https://babel.hathitrust.org/cgi/pt?id=uc1.32106005388886&seq=306,L03-N0143,,No explicit resp in legacy XML,Candidate OCR match only; excerpt may be clipped. Verify the complete source page.,,Unreviewed,,,,,Unreviewed,1970 Hathi OCR from earlier audit,,,,,
suet.aug.rolfe_eng1.xml,144,1035,94.10,,word-match,"Marked by the broad purple stripe (latus clavus). Augustus was not yet a senator, but the privilege of wearing the laticlave was doubtless one of the honours conferred on him by Caesar.",1,270,308,1.0,"Marked by the broad purple stripe (latus clavus).
Augustus was not yet a senator, but the privilege of wearing
the laticlave was doubtless one of the honours conferred on
him by Caesar","ac pudore ne minor
inveniretur. Qua tamen post multas adhortationes
• ",dream when augustus was assuming the gown of manhood his senatorial tunica,was ripped apart on both sides and fell at his feet which,' ',no-marker-in-ocr,https://babel.hathitrust.org/cgi/pt?id=uc1.32106005388886&seq=308,L03-N0144,,No explicit resp in legacy XML,Candidate OCR match only; excerpt may be clipped. Verify the complete source page.,,Unreviewed,,,,,Unreviewed,1970 Hathi OCR from earlier audit,,,,,
suet.aug.rolfe_eng1.xml,145,1059,96.3,,no-source-match,"Prosper (εὐτυχής, ""fortunate"").",,,,,,,met an ass with his driver the man having the name eutychus,and the beast that of nicon and after the victory he set,,unresolved,,L03-N0145,,No explicit resp in legacy XML,No source-page match established by the audit.,,Unreviewed,,,,,Unreviewed,1970 Hathi OCR from earlier audit,,,,,
suet.aug.rolfe_eng1.xml,146,1059,96.3,,no-source-match,Victor (νικῶν),,,,,,,the man having the name eutychus and the beast that of nicon,and after the victory he set up bronze images of the two,,unresolved,,L03-N0146,,No explicit resp in legacy XML,No source-page match established by the audit.,,Unreviewed,,,,,Unreviewed,1970 Hathi OCR from earlier audit,,,,,
suet.aug.rolfe_eng1.xml,147,1065,97.1,,word-match,"The lustrum was a sacrifice of purification, made every five years by one of the censors, after the completion of the census, or enumeration of the Roman people. The sacrifice consisted of the suovetaurilia, the offering of a pig, a sheep, and a bull. Lustrum was also applied to the five-year period.",1,274,312,1.0,"The lustrum was a sacrifice of purification, made every
five years by one of the censors, after the completion of the
census, or enumeration of the Roman people. The sacrifice
consisted of the suovetaurilia, the offering of a pig, a sheep,
and a bull. Lustrum was also applied to the five-year period","ssurus et Bene-
• Prosper (εὐτυχής, “fortunate"").
• Victor (νικῶν).
• ",known in advance by unmistakable signs as he was bringing the lustrum,to an end in the campus martius before a great throng of,' ',no-marker-in-ocr,https://babel.hathitrust.org/cgi/pt?id=uc1.32106005388886&seq=312,L03-N0147,,No explicit resp in legacy XML,Candidate OCR match only; excerpt may be clipped. Verify the complete source page.,,Unreviewed,,,,,Unreviewed,1970 Hathi OCR from earlier audit,,,,,
suet.aug.rolfe_eng1.xml,148,1083,98.3,,word-match,"The pallium was the distinctive dress of the Greeks, as the toga was of the Romans.",1,276,314,1.0,"The pallium was the distinctive dress of the Greeks, as
the toga was of the Romans","terentur. Spectavit
assidue exercentes ephebos, quorum aliqua adhuc
• ",stay among little presents of various kinds he distributed togas and cloaks,as well stipulating that the romans should use the greek dress and,,unresolved,https://babel.hathitrust.org/cgi/pt?id=uc1.32106005388886&seq=314,L03-N0148,,No explicit resp in legacy XML,Candidate OCR match only; excerpt may be clipped. Verify the complete source page.,,Unreviewed,,,,,Unreviewed,1970 Hathi OCR from earlier audit,,,,,
suet.aug.rolfe_eng1.xml,149,1083,98.3,,word-match,"Greek youths between the ages of eighteen and that of full citizenship, who had regular gymnastic training as a part of their education. The Greek training survived in Capreae, which until recently (see chap. xcii. 2) had belonged to Naples.",1,276,314,1.0,"Greek youths between the ages of eighteen and that of
full citizenship, who had regular gymnastic training as a part
of their education. The Greek training survived in Capreae,
which until recently (see chap. xcii. 2) had belonged to
Naples","the distinctive dress of the Greeks, as
the toga was of the Romans.
• ",the greeks the roman he continually watched the exercises of the ephebi,of whom there was still a goodly number at capreae according to,,unresolved,https://babel.hathitrust.org/cgi/pt?id=uc1.32106005388886&seq=314,L03-N0149,,No explicit resp in legacy XML,Candidate OCR match only; excerpt may be clipped. Verify the complete source page.,,Unreviewed,,,,,Unreviewed,1970 Hathi OCR from earlier audit,,,,,
suet.aug.rolfe_eng1.xml,150,1086,98.4,,wording-review,"The City of Do-nothings. There is no island ""near Capreae,"" and ""the neighbouring island of Capreae"" is meaningless; if the text is sound, Suetonius is careless, or we must take Capreis as a locative, and regard vicinam as used in a partitive sense like reliquus, primus, etc.",1,278,316,0.3958,"of Do-nothings. As there is no island
""near Capreae,"" I take Capreis as locative, and vicinam as","
* putaret, r; the other mss. have putarit (putaverit, S).
• The Land ",indulge he called the neighbouring part of the island of capreae apragopolis,from the laziness of some of his company who sojourned there besides,' a ',letter-marker-at-anchor,https://babel.hathitrust.org/cgi/pt?id=uc1.32106005388886&seq=316,L03-N0150,,No explicit resp in legacy XML,Candidate OCR match only; excerpt may be clipped. Verify the complete source page.,,Unreviewed,,,,,Unreviewed,1970 Hathi OCR from earlier audit,,,,,
suet.aug.rolfe_eng1.xml,151,1086,98.4,,word-match,"Κτίστης, the Greek name for the founder of a city or colony.",1,278,316,1.0,"Κτίστης, the Greek name for the founder of a city or colony","ds Capreas and takes insula as ""aggregato
civico"" (pagus or vicus).
• ",he used to call one of his favourites masgaba by name ktistes,as if he were the founder of the island noticing from his,"',\n'",no-marker-in-ocr,https://babel.hathitrust.org/cgi/pt?id=uc1.32106005388886&seq=316,L03-N0151,,No explicit resp in legacy XML,Candidate OCR match only; excerpt may be clipped. Verify the complete source page.,,Unreviewed,,,,,Unreviewed,1970 Hathi OCR from earlier audit,,,,,
suet.aug.rolfe_eng1.xml,152,1098,99.1,,word-match,Beneventum; chap. xcvii. 3.,1,280,318,1.0,Beneventum; chap. xcvii. 3,"oaldus); the other mss. have minimum.
• ab urbe, LS25; ad urbem, Ω.
• ",in his honour xcix and then started with tiberius for his destination,but as he was returning his illness increased and he at last,'.a\n',letter-marker-at-anchor,https://babel.hathitrust.org/cgi/pt?id=uc1.32106005388886&seq=318,L03-N0152,,No explicit resp in legacy XML,Candidate OCR match only; excerpt may be clipped. Verify the complete source page.,,Unreviewed,,,,,Unreviewed,1970 Hathi OCR from earlier audit,,,,,
suet.aug.rolfe_eng1.xml,153,1101,99.2,,word-match,i.e. open through weakness. Or closed.,1,280,318,1.0,"i.e. open through weakness.
• Or closed"," minimum.
• ab urbe, LS25; ad urbem, Ω.
• Beneventum; chap. xcvii. 3.
",mirror he had his hair combed and his falling jaws set straight,after that calling in his friends and asking whether it seemed to,'.c\n',letter-marker-at-anchor,https://babel.hathitrust.org/cgi/pt?id=uc1.32106005388886&seq=318,L03-N0153,,No explicit resp in legacy XML,Candidate OCR match only; excerpt may be clipped. Verify the complete source page.,,Unreviewed,,,,,Unreviewed,1970 Hathi OCR from earlier audit,,,,,
suet.aug.rolfe_eng1.xml,154,1116,100.2,,word-match,See Claud. vi.1.,1,282,320,1.0,See Claud. vi. 1,"mati euntem in caelum
1 Appuleio, Monumentum Ancyranum; Apuleio, a.
• ",in its principal temple at bovillae the members of the equestrian order,met it and bore it to the city where they placed it,'\n',no-marker-in-ocr,https://babel.hathitrust.org/cgi/pt?id=uc1.32106005388886&seq=320,L03-N0154,,No explicit resp in legacy XML,Candidate OCR match only; excerpt may be clipped. Verify the complete source page.,,Unreviewed,,,,,Unreviewed,1970 Hathi OCR from earlier audit,,,,,
suet.aug.rolfe_eng1.xml,155,1134,101.2,,word-match,"Augustus and Augusta, but Tiberius did not assume the title until it was conferred on him by the senate; Dio 57. 2-3.",1,284,322,1.0,"Augustus and Augusta, but Tiberius did not assume the
title until it was conferred on him by the senate; Dio 57.
2-3","xcusata rei familiaris mediocritate nec plus perventurum ad heredes
• ",tiberius to receive two thirds of the estate and livia one third,these he also bade assume his name his heirs in the second,'; ',no-marker-in-ocr,https://babel.hathitrust.org/cgi/pt?id=uc1.32106005388886&seq=322,L03-N0155,,No explicit resp in legacy XML,Candidate OCR match only; excerpt may be clipped. Verify the complete source page.,,Unreviewed,,,,,Unreviewed,1970 Hathi OCR from earlier audit,,,,,
suet.aug.rolfe_eng1.xml,156,1134,101.2,,word-match,Probably those with which he was connected (see chap xl. 2); Lipsius suggested tribulibus.,1,284,322,1.0,"Probably those with which he was connected (see chap.
xl. 2); Lipsius suggested tribulibus","ate; Dio 57.
2-3.
See note on Jul. lxxxiii. 2. • See chap. lxiv. 1.
• ",he left to the roman people forty million sesterces to the tribes,three million five hundred thousand to the soldiers of the pretorian guard,' ',no-marker-in-ocr,https://babel.hathitrust.org/cgi/pt?id=uc1.32106005388886&seq=322,L03-N0156,,No explicit resp in legacy XML,Candidate OCR match only; excerpt may be clipped. Verify the complete source page.,,Unreviewed,,,,,Unreviewed,1970 Hathi OCR from earlier audit,,,,,
suet.aug.rolfe_eng1.xml,157,1140,101.4,,word-match,"That is, on their death; a common euphemism.",1,286,324,1.0,"That is, on their death; a common euphemism","ecit
et libertorum servorumque nomina, a quibus ratio
exigi posset.
• ",julia should not be put in his mausoleum if anything befell them,in one of the three rolls he included directions for his funeral,'. ',no-marker-in-ocr,https://babel.hathitrust.org/cgi/pt?id=uc1.32106005388886&seq=324,L03-N0157,,No explicit resp in legacy XML,Candidate OCR match only; excerpt may be clipped. Verify the complete source page.,,Unreviewed,,,,,Unreviewed,1970 Hathi OCR from earlier audit,,,,,
suet.aug.rolfe_eng1.xml,158,1140,101.4,,word-match,"The original of this inscription is lost, but the greater part of a copy inscribed in Greek and Latin on marble is preserved at Ancyra in Asia Minor and is known as the Monumentum Ancyranum.",1,286,324,1.0,"The original of this inscription is lost, but the greater
part of a copy inscribed in Greek and Latin on marble is
preserved at Ancyra in Asia Minor and is known as the
Monumentum Ancyranum"," ratio
exigi posset.
• That is, on their death; a common euphemism.
• ",upon bronze tablets and set up at the entrance to the mausoleum,in the third a summary of the condition of the whole empire,'; ',no-marker-in-ocr,https://babel.hathitrust.org/cgi/pt?id=uc1.32106005388886&seq=324,L03-N0158,,No explicit resp in legacy XML,Candidate OCR match only; excerpt may be clipped. Verify the complete source page.,,Unreviewed,,,,,Unreviewed,1970 Hathi OCR from earlier audit,,,,,
suet.aug.rolfe_lat1.xml,1,84,2.1,,no-source-match,"Servio servilio, mss.",,,,,,,tarquinio prisco rege inter minores gentis adlecta in senatum mox a servio,tullio in patricias traducta procedente tempore ad plebem se contulit ac rursus,,unresolved,,L04-N0001,,No explicit resp in legacy XML,No source-page match established by the audit.,,Unreviewed,,,,,Unreviewed,1970 Hathi OCR from earlier audit,,,,,
suet.aug.rolfe_lat1.xml,2,84,2.1,,wording-review,"magno intervallo per, (also V in a correction by a late hand).",1,122,160,0.8333,"magno intervallo per, (also Vin a correction by a late
hand","i suffragio cepit C. Rufus. Is quaestorius
1 Servio) servilio, mss.
* ",traducta procedente tempore ad plebem se contulit ac rursus magno intervallo per,divum iulium in patriciatum redit primus ex hac magistratum populi suffragio cepit,,unresolved,https://babel.hathitrust.org/cgi/pt?id=uc1.32106005388886&seq=160,L04-N0002,,No explicit resp in legacy XML,Candidate OCR match only; excerpt may be clipped. Verify the complete source page.,,Unreviewed,,,,,Unreviewed,1970 Hathi OCR from earlier audit,,,,,
suet.aug.rolfe_lat1.xml,3,99,3.2,,word-match,"in senatu] a senatu, Mommsen (P. Thomas).",1,124,162,1.0,"in senatu] a senatu, Mommsen (P. Thomas"," itinere delevit,
2 negotio sibi in senatu 1 extra ordinem dato. Pro1 ",catilinae manum thurinum agrum tenentis in itinere delevit negotio sibi in senatu,extra ordinem dato provinciae praefuit non minore iustitia quam fortitudine namque bessis,,unresolved,https://babel.hathitrust.org/cgi/pt?id=uc1.32106005388886&seq=162,L04-N0003,,No explicit resp in legacy XML,Candidate OCR match only; excerpt may be clipped. Verify the complete source page.,,Unreviewed,,,,,Unreviewed,1970 Hathi OCR from earlier audit,,,,,
suet.aug.rolfe_lat1.xml,4,105,4.1,,no-source-match,"profiteri, ς; confiteri, Ω.",,,,,,,in promerendis sociis vicinum suum octavium iv decedens macedonia prius quam profiteri,se candidatum consulatus posset mortem obiit repentinam superstitibus liberis octavia maiore quam,,unresolved,,L04-N0004,,No explicit resp in legacy XML,No source-page match established by the audit.,,Unreviewed,,,,,Unreviewed,1970 Hathi OCR from earlier audit,,,,,
suet.aug.rolfe_lat1.xml,5,125,7.1,,word-match,"cubiculi Lares, Lipsius; cubiculares, Ω.",1,130,168,1.0,"cubiculi Lares, Lipsius; cubiculares, Ω","ga sumpta militaribus donis triumpho Caesaris Africano donatus est,
1 ",litteris hoc nomine inscriptam quae dono a me principi data inter cubiculi,lares colitur sed et a m antonio in epistulis per contumeliam saepe,' 1 ',intervening-text-unresolved,https://babel.hathitrust.org/cgi/pt?id=uc1.32106005388886&seq=168,L04-N0005,,No explicit resp in legacy XML,Candidate OCR match only; excerpt may be clipped. Verify the complete source page.,,Unreviewed,,,,,Unreviewed,1970 Hathi OCR from earlier audit,,,,,
suet.aug.rolfe_lat1.xml,6,128,7.2,,wording-review,"tantum, ς (Erasmus); eum, MQ; cum, GIR; enim, V; autem, X; solum, ς (omitted by  δ).",1,130,168,0.875,"Erasmus); eum, MQ; cum, GIR; enim, V;
autem, X; solum, (omitted by δ","no donatus est,
1 cubiculi Lares, Lipsius; cubiculares, Ω.
• tantum, (",quasi et ipsum conditorem urbis praevaluisset ut augustus potius vocaretur non tantum,novo sed etiam ampliore cognomine quod loca quoque religiosa et in quibus,' 2 ',intervening-text-unresolved,https://babel.hathitrust.org/cgi/pt?id=uc1.32106005388886&seq=168,L04-N0006,,No explicit resp in legacy XML,Candidate OCR match only; excerpt may be clipped. Verify the complete source page.,,Unreviewed,,,,,Unreviewed,1970 Hathi OCR from earlier audit,,,,,
suet.aug.rolfe_lat1.xml,7,128,7.2,,no-source-match,"Annales, 502, Vahlen.2",,,,,,,ab auctu vel ab avium gestu gustuve sicut etiam ennius docet scribens,augusto augurio postquam incluta condita roma est viii quadrimus patrem amisit duodecimum,,unresolved,,L04-N0007,,No explicit resp in legacy XML,No source-page match established by the audit.,,Unreviewed,,,,,Unreviewed,1970 Hathi OCR from earlier audit,,,,,
suet.aug.rolfe_lat1.xml,8,137,8.2,,word-match,"Parthos, M the other mss. have in Parthos.",1,132,170,1.0,"Parthos, M; the other mss. have in Parthos","iacum; e quibus primum ac novissimum adversus M. Antonium, secundum
1 ",itineris industriam caesare post receptas hispanias expeditionem in dacos et inde parthos,destinante praemissus apolloniam studiis vacavit utque primum occisum eum heredemque se comperit,' ¹ ',intervening-text-unresolved,https://babel.hathitrust.org/cgi/pt?id=uc1.32106005388886&seq=170,L04-N0008,,No explicit resp in legacy XML,Candidate OCR match only; excerpt may be clipped. Verify the complete source page.,,Unreviewed,,,,,Unreviewed,1970 Hathi OCR from earlier audit,,,,,
suet.aug.rolfe_lat1.xml,9,140,8.3,,word-match,"deinde, M; the other mss. have dein.",1,132,170,1.0,"deinde, M; the other mss. have dein","M. Antonium, secundum
1 Parthos, M; the other mss. have in Parthos.
2 ",eo tempore exercitibus comparatis primum cum m antonio m que lepido deinde,tantum cum antonio per duodecim fere annos novissime per quattuor et quadraginta,' ',no-marker-in-ocr,https://babel.hathitrust.org/cgi/pt?id=uc1.32106005388886&seq=170,L04-N0009,,No explicit resp in legacy XML,Candidate OCR match only; excerpt may be clipped. Verify the complete source page.,,Unreviewed,,,,,Unreviewed,1970 Hathi OCR from earlier audit,,,,,
suet.aug.rolfe_lat1.xml,10,146,9.1,,word-match,"parte, Ω. Corrected in 15th century.",1,132,170,1.0,"parte, Ω. Corrected in 15th century"," other mss. have in Parthos.
2 deinde, M; the other mss. have dein.
* ",quadraginta solus rem p tenuit ix proposita vitae eius velut summa partes,singillatim neque per tempora sed per species exsequar quo distinctius demonstrari cognoscique,'\n',no-marker-in-ocr,https://babel.hathitrust.org/cgi/pt?id=uc1.32106005388886&seq=170,L04-N0010,,No explicit resp in legacy XML,Candidate OCR match only; excerpt may be clipped. Verify the complete source page.,,Unreviewed,,,,,Unreviewed,1970 Hathi OCR from earlier audit,,,,,
suet.aug.rolfe_lat1.xml,11,182,13.2,,wording-review,"dicitur, MV; dicatur GXT and the editors, except Ihm.",1,138,176,0.8889,"dicitur, MV; dicatur Gr and the editors, except Ihm"," veteranos in Italiam
reducendos et municipalibus agris collocandos
1 ",sine verborum contumelia saeviit ut quidem uni suppliciter sepulturam precanti respondisse dicitur,iam istam volucrum fore potestatem alios patrem et filium pro vita rogantis,,unresolved,https://babel.hathitrust.org/cgi/pt?id=uc1.32106005388886&seq=176,L04-N0011,,No explicit resp in legacy XML,Candidate OCR match only; excerpt may be clipped. Verify the complete source page.,,Unreviewed,,,,,Unreviewed,1970 Hathi OCR from earlier audit,,,,,
suet.aug.rolfe_lat1.xml,12,191,14.1,,word-match,See note on Jul. xxxix. 2.,1,140,178,1.0,See note on Jul. xxxix. 2,"aemia solverentur.
1 conpecto, Lipsius; conspecto n (conspectu, Q).
• ",in bello discriminibus nam cum spectaculo ludorum gregarium militem in quattuordecim ordinibus,sedentem excitari per apparitorem iussisset rumore ab obtrectatoribus dilato quasi eundem mox,' ',no-marker-in-ocr,https://babel.hathitrust.org/cgi/pt?id=uc1.32106005388886&seq=178,L04-N0012,,No explicit resp in legacy XML,Candidate OCR match only; excerpt may be clipped. Verify the complete source page.,,Unreviewed,,,,,Unreviewed,1970 Hathi OCR from earlier audit,,,,,
suet.aug.rolfe_lat1.xml,13,197,15.1,,no-source-match,"conpecto, Lipsius; conspecto  (conspectu, Q).",,,,,,,divo iulio exstructam idibus martiis hostiarum more mactatos exstiterunt qui traderent conpecto,eum ad arma isse ut occulti adversarii et quos metus magis quam,,unresolved,,L04-N0013,,No explicit resp in legacy XML,No source-page match established by the audit.,,Unreviewed,,,,,Unreviewed,1970 Hathi OCR from earlier audit,,,,,
suet.aug.rolfe_lat1.xml,14,223,17.2,,no-source-match,"iudicato] indicato, Ω.",,,,,,,heredes nuncupatis reliquerat aperiundum recitandumque pro contione curavit remisit tamen hosti iudicato,necessitudines amicosque omnes atque inter alios c sosium et t domitium tunc,,unresolved,,L04-N0014,,No explicit resp in legacy XML,No source-page match established by the audit.,,Unreviewed,,,,,Unreviewed,1970 Hathi OCR from earlier audit,,,,,
suet.aug.rolfe_lat1.xml,15,223,17.2,,word-match,So the manuscripts; the consul was Gnaeus Domitius Ahenobarbus.,1,144,182,1.0,"So the manuscripts; the consul was Gnaeus Domitius
Ahenobarbus","e victor pernoctaverit. Ab Actio cum Samum
1 iudicato] indicato, Ω.
• ",remisit tamen hosti iudicato necessitudines amicosque omnes atque inter alios c sosium,et t domitium tunc adhuc consules bononiensibus quoque publice quod in antoniorum,,unresolved,https://babel.hathitrust.org/cgi/pt?id=uc1.32106005388886&seq=182,L04-N0015,,No explicit resp in legacy XML,Candidate OCR match only; excerpt may be clipped. Verify the complete source page.,,Unreviewed,,,,,Unreviewed,1970 Hathi OCR from earlier audit,,,,,
suet.aug.rolfe_lat1.xml,16,226,17.3,,no-source-match,"repetita Italia ς (Schiffer); repetit alia, mss.",,,,,,,missionem poscentium quos ex omni numero confecta victoria brundisium praemiserat repetita italia,tempestate in traiectu bis conflictatus primo inter promunturia peloponnesi atque aetoliae rursus,,unresolved,,L04-N0016,,No explicit resp in legacy XML,No source-page match established by the audit.,,Unreviewed,,,,,Unreviewed,1970 Hathi OCR from earlier audit,,,,,
suet.aug.rolfe_lat1.xml,17,226,17.3,,word-match,"omnia, an addition to the text suggested by Ihm,",1,146,184,1.0,"omnia, an addition to the text suggested by Ihm","ustinuit ac fovit.
1 repetita Italia (Schiffer); repetit alia, m88.
2 ",nec amplius quam septem et viginti dies donec ad desideria militum omnia,ordinarentur brundisii commoratus asiae syriaeque circuitu aegyptum petit obsessaque alexandrea quo antonius,,unresolved,https://babel.hathitrust.org/cgi/pt?id=uc1.32106005388886&seq=184,L04-N0017,,No explicit resp in legacy XML,Candidate OCR match only; excerpt may be clipped. Verify the complete source page.,,Unreviewed,,,,,Unreviewed,1970 Hathi OCR from earlier audit,,,,,
suet.aug.rolfe_lat1.xml,18,274,22.1,,wording-review,"a, Y'; omitted by the other mss.",1,460,498,0.8571,omitted by the other mss,"GR;
se proripuit, LST; se proripuit е, пр.
2 neque suae, added in Nr; ",nisi ab ipso electum probaverunt xxii ianum quirinum semel atque iterum a,condita urbe ante memoriam suam clausum in multo breviore temporis spatio terra,,unresolved,https://babel.hathitrust.org/cgi/pt?id=uc1.32106005388886&seq=498,L04-N0018,,No explicit resp in legacy XML,Candidate OCR match only; excerpt may be clipped. Verify the complete source page.,,Unreviewed,,,,,Unreviewed,1970 Hathi OCR from earlier audit,,,,,
suet.aug.rolfe_lat1.xml,19,301,25.2,,no-source-match,"bis] urbis, MGVLPT.",,,,,,,praeterquam romae incendiorum causa et si tumultus in graviore annona metueretur bis,usus est semel ad praesidium coloniarum illyricum contingentium iterum ad tutelam ripae,,unresolved,,L04-N0019,,No explicit resp in legacy XML,No source-page match established by the audit.,,Unreviewed,,,,,Unreviewed,1970 Hathi OCR from earlier audit,,,,,
suet.aug.rolfe_lat1.xml,20,307,25.4,,word-match,"perfecto, Bentley; inperfecto, mss.",1,158,196,1.0,"perfecto, Bentley; inperfecto, mss","ssisque qui sibi
nomine exercitus deposcerent; cum quidem cunctante
1 ",ipsi quoque ius habuissent tribuendi ea quibus vellent nihil autem minus perfecto,duci quam festinationem temeritatemque convenire arbitrabatur crebro itaque illa iactabat σπεῦδε βραδέως,' 1 ',intervening-text-unresolved,https://babel.hathitrust.org/cgi/pt?id=uc1.32106005388886&seq=196,L04-N0020,,No explicit resp in legacy XML,Candidate OCR match only; excerpt may be clipped. Verify the complete source page.,,Unreviewed,,,,,Unreviewed,1970 Hathi OCR from earlier audit,,,,,
suet.aug.rolfe_lat1.xml,21,343,28.1,,word-match,"primum, M; the other mss. have primo.",1,164,202,1.0,"primum, M; the other mss. have primo","e se compotem voti
nisus omni modo, ne quem novi status paeniteret.
1 ",cum collega medium solus xxviii de reddenda re p bis cogitavit primum,post oppressum statim antonium memor obiectum sibi ab eo saepius quasi per,,unresolved,https://babel.hathitrust.org/cgi/pt?id=uc1.32106005388886&seq=202,L04-N0021,,No explicit resp in legacy XML,Candidate OCR match only; excerpt may be clipped. Verify the complete source page.,,Unreviewed,,,,,Unreviewed,1970 Hathi OCR from earlier audit,,,,,
suet.aug.rolfe_lat1.xml,22,346,28.2,,word-match,"prae se identidem, LP¹; the other mss. have praesident (praesidens) idem.",1,164,202,1.0,"prae se identidem, LP¹; the other mss. have praesident
(praesidens) idem","uem novi status paeniteret.
1 primum, M; the other mss. have primo.
* ",perseveravit dubium eventu meliore an voluntate quam voluntatem cum prae se identidem,ferret quodam etiam edicto his verbis testatus est ita mihi salvam ac,' ',no-marker-in-ocr,https://babel.hathitrust.org/cgi/pt?id=uc1.32106005388886&seq=202,L04-N0022,,No explicit resp in legacy XML,Candidate OCR match only; excerpt may be clipped. Verify the complete source page.,,Unreviewed,,,,,Unreviewed,1970 Hathi OCR from earlier audit,,,,,
suet.aug.rolfe_lat1.xml,23,358,29.2,,no-source-match,"ultione, ς (ρ); visione, Ω.",,,,,,,publica iudicia et sortitiones iudicum fierent aedem martis bello philippensi pro ultione,paterna suscepto voverat sanxit ergo ut de bellis triumphisque hic consuleretur senatus,,unresolved,,L04-N0023,,No explicit resp in legacy XML,No source-page match established by the audit.,,Unreviewed,,,,,Unreviewed,1970 Hathi OCR from earlier audit,,,,,
suet.aug.rolfe_lat1.xml,24,361,29.3,,word-match,"pronuntiarant, Stephanus; pronuntiarent, Ω (-runt T', Bentley).",1,166,204,1.0,"pronuntiarant, Stephanus; pronuntiarent, Ω (-runt T,
Bentley","pe etiam senatum habuit decuriasque iudi1 ultione, (p); visione, Ω.
2 ",parte palatinae domus excitavit quam fulmine ictam desiderari a deo haruspices pronuntiarant,addidit porticus cum bibliotheca latina graecaque quo loco iam senior saepe etiam,,unresolved,https://babel.hathitrust.org/cgi/pt?id=uc1.32106005388886&seq=204,L04-N0024,,No explicit resp in legacy XML,Candidate OCR match only; excerpt may be clipped. Verify the complete source page.,,Unreviewed,,,,,Unreviewed,1970 Hathi OCR from earlier audit,,,,,
suet.aug.rolfe_lat1.xml,25,385,31.2,,no-source-match,MGV omit a.,,,,,,,dilectu habito condiditque duobus forulis auratis sub palatini apollinis basi annum a,divo iulio ordinatum sed postea neglegentia conturbatum atque confusum rursus ad pristinam,,unresolved,,L04-N0025,,No explicit resp in legacy XML,No source-page match established by the audit.,,Unreviewed,,,,,Unreviewed,1970 Hathi OCR from earlier audit,,,,,
suet.aug.rolfe_lat1.xml,26,394,31.5,,word-match,"et, Bentley; est, Ω.",1,172,210,1.0,"et, Bentley; est, Ω","m se ferebant
succincti ferro, quasi tuendi sui causa, et rapti per
1 ",statuas omnium triumphali effigie in utraque fori sui porticu dedicavit professus et,edicto commentum id se ut ad illorum vitam velut ad exemplar et,,unresolved,https://babel.hathitrust.org/cgi/pt?id=uc1.32106005388886&seq=210,L04-N0026,,No explicit resp in legacy XML,Candidate OCR match only; excerpt may be clipped. Verify the complete source page.,,Unreviewed,,,,,Unreviewed,1970 Hathi OCR from earlier audit,,,,,
suet.aug.rolfe_lat1.xml,27,394,31.5,,word-match,"vitam, supplied by Bücheler; normam, Oudendorp.",1,172,210,1.0,"vitam, supplied by Bücheler; normam, Oudendorp"," ferro, quasi tuendi sui causa, et rapti per
1 et, Bentley; est, Ω.
* ",porticu dedicavit professus et edicto commentum id se ut ad illorum vitam,velut ad exemplar et ipse dum viveret et insequentium aetatium principes exigerentur,' 2\n',intervening-text-unresolved,https://babel.hathitrust.org/cgi/pt?id=uc1.32106005388886&seq=210,L04-N0027,,No explicit resp in legacy XML,Candidate OCR match only; excerpt may be clipped. Verify the complete source page.,,Unreviewed,,,,,Unreviewed,1970 Hathi OCR from earlier audit,,,,,
suet.aug.rolfe_lat1.xml,28,400,32.1,,word-match,"grassaturas, V; grassatur ad, M; grassaturam, G; the other mss. have grassatores.",1,174,212,1.0,"grassaturas, V; grassatur ad, M; grassaturam, G; the
other mss. have grassatores"," iudicandi
munus detractantibus vix concessit, ut singulis decuriis
1 ",factiones titulo collegi novi ad nullius non facinoris societatem coibant igitur grassaturas,dispositis per opportuna loca stationibus inhibuit ergastula recognovit collegia praeter antiqua et,' ¹ ',intervening-text-unresolved,https://babel.hathitrust.org/cgi/pt?id=uc1.32106005388886&seq=212,L04-N0028,,No explicit resp in legacy XML,Candidate OCR match only; excerpt may be clipped. Verify the complete source page.,,Unreviewed,,,,,Unreviewed,1970 Hathi OCR from earlier audit,,,,,
suet.aug.rolfe_lat1.xml,29,403,32.2,,word-match,"exussit, Beroaldus (cf. ἔκαυσε, Dio, 53.2); excussit, mss.",1,174,212,1.0,"exussit, Beroaldus (cf. ἔκαυσε, Dio, 53.2); excussit, mss","; grassatur ad, M; grassaturam, G; the
other mss. have grassatores.
2 ",et legitima dissolvit tabulas veterum aerari debitorum vel praecipuam calumniandi materiam exussit,loca in urbe publica iuris ambigui possessoribus adiudicavit diuturnorum reorum et ex,'; ',no-marker-in-ocr,https://babel.hathitrust.org/cgi/pt?id=uc1.32106005388886&seq=212,L04-N0029,,No explicit resp in legacy XML,Candidate OCR match only; excerpt may be clipped. Verify the complete source page.,,Unreviewed,,,,,Unreviewed,1970 Hathi OCR from earlier audit,,,,,
suet.aug.rolfe_lat1.xml,30,406,32.3,,no-source-match,"addidit, Stephanus; addixit, .",,,,,,,honoraris ludis occupabantur actui rerum accommodavit ad tris iudicum decurias quartam addidit,ex inferiore censu quae ducenariorum vocaretur iudicaretque de levioribus summis iudices a,,unresolved,,L04-N0030,,No explicit resp in legacy XML,No source-page match established by the audit.,,Unreviewed,,,,,Unreviewed,1970 Hathi OCR from earlier audit,,,,,
suet.aug.rolfe_lat1.xml,31,406,32.3,,word-match,"tricensimo, M (the other mss. have tricesimo); vicesimo, Cuiacius; xxv. Shuckburgh. The number is apparently wrong, but the error may have been made by Suetonius himself.",1,174,212,1.0,"tricensimo, M (the other mss. have tricesimo); vicesimo,
Cuiacius; xxv. Shuckburgh. The number is apparently wrong,
but the error may have been made by Suetonius himself","καυσε, Dio, 53.2); excussit, mss.
• addidit, Stephanus; addixit, Ω.
4 ",inferiore censu quae ducenariorum vocaretur iudicaretque de levioribus summis iudices a tricensimo,aetatis anno adlegit id est quinquennio maturius quam solebant ac plerisque iudicandi,' 4 ',intervening-text-unresolved,https://babel.hathitrust.org/cgi/pt?id=uc1.32106005388886&seq=212,L04-N0031,,No explicit resp in legacy XML,Candidate OCR match only; excerpt may be clipped. Verify the complete source page.,,Unreviewed,,,,,Unreviewed,1970 Hathi OCR from earlier audit,,,,,
suet.aug.rolfe_lat1.xml,32,415,33.2,,word-match,"signatores, Beroaldus; senatores, Ω.",1,176,214,1.0,"signatores, Beroaldus; senatores, Ω","m perferre non potuit
nisi adempta demum lenitave parte poenarum et
1 ",patrem tuum non occidisti et cum de falso testamento ageretur omnesque signatores,lege cornelia tenerentur non tantum duas tabellas damnatoriam et absolutoriam simul cognoscentibus,' ¹ ',intervening-text-unresolved,https://babel.hathitrust.org/cgi/pt?id=uc1.32106005388886&seq=214,L04-N0032,,No explicit resp in legacy XML,Candidate OCR match only; excerpt may be clipped. Verify the complete source page.,,Unreviewed,,,,,Unreviewed,1970 Hathi OCR from earlier audit,,,,,
suet.aug.rolfe_lat1.xml,33,433,35.1,,no-source-match,"orcivos, MGVT. abortivos, X; orcinos, 5.",,,,,,,indignissimi et post necem caesaris per gratiam et praemium adlecti quos orcivos,vulgus vocabat ad modum pristinum et splendorem redegit duabus lectionibus prima ipsorum,,unresolved,,L04-N0033,,No explicit resp in legacy XML,No source-page match established by the audit.,,Unreviewed,,,,,Unreviewed,1970 Hathi OCR from earlier audit,,,,,
suet.aug.rolfe_lat1.xml,34,436,35.2,,wording-review,"excusantibus, Roman and first Venetian editions; ex-cusantis, ; excusatis, Ts, Gruter.",1,178,216,0.8182,"excusantibus, Roman and first Venetian editions; excusantis, Ω; excusatis, Ts, Gruter","quisque ture ac mero sup1 orcivos, MG Vr. abortivos, ✗; orcinos, 5.
2 ",et praetemptato sinu quosdam ad excusandi se verecundiam compulit servavitque etiam excusantibus,insigne vestis et spectandi in orchestra epulandique publice ius quo autem lecti,,unresolved,https://babel.hathitrust.org/cgi/pt?id=uc1.32106005388886&seq=216,L04-N0034,,No explicit resp in legacy XML,Candidate OCR match only; excerpt may be clipped. Verify the complete source page.,,Unreviewed,,,,,Unreviewed,1970 Hathi OCR from earlier audit,,,,,
suet.aug.rolfe_lat1.xml,35,448,36.1,,no-source-match,"deposito, ; disposito, Ω.",,,,,,,aliarum rerum fuit in quis ne acta senatus publicarentur ne magistratus deposito,honore statim in provincias mitterentur ut proconsulibus ad mulos et tabernacula quae,,unresolved,,L04-N0035,,No explicit resp in legacy XML,No source-page match established by the audit.,,Unreviewed,,,,,Unreviewed,1970 Hathi OCR from earlier audit,,,,,
suet.aug.rolfe_lat1.xml,36,463,38.2,,word-match,"a, quidam apud Torrentium; Ihm suggests sumpta.",1,182,220,1.0,"a, quidam apud Torrentium; Ihm suggests sumpta","quotiens citarentur
pedibus venire; mox reddendi equi gratiam fecit
1
",ornamenta decernenda curavit liberis senatorum quo celerius rei p assuescerent protinus a,virili toga latum clavum induere et curiae interesse permisit militiamque auspicantibus non,,unresolved,https://babel.hathitrust.org/cgi/pt?id=uc1.32106005388886&seq=220,L04-N0036,,No explicit resp in legacy XML,Candidate OCR match only; excerpt may be clipped. Verify the complete source page.,,Unreviewed,,,,,Unreviewed,1970 Hathi OCR from earlier audit,,,,,
suet.aug.rolfe_lat1.xml,37,472,39.1,,word-match,"ex improbatis,; the best mss. have in exprobratis.",1,184,222,1.0,"ex improbatis, ; the best mss. have in exprobratis","uxit ac multiplici poena coercito ambitu, Fabianis et Scaptiensibus
1 ",decem adiutoribus unum quemque equitum rationem vitae reddere coegit atque ex improbatis,alios poena alios ignominia notavit plures admonitione sed varia lenissimum genus admonitionis,,unresolved,https://babel.hathitrust.org/cgi/pt?id=uc1.32106005388886&seq=222,L04-N0037,,No explicit resp in legacy XML,Candidate OCR match only; excerpt may be clipped. Verify the complete source page.,,Unreviewed,,,,,Unreviewed,1970 Hathi OCR from earlier audit,,,,,
suet.aug.rolfe_lat1.xml,38,472,39.1,,no-source-match,"legerent] legerint, MGVLS.",,,,,,,genus admonitionis fuit traditio coram pugiliarium quos taciti et ibidem statim legerent,notavitque aliquos quod pecunias levioribus usuris mutuati graviore faenore collocassent xl ac,,unresolved,,L04-N0038,,No explicit resp in legacy XML,No source-page match established by the audit.,,Unreviewed,,,,,Unreviewed,1970 Hathi OCR from earlier audit,,,,,
suet.aug.rolfe_lat1.xml,39,481,40.2,,no-source-match,"Scaptiensibus tribulibus, Beroaldus; scaptensibus tribubus, Ω.",,,,,,,quoque pristinum ius reduxit ac multiplici poena coercito ambitu fabianis et scaptiensibus,tribulibus suis die comitiorum ne quid a quoquam candidato desiderarent singula milia,,unresolved,,L04-N0039,,No explicit resp in legacy XML,No source-page match established by the audit.,,Unreviewed,,,,,Unreviewed,1970 Hathi OCR from earlier audit,,,,,
suet.aug.rolfe_lat1.xml,40,490,40.5,,no-source-match,"circave] circove, Gr.",,,,,,,gentemque togatam negotium aedilibus dedit ne quem posthac paterentur in foro circave,nisi positis lacernis togatum consistere xli liberalitatem omnibus ordinibus per occasiones frequenter,,unresolved,,L04-N0040,,No explicit resp in legacy XML,No source-page match established by the audit.,,Unreviewed,,,,,Unreviewed,1970 Hathi OCR from earlier audit,,,,,
suet.aug.rolfe_lat1.xml,41,499,41.2,,no-source-match,"trecenos, Torrentius (ς); tricenos, Ω.",,,,,,,congiaria populo frequenter dedit sed diversae fere summae modo quadringenos modo trecenos,nonnumquam ducenos quinquagenosque nummos ac ne minores quidem pueros praeteriit quamvis non,,unresolved,,L04-N0041,,No explicit resp in legacy XML,No source-page match established by the audit.,,Unreviewed,,,,,Unreviewed,1970 Hathi OCR from earlier audit,,,,,
suet.aug.rolfe_lat1.xml,42,511,42.3,,no-source-match,"cesseret, ς; cesserat, Ω.",,,,,,,scribit frumentationes publicas in perpetuum abolendi quod earum fiducia cultura agrorum cessaret,neque tamen perseverasse quia certum haberet posse per ambitionem quandoque restitui atque,,unresolved,,L04-N0042,,No explicit resp in legacy XML,No source-page match established by the audit.,,Unreviewed,,,,,Unreviewed,1970 Hathi OCR from earlier audit,,,,,
suet.aug.rolfe_lat1.xml,43,517,43.1,,wording-review,"munera, added by Perizonius; circensibus ludis gladitori-isque muneribus frequentissime editis interiecit plerumque bestiarum Africanarum venationes, Roth (cf. Mon. Ancyr. iv. 39 ff. and Claud. xxi.).",1,190,228,0.9231,"munera, added by Perizonius; circensibus ludis gladitoriisque muneribus frequentissime editis interiecit plerumque
bestiarum Africanarum venationes, Roth (cf. Mon. Ancyr. iv.
39 ff. and Claud. xxi","ro modo, nec in amphitheatro, sed et in
1 cesseret, 5; cesserat, Ω.
* ",fecitque nonnumquam etiam vicatim ac pluribus scaenis per omnium linguarum histriones munera,non in foro modo nec in amphitheatro sed et in circo et,' 2\n',intervening-text-unresolved,https://babel.hathitrust.org/cgi/pt?id=uc1.32106005388886&seq=228,L04-N0043,,No explicit resp in legacy XML,Candidate OCR match only; excerpt may be clipped. Verify the complete source page.,,Unreviewed,,,,,Unreviewed,1970 Hathi OCR from earlier audit,,,,,
suet.aug.rolfe_lat1.xml,44,520,43.2,,no-source-match,"maiorum, 5; magnorum, Ω.",,,,,,,nonnumquam ex nobilissima iuventute produxit sed et troiae lusum edidit frequentissime maiorum,minorumque puerorum prisci decorique moris existimans clarae stirpis indolem sic notescere in,,unresolved,,L04-N0044,,No explicit resp in legacy XML,No source-page match established by the audit.,,Unreviewed,,,,,Unreviewed,1970 Hathi OCR from earlier audit,,,,,
suet.aug.rolfe_lat1.xml,45,520,43.2,,no-source-match,"Aesernini, Beroaldus; Asernini, Ω.",,,,,,,fecit talia edendi asinio pollione oratore graviter invidioseque in curia questo aesernini,nepotis sui casum qui et ipse crus fregerat ad scaenicas quoque et,,unresolved,,L04-N0045,,No explicit resp in legacy XML,No source-page match established by the audit.,,Unreviewed,,,,,Unreviewed,1970 Hathi OCR from earlier audit,,,,,
suet.aug.rolfe_lat1.xml,46,523,43.3,,word-match,"Lycium, mss. (lucium, R; licium, HT); L. Icium, Roth.",1,192,230,1.0,"Lycium, mss. (lucium, R; licium, HT); L. Icium, Roth","tunc
1 maiorum, ; magnorum, Ω.
2
Aesernini, Beroaldus; Asernini, 2.
• ",verum prius quam senatus consulto interdiceretur postea nihil sane praeterquam adulescentulum lycium,honeste natum exhibuit tantum ut ostenderet quod erat bipedali minor librarum septemdęcim,' ',no-marker-in-ocr,https://babel.hathitrust.org/cgi/pt?id=uc1.32106005388886&seq=230,L04-N0046,,No explicit resp in legacy XML,Candidate OCR match only; excerpt may be clipped. Verify the complete source page.,,Unreviewed,,,,,Unreviewed,1970 Hathi OCR from earlier audit,,,,,
suet.aug.rolfe_lat1.xml,47,553,45.3,,wording-review,"loco, early editions; longo, Ω.",1,198,236,0.8,"loco, early editions ; longo","struxit, etiam iure
ac dignatione urbi quodam modo pro parte aliqua
1 ",sine missione edi prohibuit coercitionem in histriones magistratibus omni tempore et loco,lege vetere permissam ademit praeterquam ludis et scaena nec tamen eo minus,' 1 ',intervening-text-unresolved,https://babel.hathitrust.org/cgi/pt?id=uc1.32106005388886&seq=236,L04-N0047,,No explicit resp in legacy XML,Candidate OCR match only; excerpt may be clipped. Verify the complete source page.,,Unreviewed,,,,,Unreviewed,1970 Hathi OCR from earlier audit,,,,,
suet.aug.rolfe_lat1.xml,48,553,45.3,,wording-review,"ludis et scaena, Stephanus; ludos et scenam, Ω.",1,198,236,0.875,"ludis et scaena, Stephanus; ludos et scenam","rbi quodam modo pro parte aliqua
1 loco, early editions ; longo, n.
2 ",omni tempore et loco lege vetere permissam ademit praeterquam ludis et scaena,nec tamen eo minus aut xysticorum certationes aut gladiatorum pugnas severissime semper,'.2\n4 ',intervening-text-unresolved,https://babel.hathitrust.org/cgi/pt?id=uc1.32106005388886&seq=236,L04-N0048,,No explicit resp in legacy XML,Candidate OCR match only; excerpt may be clipped. Verify the complete source page.,,Unreviewed,,,,,Unreviewed,1970 Hathi OCR from earlier audit,,,,,
suet.aug.rolfe_lat1.xml,49,592,50.1,,word-match,"scalpta, Ernesti; sculpta, Ω.",1,204,242,1.0,"scalpta, Ernesti; sculpta, Ω","ersus ad accusatorem
commotoque similis: ""Velim,"" inquit, ""hoc mihi
1 ",sphinge usus est mox imagine magni alexandri novissime sua dioscuridis manu scalpta,qua signare insecuti quoque principes perseverarunt ad epistulas omnis horarum quoque momenta,"',¹ '",intervening-text-unresolved,https://babel.hathitrust.org/cgi/pt?id=uc1.32106005388886&seq=242,L04-N0049,,No explicit resp in legacy XML,Candidate OCR match only; excerpt may be clipped. Verify the complete source page.,,Unreviewed,,,,,Unreviewed,1970 Hathi OCR from earlier audit,,,,,
suet.aug.rolfe_lat1.xml,50,603,51.3,,wording-review,"sed violentius, Pithoeus; sedulo lentius, MGVY; sedulo violentius, XN; sed dolentius, Bentley.",1,206,244,0.9167,"sed violentius, Pithoeus; sedulo lentius, MGVT; sedulo
violentius, XN; sed dolentius, Bentley","appellari ne a
liberis quidem aut nepotibus suis vel serio vel ioco
1 ",aut statim aut postea inquisiit tiberio quoque de eadem re sed violentius,apud se per epistulam conquerenti ita rescripsit aetati tuae mi tiberi noli,,unresolved,https://babel.hathitrust.org/cgi/pt?id=uc1.32106005388886&seq=244,L04-N0050,,No explicit resp in legacy XML,Candidate OCR match only; excerpt may be clipped. Verify the complete source page.,,Unreviewed,,,,,Unreviewed,1970 Hathi OCR from earlier audit,,,,,
suet.aug.rolfe_lat1.xml,51,609,52.1,,wording-review,"exque iis, Casaubon; ex quiis MV (ex quis, M³); the other mss. have ex quis (ex quib., S).",1,206,244,0.9444,"exque iis, Casaubon; ex quiis MV (ex quis, M²); the other
mss. have ex quis (ex quib., S","edulo lentius, MGVT; sedulo
violentius, XN; sed dolentius, Bentley.
2 ",honore atque etiam argenteas statuas olim sibi positas conflavit omnis exque iis,aureas cortinas apollini palatino dedicavit dictaturam magna vi offerente populo genu nixus,' ',no-marker-in-ocr,https://babel.hathitrust.org/cgi/pt?id=uc1.32106005388886&seq=244,L04-N0051,,No explicit resp in legacy XML,Candidate OCR match only; excerpt may be clipped. Verify the complete source page.,,Unreviewed,,,,,Unreviewed,1970 Hathi OCR from earlier audit,,,,,
suet.aug.rolfe_lat1.xml,52,618,53.2,,word-match,"adoperta, mss.; adaperta, Beroaldus (Shuckburgh).",1,208,246,1.0,"adoperta, mss.; adaperta, Beroaldus (Shuckburgh","proripienti quidam
ingesserunt licere oportere senatoribus de re p.
1 ",quem officii causa inquietaret in consulatu pedibus fere extra consulatum saepe adoperta,sella per publicum incessit promiscuis salutationibus admittebat et plebem tanta comitate adeuntium,,unresolved,https://babel.hathitrust.org/cgi/pt?id=uc1.32106005388886&seq=246,L04-N0052,,No explicit resp in legacy XML,Candidate OCR match only; excerpt may be clipped. Verify the complete source page.,,Unreviewed,,,,,Unreviewed,1970 Hathi OCR from earlier audit,,,,,
suet.aug.rolfe_lat1.xml,53,621,53.3,,word-match,"grandior iam natu] grandi iam ornatu, Ω.",1,208,246,1.0,"grandior iam natu] grandi iam ornatu, Ω","oribus de re p.
1 adoperta, mss.; adaperta, Beroaldus (Shuckburgh).
• ",exercuit nec prius dies cuiusque sollemnes frequentare desiit quam grandior iam natu,et in turba quondam sponsaliorum die vexatus gallum cerrinium senatorem minus sibi,' 2 ',intervening-text-unresolved,https://babel.hathitrust.org/cgi/pt?id=uc1.32106005388886&seq=246,L04-N0053,,No explicit resp in legacy XML,Candidate OCR match only; excerpt may be clipped. Verify the complete source page.,,Unreviewed,,,,,Unreviewed,1970 Hathi OCR from earlier audit,,,,,
suet.aug.rolfe_lat1.xml,54,621,53.3,,word-match,"id inedia, Bologna ed. of 1488; inediam,  .",1,208,246,1.0,"id inedia, Bologna ed. of 1488; inediam"," Beroaldus (Shuckburgh).
• grandior iam natu] grandi iam ornatu, Ω.
• ",senatorem minus sibi familiarem sed captum repente oculis et ob id inedia,mori destinantem praesens consolando revocavit ad vitam liv in senatu verba facienti,'\n',no-marker-in-ocr,https://babel.hathitrust.org/cgi/pt?id=uc1.32106005388886&seq=246,L04-N0054,,No explicit resp in legacy XML,Candidate OCR match only; excerpt may be clipped. Verify the complete source page.,,Unreviewed,,,,,Unreviewed,1970 Hathi OCR from earlier audit,,,,,
suet.aug.rolfe_lat1.xml,55,627,54.1,,word-match,"vir virum, Torrentius; triumvirum, Ω.",1,210,248,1.0,"vir virum, Torrentius; triumvirum, Ω","men pari iure
essent quo ceteri legibusque iudiciariis aeque teneren1 ",senatoribus de re p loqui antistius labeo senatus lectione cum vir virum,legeret m lepidum hostem olim eius et tunc exsulantem legit interrogatusque ab,' 1 ',intervening-text-unresolved,https://babel.hathitrust.org/cgi/pt?id=uc1.32106005388886&seq=248,L04-N0055,,No explicit resp in legacy XML,Candidate OCR match only; excerpt may be clipped. Verify the complete source page.,,Unreviewed,,,,,Unreviewed,1970 Hathi OCR from earlier audit,,,,,
suet.aug.rolfe_lat1.xml,56,639,56.1,,word-match,"tribu, Erasmus; tribus, Ω.",1,210,248,1.0,"tribu, Erasmus; tribus, Ω","que iudiciariis aeque teneren1 vir virum, Torrentius; triumvirum, Ω
2 ",candidatis suis circuibat supplicabatque more sollemni ferebat et ipse suffragium in tribu,ut unus e populo testem se in iudiciis et interrogari et refelli,"', '",no-marker-in-ocr,https://babel.hathitrust.org/cgi/pt?id=uc1.32106005388886&seq=248,L04-N0056,,No explicit resp in legacy XML,Candidate OCR match only; excerpt may be clipped. Verify the complete source page.,,Unreviewed,,,,,Unreviewed,1970 Hathi OCR from earlier audit,,,,,
suet.aug.rolfe_lat1.xml,57,645,56.3,,word-match,"eripere, Juncker; eriperet, Ω.",1,212,250,1.0,"eripere, Juncker; eriperet, Ω"," Palatinae
domus incendio absumptae veterani, decuriae, tribus
etc.
1 ",senatum quid officii sui putaret cunctari enim se ne si superesset eripere,legibus reum sin deesset destituere ac praedamnare amicum existimaretur et consentientibus universis,' 1 ',intervening-text-unresolved,https://babel.hathitrust.org/cgi/pt?id=uc1.32106005388886&seq=250,L04-N0057,,No explicit resp in legacy XML,Candidate OCR match only; excerpt may be clipped. Verify the complete source page.,,Unreviewed,,,,,Unreviewed,1970 Hathi OCR from earlier audit,,,,,
suet.aug.rolfe_lat1.xml,58,654,57.1,,no-source-match,"consensu] concessu,  .",,,,,,,vel necessitate expressa vel verecundia equites r natalem eius sponte atque consensu,biduo semper celebrarunt omnes ordines in lacum curti quotannis ex voto pro,,unresolved,,L04-N0058,,No explicit resp in legacy XML,No source-page match established by the audit.,,Unreviewed,,,,,Unreviewed,1970 Hathi OCR from earlier audit,,,,,
suet.aug.rolfe_lat1.xml,59,714,64.3,,word-match,"natare, mss.; notare, Lipsius.",1,220,258,1.0,"natare, mss. ; notare, Lipsius","mulque privignum
Tiberium adoptavit in foro lege curiata; ex quibus
1 ",eum quod filiam suam baias salutatum venisset nepotes et litteras et natare,aliaque rudimenta per se plerumque docuit ac nihil aeque elaboravit quam ut,,unresolved,https://babel.hathitrust.org/cgi/pt?id=uc1.32106005388886&seq=258,L04-N0059,,No explicit resp in legacy XML,Candidate OCR match only; excerpt may be clipped. Verify the complete source page.,,Unreviewed,,,,,Unreviewed,1970 Hathi OCR from earlier audit,,,,,
suet.aug.rolfe_lat1.xml,60,723,65.2,,word-match,"Phoebe, Pulmann; foede, Ω.",1,222,260,1.0,"Phoebe, Pulmann; foede, Ω","odia militum.
Cavit etiam s. c. ut eodem loci in perpetuum contine-
• ",necanda deliberavit certe cum sub idem tempus una ex consciis liberta phoebe,suspendio vitam finisset maluisse se ait phoebes patrem fuisse relegatae usum vini,' 1 ',intervening-text-unresolved,https://babel.hathitrust.org/cgi/pt?id=uc1.32106005388886&seq=260,L04-N0060,,No explicit resp in legacy XML,Candidate OCR match only; excerpt may be clipped. Verify the complete source page.,,Unreviewed,,,,,Unreviewed,1970 Hathi OCR from earlier audit,,,,,
suet.aug.rolfe_lat1.xml,61,723,65.2,,wording-review,"Phoebes, Pulmann; foedes (fedes, fede), mss.",1,222,260,0.8333,"Phoebes, Pulmann; foedes (fedes, fede","c. ut eodem loci in perpetuum contine-
• Phoebe, Pulmann; foede, Ω.
2 ",una ex consciis liberta phoebe suspendio vitam finisset maluisse se ait phoebes,patrem fuisse relegatae usum vini omnemque delicatiorem cultum ademit neque adiri a,,unresolved,https://babel.hathitrust.org/cgi/pt?id=uc1.32106005388886&seq=260,L04-N0061,,No explicit resp in legacy XML,Candidate OCR match only; excerpt may be clipped. Verify the complete source page.,,Unreviewed,,,,,Unreviewed,1970 Hathi OCR from earlier audit,,,,,
suet.aug.rolfe_lat1.xml,62,726,65.3,,wording-review,"servove, Basle ed. of 1518, in the margin; servoque, Ω.",1,222,260,0.9,"servove, Basle ed. of 1518, in the margin; servoque",", Pulmann; foede, Ω.
2 Phoebes, Pulmann; foedes (fedes, fede), ms8.
* ",usum vini omnemque delicatiorem cultum ademit neque adiri a quoquam libero servove,nisi se consulto permisit et ita ut certior fieret qua is aetate,' ',no-marker-in-ocr,https://babel.hathitrust.org/cgi/pt?id=uc1.32106005388886&seq=260,L04-N0062,,No explicit resp in legacy XML,Candidate OCR match only; excerpt may be clipped. Verify the complete source page.,,Unreviewed,,,,,Unreviewed,1970 Hathi OCR from earlier audit,,,,,
suet.aug.rolfe_lat1.xml,63,735,66.1,,wording-review,"Salvidienus] Salvidenius, ς, corrected in the Basle ed. of 1533.",1,224,262,0.9,"Salvidienus] Salvidenius, 2, corrected in the Basle ed. of
1533","finem vitae sui 2
quisque ordinis principes floruerunt, quanquam et
1 ",enim temere ex omni numero in amicitia eius afflicti reperientur praeter salvidienum,rufum quem ad consulatum usque et cornelium gallum quem ad praefecturam aegypti,' ¹ ',intervening-text-unresolved,https://babel.hathitrust.org/cgi/pt?id=uc1.32106005388886&seq=262,L04-N0063,,No explicit resp in legacy XML,Candidate OCR match only; excerpt may be clipped. Verify the complete source page.,,Unreviewed,,,,,Unreviewed,1970 Hathi OCR from earlier audit,,,,,
suet.aug.rolfe_lat1.xml,64,741,66.3,,no-source-match,"sui, ς; suae, Ω.",,,,,,,amicis quatenus vellet irasci reliqui potentia atque opibus ad finem vitae sui,quisque ordinis principes floruerunt quanquam et offensis intervenientibus desideravit enim nonnumquam ne,,unresolved,,L04-N0064,,No explicit resp in legacy XML,No source-page match established by the audit.,,Unreviewed,,,,,Unreviewed,1970 Hathi OCR from earlier audit,,,,,
suet.aug.rolfe_lat1.xml,65,741,66.3,,word-match,"frigoris, Lipsius; rigoris, mss.",1,226,264,1.0,"frigoris, Lipsius; rigoris, mss","ectus est, maluit
timiditatis arguere quam noxae, remque non minimi
1 ",et m agrippae patientiam et maecenatis taciturnitatem cum ille ex levi frigoris,suspicione et quod marcellus sibi anteferretur mytilenas se relictis omnibus contulisset hic,' 1 ',intervening-text-unresolved,https://babel.hathitrust.org/cgi/pt?id=uc1.32106005388886&seq=264,L04-N0065,,No explicit resp in legacy XML,Candidate OCR match only; excerpt may be clipped. Verify the complete source page.,,Unreviewed,,,,,Unreviewed,1970 Hathi OCR from earlier audit,,,,,
suet.aug.rolfe_lat1.xml,66,741,66.3,,word-match,"et after contulisset, mss.; omitted by Torrentius.",1,226,264,1.0,"et after contulisset, mss.; omitted by Torrentius","re quam noxae, remque non minimi
1 frigoris, Lipsius; rigoris, mss.
2 ",frigoris suspicione et quod marcellus sibi anteferretur mytilenas se relictis omnibus contulisset,hic secretum de comperta murenae coniuratione uxori terentiae prodidisset exegit et ipse,"',2\n'",intervening-text-unresolved,https://babel.hathitrust.org/cgi/pt?id=uc1.32106005388886&seq=264,L04-N0066,,No explicit resp in legacy XML,Candidate OCR match only; excerpt may be clipped. Verify the complete source page.,,Unreviewed,,,,,Unreviewed,1970 Hathi OCR from earlier audit,,,,,
suet.aug.rolfe_lat1.xml,67,750,67.1,,word-match,"Licinum, Torrentius; Licinium, mss.; et Celadum, Casaubon; enceladum, Ω.",1,226,264,1.0,"Licinum, Torrentius; Licinium, mss.; et Celadum,
Casaubon; enceladum, Ω"," rigoris, mss.
2 et after contulisset, mss.; omitted by Torrentius.
• ",et clemens multos libertorum in honore et usu maximo habuit ut licinum,et celadum aliosque cosmum servum gravissime de se opinantem non ultra quam,' ',no-marker-in-ocr,https://babel.hathitrust.org/cgi/pt?id=uc1.32106005388886&seq=264,L04-N0067,,No explicit resp in legacy XML,Candidate OCR match only; excerpt may be clipped. Verify the complete source page.,,Unreviewed,,,,,Unreviewed,1970 Hathi OCR from earlier audit,,,,,
suet.aug.rolfe_lat1.xml,68,753,67.2,,wording-review,"oneratis, Tς; onenitos, G; the other mss. have oneratos.",1,228,266,0.8889,"onenitos, G; the other mss. have oneratos","us
super festinatas Liviae nuptias obiecit et feminam
1 oneratis, Ts; ",fili per occasionem valitudinis mortisque eius superbe avareque in provincia grassatos oneratis,gravi pondere cervicibus praecipitavit in flumen lxviii prima iuventa variorum dedecorum infamiam,' 1\n',intervening-text-unresolved,https://babel.hathitrust.org/cgi/pt?id=uc1.32106005388886&seq=266,L04-N0068,,No explicit resp in legacy XML,Candidate OCR match only; excerpt may be clipped. Verify the complete source page.,,Unreviewed,,,,,Unreviewed,1970 Hathi OCR from earlier audit,,,,,
suet.aug.rolfe_lat1.xml,69,789,71.3,,word-match,"aleatorum, mss.; aleatorium, Venice ed. of 1420, and the editors generally.",1,234,272,1.0,"aleatorum, mss.; aleatorium, Venice ed. of 1420, and the
editors generally","continentissimum
constat ac sine suspicione ullius vitii. Habitavit
1 ",tiberi quinquatrus satis iucunde egimus lusimus enim per omnis dies forumque aleatorum,calfecimus frater tuus magnis clamoribus rem gessit ad summam tamen perdidit non,' 1\n',intervening-text-unresolved,https://babel.hathitrust.org/cgi/pt?id=uc1.32106005388886&seq=272,L04-N0069,,No explicit resp in legacy XML,Candidate OCR match only; excerpt may be clipped. Verify the complete source page.,,Unreviewed,,,,,Unreviewed,1970 Hathi OCR from earlier audit,,,,,
suet.aug.rolfe_lat1.xml,70,801,72.2,,word-match,"technyphion (τεχνύφιον), Bentley; tegnophion, Ω.",1,236,274,1.0,"technyphion (τεχνύφιον), Bentley; tegnophion, Ω","t supellectilis parsimonia apparet etiam nunc residuis lectis atque
1 ",agere proposuisset erat illi locus in edito singularis quem syracusas et technyphion,vocabat huc transibat aut in alicuius libertorum suburbanum aeger autem in domo,,unresolved,https://babel.hathitrust.org/cgi/pt?id=uc1.32106005388886&seq=274,L04-N0070,,No explicit resp in legacy XML,Candidate OCR match only; excerpt may be clipped. Verify the complete source page.,,Unreviewed,,,,,Unreviewed,1970 Hathi OCR from earlier audit,,,,,
suet.aug.rolfe_lat1.xml,71,810,73.1,,no-source-match,"quorum, Sabellicus; quarum, Ω.",,,,,,,eius et supellectilis parsimonia apparet etiam nunc residuis lectis atque mensis quorum,pleraque vix privatae elegantiae sint ne toro quidem cubuisse aiunt nisi humili,,unresolved,,L04-N0071,,No explicit resp in legacy XML,No source-page match established by the audit.,,Unreviewed,,,,,Unreviewed,1970 Hathi OCR from earlier audit,,,,,
suet.aug.rolfe_lat1.xml,72,816,74.1,,no-source-match,quondam] quendam X¹R.,,,,,,,in ingenuitatem post proditam sexti pompei classem ipse scribit invitasse se quondam,in cuius villa maneret qui speculator suus olim fuisset convivia nonnumquam et,,unresolved,,L04-N0072,,No explicit resp in legacy XML,No source-page match established by the audit.,,Unreviewed,,,,,Unreviewed,1970 Hathi OCR from earlier audit,,,,,
suet.aug.rolfe_lat1.xml,73,816,74.1,,word-match,"acroamata, Sabellicus; acromata, mss. (cromata, M¹).",1,238,276,1.0,"acroamata, Sabellicus; acromata, mss. (cromata, M¹","retalogos.
1
quorum, Sabellicus; quarum, 2.
2 quondam] quendam XIR.
• ",et ad communionem sermonis tacentis vel summissim fabulantis provocabat et aut acroamata,et histriones aut etiam triviales ex circo ludios interponebat ac frequentius aretalogos,' ',no-marker-in-ocr,https://babel.hathitrust.org/cgi/pt?id=uc1.32106005388886&seq=276,L04-N0073,,No explicit resp in legacy XML,Candidate OCR match only; excerpt may be clipped. Verify the complete source page.,,Unreviewed,,,,,Unreviewed,1970 Hathi OCR from earlier audit,,,,,
suet.aug.rolfe_lat1.xml,74,816,74.1,,word-match,"ludios, Beroaldus; ludos, mss.",1,238,276,1.0,"ludios, Beroaldus; ludos, mss","quendam XIR.
• acroamata, Sabellicus; acromata, mss. (cromata, M¹).
▲ ",provocabat et aut acroamata et histriones aut etiam triviales ex circo ludios,interponebat ac frequentius aretalogos lxxv festos et sollemnes dies profusissime nonnumquam tantum,,unresolved,https://babel.hathitrust.org/cgi/pt?id=uc1.32106005388886&seq=276,L04-N0074,,No explicit resp in legacy XML,Candidate OCR match only; excerpt may be clipped. Verify the complete source page.,,Unreviewed,,,,,Unreviewed,1970 Hathi OCR from earlier audit,,,,,
suet.aug.rolfe_lat1.xml,75,831,76.1,,wording-review,"bibulum, ς; bubulum, and the editors.",1,240,278,0.8333,"bubulum, and the editors","m."" Ex hac
inobservantia nonnumquam vel ante initum vel
1 bibulum, 2; ",erat atque vulgaris fere secundarium panem et pisciculos minutos et caseum bibulum,manu pressum et ficos virides biferas maxime appetebat vescebaturque et ante cenam,,unresolved,https://babel.hathitrust.org/cgi/pt?id=uc1.32106005388886&seq=278,L04-N0075,,No explicit resp in legacy XML,Candidate OCR match only; excerpt may be clipped. Verify the complete source page.,,Unreviewed,,,,,Unreviewed,1970 Hathi OCR from earlier audit,,,,,
suet.aug.rolfe_lat1.xml,76,864,79.3,,wording-review,"et a memoria, Lipsius; etiam memoriam, etiam in memoriam, mss.",1,244,282,0.9,"et a memoria, Lipsius; etiam memoriam, etiam in
memoriam"," fuisse tradit, sed
quae commoditate et aequitate membrorum occulere1 ",aquilum candidumque staturam brevem quam tamen iulius marathus libertus et a memoria,eius quinque pedum et dodrantis fuisse tradit sed quae commoditate et aequitate,' 1\n',intervening-text-unresolved,https://babel.hathitrust.org/cgi/pt?id=uc1.32106005388886&seq=282,L04-N0076,,No explicit resp in legacy XML,Candidate OCR match only; excerpt may be clipped. Verify the complete source page.,,Unreviewed,,,,,Unreviewed,1970 Hathi OCR from earlier audit,,,,,
suet.aug.rolfe_lat1.xml,77,870,80.1,,wording-review,"coxendice] coxaindice, Ω; corrected in the fifteenth century.",1,246,284,0.875,"coxendice] coxaindice, 2; corrected in the fifteenth century","Quare quassato corpore neque frigora neque aestus
facile tolerabat.
1 ",corporis adsiduoque et vehementi strigilis usu plurifariam concretis ad impetiginis formam coxendice,et femore et crure sinistro non perinde valebat ut saepe etiam inclaudicaret,' ¹ ',intervening-text-unresolved,https://babel.hathitrust.org/cgi/pt?id=uc1.32106005388886&seq=284,L04-N0077,,No explicit resp in legacy XML,Candidate OCR match only; excerpt may be clipped. Verify the complete source page.,,Unreviewed,,,,,Unreviewed,1970 Hathi OCR from earlier audit,,,,,
suet.aug.rolfe_lat1.xml,78,885,82.1,,word-match,"subucula et thorace, Beroaldus; subuculaethorace, Ω.",1,248,286,1.0,"subucula et thorace, Beroaldus; subuculaethorace, Ω","do piscabatur hamo,
modo talis aut ocellatis nucibusque ludebat cum
1 ",tolerabat lxxxii hieme quaternis cum pingui toga tunicis et subucula et thorace,laneo et feminalibus et tibialibus muniebatur aestate apertis cubiculi foribus ac saepe,' 1 ',intervening-text-unresolved,https://babel.hathitrust.org/cgi/pt?id=uc1.32106005388886&seq=286,L04-N0078,,No explicit resp in legacy XML,Candidate OCR match only; excerpt may be clipped. Verify the complete source page.,,Unreviewed,,,,,Unreviewed,1970 Hathi OCR from earlier audit,,,,,
suet.aug.rolfe_lat1.xml,79,894,83.1,,wording-review,"segestria, Roth (segestro, Cuiacius); sestertio, mss.",1,248,286,0.8333,"segestria, Roth (segestro, Cuiacius); sestertio"," ludebat cum
1 subucula et thorace, Beroaldus; subuculaethorace, Ω.
2 ",quam vectabatur et deambulabat ita ut in extremis spatiis subsultim decurreret segestria,vel lodicula involutus animi laxandi causa modo piscabatur hamo modo talis aut,' 2 ',intervening-text-unresolved,https://babel.hathitrust.org/cgi/pt?id=uc1.32106005388886&seq=286,L04-N0079,,No explicit resp in legacy XML,Candidate OCR match only; excerpt may be clipped. Verify the complete source page.,,Unreviewed,,,,,Unreviewed,1970 Hathi OCR from earlier audit,,,,,
suet.aug.rolfe_lat1.xml,80,903,84.2,,no-source-match,"absumeret, S²ς; assumeret (adsumeret), Ω.",,,,,,,extemporali facultate ac ne periculum memoriae adiret aut in ediscendo tempus absumeret,instituit recitare omnia sermones quoque cum singulis atque etiam cum livia sua,,unresolved,,L04-N0080,,No explicit resp in legacy XML,No source-page match established by the audit.,,Unreviewed,,,,,Unreviewed,1970 Hathi OCR from earlier audit,,,,,
suet.aug.rolfe_lat1.xml,81,903,84.2,,no-source-match,"scriptos, ς; scriptis, Ω.",,,,,,,quoque cum singulis atque etiam cum livia sua graviores non nisi scriptos,et e libello habebat ne plus minusve loqueretur ex tempore pronuntiabat dulci,,unresolved,,L04-N0081,,No explicit resp in legacy XML,No source-page match established by the audit.,,Unreviewed,,,,,Unreviewed,1970 Hathi OCR from earlier audit,,,,,
suet.aug.rolfe_lat1.xml,82,924,86.3,,wording-review,"iudicium, Bentley; ingenium, Y'; omitted by the other Mss.",1,254,292,0.8889,"iudicium, Bentley; ingenium, r; omitted by the other","nizare"" dicitur; item
""simus"" pro sumus et ""domos"" genetivo casu sin1 ",quam intellegant deinde ludens malum et inconstans in eligendo genere dicendi iudicium,eius addit haec tuque dubitas cimberne annius an veranius flaccus imitandi sint,,unresolved,https://babel.hathitrust.org/cgi/pt?id=uc1.32106005388886&seq=292,L04-N0082,,No explicit resp in legacy XML,Candidate OCR match only; excerpt may be clipped. Verify the complete source page.,,Unreviewed,,,,,Unreviewed,1970 Hathi OCR from earlier audit,,,,,
suet.aug.rolfe_lat1.xml,83,933,87.2,,no-source-match,"et pro pullo, S5; apud pullum,  .",,,,,,,asparagi cocuntur ponit assidue et pro stulto baceolum et pro pullo pulleiaceum,et pro cerrito vacerrosum et vapide se habere pro male et betizare,,unresolved,,L04-N0083,,No explicit resp in legacy XML,No source-page match established by the audit.,,Unreviewed,,,,,Unreviewed,1970 Hathi OCR from earlier audit,,,,,
suet.aug.rolfe_lat1.xml,84,951,89.1,,word-match,"per Arei, Salmasius; sperarei, MGVY; omitted by X.",1,256,294,1.0,"per Arei, Salmasius; sperarei, MGVY; omitted by X","queretur expedite
aut componere aliquid auderet; nam et si quid res
1 ",ab urbe iuvenis adhuc eduxerat deinde eruditione etiam varia repletus per arei,philosophi filiorumque eius dionysi et nicanoris contubernium non tamen ut aut loqueretur,,unresolved,https://babel.hathitrust.org/cgi/pt?id=uc1.32106005388886&seq=294,L04-N0084,,No explicit resp in legacy XML,Candidate OCR match only; excerpt may be clipped. Verify the complete source page.,,Unreviewed,,,,,Unreviewed,1970 Hathi OCR from earlier audit,,,,,
suet.aug.rolfe_lat1.xml,85,999,93.2,,word-match,"Hierosolyma, Burmann; Hierosolymam, mss.",1,262,300,1.0,"Hierosolyma, Burmann; Hierosolymam, mss"," nasceretur et
ipso natali die ac deinceps evenerint, quibus futura
1 ",visendum apin supersedit sed et gaium nepotem quod iudaeam praetervehens apud hierosolyma,non supplicasset conlaudavit xciv et quoniam ad haec ventum est non ab,,unresolved,https://babel.hathitrust.org/cgi/pt?id=uc1.32106005388886&seq=300,L04-N0085,,No explicit resp in legacy XML,Candidate OCR match only; excerpt may be clipped. Verify the complete source page.,,Unreviewed,,,,,Unreviewed,1970 Hathi OCR from earlier audit,,,,,
suet.aug.rolfe_lat1.xml,86,1014,94.4,,word-match,"Dormirent, mss.; domum irent, Gaevius; convenirent, Bentley; <domi> dormirent, Wissowa; etc., etc.",1,264,302,1.0,"Dormirent, mss.; domum irent, Gaevius; convenirent,
Bentley; <domi > dormirent, Wissowa; etc., etc","re eius exstitisse
maculam velut picti draconis nec potuisse umquam
1 ",sacrum media nocte venisset posita in templo lectica dum ceterae matronae dormirent,obdormisse draconem repente irrepsisse ad eam pauloque post egressum illam expergefactam quasi,"',¹ '",intervening-text-unresolved,https://babel.hathitrust.org/cgi/pt?id=uc1.32106005388886&seq=302,L04-N0086,,No explicit resp in legacy XML,Candidate OCR match only; excerpt may be clipped. Verify the complete source page.,,Unreviewed,,,,,Unreviewed,1970 Hathi OCR from earlier audit,,,,,
suet.aug.rolfe_lat1.xml,87,1020,94.6,,word-match,"flammae, mss.; flamma, Modderman.",1,266,304,1.0,"flammae, mss.; flamma, Modderman","repositus vespere
in cunas a nutricula loco plano, postera luce non
1 ",idem affirmatum est a sacerdotibus quod infuso super altaria mero tantum flammae,emicuisset ut supergressa fastigium templi ad caelum usque ferretur unique omnino magno,,unresolved,https://babel.hathitrust.org/cgi/pt?id=uc1.32106005388886&seq=304,L04-N0087,,No explicit resp in legacy XML,Candidate OCR match only; excerpt may be clipped. Verify the complete source page.,,Unreviewed,,,,,Unreviewed,1970 Hathi OCR from earlier audit,,,,,
suet.aug.rolfe_lat1.xml,88,1053,96.1,,wording-review,"atque exitum, Torrentius; at exitum, Ω.",1,272,310,1.0,"atque exitum, Torrentius; at exitum","constitit inter
haruspices, quae periculosa et adversa sacrificanti
1 ",omni exercitu futuram quandoque inter collegas discordiam talem qualis secuta est atque,exitum praesagiente eunti philippos thessalus quidam de futura victoria nuntiavit auctore divo,,unresolved,https://babel.hathitrust.org/cgi/pt?id=uc1.32106005388886&seq=310,L04-N0088,,No explicit resp in legacy XML,Candidate OCR match only; excerpt may be clipped. Verify the complete source page.,,Unreviewed,,,,,Unreviewed,1970 Hathi OCR from earlier audit,,,,,
suet.aug.rolfe_lat1.xml,89,1056,96.2,,word-match,"Eunti, supplied by Boot.",1,272,310,1.0,"Eunti, supplied by Boot","a et adversa sacrificanti
1 atque exitum, Torrentius; at exitum, 2.
* ",quandoque inter collegas discordiam talem qualis secuta est atque exitum praesagiente eunti,philippos thessalus quidam de futura victoria nuntiavit auctore divo caesare cuius sibi,,unresolved,https://babel.hathitrust.org/cgi/pt?id=uc1.32106005388886&seq=310,L04-N0089,,No explicit resp in legacy XML,Candidate OCR match only; excerpt may be clipped. Verify the complete source page.,,Unreviewed,,,,,Unreviewed,1970 Hathi OCR from earlier audit,,,,,
suet.aug.rolfe_lat1.xml,90,1056,96.2,,word-match,"Philippos, Boot; Philippo, Ω.",1,272,310,1.0,"Philippos, Boot; Philippo, Ω"," atque exitum, Torrentius; at exitum, 2.
* Eunti, supplied by Boot.
3 ",inter collegas discordiam talem qualis secuta est atque exitum praesagiente eunti philippos,thessalus quidam de futura victoria nuntiavit auctore divo caesare cuius sibi species,,unresolved,https://babel.hathitrust.org/cgi/pt?id=uc1.32106005388886&seq=310,L04-N0090,,No explicit resp in legacy XML,Candidate OCR match only; excerpt may be clipped. Verify the complete source page.,,Unreviewed,,,,,Unreviewed,1970 Hathi OCR from earlier audit,,,,,
suet.aug.rolfe_lat1.xml,91,1083,98.3,,word-match,"omnium, added by C. F. W. Müller; missilium, x'.",1,278,316,1.0,"omnium, added by C. F. W. Müller; missilium, X","ante; tamen et quinquennale certamen gymnicum honori suo institutum
1 ",praebuit permissa immo exacta iocandi licentia diripiendique pomorum et obsoniorum rerumque omnium,missilia nullo denique genere hilaritatis abstinuit vicinam capreis insulam apragopolim appellabat a,' 1 ',intervening-text-unresolved,https://babel.hathitrust.org/cgi/pt?id=uc1.32106005388886&seq=316,L04-N0091,,No explicit resp in legacy XML,Candidate OCR match only; excerpt may be clipped. Verify the complete source page.,,Unreviewed,,,,,Unreviewed,1970 Hathi OCR from earlier audit,,,,,
suet.aug.rolfe_lat1.xml,92,1089,98.5,,wording-review,"putaret, ς; the other mss. have putarit (putaverit, S).",1,278,316,0.8889,"the other mss. have putarit (putaverit, S","utum
1 omnium, added by C. F. W. Müller; missilium, X'.
* putaret, r; ",thrasyllum tiberi comitem contra accubantem et ignarum rei interrogavit cuiusnam poetae putaret,esse quo haesitante subiecit alium ὁρᾷς φάεσσι μασγάβαν τιμώμενον ac de hoc,' ',no-marker-in-ocr,https://babel.hathitrust.org/cgi/pt?id=uc1.32106005388886&seq=316,L04-N0092,,No explicit resp in legacy XML,Candidate OCR match only; excerpt may be clipped. Verify the complete source page.,,Unreviewed,,,,,Unreviewed,1970 Hathi OCR from earlier audit,,,,,
suet.aug.rolfe_lat1.xml,93,1101,99.2,,word-match,"labantes, the mss. except GP (corr. by first hand), which have labentes.",1,280,318,1.0,"labantes, the mss. except GP (corr. by first hand), which
have labentes","nt
eum in publicum.
C. Obiit in cubiculo eodem, quo pater Octavius,
1 ",se tumultus foris esset petito speculo capillum sibi comi ac malas labantes,corrigi praecepit et admissos amicos percontatus ecquid iis videretur mimum vitae commode,,unresolved,https://babel.hathitrust.org/cgi/pt?id=uc1.32106005388886&seq=318,L04-N0093,,No explicit resp in legacy XML,Candidate OCR match only; excerpt may be clipped. Verify the complete source page.,,Unreviewed,,,,,Unreviewed,1970 Hathi OCR from earlier audit,,,,,
suet.aug.rolfe_lat1.xml,94,1101,99.2,,word-match,"mimum, P2 (Beroaldus); the other mss. have minimum.",1,280,318,1.0,"mimum, P2 (Beroaldus); the other mss. have minimum","tes, the mss. except GP (corr. by first hand), which
have labentes.
2 ",malas labantes corrigi praecepit et admissos amicos percontatus ecquid iis videretur mimum,vitae commode transegisse adiecit et clausulam ἐπεὶ δὲ πάνυ καλῶς πέπαισται δότε,' ',no-marker-in-ocr,https://babel.hathitrust.org/cgi/pt?id=uc1.32106005388886&seq=318,L04-N0094,,No explicit resp in legacy XML,Candidate OCR match only; excerpt may be clipped. Verify the complete source page.,,Unreviewed,,,,,Unreviewed,1970 Hathi OCR from earlier audit,,,,,
suet.aug.rolfe_lat1.xml,95,1104,99.3,,word-match,"ab urbe, LS25; ad urbem, Ω.",1,280,318,1.0,"ab urbe, LS25; ad urbem, Ω","ave labentes.
2 mimum, P2 (Beroaldus); the other mss. have minimum.
• ",πάντες ἡμᾶς μετὰ χαρᾶς προπέμψατε omnibus deinde dimissis dum advenientes ab urbe,de drusi filia aegra interrogat repente in osculis liviae et in hac,' ',no-marker-in-ocr,https://babel.hathitrust.org/cgi/pt?id=uc1.32106005388886&seq=318,L04-N0095,,No explicit resp in legacy XML,Candidate OCR match only; excerpt may be clipped. Verify the complete source page.,,Unreviewed,,,,,Unreviewed,1970 Hathi OCR from earlier audit,,,,,
suet.aug.rolfe_lat1.xml,96,1113,100.1,,wording-review,"Appuleio, Monumentum Ancyranum; Apuleio, Ω.",1,282,320,0.8,"Appuleio, Monumentum Ancyranum; Apuleio","Nec defuit vir
praetorius, qui se effigiem cremati euntem in caelum
1 ",obiit in cubiculo eodem quo pater octavius duobus sextis pompeio et appuleio,cons xiiii kal septemb hora diei nona septuagesimo et sexto aetatis anno,"',¹ '",intervening-text-unresolved,https://babel.hathitrust.org/cgi/pt?id=uc1.32106005388886&seq=320,L04-N0096,,No explicit resp in legacy XML,Candidate OCR match only; excerpt may be clipped. Verify the complete source page.,,Unreviewed,,,,,Unreviewed,1970 Hathi OCR from earlier audit,,,,,
suet.jc.rolfe_eng1.xml,1,85,1.1,,wording-review,"85/84 B.C., according to the chronology of Suetonius, which makes the year of Caesar's birth 100 B.C. The arguments in favour of 102 are however very strong. See p. xxi.",1,2,40,0.8235,"85/84 в.с., according to the chronology of Suetonius,
which makes the year of Caesar's birth 100 в.с. The arguments in favour of 102 are however very strong","3 impetravit. Satis constat Sullam, cum deprecantibus
1 See p. xxi.
• ",i in the course of his sixteenth year,he lost his father in the next consulate having previously been nominated,' a ',letter-marker-at-anchor,https://babel.hathitrust.org/cgi/pt?id=uc1.32106005388886&seq=40,L05-N0001,,No explicit resp in legacy XML,Candidate OCR match only; excerpt may be clipped. Verify the complete source page.,,Unreviewed,,,,,Unreviewed,1970 Hathi OCR from earlier audit,,,,,
suet.jc.rolfe_eng1.xml,2,85,1.1,,word-match,"By Marius and Cinna, consuls in 86; see Vell. 2. 43. 1.",1,2,40,1.0,"By Marius and Cinna, consuls in 86; see Vell. 2. 43. 1","th 100 в.с. The arguments in favour of 102 are however very strong.
• ",of his sixteenth year he lost his father in the next consulate,having previously been nominated priest of jupiter he broke his engagement with,"', '",no-marker-in-ocr,https://babel.hathitrust.org/cgi/pt?id=uc1.32106005388886&seq=40,L05-N0002,,No explicit resp in legacy XML,Candidate OCR match only; excerpt may be clipped. Verify the complete source page.,,Unreviewed,,,,,Unreviewed,1970 Hathi OCR from earlier audit,,,,,
suet.jc.rolfe_eng1.xml,3,97,2.1,,word-match,"A chaplet of oak leaves, given for saving the life of a fellow-citizen, the Victoria Cross of antiquity.",1,4,42,1.0,"A chaplet of oak leaves, given for saving the life of a
fellow-citizen, the Victoria Cross of antiquity","ione civili Cornelium
Dolabellam consularem et triumphalem repetun-
• ",and at the storming of mytilene thermus awarded him the civic crown,iii he served too under servilius isauricus in cilicia but only for,'.a\n',letter-marker-at-anchor,https://babel.hathitrust.org/cgi/pt?id=uc1.32106005388886&seq=42,L05-N0003,,No explicit resp in legacy XML,Candidate OCR match only; excerpt may be clipped. Verify the complete source page.,,Unreviewed,,,,,Unreviewed,1970 Hathi OCR from earlier audit,,,,,
suet.jc.rolfe_eng1.xml,4,112,4.2,,no-source-match,See chap. lxxiv. 1.,,,,,,,them the punishment which he had often threatened when joking with them,he then proceeded to rhodes but as mithridates was devastating the neighbouring,,unresolved,,L05-N0004,,No explicit resp in legacy XML,No source-page match established by the audit.,,Unreviewed,,,,,Unreviewed,1970 Hathi OCR from earlier audit,,,,,
suet.jc.rolfe_eng1.xml,5,127,6.2,,word-match,"The festival of Bona Dea, from which all men were excluded.",1,8,46,1.0,"The festival of Bona Dea, from which all men were
excluded","gine ingemuit et
quasi pertaesus ignaviam suam, quod nihil dum a se
• ",access to her in woman s garb during a public religious ceremony,was so persistent that the senate decreed that the pollution of the,'\n',no-marker-in-ocr,https://babel.hathitrust.org/cgi/pt?id=uc1.32106005388886&seq=46,L05-N0005,,No explicit resp in legacy XML,Candidate OCR match only; excerpt may be clipped. Verify the complete source page.,,Unreviewed,,,,,Unreviewed,1970 Hathi OCR from earlier audit,,,,,
suet.jc.rolfe_eng1.xml,6,142,8.1,,wording-review,"The towns beyond the river Po, such as Verona, Comum, and Cremona, wished to obtain the rights of citizenship, which had been given to many of the Italian towns at the close of the Social War (89-88 B.C.).",1,10,48,0.95,"The towns beyond the river Po, such as Verona, Comum,
and Cremona, wished to obtain the rights of citizenship,
which had been given to many of the Italian towns at the
close of the Social War (89-88","consulatus resti2 tueretur.
Meminerunt huius coniurationis Tanusius
• ",were in a state of unrest and meditating a demand for citizenship,and he might have spurred them on to some rash act had,,unresolved,https://babel.hathitrust.org/cgi/pt?id=uc1.32106005388886&seq=48,L05-N0006,,No explicit resp in legacy XML,Candidate OCR match only; excerpt may be clipped. Verify the complete source page.,,Unreviewed,,,,,Unreviewed,1970 Hathi OCR from earlier audit,,,,,
suet.jc.rolfe_eng1.xml,7,160,10.1,,word-match,Forum ornare was the technical term for the display there by the aediles of the material to be used in their public shows.,1,12,50,1.0,"Forum ornare was the technical term for the display
there by the aediles of the material to be used in their
public shows"," Beroaldus;
Ambarros, Urlichs; Arvernos, Mommsen; Campanos, Madvig.
• ",death brought both their designs to naught x when aedile caesar decorated,not only the comitium and the forum with its adjacent basilicas but,,unresolved,https://babel.hathitrust.org/cgi/pt?id=uc1.32106005388886&seq=50,L05-N0007,,No explicit resp in legacy XML,Candidate OCR match only; excerpt may be clipped. Verify the complete source page.,,Unreviewed,,,,,Unreviewed,1970 Hathi OCR from earlier audit,,,,,
suet.jc.rolfe_eng1.xml,8,169,11.1,,word-match,"As iudex quaestionis, an office held by Caesar between the aedileship and the praetorship.",1,14,52,1.0,"As iudex quaestionis, an office held by Caesar between the
aedileship and the praetorship","tiosum tribunatum
senatus coercuerat, ac sorte iudex in reum ductus
• ",which sulla had long since demolished furthermore in conducting prosecutions for murder,he included in the number of murderers even those who had received,"',a\n'",letter-marker-at-anchor,https://babel.hathitrust.org/cgi/pt?id=uc1.32106005388886&seq=52,L05-N0008,,No explicit resp in legacy XML,Candidate OCR match only; excerpt may be clipped. Verify the complete source page.,,Unreviewed,,,,,Unreviewed,1970 Hathi OCR from earlier audit,,,,,
suet.jc.rolfe_eng1.xml,9,175,12.1,,wording-review,"As iudex perduellionis, or duumvir perduellionis, one of a commission of two men appointed to try cases of high treason. Of these one was selected by lot (sorte ductus) to conduct the trial, if one were necessary, and pass sentence. An appeal was allowed and the duumvir then brought the case before the comitia centuriata (in the regal period before the comitia curiata). See Livy 1. 26. 5 ff.; Cic. Rab. 4.",1,14,52,0.9722,"As iudex perduellionis, or duumvir perduellionis, one of a
commission of two men appointed to try cases of high treason.
Of these one was selected by lot (sorte ductus) to conduct the
trial, if a trial were necessary, and pass sentence. An appeal
was allowed and the duumvir then brought the case before
the comitia centuriata (in the regal period before the comitio
curiata). See Livy 1. 26. 5 ff.; Cic. Rab. 4","n office held by Caesar between the
aedileship and the praetorship.
• ",and when he had been selected by lot to sentence the accused,he did so with such eagerness that when rabirius appealed to the,"', '",no-marker-in-ocr,https://babel.hathitrust.org/cgi/pt?id=uc1.32106005388886&seq=52,L05-N0009,,No explicit resp in legacy XML,Candidate OCR match only; excerpt may be clipped. Verify the complete source page.,,Unreviewed,,,,,Unreviewed,1970 Hathi OCR from earlier audit,,,,,
suet.jc.rolfe_eng1.xml,10,181,13.1,,word-match,As governor of Egypt; see chap. xi.,1,16,54,1.0,As governor of Egypt; see chap. xi," Ac ne sic quidem
impedire rem destitit, quoad manus equitum Roman-
• ",of his judge xiii after giving up hope of the special commission,he announced his candidacy for the office of pontifex maximus resorting to,"', '",no-marker-in-ocr,https://babel.hathitrust.org/cgi/pt?id=uc1.32106005388886&seq=54,L05-N0010,,No explicit resp in legacy XML,Candidate OCR match only; excerpt may be clipped. Verify the complete source page.,,Unreviewed,,,,,Unreviewed,1970 Hathi OCR from earlier audit,,,,,
suet.jc.rolfe_eng1.xml,11,196,15.1,,no-source-match,"Namely, Gnaeus Pompeius.",,,,,,,the capitol proposing a bill for turning over the commission to another,but he withdrew the measure since he could not cope with the,,unresolved,,L05-N0011,,No explicit resp in legacy XML,No source-page match established by the audit.,,Unreviewed,,,,,Unreviewed,1970 Hathi OCR from earlier audit,,,,,
suet.jc.rolfe_eng1.xml,12,196,15.1,,word-match,"When the consuls went to the Capitol to offer sacrifice at the commencement of their term of office (on January 1), their friends escorted them to the temple and back to their homes. Caesar took advantage of the absence of the aristocrats for his attack on Catulus.",1,18,56,1.0,"When the consuls went to the Capitol to offer sacrifice at
the commencement of their term of office (on January 1),
their friends escorted them to the temple and back to their
homes. Caesar took advantage of the absence of the aristocrats for his attack on Catulus"," confluentem operamque sibi in adserenda
• Namely, Gnaeus Pompeius.
• ",they had at once dropped their attendance on the newly elected consulsnote,and hastily gathered in throngs resolved on an obstinate resistance xvi nevertheless,,unresolved,https://babel.hathitrust.org/cgi/pt?id=uc1.32106005388886&seq=56,L05-N0012,,No explicit resp in legacy XML,Candidate OCR match only; excerpt may be clipped. Verify the complete source page.,,Unreviewed,,,,,Unreviewed,1970 Hathi OCR from earlier audit,,,,,
suet.jc.rolfe_eng1.xml,13,211,17.1,,word-match,"Novius seems to have been quaesitor, a special commissioner appointed to conduct the investigation (quaestio) of the Catilinarian conspiracy; perhaps we should read quaesitorem.",1,20,58,1.0,"Novius seems to have been quaesitor, a special commissioner appointed to conduct the investigation (quaestio)
of the Catilinarian conspiracy; perhaps we should read
quaesitorem","vit
ac neque more neque iure, ante quam provinciae
1 quaestorem, 2.
• ",by being named among the accomplices of catiline both before the commissioner,novius niger by an informer called lucius vettius and in the senate,,unresolved,https://babel.hathitrust.org/cgi/pt?id=uc1.32106005388886&seq=58,L05-N0013,,No explicit resp in legacy XML,Candidate OCR match only; excerpt may be clipped. Verify the complete source page.,,Unreviewed,,,,,Unreviewed,1970 Hathi OCR from earlier audit,,,,,
suet.jc.rolfe_eng1.xml,14,220,18.1,,word-match,"That is, without waiting for the decrees of the senate which formally confirmed the appointments of the new governors, and provided them with funds and equipment.",1,22,60,1.0,"That is, without waiting for the decrees of the senate
which formally confirmed the appointments of the new
governors, and provided them with funds and equipment","ue, del. Willems, Le Sénat de la république romaine, ii. 576, N. 5.
• ",and law was on his way before the provinces were provided for,whether through fear of a private suit which was preparing against him,,unresolved,https://babel.hathitrust.org/cgi/pt?id=uc1.32106005388886&seq=60,L05-N0014,,No explicit resp in legacy XML,Candidate OCR match only; excerpt may be clipped. Verify the complete source page.,,Unreviewed,,,,,Unreviewed,1970 Hathi OCR from earlier audit,,,,,
suet.jc.rolfe_eng1.xml,15,232,19.2,,wording-review,"If silvae callesque should stand in the text, it is used in a different sense from calles in Tac. Ann. 4. 27. It seems to designate provinces where the duties of the governor would be confined to guarding the mountain-pastures and keeping the woods free from brigands. The senate would not run the risk of letting Caesar secure a province involving the command of an army. Cf. note on xxiv. 1.",1,22,60,0.9444,"If silvae callesque should stand in the text, it is used in a
different sense from calles in Tac. Ann. 4. 27. It seems to
designate provinces where the duties of the governor would
be confined to guarding the mountain-pastures and keeping
the woods free from brigands. The senate would not run the
risk of letting Caesar secure a province involving the command of an army. Cf","nts of the new
governors, and provided them with funds and equipment.
",assigned to the newly elected consuls that is mere woods and pastures,thereupon caesar especially incensed by this slight by every possible attention courted,'. ',no-marker-in-ocr,https://babel.hathitrust.org/cgi/pt?id=uc1.32106005388886&seq=60,L05-N0015,,No explicit resp in legacy XML,Candidate OCR match only; excerpt may be clipped. Verify the complete source page.,,Unreviewed,,,,,Unreviewed,1970 Hathi OCR from earlier audit,,,,,
suet.jc.rolfe_eng1.xml,16,246,20.2,,word-match,"Business could be interrupted or postponed at Rome by the announcement of an augur or a magistrate that he had seen a flash of lightning or some other adverse sign; sometimes an opponent merely announced that he would ""watch the skies"" for such omens. ",1,24,62,1.0,"Business could be interrupted or postponed at Rome by
the announcement of an augur or a magistrate that he had
seen a flash of lightning or some other adverse sign; sometimes an opponent merely announced that he would ""watch
the skies"" for such omens","arent, non Caesare
et Bibulo, sed Iulio et Caesare consulibus actum
• ",forward an agrarian law too and when his colleague announced adverse omens,he resorted to arms and drove him from the forum and when,"',"" '",no-marker-in-ocr,https://babel.hathitrust.org/cgi/pt?id=uc1.32106005388886&seq=62,L05-N0016,,No explicit resp in legacy XML,Candidate OCR match only; excerpt may be clipped. Verify the complete source page.,,Unreviewed,,,,,Unreviewed,1970 Hathi OCR from earlier audit,,,,,
suet.jc.rolfe_eng1.xml,17,246,20.2,,wording-review,"Torrentius put periocum after signurent, but such jesting would not be tolerated in actual legal documents. ",1,24,62,0.875,"Torrentius put per iocum after signarent, but such jesting
would not be tolerated in actual legal documents","nt merely announced that he would ""watch
the skies"" for such omens.
• ",fellows pretending by way of jest to sign and seal testamentary documents,wrote done in the consulship of julius and caesar instead of bibulus,"', '",no-marker-in-ocr,https://babel.hathitrust.org/cgi/pt?id=uc1.32106005388886&seq=62,L05-N0017,,No explicit resp in legacy XML,Candidate OCR match only; excerpt may be clipped. Verify the complete source page.,,Unreviewed,,,,,Unreviewed,1970 Hathi OCR from earlier audit,,,,,
suet.jc.rolfe_eng1.xml,18,249,20.3,,word-match,Through a special commission of twenty men. ,1,26,64,1.0,Through a special commission of twenty men,"in 5 from the end
of the sentence; induxit, Stephanus; inductum, Ω.
• ",revenues for the aid of the government he divided without casting lots,among twenty thousand citizens who had three or more children each when,' ',no-marker-in-ocr,https://babel.hathitrust.org/cgi/pt?id=uc1.32106005388886&seq=64,L05-N0018,,No explicit resp in legacy XML,Candidate OCR match only; excerpt may be clipped. Verify the complete source page.,,Unreviewed,,,,,Unreviewed,1970 Hathi OCR from earlier audit,,,,,
suet.jc.rolfe_eng1.xml,19,252,20.4,,word-match,"By making a speech of several hours duration; Gell. 4. 10. 8. The senate arose in a body and escorted Cato to prison, and Caesar was forced to release him. ",1,26,64,1.0,"By making a speech of several hours' duration; Gell.
4. 10. 8. The senate arose in a body and escorted Cato to
prison, and Caesar was forced to release him","Stephanus; inductum, Ω.
• Through a special commission of twenty men.
",intimidating anyone who attempted it marcus cato who tried to delay proceedings,was dragged from the house by a lictor at caesar s command,"',\n'",no-marker-in-ocr,https://babel.hathitrust.org/cgi/pt?id=uc1.32106005388886&seq=64,L05-N0019,,No explicit resp in legacy XML,Candidate OCR match only; excerpt may be clipped. Verify the complete source page.,,Unreviewed,,,,,Unreviewed,1970 Hathi OCR from earlier audit,,,,,
suet.jc.rolfe_eng1.xml,20,252,20.4,,word-match,For his conduct during the war with Mithridates. ,1,26,64,1.0,For his conduct during the war with Mithridates," and escorted Cato to
prison, and Caesar was forced to release him.
• ",to prison when lucius lucullus was somewhat too outspoken in his opposition,he filled him with such fear of malicious prosecution that lucullus actually,"', '",no-marker-in-ocr,https://babel.hathitrust.org/cgi/pt?id=uc1.32106005388886&seq=64,L05-N0020,,No explicit resp in legacy XML,Candidate OCR match only; excerpt may be clipped. Verify the complete source page.,,Unreviewed,,,,,Unreviewed,1970 Hathi OCR from earlier audit,,,,,
suet.jc.rolfe_eng1.xml,21,252,20.4,,word-match,"That is, after the close of the business day, an indication of the haste with which the adoption was rushed through. ",1,26,64,1.0,"That is, after the close of the business day, an indication
of the haste with which the adoption was rushed through","ed to release him.
• For his conduct during the war with Mithridates.
",long time been vainly striving and that too at the ninth hour,finally taking action against all the opposition in a body he bribed,'. ',no-marker-in-ocr,https://babel.hathitrust.org/cgi/pt?id=uc1.32106005388886&seq=64,L05-N0021,,No explicit resp in legacy XML,Candidate OCR match only; excerpt may be clipped. Verify the complete source page.,,Unreviewed,,,,,Unreviewed,1970 Hathi OCR from earlier audit,,,,,
suet.jc.rolfe_eng1.xml,22,270,22.2,,word-match,"Used in a double sense, the second unmentionable. ",1,30,68,1.0,"Used in a double sense, the second unmentionable","er late
codices, which have respondit; responderet, 5 (Torrentius).
• ",his opponents he would therefore from that time mount on their heads,and when someone insultingly remarked that that would be no easy matter,,unresolved,https://babel.hathitrust.org/cgi/pt?id=uc1.32106005388886&seq=68,L05-N0022,,No explicit resp in legacy XML,Candidate OCR match only; excerpt may be clipped. Verify the complete source page.,,Unreviewed,,,,,Unreviewed,1970 Hathi OCR from earlier audit,,,,,
suet.jc.rolfe_eng1.xml,23,288,24.2,,word-match,A Celtic word meaning a crested lark (Plin. N.H. 11. 37) which was the device on the helmets of the legion. ,1,32,70,1.0,"A Celtic word meaning a crested lark (Plin. N. H. 11. 37)
which was the device on the helmets of the legion","number is preserved only in V; Eutropius, 6.17, has
quadringenties.
• ",gaul and bearing a gallic name too for it was called alauda,which he trained in the roman tactics and equipped with roman arms,"'), '",no-marker-in-ocr,https://babel.hathitrust.org/cgi/pt?id=uc1.32106005388886&seq=70,L05-N0023,,No explicit resp in legacy XML,Candidate OCR match only; excerpt may be clipped. Verify the complete source page.,,Unreviewed,,,,,Unreviewed,1970 Hathi OCR from earlier audit,,,,,
suet.jc.rolfe_eng1.xml,24,297,25.1,,word-match,"Roman measure; about 3106 English miles, taking the Roman foot (296 mm.) as 0.97 English. ",1,32,70,1.0,"Roman measure; about 3106 English miles, taking the
Roman foot (296 mm.) as 0-97 English","n. N. H. 11. 37)
which was the device on the helmets of the legion.
• ",the rhine and rhone rivers a circuit of some 3 200 miles,with the exception of some allied states which had rendered him good,"', '",no-marker-in-ocr,https://babel.hathitrust.org/cgi/pt?id=uc1.32106005388886&seq=70,L05-N0024,,No explicit resp in legacy XML,Candidate OCR match only; excerpt may be clipped. Verify the complete source page.,,Unreviewed,,,,,Unreviewed,1970 Hathi OCR from earlier audit,,,,,
suet.jc.rolfe_eng1.xml,25,297,25.1,,word-match,"For this and similar sums see Index, s.v. sestertius. ",1,32,70,1.0,"For this and similar sums see Index, s.v. sestertius","106 English miles, taking the
Roman foot (296 mm.) as 0-97 English.
• ",and imposed upon it a yearly tribute of 40 000 000 sesterces,he was the first roman to build a bridge and attack the,'. ',no-marker-in-ocr,https://babel.hathitrust.org/cgi/pt?id=uc1.32106005388886&seq=70,L05-N0025,,No explicit resp in legacy XML,Candidate OCR match only; excerpt may be clipped. Verify the complete source page.,,Unreviewed,,,,,Unreviewed,1970 Hathi OCR from earlier audit,,,,,
suet.jc.rolfe_eng1.xml,26,321,27.2,,word-match,When ordinarily they would be put to death. ,1,36,74,1.0,When ordinarily they would be put to death," Ω.
3 quis, mss. except M¹ (quivis, G.).
Iam, 5; tam, MGX'; tum, Y.
• ",given up to riotous living that even he could not save them,and to these he declared in the plainest terms that what they,'; ',no-marker-in-ocr,https://babel.hathitrust.org/cgi/pt?id=uc1.32106005388886&seq=74,L05-N0026,,No explicit resp in legacy XML,Candidate OCR match only; excerpt may be clipped. Verify the complete source page.,,Unreviewed,,,,,Unreviewed,1970 Hathi OCR from earlier audit,,,,,
suet.jc.rolfe_eng1.xml,27,333,28.3,,word-match,"That is, in correcting the bill after it had been passed and filed, as explained in the following sentence, ",1,38,76,1.0,"That is, in correcting the bill after it had been passed
and filed, as explained in the following sentence","s adimeretur,
quod per ambitionem et ultra praescriptum data
esset.
• ",been inscribed on a tablet of bronze and deposited in the treasury,not content with depriving caesar of his provinces and his privilege marcellus,'. ',no-marker-in-ocr,https://babel.hathitrust.org/cgi/pt?id=uc1.32106005388886&seq=76,L05-N0027,,No explicit resp in legacy XML,Candidate OCR match only; excerpt may be clipped. Verify the complete source page.,,Unreviewed,,,,,Unreviewed,1970 Hathi OCR from earlier audit,,,,,
suet.jc.rolfe_eng1.xml,28,348,30.1,,wording-review,"When the senate passed a decree that Caesar should disband his army before a given date, the tribunes Mark Antony and Quintus Cassius exercised their privilege and vetoed it (Caesar, B.C. 1.2.6-7);  not only did the senate disregard the veto, but the tribunes were obliged to seek safety in flight (id. 1. 5, 1-2). ",1,40,78,0.9661,"When the senate passed a decree that Caesarshould disband
his army before a given date, the tribunes Mark Antony and
Quintus Cassius exercised their privilege and vetoed it (Caesar,
B.C.1.2.6-7); not only did the senate disregard the veto, but
the tribunes were obliged to seek safety in flight (id. 1.5.1-2","u constitutum esset.
Et praetextum quidem illi civilium armorum hoc
• ",against the tribunes of the commons who interposed vetoes in his behalf,now this was his excuse for the civil war but it is,'. ',no-marker-in-ocr,https://babel.hathitrust.org/cgi/pt?id=uc1.32106005388886&seq=78,L05-N0028,,No explicit resp in legacy XML,Candidate OCR match only; excerpt may be clipped. Verify the complete source page.,,Unreviewed,,,,,Unreviewed,1970 Hathi OCR from earlier audit,,,,,
suet.jc.rolfe_eng1.xml,29,361,30.5,,no-source-match,3.82,,,,,,,opinion when he wrote in the third book of his de officiis,that caesar ever had upon his lips these lines of euripides of,,unresolved,,L05-N0029,,No explicit resp in legacy XML,No source-page match established by the audit.,,Unreviewed,,,,,Unreviewed,1970 Hathi OCR from earlier audit,,,,,
suet.jc.rolfe_eng1.xml,30,361,30.5,,no-source-match,Eur. Phoenissae 524-525.,,,,,,,officiis that caesar ever had upon his lips these lines of euripides,of which cicero himself adds a version if wrong may e er,,unresolved,,L05-N0030,,No explicit resp in legacy XML,No source-page match established by the audit.,,Unreviewed,,,,,Unreviewed,1970 Hathi OCR from earlier audit,,,,,
suet.jc.rolfe_eng1.xml,31,361,30.5,,no-source-match,Way.,,,,,,,s sake were wrong most right be god in all else feared,xxxi accordingly when word came that the veto of the tribunes had,,unresolved,,L05-N0031,,No explicit resp in legacy XML,No source-page match established by the audit.,,Unreviewed,,,,,Unreviewed,1970 Hathi OCR from earlier audit,,,,,
suet.jc.rolfe_eng1.xml,32,382,33.1,,wording-review,"Knights (as well as senators) had the privilege of wearing gold ring, and must possess an estate of 400,000 sesterces. ",1,46,84,1.0,"Knights (as well as senators) had the privilege of wearing
a gold ring, and must possess an estate of 400,000 sesterces","ine exercitu.
Et quanquam obsidione Massiliae, quae sibi in itinere
• ",the right of the ring and four hundred thousand sesterces as well,xxxiv the sum total of his movements after that is in their,,unresolved,https://babel.hathitrust.org/cgi/pt?id=uc1.32106005388886&seq=84,L05-N0032,,No explicit resp in legacy XML,Candidate OCR match only; excerpt may be clipped. Verify the complete source page.,,Unreviewed,,,,,Unreviewed,1970 Hathi OCR from earlier audit,,,,,
suet.jc.rolfe_eng1.xml,33,388,34.1,,word-match,"Per tumultum is a strong expression for contra legem or extra ordinem, since the Lex Sempronia provided that the consuls be appointed to their provinces before election; cf. xix. 2. ",1,46,84,1.0,"Per tumultum is a strong expression for contra legem or
extra ordinem, since the Lex Sempronia provided that the
consuls be appointed to their provinces before election; cf.
xix, 2","wearing
a gold ring, and must possess an estate of 400,000 sesterces.
",etruria took prisoner lucius domitius who had been irregularly named his successor,and was holding corfinium with a garrison let him go free and,"', '",no-marker-in-ocr,https://babel.hathitrust.org/cgi/pt?id=uc1.32106005388886&seq=84,L05-N0033,,No explicit resp in legacy XML,Candidate OCR match only; excerpt may be clipped. Verify the complete source page.,,Unreviewed,,,,,Unreviewed,1970 Hathi OCR from earlier audit,,,,,
suet.jc.rolfe_eng1.xml,34,429,38.2,,word-match,"The prandium was the first substantial meal of the day, taken about noon; the translation ""dinner"" is used advisedly.",1,52,90,1.0,"The prandium was the first substantial meal of the day,
taken about noon; the translation ""dinner"" is used advisedly","ultorios agitaverunt
nobilissimi iuvenes. Troiam lusit turma duplex
a ",and a dole of meat and after his spanish victory two dinners,for deeming that the former of these had not been served with,'; a\n',letter-marker-at-anchor,https://babel.hathitrust.org/cgi/pt?id=uc1.32106005388886&seq=90,L05-N0034,,No explicit resp in legacy XML,Candidate OCR match only; excerpt may be clipped. Verify the complete source page.,,Unreviewed,,,,,Unreviewed,1970 Hathi OCR from earlier audit,,,,,
suet.jc.rolfe_eng1.xml,35,438,39.2,,word-match,"In token of his restoration to the rank of knight, which he forfeited by appearing on the stage; see chap. xxxiii.",1,52,90,1.0,"In token of his restoration to the rank of knight,
which he forfeited by appearing on the stage; see chap.
xxxiii","he day,
taken about noon; the translation ""dinner"" is used advisedly.
",having been presented with five hundred thousand sesterces and a gold ring,passed from the stage through the orchestra and took his place in,"',\n'",no-marker-in-ocr,https://babel.hathitrust.org/cgi/pt?id=uc1.32106005388886&seq=90,L05-N0035,,No explicit resp in legacy XML,Candidate OCR match only; excerpt may be clipped. Verify the complete source page.,,Unreviewed,,,,,Unreviewed,1970 Hathi OCR from earlier audit,,,,,
suet.jc.rolfe_eng1.xml,36,438,39.2,,wording-review,"The first fourteen rows above the orchestra, reserved for the knights by the law of L. Roscius Otho, tribune of the commons, 67 B.C.",1,52,90,0.92,"The first fourteen rows above the orchestra, reserved for
the knights by the law of L. Roscius Otho, tribune of the
commons, 67","ht,
which he forfeited by appearing on the stage; see chap.
xxxiii.
• ",stage through the orchestra and took his place in the fourteen rows,for the races the circus was lengthened at either end and a,'. ',no-marker-in-ocr,https://babel.hathitrust.org/cgi/pt?id=uc1.32106005388886&seq=90,L05-N0036,,No explicit resp in legacy XML,Candidate OCR match only; excerpt may be clipped. Verify the complete source page.,,Unreviewed,,,,,Unreviewed,1970 Hathi OCR from earlier audit,,,,,
suet.jc.rolfe_eng1.xml,37,438,39.2,,word-match,"Euripus, the strait between Euboea and Boeotia, was used also as a common noun, meaning ""a ditch"" or ""canal.""",1,52,90,1.0,"Euripus, the strait between Euboea and Boeotia, was
used also as a common noun, meaning ""a ditch"" or ""canal","ghts by the law of L. Roscius Otho, tribune of the
commons, 67 в.с.
d ",races the circus was lengthened at either end and a broad canal,was dug all about it then young men of the highest rank,,unresolved,https://babel.hathitrust.org/cgi/pt?id=uc1.32106005388886&seq=90,L05-N0037,,No explicit resp in legacy XML,Candidate OCR match only; excerpt may be clipped. Verify the complete source page.,,Unreviewed,,,,,Unreviewed,1970 Hathi OCR from earlier audit,,,,,
suet.jc.rolfe_eng1.xml,38,450,40.1,,word-match,"The year had previously consisted of 355 days, and the deficiency of about eleven days was made up by inserting an intercalary month of twenty-two or twenty-three days after February.",1,54,92,1.0,"The year had previously consisted of 355 days, and the
deficiency of about eleven days was made up by inserting an
intercalary month of twenty-two or twenty-three days after
February"," constituebantur, quindecim mensium cum
1 novis, Ursinus; nobis, Ω.
• ",consist of three hundred and sixty five days abolishing the intercalary month,and adding one day every fourth year furthermore that the correct reckoning,"',\n'",no-marker-in-ocr,https://babel.hathitrust.org/cgi/pt?id=uc1.32106005388886&seq=92,L05-N0038,,No explicit resp in legacy XML,Candidate OCR match only; excerpt may be clipped. Verify the complete source page.,,Unreviewed,,,,,Unreviewed,1970 Hathi OCR from earlier audit,,,,,
suet.jc.rolfe_eng1.xml,39,462,41.2,,no-source-match,"Plebeians, connected in some way with the treasury.",,,,,,,and senatorial orders disqualifying the third class the tribunes of the treasury,he made the enumeration of the people neither in the usual manner,,unresolved,,L05-N0039,,No explicit resp in legacy XML,No source-page match established by the audit.,,Unreviewed,,,,,Unreviewed,1970 Hathi OCR from earlier audit,,,,,
suet.jc.rolfe_eng1.xml,40,465,41.3,,wording-review,"I.e., of the commons, with reference to the distribution of grain.",1,181,219,0.6667,"of the aqueducts, of the channel of the Tiber, of the
distribution of grain","he devised new
offices: the charge of public buildings, of the roads,
",and reduced the number of those who received grain at public expense,from three hundred and twenty thousand to one hundred and fifty thousand,,unresolved,https://babel.hathitrust.org/cgi/pt?id=uc1.32106005388886&seq=219,L05-N0040,,No explicit resp in legacy XML,Candidate OCR match only; excerpt may be clipped. Verify the complete source page.,,Unreviewed,,,,,Unreviewed,1970 Hathi OCR from earlier audit,,,,,
suet.jc.rolfe_eng1.xml,41,477,42.3,,wording-review,"The derivation of parricida is uncertain, but it cannot come from pater and caedo. In early times it meant wilful murder of a freeman; XII. Tab. ap. Fest. s.v., si qui hominem liberum dolo sciens morti duit, paricidas esto; later, it was associated by popular etymology with pater and caedo, and used also in the modern sense of the word.",1,58,96,0.9836,"The derivation of parricida is uncertain, but it cannot
come from pater and caedo. In early times it meant wilful
murder of a freeman; XII. Tab. ap. Fest. 8.v., si qui hominem
liberum dolo sciens morti duit, paricidas esto; later, it was
associated by popular etymology with pater and caedo, and
used also in the modern sense of the word","adraginta, Basle ed. of 1533; LX, Casaubon; L,
Oudendorp; decem, Ω.
• ",suffered exile without any loss of property he punished murderers of freemen,by the confiscation of all their goods as cicero writes and others,,unresolved,https://babel.hathitrust.org/cgi/pt?id=uc1.32106005388886&seq=96,L05-N0041,,No explicit resp in legacy XML,Candidate OCR match only; excerpt may be clipped. Verify the complete source page.,,Unreviewed,,,,,Unreviewed,1970 Hathi OCR from earlier audit,,,,,
suet.jc.rolfe_eng1.xml,42,507,45.1,,word-match,"Epilepsy, called morbus comitialis, because an attack was regarded as sufficient cause for the postponement of elections, or other public business. Sometimes a seizure was feigned for political reasons.",1,62,100,1.0,"Epilepsy, called morbus comitialis, because an attack was
regarded as sufficient cause for the postponement of elections,
or other public business. Sometimes a seizure was feigned
for political reasons","m puerum caverent.
1 ut, supplied by Bentley, NQ5 insert after nec.
• ",to nightmare as well he was twice attacked by the falling sickness,during his campaigns he was somewhat overnice in the care of his,' ',no-marker-in-ocr,https://babel.hathitrust.org/cgi/pt?id=uc1.32106005388886&seq=100,L05-N0042,,No explicit resp in legacy XML,Candidate OCR match only; excerpt may be clipped. Verify the complete source page.,,Unreviewed,,,,,Unreviewed,1970 Hathi OCR from earlier audit,,,,,
suet.jc.rolfe_eng1.xml,43,513,45.3,,wording-review,"Latus clavus, the broad purple stripe, is also applied to a tunic with the broad stripe. All senators had the right to wear this; the peculiarity in Caesar's case consisted in the long fringed sleeves.",1,63,101,0.6667,"wear this; the peculiarity in Caesar's case consisted in the
long fringed sleeves",", when he often warned the nobles to
keep an eye on the ill-girt boy.
",was fantastic in his dress that he wore a senator s tunic,with fringed sleeves reaching to the wrist and always had a girdle,' ',no-marker-in-ocr,https://babel.hathitrust.org/cgi/pt?id=uc1.32106005388886&seq=101,L05-N0043,,No explicit resp in legacy XML,Candidate OCR match only; excerpt may be clipped. Verify the complete source page.,,Unreviewed,,,,,Unreviewed,1970 Hathi OCR from earlier audit,,,,,
suet.jc.rolfe_eng1.xml,44,513,45.3,,wording-review,"While a girdle was commonly worn with the ordinary tunic, it was not usual to wear one with the latus clavus; Quint. 2. 3. 138. The looseness of the girdle was an additional peculiarity.",1,63,101,0.9706,"While a girdle was commonly worn with the ordinary
tunic, it was not usual to wear one with the latus clavus;
Quint. XI. 3. 138. The looseness of the girdle was an additional peculiarity","peculiarity in Caesar's case consisted in the
long fringed sleeves.
• ",and always had a girdle over it though rather a loose one,and this they say was the occasion of sulla s mot when,'; ',no-marker-in-ocr,https://babel.hathitrust.org/cgi/pt?id=uc1.32106005388886&seq=101,L05-N0044,,No explicit resp in legacy XML,Candidate OCR match only; excerpt may be clipped. Verify the complete source page.,,Unreviewed,,,,,Unreviewed,1970 Hathi OCR from earlier audit,,,,,
suet.jc.rolfe_eng1.xml,45,555,50.2,,word-match,"The word play on tertia (pars) and Tertia, daughter of Servilia, as well as on the two senses of deducta, is quite untranslatable. The first meaning is given in the translation, and the second is implied in the following sentence. Cf. Macrobius, Saturnalia, 2. 2. 5.",1,68,106,1.0,"The word play on tertia (pars) and Tertia, daughter of
Servilia, as well as on the two senses of deducta, is quite
untranslatable. The first meaning is given in the translation,
and the second is implied in the following sentence. Cf.
Macrobius, Saturnalia, 2. 2. 5"," triumphat qui subegit Caesarem.
2 primo, Torrentius; proximo, mss.
• ",a better bargain than you think for there is a third off,and in fact it was thought that servilia was prostituting her own,"'."" a '",letter-marker-at-anchor,https://babel.hathitrust.org/cgi/pt?id=uc1.32106005388886&seq=106,L05-N0045,,No explicit resp in legacy XML,Candidate OCR match only; excerpt may be clipped. Verify the complete source page.,,Unreviewed,,,,,Unreviewed,1970 Hathi OCR from earlier audit,,,,,
suet.jc.rolfe_eng1.xml,46,567,52.1,,wording-review,M. Actorius Naso; see chap. 9.3.,1,70,108,0.8571,M. Actorius Naso; see chap," idque, Modderman; the greater number of the mss. have
que (=quae).
• ",as on her husband he bestowed many splendid presents as naso writes,but above all with cleopatra with whom he often feasted until daybreak,'; a ',letter-marker-at-anchor,https://babel.hathitrust.org/cgi/pt?id=uc1.32106005388886&seq=108,L05-N0046,,No explicit resp in legacy XML,Candidate OCR match only; excerpt may be clipped. Verify the complete source page.,,Unreviewed,,,,,Unreviewed,1970 Hathi OCR from earlier audit,,,,,
suet.jc.rolfe_eng1.xml,47,573,52.3,,word-match,The words liberorum quaerendorum causa are a legal formula indicating that the purpose of marriage is to beget legal heirs.,1,72,110,1.0,"The words liberorum quaerendorum causa are a legal
formula indicating that the purpose of marriage is to beget
legal heirs","t qui uni Ptolemaeo
prope sex milia talentorum suo Pompeique nomine
• ",and as many as he wished for the purpose of begetting children,but to remove all doubt that he had an evil reputation both,,unresolved,https://babel.hathitrust.org/cgi/pt?id=uc1.32106005388886&seq=110,L05-N0047,,No explicit resp in legacy XML,Candidate OCR match only; excerpt may be clipped. Verify the complete source page.,,Unreviewed,,,,,Unreviewed,1970 Hathi OCR from earlier audit,,,,,
suet.jc.rolfe_eng1.xml,48,585,54.1,,wording-review,"Caesar was in reality propraetor, but proconsul (pro consule) is sometimes used of the governor of a province, regardless of his rank.",1,72,110,0.9545,"Caesar was in reality propractor, but proconsul (pro
consule) is sometimes used of the governor of a province,
regardless of his rank","mula indicating that the purpose of marriage is to beget
legal heirs.
",as certain men have declared in their memoirs when he was proconsul,in spain he not only begged money from the allies to help,' ',no-marker-in-ocr,https://babel.hathitrust.org/cgi/pt?id=uc1.32106005388886&seq=110,L05-N0048,,No explicit resp in legacy XML,Candidate OCR match only; excerpt may be clipped. Verify the complete source page.,,Unreviewed,,,,,Unreviewed,1970 Hathi OCR from earlier audit,,,,,
suet.jc.rolfe_eng1.xml,49,588,54.2,,wording-review,"Apparently about half the usual price: see Index, s.v. sestertius.",1,72,110,0.9091,"Apparently about two-thirds the usual price: see Index,
s.v. sestertius","metimes used of the governor of a province,
regardless of his rank.
• ",and the provinces at the rate of three thousand sesterces the pound,in his first consulship he stole three thousand pounds of gold from,'. ',no-marker-in-ocr,https://babel.hathitrust.org/cgi/pt?id=uc1.32106005388886&seq=110,L05-N0049,,No explicit resp in legacy XML,Candidate OCR match only; excerpt may be clipped. Verify the complete source page.,,Unreviewed,,,,,Unreviewed,1970 Hathi OCR from earlier audit,,,,,
suet.jc.rolfe_eng1.xml,50,597,55.1,,no-source-match,Cic. Brut. 261.,,,,,,,advocates at all events when cicero reviews the orators in his brutus,he says that he does not see to whom caesar ought to,,unresolved,,L05-N0050,,No explicit resp in legacy XML,No source-page match established by the audit.,,Unreviewed,,,,,Unreviewed,1970 Hathi OCR from earlier audit,,,,,
suet.jc.rolfe_eng1.xml,51,600,55.2,,word-match,"That is, a speech in which he competed with other advocates for the right to conduct a prosecution.",1,74,112,1.0,"That is, a speech in which he competed with other advocates for the right to conduct a prosecution","its
quare).
• Cic. Brut. 261. See Trans. Amer. Phil. Assoc. xlvi. 47.
",he actually transferred some passages word for word to a trial address,of his own he is said to have delivered himself in a,' ',no-marker-in-ocr,https://babel.hathitrust.org/cgi/pt?id=uc1.32106005388886&seq=112,L05-N0051,,No explicit resp in legacy XML,Candidate OCR match only; excerpt may be clipped. Verify the complete source page.,,Unreviewed,,,,,Unreviewed,1970 Hathi OCR from earlier audit,,,,,
suet.jc.rolfe_eng1.xml,52,615,56.2,,no-source-match,Cic. Brut. 262.,,,,,,,unwritten with regard to caesar s memoirs cicero also in the brutus,speaks in the following terms he wrote memoirs which deserve the highest,,unresolved,,L05-N0052,,No explicit resp in legacy XML,No source-page match established by the audit.,,Unreviewed,,,,,Unreviewed,1970 Hathi OCR from earlier audit,,,,,
suet.jc.rolfe_eng1.xml,53,618,56.3,,word-match,"De Bell. Gall. viii, preface 5-6.",1,76,114,1.0,"De Bell. Gall. viii, preface, 5-6",", found only in 5; cf. praef. ad
1 Cuius
B.G. viii.
• Cic. Brut. 262.
",touching the subject of these same memoirs hirtius uses this emphatic language,they are so highly rated in the judgment of all men that,"': ""'",no-marker-in-ocr,https://babel.hathitrust.org/cgi/pt?id=uc1.32106005388886&seq=114,L05-N0053,,No explicit resp in legacy XML,Candidate OCR match only; excerpt may be clipped. Verify the complete source page.,,Unreviewed,,,,,Unreviewed,1970 Hathi OCR from earlier audit,,,,,
suet.jc.rolfe_eng1.xml,54,628,56.6,,word-match,"That is, Caesar reduced his reports to book form. If the book was a roll, the writing was arranged in columns, parallel with the edges (or long sides) of the roll. If it was a codex, several sheets were folded and fastened together and the writing was arranged on each page in one or two columns. His predecessors merely took a sheet, or sheets, and wrote from side to side and from top to bottom, without columns or margins.",1,78,116,1.0,"That is, Caesar reduced his reports to book form. If the
book was a roll, the writing was arranged in columns, parallel
with the edges (or long sides) of the roll. If it was a codex,
several sheets were folded and fastened together and the writing
was arranged on each page in one or two columns. His predecessors merely took a sheet, or sheets, and wrote from side
to side and from top to bottom, without columns or margins","hanus.
2 et a puero et ab, IQ; et a puero ab, R; et aituero ab, MV.
• ",reduce such documents to pages and the form of a memorial volume,whereas previously consuls and generals sent their reports written right across the,,unresolved,https://babel.hathitrust.org/cgi/pt?id=uc1.32106005388886&seq=116,L05-N0054,,No explicit resp in legacy XML,Candidate OCR match only; excerpt may be clipped. Verify the complete source page.,,Unreviewed,,,,,Unreviewed,1970 Hathi OCR from earlier audit,,,,,
suet.jc.rolfe_eng1.xml,55,643,58.1,,word-match,Through Gaius Volusenus (Caes. B. G. 4. 21. 1). Suetonius's words per se do not necessarily imply that Caesar went to Britain himself for this purpose.,1,80,118,1.0,"Through Gaius Volusenus (Caes. B. G. 4. 21. 1). Suetonius's
words per se do not necessarily imply that Caesar went to
Britain himself for this purpose","fectionem adversus
Scipionem et Iubam non distulit. Prolapsus etiam
• ",country and he did not cross to britain without making personal inquiries,about the harbours the course and the approach to the island but,' ',no-marker-in-ocr,https://babel.hathitrust.org/cgi/pt?id=uc1.32106005388886&seq=118,L05-N0055,,No explicit resp in legacy XML,Candidate OCR match only; excerpt may be clipped. Verify the complete source page.,,Unreviewed,,,,,Unreviewed,1970 Hathi OCR from earlier audit,,,,,
suet.jc.rolfe_eng1.xml,56,652,59.1,,wording-review,"The significance of this name can only be conjectured. Salutio was an actor of mimes, mentioned by Pliny, N.H. 7. 10 and 35. 2.",1,82,120,0.92,"The significance of this name can only be conjectured.
Salutio was an actor of mimes, mentioned by Pliny, N.H.
7. 54 and 35","edicavit.
1 Salvitem, L'; Salutioni,
2 auferre...umquam, only in ς.
• ",a contemptible fellow belonging to the cornelian family to whom the nickname,had been given as a reproach for his manner of life lx,' Salvito ',intervening-text-unresolved,https://babel.hathitrust.org/cgi/pt?id=uc1.32106005388886&seq=120,L05-N0056,,No explicit resp in legacy XML,Candidate OCR match only; excerpt may be clipped. Verify the complete source page.,,Unreviewed,,,,,Unreviewed,1970 Hathi OCR from earlier audit,,,,,
suet.jc.rolfe_eng1.xml,57,670,62.1,,word-match,"The standard of the legion was a silver eagle with outstretched wings, mounted on a pole which had a sharp point at the other end, so that it could be set firmly in the ground.",1,84,122,1.0,"The standard of the legion was a silver eagle with
outstretched wings, mounted on a pole which had a sharp
point at the other end, so that it could be set firmly in the
ground","sset.
* fortuna, M; the other mss. have fortuna; forma,
Torrentius.
• ",too when they were in such a panic that an eagle bearer,made a pass at him with the point as he tried to,' ',no-marker-in-ocr,https://babel.hathitrust.org/cgi/pt?id=uc1.32106005388886&seq=122,L05-N0057,,No explicit resp in legacy XML,Candidate OCR match only; excerpt may be clipped. Verify the complete source page.,,Unreviewed,,,,,Unreviewed,1970 Hathi OCR from earlier audit,,,,,
suet.jc.rolfe_eng1.xml,58,676,63.1,,word-match,"Rostratae naves, ships of war provided with brazen beaks (rostra) or rams.",1,84,122,1.0,"Rostratae naves, ships of war provided with brazen beaks
(rostra) or rams","int at the other end, so that it could be set firmly in the
ground.
• ",met by lucius cassius of the hostile party with ten armoured ships,he made no attempt to escape but went to meet cassius and,,unresolved,https://babel.hathitrust.org/cgi/pt?id=uc1.32106005388886&seq=122,L05-N0058,,No explicit resp in legacy XML,Candidate OCR match only; excerpt may be clipped. Verify the complete source page.,,Unreviewed,,,,,Unreviewed,1970 Hathi OCR from earlier audit,,,,,
suet.jc.rolfe_eng1.xml,59,742,72.1,,wording-review,"Probably some woodcutter's hut; dervorsorium means 'inn, lodging.'",1,92,130,0.8889,"Probably some woodcutter's hut; deversorium means
'inn, lodging","soriolo eo, Politianus; deversoriolo, Casaubon;
deversorio loco, Ω.
• ",was suddenly taken ill caesar gave up to him the only shelter,there was while he himself slept on the ground out of doors,' ',no-marker-in-ocr,https://babel.hathitrust.org/cgi/pt?id=uc1.32106005388886&seq=130,L05-N0059,,No explicit resp in legacy XML,Candidate OCR match only; excerpt may be clipped. Verify the complete source page.,,Unreviewed,,,,,Unreviewed,1970 Hathi OCR from earlier audit,,,,,
suet.jc.rolfe_eng1.xml,60,748,73.1,,word-match,Catull. 29 and 57.,1,94,132,1.0,Catull. 29 and 57,"ia apud eosdem
iudices omnia ex fide rettulissent; interrogatusque,
• ",inflicted a lasting stain on his name by the verses about mamurra,yet when he apologised caesar invited the poet to dinner that very,'; ',no-marker-in-ocr,https://babel.hathitrust.org/cgi/pt?id=uc1.32106005388886&seq=132,L05-N0060,,No explicit resp in legacy XML,Candidate OCR match only; excerpt may be clipped. Verify the complete source page.,,Unreviewed,,,,,Unreviewed,1970 Hathi OCR from earlier audit,,,,,
suet.jc.rolfe_eng1.xml,61,754,74.1,,word-match,See chap. i. 2.,1,94,132,1.0,See chap. i. 2,"s omnia ex fide rettulissent; interrogatusque,
• Catull. 29 and 57.
• ",them crucified since he had sworn beforehand that he would do so,but ordered that their throats be cut first he could never make,"',\n'",no-marker-in-ocr,https://babel.hathitrust.org/cgi/pt?id=uc1.32106005388886&seq=132,L05-N0061,,No explicit resp in legacy XML,Candidate OCR match only; excerpt may be clipped. Verify the complete source page.,,Unreviewed,,,,,Unreviewed,1970 Hathi OCR from earlier audit,,,,,
suet.jc.rolfe_eng1.xml,62,781,76.1,,no-source-match,At the theatre.,,,,,,,among those of the kings and a raised couch in the orchestra,but he also allowed honours to be bestowed on him which were,,unresolved,,L05-N0062,,No explicit resp in legacy XML,No source-page match established by the audit.,,Unreviewed,,,,,Unreviewed,1970 Hathi OCR from earlier audit,,,,,
suet.jc.rolfe_eng1.xml,63,781,76.1,,word-match,For carrying his statue among those of the gods.,1,98,136,1.0,For carrying his statue among those of the gods,"us
gessit contentus dictaturae potestate decretae cum
At the theatre.
",in the house and on the judgment seat a chariot and litter,in the procession at the circus temples altars and statues beside those,' ',no-marker-in-ocr,https://babel.hathitrust.org/cgi/pt?id=uc1.32106005388886&seq=136,L05-N0063,,No explicit resp in legacy XML,Candidate OCR match only; excerpt may be clipped. Verify the complete source page.,,Unreviewed,,,,,Unreviewed,1970 Hathi OCR from earlier audit,,,,,
suet.jc.rolfe_eng1.xml,64,793,77.1,,word-match,"Playing on the double meaning of cor, also regarded as the seat of intelligence.",1,100,138,1.0,"Playing on the double meaning of cor, also regarded as
the seat of intelligence","have -iis.
• Ampius, Pulmann, Torrentius; Amprius, a (Amplius,
QT).
• ",not be regarded as a portent if a beast has no heart,lxxviii but it was the following action in particular that roused deadly,"'."" a\n'",letter-marker-at-anchor,https://babel.hathitrust.org/cgi/pt?id=uc1.32106005388886&seq=138,L05-N0064,,No explicit resp in legacy XML,Candidate OCR match only; excerpt may be clipped. Verify the complete source page.,,Unreviewed,,,,,Unreviewed,1970 Hathi OCR from earlier audit,,,,,
suet.jc.rolfe_eng1.xml,65,802,78.2,,word-match,"That is, ""make me restore the republic.""",1,102,140,1.0,"That is, ""make me restore the republic","ligata, M; the other mss. have praeligatam.
2 valuit, 5; voluit, Ω.
• ",that he cried come then aquila take back the republic from me,you mighty tribune and for several days he would not make a,,unresolved,https://babel.hathitrust.org/cgi/pt?id=uc1.32106005388886&seq=140,L05-N0065,,No explicit resp in legacy XML,Candidate OCR match only; excerpt may be clipped. Verify the complete source page.,,Unreviewed,,,,,Unreviewed,1970 Hathi OCR from earlier audit,,,,,
suet.jc.rolfe_eng1.xml,66,808,79.1,,word-match,The white fillet was emblematic of royalty.,1,102,140,1.0,The white fillet was emblematic of royalty,"m.
2 valuit, 5; voluit, Ω.
• That is, ""make me restore the republic.""
",his statue a laurel wreath with a white fillet tied to it,and when epidius marullus and caesetius flavus tribunes of the commons gave,'; ',no-marker-in-ocr,https://babel.hathitrust.org/cgi/pt?id=uc1.32106005388886&seq=140,L05-N0066,,No explicit resp in legacy XML,Candidate OCR match only; excerpt may be clipped. Verify the complete source page.,,Unreviewed,,,,,Unreviewed,1970 Hathi OCR from earlier audit,,,,,
suet.jc.rolfe_eng1.xml,67,811,79.2,,word-match,"With a pun on Rex as a Roman name; cf. Horace, Serm. 1. 7, etc.",1,102,140,1.0,"With a pun on Rex as a Roman name; cf. Horace, Serm.
1. 7, etc"," restore the republic.""
The white fillet was emblematic of royalty.
• ",when they hailed him as king i am caesar and no king,and at the lupercalia when the consul antony several times attempted to,"', • '",no-marker-in-ocr,https://babel.hathitrust.org/cgi/pt?id=uc1.32106005388886&seq=140,L05-N0067,,No explicit resp in legacy XML,Candidate OCR match only; excerpt may be clipped. Verify the complete source page.,,Unreviewed,,,,,Unreviewed,1970 Hathi OCR from earlier audit,,,,,
suet.jc.rolfe_eng1.xml,68,814,79.3,,word-match,The college of fifteen priests (quindecimviri sacris faciundis) in charge of the Sybilline books.,1,104,142,1.0,"The college of fifteen priests (quindecimviri sacris
faciundis) in charge of the Sybilline books","e, cum lictor animadverti ex more
1 detineretur, MV; continetur GT.
• ",the senate lucius cotta would announce as the decision of the fifteen,that inasmuch as it was written in the books of fate that,"', '",no-marker-in-ocr,https://babel.hathitrust.org/cgi/pt?id=uc1.32106005388886&seq=142,L05-N0068,,No explicit resp in legacy XML,Candidate OCR match only; excerpt may be clipped. Verify the complete source page.,,Unreviewed,,,,,Unreviewed,1970 Hathi OCR from earlier audit,,,,,
suet.jc.rolfe_eng1.xml,69,823,80.2,,wording-review,"Bonum factum (sit) was a formula prefixed to edicts, here used in jest; cf. the similar formulas in proposals to the senate, Auy. lviii. 3, Calig. xv. 3.",1,104,142,0.9643,"Bonum factum (sit) was a formula prefixed to edicts, here
used in jest; cf. the similar formulas in proposals to the
senate, Aug. lviii. 3, Calig. xv. 3","ts (quindecimviri sacris
faciundis) in charge of the Sybilline books.
",foreigners to the senate a placard was posted god bless the commonwealth,let no one consent to point out the house to a newly,'! ',no-marker-in-ocr,https://babel.hathitrust.org/cgi/pt?id=uc1.32106005388886&seq=142,L05-N0069,,No explicit resp in legacy XML,Candidate OCR match only; excerpt may be clipped. Verify the complete source page.,,Unreviewed,,,,,Unreviewed,1970 Hathi OCR from earlier audit,,,,,
suet.jc.rolfe_eng1.xml,70,823,80.2,,word-match,See note on xlv. 3.,1,104,142,1.0,See note on xlv. 3,"r formulas in proposals to the
senate, Aug. lviii. 3, Calig. xv. 3. • ",then the gauls put off their breeches and put on the laticlave,when quintus maximus whom he had appointed consul in his place for,"'.""c\n'",letter-marker-at-anchor,https://babel.hathitrust.org/cgi/pt?id=uc1.32106005388886&seq=142,L05-N0070,,No explicit resp in legacy XML,Candidate OCR match only; excerpt may be clipped. Verify the complete source page.,,Unreviewed,,,,,Unreviewed,1970 Hathi OCR from earlier audit,,,,,
suet.jc.rolfe_eng1.xml,71,835,80.4,,word-match,"The pons suffragiorum, a temporary bridge of planks over which the voters passed one by one, to cast their ballots; Cic. Ad Att. i. 14; Ovid, Fasti, v. 634.",1,106,144,1.0,"The pons suffragiorum, a temporary bridge of planks
over which the voters passed one by one, to cast their
ballots; Cic. Ad Att. i. 14; Ovid, Fasti, v. 634","tur Capys conditor
Capuae sepultus, inventa est conscripta litteris
• ",the campus martius so that while some hurled him from the bridge,as he summoned the tribes to vote the rest might wait below,' ',no-marker-in-ocr,https://babel.hathitrust.org/cgi/pt?id=uc1.32106005388886&seq=144,L05-N0071,,No explicit resp in legacy XML,Candidate OCR match only; excerpt may be clipped. Verify the complete source page.,,Unreviewed,,,,,Unreviewed,1970 Hathi OCR from earlier audit,,,,,
suet.jc.rolfe_eng1.xml,72,847,81.3,,wording-review,"Properly said of a temple; according to Florus, 4. 2. 91; one of the honours bestowed on Caesar was fastigium in domo; cf. Plutarch, Caesar, Ixiii.",1,108,146,0.9615,"Properly said of a temple; according to Florus, 4. 2. 91;
one of the honours bestowed on Caesar was fastigium in domo ;
cf. Plutarch, Caesar",", Turnebus, Bentley; ilio, MHGT; the other mss.
have iulo or iulio.
• ",the hand of jupiter and his wife calpurnia thought that the pediment,of their house fell and that her husband was stabbed in her,' ',no-marker-in-ocr,https://babel.hathitrust.org/cgi/pt?id=uc1.32106005388886&seq=146,L05-N0072,,No explicit resp in legacy XML,Candidate OCR match only; excerpt may be clipped. Verify the complete source page.,,Unreviewed,,,,,Unreviewed,1970 Hathi OCR from earlier audit,,,,,
suet.jc.rolfe_eng1.xml,73,856,82.1,,word-match,"Possibly ""from behind,"" though it is hard to see how a wound paulo infra iugulum could have been dealt from that position. Aversum has better mss. authority than adversum, is a priori more probable, and is supported by Plutarch's version; but it may mean ""turned away.""",1,110,148,1.0,"Possibly ""from behind,"" though it is hard to see how a
wound paulo infra iugulum could have been dealt from that
position. Aversum has better mss. authority than adversum,
is a priori more probable, and is supported by Plutarch's
version; but it may mean ""turned away","voli
domum rettulerunt. Nec in tot vulneribus, ut
1 adversum, GVOR.
• ",of the cascas stabbed him from one side just below the throat,caesar caught casca s arm and ran it through with his stylus,'. ',no-marker-in-ocr,https://babel.hathitrust.org/cgi/pt?id=uc1.32106005388886&seq=148,L05-N0073,,No explicit resp in legacy XML,Candidate OCR match only; excerpt may be clipped. Verify the complete source page.,,Unreviewed,,,,,Unreviewed,1970 Hathi OCR from earlier audit,,,,,
suet.jc.rolfe_eng1.xml,74,859,82.2,,word-match,"A pointed instrument of bone or metal, for writing on waxen tablets.",1,110,148,1.0,"A pointed instrument of bone or metal, for writing on
waxen tablets"," is supported by Plutarch's
version; but it may mean ""turned away.""
• ",caesar caught casca s arm and ran it through with his stylus,but as he tried to leap to his feet he was stopped,"', '",no-marker-in-ocr,https://babel.hathitrust.org/cgi/pt?id=uc1.32106005388886&seq=148,L05-N0074,,No explicit resp in legacy XML,Candidate OCR match only; excerpt may be clipped. Verify the complete source page.,,Unreviewed,,,,,Unreviewed,1970 Hathi OCR from earlier audit,,,,,
suet.jc.rolfe_eng1.xml,75,874,83.2,,word-match,To inherit a share of his estate in the event of the death of the heirs in the first degree or their refusal to accept the inheritance; it was often a mere compliment.,1,112,150,1.0,"To inherit a share of his estate in the event of the death
of the heirs in the first degree or their refusal to accept the
inheritance; it was often a mere compliment","a, quia suffec1 reliquo, T (Lipsius); the other mss. have reliquos.
• ",him and decimus brutus even among his heirs in the second degree,to the people he left his gardens near the tiber for their,'.a\n',letter-marker-at-anchor,https://babel.hathitrust.org/cgi/pt?id=uc1.32106005388886&seq=150,L05-N0075,,No explicit resp in legacy XML,Candidate OCR match only; excerpt may be clipped. Verify the complete source page.,,Unreviewed,,,,,Unreviewed,1970 Hathi OCR from earlier audit,,,,,
suet.jc.rolfe_eng1.xml,76,886,84.3,,word-match,Cf. the apparition at the Rubicon; chap. xxxii.,1,114,152,1.0,Cf. the apparition at the Rubicon; chap. xxxii,"bant, et liberorum
bullas atque praetextas.
1 Atilii, 5; Acilii, Ω.
• ",and others in the hall of pompey on a sudden two beings,with swords by their sides and brandishing a pair of darts set,' ',no-marker-in-ocr,https://babel.hathitrust.org/cgi/pt?id=uc1.32106005388886&seq=152,L05-N0076,,No explicit resp in legacy XML,Candidate OCR match only; excerpt may be clipped. Verify the complete source page.,,Unreviewed,,,,,Unreviewed,1970 Hathi OCR from earlier audit,,,,,
suet.jc.rolfe_eng1.xml,77,892,84.5,,word-match,"Caesar was beloved by the Jews, not only because he had overthrown Pompey, who had violated their Holy of Holies, but because of many acts of kindness besides.",1,116,154,1.0,"Caesar was beloved by the Jews, not only because he had
overthrown Pompey, who had violated their Holy of Holies,
but because of many acts of kindness besides","tum etiam, supplied by Roth, except semper,
which was added by Ihm.
• ",lamenting each after the fashion of his country above all the jews,who even flocked to the place for several successive nights lxxxv immediately,"', '",no-marker-in-ocr,https://babel.hathitrust.org/cgi/pt?id=uc1.32106005388886&seq=154,L05-N0077,,No explicit resp in legacy XML,Candidate OCR match only; excerpt may be clipped. Verify the complete source page.,,Unreviewed,,,,,Unreviewed,1970 Hathi OCR from earlier audit,,,,,
suet.jc.rolfe_eng1.xml,78,913,87.1,,no-source-match,"Cyropedeia, 8. 7.",,,,,,,a death as he met for once when he read in xenophon,how cyrus in his last illness gave directions for his funeral he,,unresolved,,L05-N0078,,No explicit resp in legacy XML,No source-page match established by the audit.,,Unreviewed,,,,,Unreviewed,1970 Hathi OCR from earlier audit,,,,,
suet.jc.rolfe_eng1.xml,79,919,88.1,,word-match,About an hour before sunset.,1,118,156,1.0,About an hour before sunset,"crato, Basle ed. of 1546; primo conse.
cratos, Ω.
a
Cyropedeia, 8. 7.
",a comet shone for seven successive nights rising about the eleventh hour,and was believed to be the soul of caesar who had been,"', '",no-marker-in-ocr,https://babel.hathitrust.org/cgi/pt?id=uc1.32106005388886&seq=156,L05-N0079,,No explicit resp in legacy XML,Candidate OCR match only; excerpt may be clipped. Verify the complete source page.,,Unreviewed,,,,,Unreviewed,1970 Hathi OCR from earlier audit,,,,,
suet.jc.rolfe_lat1.xml,1,84,1.1,,no-source-match,See p. xxi.,,,,,,,,i annum agens sextum decimum patrem amisit sequentibusque consulibus flamen dialis destinatus,,unresolved,,L06-N0001,,No explicit resp in legacy XML,No source-page match established by the audit.,,Unreviewed,,,,,Unreviewed,1970 Hathi OCR from earlier audit,,,,,
suet.jc.rolfe_lat1.xml,2,154,9.3,,word-match,"Ambranos] Lambranos, Sabellicus; Ambrones, Beroaldus; Ambarros, Urlichs; Arvernos, Mommsen; Campanos, Madvig.",1,12,50,1.0,"Ambranos] Lambranos, Sabellicus; Ambrones, Beroaldus;
Ambarros, Urlichs; Arvernos, Mommsen; Campanos, Madvig","tantum Castoris vocaretur, ita suam Caesarisque munificentiam unius
1 ",ut simul foris ille ipse romae ad res novas consurgerent per ambranos,et transpadanos destitutum utriusque consilium morte pisonis x aedilis praeter comitium ac,' ¹ ',intervening-text-unresolved,https://babel.hathitrust.org/cgi/pt?id=uc1.32106005388886&seq=50,L06-N0002,,No explicit resp in legacy XML,Candidate OCR match only; excerpt may be clipped. Verify the complete source page.,,Unreviewed,,,,,Unreviewed,1970 Hathi OCR from earlier audit,,,,,
suet.jc.rolfe_lat1.xml,3,211,17.1,,no-source-match,"quaestorem, Ω.",,,,,,,in discrimen aliud inter socios catilinae nominatus et apud novium nigrum quaestorem,a lucio vettio indice et in senatu a quinto curio cui quod,,unresolved,,L06-N0003,,No explicit resp in legacy XML,No source-page match established by the audit.,,Unreviewed,,,,,Unreviewed,1970 Hathi OCR from earlier audit,,,,,
suet.jc.rolfe_lat1.xml,4,220,18.1,,word-match,"ornarentur, Lambinus; ordinarentur, Ω.",1,22,60,1.0,"ornarentur, Lambinus; ordinarentur, Ω"," est silvae callesque, decernerentur. Qua maxime iniuria instinctus
1 ",interventu sponsorum removit ac neque more neque iure ante quam provinciae ornarentur,profectus est incertum metune iudicii quod privato parabatur an quo maturius sociis,,unresolved,https://babel.hathitrust.org/cgi/pt?id=uc1.32106005388886&seq=60,L06-N0004,,No explicit resp in legacy XML,Candidate OCR match only; excerpt may be clipped. Verify the complete source page.,,Unreviewed,,,,,Unreviewed,1970 Hathi OCR from earlier audit,,,,,
suet.jc.rolfe_lat1.xml,5,232,19.2,,word-match,"id est ... callesque, del. Willems, Le Sénat de la république romaine, ii. 576, N. 5.",1,22,60,1.0,"id est. callesque, del. Willems, Le Sénat de la république romaine, ii. 576, N. 5","axime iniuria instinctus
1 ornarentur, Lambinus; ordinarentur, Ω.
•
2 ",data est ut provinciae futuris consulibus minimi negotii id est silvae callesque,decernerentur qua maxime iniuria instinctus omnibus officiis gnaeum pompeium adsectatus est offensum,"', '",no-marker-in-ocr,https://babel.hathitrust.org/cgi/pt?id=uc1.32106005388886&seq=60,L06-N0005,,No explicit resp in legacy XML,Candidate OCR match only; excerpt may be clipped. Verify the complete source page.,,Unreviewed,,,,,Unreviewed,1970 Hathi OCR from earlier audit,,,,,
suet.jc.rolfe_lat1.xml,6,247,20.2,,word-match,"bis... cognomine, regarded as a gloss by Lipsius and others. ",1,26,64,1.0,"bis...cognomine, regarded as a gloss by Lipsius and others","versos diversae
factionis [indicem] induxit praemiis, ut se de infer1 ",non caesare et bibulo sed iulio et caesare consulibus actum scriberent bis,eundem praeponentes nomine atque cognomine utque vulgo mox ferrentur hi versus non,,unresolved,https://babel.hathitrust.org/cgi/pt?id=uc1.32106005388886&seq=64,L06-N0006,,No explicit resp in legacy XML,Candidate OCR match only; excerpt may be clipped. Verify the complete source page.,,Unreviewed,,,,,Unreviewed,1970 Hathi OCR from earlier audit,,,,,
suet.jc.rolfe_lat1.xml,7,250,20.3,,word-match,"ad, Casaubon; ac, Ω. ",1,26,64,1.0,"ad, Casaubon; ac, Ω"," infer1 bis...cognomine, regarded as a gloss by Lipsius and others.
2 ",agrumque campanum ad subsidia rei publicae vectigalem relictum divisit extra sortem ad,viginti milibus civium quibus terni pluresve liberi essent publicanos remissionem petentis tertia,' 2 ',intervening-text-unresolved,https://babel.hathitrust.org/cgi/pt?id=uc1.32106005388886&seq=64,L06-N0007,,No explicit resp in legacy XML,Candidate OCR match only; excerpt may be clipped. Verify the complete source page.,,Unreviewed,,,,,Unreviewed,1970 Hathi OCR from earlier audit,,,,,
suet.jc.rolfe_lat1.xml,8,256,20.5,,wording-review,"indicem, omitted in Ω; induxit, Stephanus; inductum, Ω. ",1,26,64,0.875,"induxit, Stephanus; inductum, Ω","icem, omitted in 2 and conjectured in 5 from the end
of the sentence; ",nitentem eodem die horaque nona transduxit postremo in universos diversae factionis indicem,induxit praemiis ut se de inferenda pompeio nece sollicitatum a quibusdam profiteretur,'] ',no-marker-in-ocr,https://babel.hathitrust.org/cgi/pt?id=uc1.32106005388886&seq=64,L06-N0008,,No explicit resp in legacy XML,Candidate OCR match only; excerpt may be clipped. Verify the complete source page.,,Unreviewed,,,,,Unreviewed,1970 Hathi OCR from earlier audit,,,,,
suet.jc.rolfe_lat1.xml,9,268,22.1,,word-match,"cuius] quae et, Bentley; quae sibi, Kiessling. Of the various emendations of the passage cuius triumphorum none is convincing. The general sense is, however, clear. ",1,28,66,1.0,"cuius] quae et, Bentley; quae sibi, Kiessling. Of the
various emendations of the passage cuius triumphorum
none is convincing. The general sense is, however, clear","t gementibus adversariis adeptum se quae concupisset, proinde ex eo
1 ",socero igitur generoque suffragantibus ex omni provinciarum copia gallias potissimum elegit cuius,emolumento et oportunitate idonea sit materia triumphorum et initio quidem galliam cisalpinam,,unresolved,https://babel.hathitrust.org/cgi/pt?id=uc1.32106005388886&seq=66,L06-N0009,,No explicit resp in legacy XML,Candidate OCR match only; excerpt may be clipped. Verify the complete source page.,,Unreviewed,,,,,Unreviewed,1970 Hathi OCR from earlier audit,,,,,
suet.jc.rolfe_lat1.xml,10,271,22.2,,wording-review,"responderit, all the mss., except p and some other late codices, which have respondit; responderet, σ (Torrentius). ",1,30,68,0.9412,"responderit, all the mss., except p and some other late
codices, which have respondit; responderet","bem provinciae suae
Lucam extractos conpulit, ut detrudendi Domitii
1 ",capitibus ac negante quodam per contumeliam facile hoc ulli feminae fore responderit,quasi adludens in suria quoque regnasse sameramin magnamque asiae partem amazonas tenuisse,,unresolved,https://babel.hathitrust.org/cgi/pt?id=uc1.32106005388886&seq=68,L06-N0010,,No explicit resp in legacy XML,Candidate OCR match only; excerpt may be clipped. Verify the complete source page.,,Unreviewed,,,,,Unreviewed,1970 Hathi OCR from earlier audit,,,,,
suet.jc.rolfe_lat1.xml,11,286,24.1,,word-match,per added by Roth. ,1,32,70,1.0,per added by Roth,"cato adgressus maximis adfecit cladibus; adgressus est et Britannos
1 ",lucam extractos conpulit ut detrudendi domitii causa consulatum alterum peterent perfecitque per,utrumque ut in quinquennium sibi imperium prorogaretur qua fiducia ad legiones quas,' 1 ',intervening-text-unresolved,https://babel.hathitrust.org/cgi/pt?id=uc1.32106005388886&seq=70,L06-N0011,,No explicit resp in legacy XML,Candidate OCR match only; excerpt may be clipped. Verify the complete source page.,,Unreviewed,,,,,Unreviewed,1970 Hathi OCR from earlier audit,,,,,
suet.jc.rolfe_lat1.xml,12,292,24.3,,word-match,ne added by Erasmus. ,1,32,70,1.0,ne added by Erasmus,"s adfecit cladibus; adgressus est et Britannos
1 per added by Roth. 2 ",et ornatam postea universam civitate donavit nec deinde ulla belli occasione ne,iniusti quidem ac periculosi abstinuit tam foederatis quam infestis ac feris gentibus,' ',no-marker-in-ocr,https://babel.hathitrust.org/cgi/pt?id=uc1.32106005388886&seq=70,L06-N0012,,No explicit resp in legacy XML,Candidate OCR match only; excerpt may be clipped. Verify the complete source page.,,Unreviewed,,,,,Unreviewed,1970 Hathi OCR from earlier audit,,,,,
suet.jc.rolfe_lat1.xml,13,292,24.3,,word-match,"cedentibus, 5; decedentibus, Ω. ",1,32,70,1.0,"cedentibus, 5; decedentibus, Ω","ressus est et Britannos
1 per added by Roth. 2 ne added by Erasmus.
* ",galliarum mittendos decreverit ac nonnulli dedendum eum hostibus censuerint sed prospere cedentibus,rebus et saepius et plurium quam quisquam umquam dierum supplicationes impetravit xxv,' ',no-marker-in-ocr,https://babel.hathitrust.org/cgi/pt?id=uc1.32106005388886&seq=70,L06-N0013,,No explicit resp in legacy XML,Candidate OCR match only; excerpt may be clipped. Verify the complete source page.,,Unreviewed,,,,,Unreviewed,1970 Hathi OCR from earlier audit,,,,,
suet.jc.rolfe_lat1.xml,14,298,25.1,,word-match,"The number is preserved only in V; Eutropius, 6.17, has quadringenties. ",1,32,70,1.0,"The number is preserved only in V; Eutropius, 6.17, has
quadringenties","d by Roth. 2 ne added by Erasmus.
* cedentibus, 5; decedentibus, Ω.
• ",praeter socias ac bene meritas civitates in provinciae formam redegit eique cccc,in singulos annos stipendii nomine inposuit germanos qui trans rhenum incolunt primus,,unresolved,https://babel.hathitrust.org/cgi/pt?id=uc1.32106005388886&seq=70,L06-N0014,,No explicit resp in legacy XML,Candidate OCR match only; excerpt may be clipped. Verify the complete source page.,,Unreviewed,,,,,Unreviewed,1970 Hathi OCR from earlier audit,,,,,
suet.jc.rolfe_lat1.xml,15,310,26.2,,word-match,"maxima, G.; the other mss. have maxime. ",1,34,72,1.0,"maxima, G.; the other mss. have maxime","xpectatio esset,
ea quae ad epulum pertinerent, quamvis macellariis
1 ",pronuntiavit in filiae memoriam quod ante eum nemo quorum ut quam maxima,expectatio esset ea quae ad epulum pertinerent quamvis macellariis ablocata etiam domesticatim,,unresolved,https://babel.hathitrust.org/cgi/pt?id=uc1.32106005388886&seq=72,L06-N0015,,No explicit resp in legacy XML,Candidate OCR match only; excerpt may be clipped. Verify the complete source page.,,Unreviewed,,,,,Unreviewed,1970 Hathi OCR from earlier audit,,,,,
suet.jc.rolfe_lat1.xml,16,313,26.3,,no-source-match,"e praeda, Roth; et praedia, Ω. ",,,,,,,esset etiam sine modo mensuraque praebuit ac singula interdum mancipia e praeda,viritim dedit xxvii ad retinendam autem pompei necessitudinem ac voluntatem octaviam sororis,,unresolved,,L06-N0016,,No explicit resp in legacy XML,No source-page match established by the audit.,,Unreviewed,,,,,Unreviewed,1970 Hathi OCR from earlier audit,,,,,
suet.jc.rolfe_lat1.xml,17,319,27.1,,no-source-match,"prosequebatur, L²T₅; persequebatur, Ω. ",,,,,,,ordinum genere vel invitatos vel sponte ad se commeantis uberrimo congiario prosequebatur,libertos insuper servulosque cuiusque prout domino patronove gratus quis esset iam reorum,,unresolved,,L06-N0017,,No explicit resp in legacy XML,No source-page match established by the audit.,,Unreviewed,,,,,Unreviewed,1970 Hathi OCR from earlier audit,,,,,
suet.jc.rolfe_lat1.xml,18,319,27.1,,word-match,"quis, mss. except M¹ (quivis, G.). ",1,36,74,1.0,"quis, mss. except M¹ (quivis, G","y Ursinus; et praedia, Ω.
2 prosequebatur, L2T's; persequebatur, Ω.
3 ",uberrimo congiario prosequebatur libertos insuper servulosque cuiusque prout domino patronove gratus quis,esset iam reorum aut obaeratorum aut prodigae iuventutis subsidium unicum ac promptissimum,,unresolved,https://babel.hathitrust.org/cgi/pt?id=uc1.32106005388886&seq=74,L06-N0018,,No explicit resp in legacy XML,Candidate OCR match only; excerpt may be clipped. Verify the complete source page.,,Unreviewed,,,,,Unreviewed,1970 Hathi OCR from earlier audit,,,,,
suet.jc.rolfe_lat1.xml,19,322,27.2,,no-source-match,"Iam, 5; tam, MGX¹; tum, Y. ",,,,,,,prosequebatur libertos insuper servulosque cuiusque prout domino patronove gratus quis esset iam,reorum aut obaeratorum aut prodigae iuventutis subsidium unicum ac promptissimum erat nisi,,unresolved,,L06-N0019,,No explicit resp in legacy XML,No source-page match established by the audit.,,Unreviewed,,,,,Unreviewed,1970 Hathi OCR from earlier audit,,,,,
suet.jc.rolfe_lat1.xml,20,355,30.2,,word-match,"sui, MGX'; suo, T. ",1,42,80,1.0,"sui, MGX'; suo, T","st ius, regnandi gratia
violandum est; aliis rebus pietatem colas.""
1 ",neque opera consummare quae instituerat neque populi expectationem quam de adventu sui,fecerat privatis opibus explere posset turbare omnia ac permiscere voluisse alii timuisse,,unresolved,https://babel.hathitrust.org/cgi/pt?id=uc1.32106005388886&seq=80,L06-N0020,,No explicit resp in legacy XML,Candidate OCR match only; excerpt may be clipped. Verify the complete source page.,,Unreviewed,,,,,Unreviewed,1970 Hathi OCR from earlier audit,,,,,
suet.jc.rolfe_lat1.xml,21,364,30.5,,word-match,"after habuisse the mss. have the gloss, est in Phoenissis: εἴπερ γὰρ ἀδικεῖν χρή, τυραννίδος πέρι κάλλιστον ἀδίκημα· τὰ δ᾽ ἄλλα εὐσεβεῖν χρεών. ",1,42,80,1.0,"after habuisse the mss. have the gloss, est in Phoenissis :
εἴπερ γὰρ ἀδικεῖν χρή, τυραννίδος πέρι κάλλιστον ἀδίκημα· τὰ δ᾽
ἄλλα εὐσεβεῖν χρεών","ia
violandum est; aliis rebus pietatem colas.""
1 sui, MGX'; suo, T.
• ",et cicero scribens de officiis tertio libro semper caesarem in ore habuisse,euripidis versus quos sic ipse convertit nam si violandum est ius regnandi,' 2 ',intervening-text-unresolved,https://babel.hathitrust.org/cgi/pt?id=uc1.32106005388886&seq=80,L06-N0021,,No explicit resp in legacy XML,Candidate OCR match only; excerpt may be clipped. Verify the complete source page.,,Unreviewed,,,,,Unreviewed,1970 Hathi OCR from earlier audit,,,,,
suet.jc.rolfe_lat1.xml,22,364,30.5,,no-source-match,"regnandi, supplied by ς.",,,,,,,euripidis versus quos sic ipse convertit nam si violandum est ius regnandi,gratia violandum est aliis rebus pietatem colas xxxi cum ergo sublatam tribunorum,,unresolved,,L06-N0022,,No explicit resp in legacy XML,No source-page match established by the audit.,,Unreviewed,,,,,Unreviewed,1970 Hathi OCR from earlier audit,,,,,
suet.jc.rolfe_lat1.xml,23,370,31.1,,wording-review,"esset, G.; est, T'; the other mss. omit the word. ",1,44,82,0.9,"esset, G; est, r'; the other mss. omit the word","u, adhibitis
tribunis plebis, qui pulsi supervenerant, pro contione
1 ",colas xxxi cum ergo sublatam tribunorum intercessionem ipsosque urbe cessisse nuntiatum esset,praemissis confestim clam cohortibus ne qua suspicio moveretur et spectaculo publico per,"',¹\n'",intervening-text-unresolved,https://babel.hathitrust.org/cgi/pt?id=uc1.32106005388886&seq=82,L06-N0023,,No explicit resp in legacy XML,Candidate OCR match only; excerpt may be clipped. Verify the complete source page.,,Unreviewed,,,,,Unreviewed,1970 Hathi OCR from earlier audit,,,,,
suet.jc.rolfe_lat1.xml,24,379,32.1,,wording-review,"prosilivit, ΜIT; the other mss. have prosiluit. ",1,44,82,0.8571,the other mss. have prosiluit,"1 esset, G; est, r'; the other mss. omit the word.
* prosilivit, ΜΠΤ; ",stationibus milites concurrissent interque eos et aeneatores rapta ab uno tuba prosilivit,ad flumen et ingenti spiritu classicum exorsus pertendit ad alteram ripam tunc,' 2 ',intervening-text-unresolved,https://babel.hathitrust.org/cgi/pt?id=uc1.32106005388886&seq=82,L06-N0024,,No explicit resp in legacy XML,Candidate OCR match only; excerpt may be clipped. Verify the complete source page.,,Unreviewed,,,,,Unreviewed,1970 Hathi OCR from earlier audit,,,,,
suet.jc.rolfe_lat1.xml,25,407,35.2,,word-match,"rebellantem, Bentley; cf. Eutr. 6.22.3.",1,48,86,1.0,"rebellantem, Bentley; cf. Eutr. 6. 22. 3"," nullam cladem
nisi per legatos suos passus est, quorum C. Curio in
1 ",de pharnace nuntiis quem mithridatis magni filium ac tunc occasione temporum bellantem,iamque multiplici successu praeferocem intra quintum quam adfuerat diem quattuor quibus in,,unresolved,https://babel.hathitrust.org/cgi/pt?id=uc1.32106005388886&seq=86,L06-N0025,,No explicit resp in legacy XML,Candidate OCR match only; excerpt may be clipped. Verify the complete source page.,,Unreviewed,,,,,Unreviewed,1970 Hathi OCR from earlier audit,,,,,
suet.jc.rolfe_lat1.xml,26,455,40.2,,word-match,"novis, Ursinus; nobis, Ω.",1,54,92,1.0,"novis, Ursinus; nobis, Ω","; fuitque is annus, quo
haec constituebantur, quindecim mensium cum
1 ",quoque anno intercalaretur quo autem magis in posterum ex kalendis ianuariis novis,temporum ratio congrueret inter novembrem ac decembrem mensem interiecit duos alios fuitque,,unresolved,https://babel.hathitrust.org/cgi/pt?id=uc1.32106005388886&seq=92,L06-N0026,,No explicit resp in legacy XML,Candidate OCR match only; excerpt may be clipped. Verify the complete source page.,,Unreviewed,,,,,Unreviewed,1970 Hathi OCR from earlier audit,,,,,
suet.jc.rolfe_lat1.xml,27,464,41.2,,word-match,"circum tribum] circum tribus, Venetian ed. of 1510, Casaubon; tributim circummissos, Bentley; the early Roman editions have cuique tribui.",1,56,94,1.0,"circum tribum] circum tribus, Venetian ed. of 1510,
Casaubon; tributim circummissos, Bentley; the early Roman
editions have cuique tribui","m milibus in transmarinas colonias distributis, ut exhaustae quoque
1 ",pro parte altera quos ipse dedisset et edebat per libellos circum tribum,missos scriptura brevi caesar dictator illi tribui commendo vobis illum et illum,,unresolved,https://babel.hathitrust.org/cgi/pt?id=uc1.32106005388886&seq=94,L06-N0027,,No explicit resp in legacy XML,Candidate OCR match only; excerpt may be clipped. Verify the complete source page.,,Unreviewed,,,,,Unreviewed,1970 Hathi OCR from earlier audit,,,,,
suet.jc.rolfe_lat1.xml,28,473,42.1,,word-match,"quadraginta, Basle ed. of 1533; LX, Casaubon; L, Oudendorp; decem, Ω.",1,58,96,1.0,"quadraginta, Basle ed. of 1533; LX, Casaubon; L,
Oudendorp; decem, Ω","ri, qui digressam
a marito post biduum statim duxerat, quamvis sine
1 ",urbis frequentia suppeteret sanxit ne quis civis maior annis viginti minorve quadraginta,qui sacramento non teneretur plus triennio continuo italia abesset neu qui senatoris,"', '",no-marker-in-ocr,https://babel.hathitrust.org/cgi/pt?id=uc1.32106005388886&seq=96,L06-N0028,,No explicit resp in legacy XML,Candidate OCR match only; excerpt may be clipped. Verify the complete source page.,,Unreviewed,,,,,Unreviewed,1970 Hathi OCR from earlier audit,,,,,
suet.jc.rolfe_lat1.xml,29,488,43.2,,word-match,"proposita, an addition to the text suggested by Ihm.",1,60,98,1.0,"proposita, an addition to the text suggested by Ihm","bellum per Armeniam minorem nec
nisi ante expertos adgredi proelio.
1 ",praecipue sumptuariam exercuit dispositis circa macellum custodibus qui obsonia contra vetitum proposita,retinerent deportarentque ad se submissis nonnumquam lictoribus atque militibus qui si qua,,unresolved,https://babel.hathitrust.org/cgi/pt?id=uc1.32106005388886&seq=98,L06-N0029,,No explicit resp in legacy XML,Candidate OCR match only; excerpt may be clipped. Verify the complete source page.,,Unreviewed,,,,,Unreviewed,1970 Hathi OCR from earlier audit,,,,,
suet.jc.rolfe_lat1.xml,30,515,45.3,,wording-review,"ut, supplied by Bentley; ΠQς insert after nec.",1,62,100,0.875,"ut, supplied by Bentley, NQ5 insert after nec"," optimates saepius admonentis, ut male praecinctum puerum caverent.
1 ",usum enim lato clavo ad manus fimbriato nec umquam aliter quam ut,super eum cingeretur et quidem fluxiore cinctura unde emanasse sullae dictum optimates,,unresolved,https://babel.hathitrust.org/cgi/pt?id=uc1.32106005388886&seq=100,L06-N0030,,No explicit resp in legacy XML,Candidate OCR match only; excerpt may be clipped. Verify the complete source page.,,Unreviewed,,,,,Unreviewed,1970 Hathi OCR from earlier audit,,,,,
suet.jc.rolfe_lat1.xml,31,539,49.1,,no-source-match,"pedicator] predicator, Ω.",,,,,,,omnium convicia exposito omitto calvi licini notissimos versus bithynia quicquid et pedicator,caesaris umquam habuit praetereo actiones dolabellae et curionis patris in quibus eum,,unresolved,,L06-N0031,,No explicit resp in legacy XML,No source-page match established by the audit.,,Unreviewed,,,,,Unreviewed,1970 Hathi OCR from earlier audit,,,,,
suet.jc.rolfe_lat1.xml,32,542,49.2,,wording-review,"et vinum, r'; et vina, G; et vi, MVL²S.",1,66,104,0.7778,"et vinum, Y'; et vina, G; et vi","lites eius inter cetera carmina, qualia
1 pedicator] predicator, Ω.
• ",appellasset ipsum reginam salutavit sed c memmius etiam ad cyathum et vinum,nicomedi stetisse obicit cum reliquis exoletis pleno convivio accubantibus nonnullis urbicis negotiatoribus,' 2 ',intervening-text-unresolved,https://babel.hathitrust.org/cgi/pt?id=uc1.32106005388886&seq=104,L06-N0032,,No explicit resp in legacy XML,Candidate OCR match only; excerpt may be clipped. Verify the complete source page.,,Unreviewed,,,,,Unreviewed,1970 Hathi OCR from earlier audit,,,,,
suet.jc.rolfe_lat1.xml,33,548,49.4,,word-match,"The second line is omitted by MHGVPO'd, while Q (and e in the margin) add Et quare triumphat Caesar qui subegit Gallias? Nicomedes non triumphat qui subegit Caesarem.",1,68,106,1.0,"The second line is omitted by MHGVPO'd, while Q (and e
in the margin) add
Et quare triumphat Caesar qui subegit Gallias ?
Nicomedes non triumphat qui subegit Caesarem","mabatur enim Servilia etiam filiam
suam Tertiam Caesari conciliare.
1 ",gallias caesar subegit nicomedes caesarem ecce caesar nunc triumphat qui subegit gallias,nicomedes non triumphat qui subegit caesarem l pronum et sumptuosum in libidines,"',1\n'",intervening-text-unresolved,https://babel.hathitrust.org/cgi/pt?id=uc1.32106005388886&seq=106,L06-N0033,,No explicit resp in legacy XML,Candidate OCR match only; excerpt may be clipped. Verify the complete source page.,,Unreviewed,,,,,Unreviewed,1970 Hathi OCR from earlier audit,,,,,
suet.jc.rolfe_lat1.xml,34,557,50.2,,word-match,"primo, Torrentius; proximo, mss.",1,68,106,1.0,"primo, Torrentius; proximo, mss","qui subegit Gallias ?
Nicomedes non triumphat qui subegit Caesarem.
2 ",recepisset sed ante alias dilexit marci bruti matrem serviliam cui et primo,suo consulatu sexagiens sestertium margaritam mercatus est et bello civili super alias,' 2 ',intervening-text-unresolved,https://babel.hathitrust.org/cgi/pt?id=uc1.32106005388886&seq=106,L06-N0034,,No explicit resp in legacy XML,Candidate OCR match only; excerpt may be clipped. Verify the complete source page.,,Unreviewed,,,,,Unreviewed,1970 Hathi OCR from earlier audit,,,,,
suet.jc.rolfe_lat1.xml,35,569,52.1,,wording-review,"Naso, s (Mancinellus); vasa, Ω (apparently corrected from vasu in M; vasas, G).",1,70,108,0.8462,"Mancinellus); vasa, 2 (apparently corrected
from vasu in M; vasas, G","besset, uti
uxores liberorum quaerendorum causa quas et quot
1 Naso,
(",mauram bogudis uxorem cui maritoque eius plurima et immensa tribuit ut naso,scripsit sed maxime cleopatram cum qua et convivia in primam lucem saepe,' 1 ',intervening-text-unresolved,https://babel.hathitrust.org/cgi/pt?id=uc1.32106005388886&seq=108,L06-N0035,,No explicit resp in legacy XML,Candidate OCR match only; excerpt may be clipped. Verify the complete source page.,,Unreviewed,,,,,Unreviewed,1970 Hathi OCR from earlier audit,,,,,
suet.jc.rolfe_lat1.xml,36,572,52.2,,word-match,"idque, Modderman; the greater number of the mss. have que (= quae).",1,70,108,1.0,"idque, Modderman; the greater number of the mss. have
que (=quae","cinellus); vasa, 2 (apparently corrected
from vasu in M; vasas, G).
2 ",et incessu tradiderunt m antonius adgnitum etiam ab eo senatui adfirmavit idque,scire c matium et c oppium reliquosque caesaris amicos quorum gaius oppius,' 2 ',intervening-text-unresolved,https://babel.hathitrust.org/cgi/pt?id=uc1.32106005388886&seq=108,L06-N0036,,No explicit resp in legacy XML,Candidate OCR match only; excerpt may be clipped. Verify the complete source page.,,Unreviewed,,,,,Unreviewed,1970 Hathi OCR from earlier audit,,,,,
suet.jc.rolfe_lat1.xml,37,599,55.1,,wording-review,"militarique re, Lipsius; militari quare, Ω (G omits quare).",1,74,112,0.6667,"militarique re, Lipsius; militari quare","Metello,"" cum ex
persona Caesaris sermo sit Metellum seque adversus
1 ",onera bellorum civilium et triumphorum ac munerum sustinuit impendia lv eloquentia militarique,re aut aequavit praestantissimorum gloriam aut excessit post accusationem dolabellae haud dubie,' 1 ',intervening-text-unresolved,https://babel.hathitrust.org/cgi/pt?id=uc1.32106005388886&seq=112,L06-N0037,,No explicit resp in legacy XML,Candidate OCR match only; excerpt may be clipped. Verify the complete source page.,,Unreviewed,,,,,Unreviewed,1970 Hathi OCR from earlier audit,,,,,
suet.jc.rolfe_lat1.xml,38,620,56.3,,wording-review,"Cuius ... emendate, found only in 5; cf. praef. ad B.G. viii.",1,76,114,0.9167,"emendate, found only in 5; cf. praef. ad
1 Cuius
B.G. viii"," parum diligenter
parumque integra veritate compositos putat, cum
...
",praedicat adeo probantur omnium iudicio ut praerepta non praebita facultas scriptoribus videatur,cuius tamen rei maior nostra quam reliquorum est admiratio ceteri enim quam,,unresolved,https://babel.hathitrust.org/cgi/pt?id=uc1.32106005388886&seq=114,L06-N0038,,No explicit resp in legacy XML,Candidate OCR match only; excerpt may be clipped. Verify the complete source page.,,Unreviewed,,,,,Unreviewed,1970 Hathi OCR from earlier audit,,,,,
suet.jc.rolfe_lat1.xml,39,633,56.6,,no-source-match,"velit, Ω; vellet, ς; volet, Stephanus.",,,,,,,ut nullum verbum effici posset quae si qui investigare et persequi velit,quartam elementorum litteram id est d pro a et perinde reliquas commutet,,unresolved,,L06-N0039,,No explicit resp in legacy XML,No source-page match established by the audit.,,Unreviewed,,,,,Unreviewed,1970 Hathi OCR from earlier audit,,,,,
suet.jc.rolfe_lat1.xml,40,636,56.7,,word-match,"et a puero et ab, IQ; et a puero ab, R; et aituero ab, MV.",1,78,116,1.0,"et a puero et ab, IQ; et a puero ab, R; et aituero ab, MV","thecas delegaverat, misit.
1 velit, 5; vellet, 2; volet, Stephanus.
2 ",d pro a et perinde reliquas commutet feruntur a puero et ab,adulescentulo quaedam scripta ut laudes herculis tragoedia oedipus item dicta collectanea quos,,unresolved,https://babel.hathitrust.org/cgi/pt?id=uc1.32106005388886&seq=116,L06-N0040,,No explicit resp in legacy XML,Candidate OCR match only; excerpt may be clipped. Verify the complete source page.,,Unreviewed,,,,,Unreviewed,1970 Hathi OCR from earlier audit,,,,,
suet.jc.rolfe_lat1.xml,41,657,59.1,,no-source-match,"Salvitem, L'; Salutioni, ς.",,,,,,,nomen ferebatur despectissimum quendam ex corneliorum genere cui ad opprobrium vitae salvitoni,cognomen erat in castris secum habuit lx proelia non tantum destinato sed,,unresolved,,L06-N0041,,No explicit resp in legacy XML,No source-page match established by the audit.,,Unreviewed,,,,,Unreviewed,1970 Hathi OCR from earlier audit,,,,,
suet.jc.rolfe_lat1.xml,42,663,60.1,,wording-review,"auferre calamitas posset. Numm umquam, only in ς.",1,82,120,0.875,"umquam, only in ς","s Genetricis postea
dedicavit.
1 Salvitem, L'; Salutioni,
2 auferre...",hoc minus experiendos casus opinans nihilque se tantum adquisiturum victoria quantum auferre,calamitas posset nullum umquam hostem fudit quin castris quoque exueret ita nullum,' 2 ',intervening-text-unresolved,https://babel.hathitrust.org/cgi/pt?id=uc1.32106005388886&seq=120,L06-N0042,,No explicit resp in legacy XML,Candidate OCR match only; excerpt may be clipped. Verify the complete source page.,,Unreviewed,,,,,Unreviewed,1970 Hathi OCR from earlier audit,,,,,
suet.jc.rolfe_lat1.xml,43,675,62.1,,word-match,"aquilifer, Egnatius; aquilifero, Ω.",1,84,122,1.0,"aquilifer, Egnatius; aquilifero, Ω","enim ubique ac
semper, sed cum hostis in proximo esset, coercebat ;
1 ",contortis faucibus convertens in hostem et quidem adeo plerumque trepidos ut aquilifer,moranti se cuspide sit comminatus alius in manu detinentis reliquerit signum lxiii,,unresolved,https://babel.hathitrust.org/cgi/pt?id=uc1.32106005388886&seq=122,L06-N0043,,No explicit resp in legacy XML,Candidate OCR match only; excerpt may be clipped. Verify the complete source page.,,Unreviewed,,,,,Unreviewed,1970 Hathi OCR from earlier audit,,,,,
suet.jc.rolfe_lat1.xml,44,681,63.1,,wording-review,"minora, Ω; constantiae, ΠQST; immo maiora etiam, r.",1,84,122,0.75,"immo maiora etiam, r"," aquilifer, Egnatius; aquilifero, Ω.
2 minora, Y'; constantiae, QST5; ",in manu detinentis reliquerit signum lxiii non minor illa constantia eius maiora,etiam indicia fuerint post aciem pharsalicam cum praemissis in asiam copiis per,' 2\n',intervening-text-unresolved,https://babel.hathitrust.org/cgi/pt?id=uc1.32106005388886&seq=122,L06-N0044,,No explicit resp in legacy XML,Candidate OCR match only; excerpt may be clipped. Verify the complete source page.,,Unreviewed,,,,,Unreviewed,1970 Hathi OCR from earlier audit,,,,,
suet.jc.rolfe_lat1.xml,45,687,64.1,,wording-review,"dedisset, P'O; the other mss. have desilisset.",1,84,122,0.75,the other mss. have desilisset,"minora, Y'; constantiae, QST5; immo maiora etiam, r'.
* dedisset, PO; ",pontis eruptione hostium subita conpulsus in scapham pluribus eodem praecipitantibus cum desiluisset,in mare nando per ducentos passus evasit ad proximam navem elata laeva,' ',no-marker-in-ocr,https://babel.hathitrust.org/cgi/pt?id=uc1.32106005388886&seq=122,L06-N0045,,No explicit resp in legacy XML,Candidate OCR match only; excerpt may be clipped. Verify the complete source page.,,Unreviewed,,,,,Unreviewed,1970 Hathi OCR from earlier audit,,,,,
suet.jc.rolfe_lat1.xml,46,693,65.1,,word-match,"fortuna, M; the other mss. have fortuna; forma, Torrentius.",1,84,122,1.0,"fortuna, M; the other mss. have fortuna; forma,
Torrentius","o maiora etiam, r'.
* dedisset, PO; the other mss. have desilisset.
* ",ne spolio poteretur hostis lxv militem neque a moribus neque a fortuna,probabat sed tantum a viribus tractabatque pari severitate atque indulgentia non enim,' 4\n',intervening-text-unresolved,https://babel.hathitrust.org/cgi/pt?id=uc1.32106005388886&seq=122,L06-N0046,,No explicit resp in legacy XML,Candidate OCR match only; excerpt may be clipped. Verify the complete source page.,,Unreviewed,,,,,Unreviewed,1970 Hathi OCR from earlier audit,,,,,
suet.jc.rolfe_lat1.xml,47,720,68.3,,wording-review,"Since Caesar (B.C. 3.53) gives the number as circiter xxx milia, Ernesti proposed to omit centum and read ad for ac.",1,90,128,0.9565,"Since Caesar (B.C. 3.53) gives the number as milia..
circiter xxx, Ernesti proposed to omit centum and read ad
for ac","ulo missionem et
praemia flagitantes, ardente tunc in Africa bello,
1 ",sustinuit paene omnis confixa multitudine hostilium sagittarum quarum centum ac triginta milia,intra vallum reperta sunt nec mirum si quis singulorum facta respiciat vel,,unresolved,https://babel.hathitrust.org/cgi/pt?id=uc1.32106005388886&seq=128,L06-N0047,,No explicit resp in legacy XML,Candidate OCR match only; excerpt may be clipped. Verify the complete source page.,,Unreviewed,,,,,Unreviewed,1970 Hathi OCR from earlier audit,,,,,
suet.jc.rolfe_lat1.xml,48,747,72.1,,word-match,"deversoriolo eo, Politianus; deversoriolo, Casaubon; deversorio loco, Ω.",1,92,130,1.0,"deversoriolo eo, Politianus; deversoriolo, Casaubon;
deversorio loco, Ω","ua dignitate usus esset, talibus quoque se parem gratiam
relaturum.
1 ",gaio oppio comitanti se per silvestre iter correptoque subita valitudine deversoriolo eo,quod unum erat cesserit et ipse humi ac sub divo cubuerit iam,"', '",no-marker-in-ocr,https://babel.hathitrust.org/cgi/pt?id=uc1.32106005388886&seq=130,L06-N0048,,No explicit resp in legacy XML,Candidate OCR match only; excerpt may be clipped. Verify the complete source page.,,Unreviewed,,,,,Unreviewed,1970 Hathi OCR from earlier audit,,,,,
suet.jc.rolfe_lat1.xml,49,774,75.3,,no-source-match,"rebellaverant, Stephanus (ς); rebellaverunt, Ω.",,,,,,,voluntate ipsius interemptos putant quorum tamen et priores post impetratam veniam rebellaverant,et caesar libertis servisque eius ferro et igni crudelem in modum enectis,,unresolved,,L06-N0049,,No explicit resp in legacy XML,No source-page match established by the audit.,,Unreviewed,,,,,Unreviewed,1970 Hathi OCR from earlier audit,,,,,
suet.jc.rolfe_lat1.xml,50,777,75.4,,word-match,"permisit, N; permiserat, Ω.",1,96,134,1.0,"permisit, N; permiserat, Ω","d et statuas Luci
1 rebellaverant, Stephanus (5); rebellaverunt, Ω.
2 ",denique tempore extremo etiam quibus nondum ignoverat cunctis in italiam redire permisit,magistratusque et imperia capere sed et statuas luci sullae atque pompei a,' ',no-marker-in-ocr,https://babel.hathitrust.org/cgi/pt?id=uc1.32106005388886&seq=134,L06-N0050,,No explicit resp in legacy XML,Candidate OCR match only; excerpt may be clipped. Verify the complete source page.,,Unreviewed,,,,,Unreviewed,1970 Hathi OCR from earlier audit,,,,,
suet.jc.rolfe_lat1.xml,51,792,76.3,,word-match,"pretoris, MV (S erased in M); the other mss. have -iis.",1,100,138,1.0,"pretoris, MV (S erased in M); the other mss. have -iis","is se cum plurimis honorificentissimisque decretis universos patres
1 ",eadem licentia spreto patrio more magistratus in pluris annos ordinavit decem praetoriis,viris consularia ornamenta tribuit civitate donatos et quosdam e semibarbaris gallorum recepit,,unresolved,https://babel.hathitrust.org/cgi/pt?id=uc1.32106005388886&seq=138,L06-N0051,,No explicit resp in legacy XML,Candidate OCR match only; excerpt may be clipped. Verify the complete source page.,,Unreviewed,,,,,Unreviewed,1970 Hathi OCR from earlier audit,,,,,
suet.jc.rolfe_lat1.xml,52,798,77.1,,wording-review,"Ampius, Pulmann, Torrentius; Amprius, Ω (Amplius, QT).",1,100,138,0.8571,"Ampius, Pulmann, Torrentius; Amprius, a (Amplius,
QT","os patres
1 pretoris, MV (S erased in M); the other mss. have -iis.
• ",suo demandavit lxxvii nec minoris inpotentiae voces propalam edebat ut titus ampius,scribit nihil esse rem publicam appellationem modo sine corpore ac specie sullam,,unresolved,https://babel.hathitrust.org/cgi/pt?id=uc1.32106005388886&seq=138,L06-N0052,,No explicit resp in legacy XML,Candidate OCR match only; excerpt may be clipped. Verify the complete source page.,,Unreviewed,,,,,Unreviewed,1970 Hathi OCR from earlier audit,,,,,
suet.jc.rolfe_lat1.xml,53,813,79.1,,wording-review,"praelígatá, M; the other mss. have praeligatam.",1,102,140,0.8571,M; the other mss. have praeligatam,"
esse responderit et Lupercalibus pro rostris a consule
1 praeligata, ",populi acclamationes quidam e turba statuae eius coronam lauream candida fascia praeligata,inposuisset et tribuni plebis epidius marullus caesetiusque flavus coronae fasciam detrahi hominemque,' 1 ',intervening-text-unresolved,https://babel.hathitrust.org/cgi/pt?id=uc1.32106005388886&seq=140,L06-N0053,,No explicit resp in legacy XML,Candidate OCR match only; excerpt may be clipped. Verify the complete source page.,,Unreviewed,,,,,Unreviewed,1970 Hathi OCR from earlier audit,,,,,
suet.jc.rolfe_lat1.xml,54,816,79.2,,no-source-match,"valuit, ς; voluit, Ω.",,,,,,,potestate privavit neque ex eo infamiam affectati etiam regii nominis discutere valuit,quanquam et plebei regem se salutanti caesarem se non regem esse responderit,,unresolved,,L06-N0054,,No explicit resp in legacy XML,No source-page match established by the audit.,,Unreviewed,,,,,Unreviewed,1970 Hathi OCR from earlier audit,,,,,
suet.jc.rolfe_lat1.xml,55,819,79.3,,word-match,"detineretur, MV; continetur GT.",1,104,142,1.0,"detineretur, MV; continetur GT","strique consule theatrum introeunte, cum lictor animadverti ex more
1 ",autem senatu lucium cottam quindecimvirum sententiam dicturum ut quoniam fatalibus libris contineretur,parthos nisi a rege non posse vinci caesar rex appellaretur lxxx quae,"', '",no-marker-in-ocr,https://babel.hathitrust.org/cgi/pt?id=uc1.32106005388886&seq=142,L06-N0055,,No explicit resp in legacy XML,Candidate OCR match only; excerpt may be clipped. Verify the complete source page.,,Unreviewed,,,,,Unreviewed,1970 Hathi OCR from earlier audit,,,,,
suet.jc.rolfe_lat1.xml,56,845,81.1,,word-match,"illo, Turnebus, Bentley; ilio, MHGT; the other mss. have iulo or iulio.",1,108,146,1.0,"illo, Turnebus, Bentley; ilio, MHGT; the other mss.
have iulo or iulio",ra progressus est libellumque insidiarum indicem ab obvio quodam por1 ,verbisque graecis hac sententia quandoque ossa capyis detecta essent fore ut illo,prognatus manu consanguineorum necaretur magnisque mox italiae cladibus vindicaretur cuius rei ne,,unresolved,https://babel.hathitrust.org/cgi/pt?id=uc1.32106005388886&seq=146,L06-N0056,,No explicit resp in legacy XML,Candidate OCR match only; excerpt may be clipped. Verify the complete source page.,,Unreviewed,,,,,Unreviewed,1970 Hathi OCR from earlier audit,,,,,
suet.jc.rolfe_lat1.xml,57,860,82.1,,no-source-match,"adversum, GVONR.",,,,,,,togam adprehendit deinde clamantem ista quidem vis est alter e cascis aversum,vulnerat paulum infra iugulum caesar cascae brachium arreptum graphio traiecit conatusque prosilire,,unresolved,,L06-N0057,,No explicit resp in legacy XML,No source-page match established by the audit.,,Unreviewed,,,,,Unreviewed,1970 Hathi OCR from earlier audit,,,,,
suet.jc.rolfe_lat1.xml,58,878,83.2,,word-match,"reliquo, T (Lipsius); the other mss. have reliquos.",1,112,150,1.0,"reliquo, T (Lipsius); the other mss. have reliquos","cum veste, in qua
fuerat occisus. Praeferentibus munera, quia suffec1 ",octavium ex dodrante et lucium pinarium et quintum pedium ex quadrante reliquo,in ima cera gaium octavium etiam in familiam nomenque adoptavit plerosque percussorum,,unresolved,https://babel.hathitrust.org/cgi/pt?id=uc1.32106005388886&seq=150,L06-N0058,,No explicit resp in legacy XML,Candidate OCR match only; excerpt may be clipped. Verify the complete source page.,,Unreviewed,,,,,Unreviewed,1970 Hathi OCR from earlier audit,,,,,
suet.jc.rolfe_lat1.xml,59,887,84.2,,no-source-match,"Atilii, ς; Acilii, Ω.",,,,,,,iudicio men servasse ut essent qui me perderent et ex electra atili,ad similem sententiam laudationis loco consul antonius per praeconem pronuntiavit senatus consultum,,unresolved,,L06-N0059,,No explicit resp in legacy XML,No source-page match established by the audit.,,Unreviewed,,,,,Unreviewed,1970 Hathi OCR from earlier audit,,,,,
suet.jc.rolfe_lat1.xml,60,902,85.1,,word-match,"inscripsitque, Bentley; scripsitque, Ω.",1,116,154,1.0,"inscripsitque, Bentley; scripsitque, Ω","licitum maluisse.
Quidam dicere etiam & solitum ferunt: non tam sua
1 ",postea solidam columnam prope viginti pedum lapidis numidici in foro statuit inscripsitque,parenti patriae apud eam longo tempore sacrificare vota suscipere controversias quasdam interposito,' 1 ',intervening-text-unresolved,https://babel.hathitrust.org/cgi/pt?id=uc1.32106005388886&seq=154,L06-N0060,,No explicit resp in legacy XML,Candidate OCR match only; excerpt may be clipped. Verify the complete source page.,,Unreviewed,,,,,Unreviewed,1970 Hathi OCR from earlier audit,,,,,
suet.jc.rolfe_lat1.xml,61,908,86.1,,word-match,"adsectantium, conjecture of Ihm; inspectantium, X'; sectantium, Casaubon; adinspectantium, MGY.",1,116,154,1.0,"adsectantium, conjecture of Ihm; inspectantium, X';
sectantium, Casaubon; adinspectantium, MGY","litum ferunt: non tam sua
1 inscripsitque, Bentley; scripsitque, Ω.
2 ",illo senatus consulto ac iure iurando etiam custodias hispanorum cum gladiis adsectantium,se removisse alii e diverso opinantur insidias undique imminentis subire semel quam,,unresolved,https://babel.hathitrust.org/cgi/pt?id=uc1.32106005388886&seq=154,L06-N0061,,No explicit resp in legacy XML,Candidate OCR match only; excerpt may be clipped. Verify the complete source page.,,Unreviewed,,,,,Unreviewed,1970 Hathi OCR from earlier audit,,,,,
suet.jc.rolfe_lat1.xml,62,911,86.2,,word-match,"sollicitum etiam, supplied by Roth, except semper, which was added by Ihm.",1,116,154,1.0,"sollicitum etiam, supplied by Roth, except semper,
which was added by Ihm"," inspectantium, X';
sectantium, Casaubon; adinspectantium, MGY.
...
• ",undique imminentis subire semel quam cavere semper sollicitum maluisse quidam dicere etiam,solitum ferunt non tam sua quam rei publicae interesse uti salvus esset,' & ',no-marker-in-ocr,https://babel.hathitrust.org/cgi/pt?id=uc1.32106005388886&seq=154,L06-N0062,,No explicit resp in legacy XML,Candidate OCR match only; excerpt may be clipped. Verify the complete source page.,,Unreviewed,,,,,Unreviewed,1970 Hathi OCR from earlier audit,,,,,
suet.jc.rolfe_lat1.xml,63,923,88.1,,wording-review,"primos consecrato, Basle ed. of 1546; primo consecratos, Ω.",1,118,156,0.8889,"primos consecrato, Basle ed. of 1546; primo","i semet
eodem illo pugione, quo Caesarem violaverant, interemerunt.
1 ",ore modo decernentium sed et persuasione volgi siquidem ludis quos primos consecrato,ei heres augustus edebat stella crinita per septem continuos dies fulsit exoriens,,unresolved,https://babel.hathitrust.org/cgi/pt?id=uc1.32106005388886&seq=156,L06-N0063,,No explicit resp in legacy XML,Candidate OCR match only; excerpt may be clipped. Verify the complete source page.,,Unreviewed,,,,,Unreviewed,1970 Hathi OCR from earlier audit,,,,,
suetonius.aug.loeb_eng1.xml,57,370,29.4,169,documented-editorial-addition,1951 edition: grandsons and newphews,,,,,,,he constructed some works too in the name of others his grandsons,to wit his wife and his sister such as the colonnade and,,unresolved,,L07-N0057,,No explicit resp in legacy XML,No source-page match established by the audit.,,Unreviewed,,,,,Unreviewed,1970 Hathi OCR from earlier audit,,,,,
suetonius.dom.loeb_eng1.xml,1,88,1.1,339,marginal-date-review,"Oct. 24, 51 A.D.",,,,,,,i domitian was born on the ninth day before the,kalends of november of the year when his father was consul elect,,unresolved,,L10-N0001,,No explicit resp in legacy XML,No source-page match established by the audit.,,Unreviewed,,,,,Unreviewed,1970 Hathi OCR from earlier audit,,,,,
suetonius.dom.loeb_eng1.xml,20,139,5.1,349,marginal-date-review,82 A.D.,,,,,,,equestrian orders v he restored many splendid buildings which had been destroyed,by fire among them the capitolium which had again been burned but,,unresolved,,L10-N0020,,No explicit resp in legacy XML,No source-page match established by the audit.,,Unreviewed,,,,,Unreviewed,1970 Hathi OCR from earlier audit,,,,,
suetonius.dom.loeb_eng1.xml,25,145,6.1,351,marginal-date-review,84 A.D.,,,,,,,partly without provocation and partly of necessity that against the chatti was,uncalled for while the one against the sarmatians was justified by the,,unresolved,,L10-N0025,,No explicit resp in legacy XML,No source-page match established by the audit.,,Unreviewed,,,,,Unreviewed,1970 Hathi OCR from earlier audit,,,,,
suetonius.dom.loeb_eng1.xml,26,145,6.1,351,marginal-date-review,86 A.D.,,,,,,,against the dacians the first when oppius sabinus an ex consul was,defeated and the second on the overthrow of cornelius fuscus prefect of,,unresolved,,L10-N0026,,No explicit resp in legacy XML,No source-page match established by the audit.,,Unreviewed,,,,,Unreviewed,1970 Hathi OCR from earlier audit,,,,,
suetonius.dom.loeb_eng1.xml,36,172,8.3,355,marginal-date-review,83 A.D.,,,,,,,charged with all manner of offences having undertaken the correction of public,morals he put an end to the licence at the theatres where,,unresolved,,L10-N0036,,No explicit resp in legacy XML,No source-page match established by the audit.,,Unreviewed,,,,,Unreviewed,1970 Hathi OCR from earlier audit,,,,,
suetonius.dom.loeb_eng1.xml,57,247,13.3,369,marginal-date-review,"71, 72, 77 (s. v), 80, 82-88, 90, 92, 95 A.D.",,,,,,,wrote in greek it is enough he held the consulship seventeen times,more often than any of his predecessors of these the seven middle,,unresolved,,L10-N0057,,No explicit resp in legacy XML,No source-page match established by the audit.,,Unreviewed,,,,,Unreviewed,1970 Hathi OCR from earlier audit,,,,,
suetonius.dom.loeb_eng1.xml,68,297,17.3,379,marginal-date-review,"Sept. 18, 96 A.D.",,,,,,,to gouge out his eyes with his lacerated fingers he was slain,on the fourteenth day before the kalends of october in the forty,,unresolved,,L10-N0068,,No explicit resp in legacy XML,No source-page match established by the audit.,,Unreviewed,,,,,Unreviewed,1970 Hathi OCR from earlier audit,,,,,
suetonius.galba.loeb_eng1.xml,2,85,1.1,191,marginal-date-review,38 B.C.,,,,,,,her estate near veii immediately after her marriage with augustus an eagle,which flew by dropped into her lap a white hen holding in,,unresolved,,L11-N0002,,No explicit resp in legacy XML,No source-page match established by the audit.,,Unreviewed,,,,,Unreviewed,1970 Hathi OCR from earlier audit,,,,,
suetonius.galba.loeb_eng1.xml,6,91,2.1,193,marginal-date-review,68 A.D.,,,,,,,hand of augustus ii nero was succeeded by galba who was related,in no degree to the house of the caesars although unquestionably of,,unresolved,,L11-N0006,,No explicit resp in legacy XML,No source-page match established by the audit.,,Unreviewed,,,,,Unreviewed,1970 Hathi OCR from earlier audit,,,,,
suetonius.galba.loeb_eng1.xml,10,100,3.2,193,marginal-date-review,145 B.C.,,,,,,,which breed in oak trees the family acquired distinction from servius galba,who became consul and was decidedly the most eloquent speaker of his,,unresolved,,L11-N0010,,No explicit resp in legacy XML,No source-page match established by the audit.,,Unreviewed,,,,,Unreviewed,1970 Hathi OCR from earlier audit,,,,,
suetonius.galba.loeb_eng1.xml,11,100,3.2,193,marginal-date-review,150-136 B.C.,,,,,,,man they say was the cause of the war with viriathus because,while governing spain as propraetor he treacherously massacred thirty thousand of the,,unresolved,,L11-N0011,,No explicit resp in legacy XML,No source-page match established by the audit.,,Unreviewed,,,,,Unreviewed,1970 Hathi OCR from earlier audit,,,,,
suetonius.galba.loeb_eng1.xml,13,103,3.3,195,marginal-date-review,22 A.D.,,,,,,,voluminous and painstaking history the father attained the consulship and although he,was short of stature and even hunchbacked besides being only an indifferent,,unresolved,,L11-N0013,,No explicit resp in legacy XML,No source-page match established by the audit.,,Unreviewed,,,,,Unreviewed,1970 Hathi OCR from earlier audit,,,,,
suetonius.galba.loeb_eng1.xml,15,112,4.1,195,marginal-date-review,"Dec. 24, 3 B.C.",,,,,,,in his year iv the emperor servius galba was born in the,consulship of marcus valerius messala and gnaeus lentulus on the ninth day,,unresolved,,L11-N0015,,No explicit resp in legacy XML,No source-page match established by the audit.,,Unreviewed,,,,,Unreviewed,1970 Hathi OCR from earlier audit,,,,,
suetonius.galba.loeb_eng1.xml,21,136,6.1,199,marginal-date-review,33 A.D.,,,,,,,nearly a year and soon afterwards held a regular consulship for six,months and it chanced that in this office he succeeded lucius domitius,,unresolved,,L11-N0021,,No explicit resp in legacy XML,No source-page match established by the audit.,,Unreviewed,,,,,Unreviewed,1970 Hathi OCR from earlier audit,,,,,
suetonius.galba.loeb_eng1.xml,31,158,8.1,203,marginal-date-review,60 A.D.,,,,,,,at last while he was staying in the town of fundi hispania,tarraconensis was offered him and it fell out that as he was,,unresolved,,L11-N0031,,No explicit resp in legacy XML,No source-page match established by the audit.,,Unreviewed,,,,,Unreviewed,1970 Hathi OCR from earlier audit,,,,,
suetonius.galba.loeb_eng1.xml,62,301,23.1,225,marginal-date-review,69 A.D.,,,,,,,him one side xxiii he met his end in the seventy third,year of his age and the seventh month of his reign the,,unresolved,,L11-N0062,,No explicit resp in legacy XML,No source-page match established by the audit.,,Unreviewed,,,,,Unreviewed,1970 Hathi OCR from earlier audit,,,,,
suetonius.otho.loeb_eng1.xml,4,100,2.1,229,marginal-date-review,"Apr. 28, 32 A.D.",,,,,,,kalends of may in the consulate of camillus arruntius and domitius ahenobarbus,from earliest youth he was so extravagant and wild that his father,,unresolved,,L13-N0004,,No explicit resp in legacy XML,No source-page match established by the audit.,,Unreviewed,,,,,Unreviewed,1970 Hathi OCR from earlier audit,,,,,
suetonius.titus.loeb_eng1.xml,2,88,1.1,321,marginal-date-review,"Dec. 30, 41 A.D.",,,,,,,for the death of gaius in a mean house near the septizonium,and in a very small dark room besides for it still remains,,unresolved,,L15-N0002,,No explicit resp in legacy XML,No source-page match established by the audit.,,Unreviewed,,,,,Unreviewed,1970 Hathi OCR from earlier audit,,,,,
suetonius.titus.loeb_eng1.xml,5,118,4.3,325,marginal-date-review,67 A.D.,,,,,,,battle and mounting another whose rider had fallen fighting by his side,v presently he was sent to congratulate galba on becoming ruler of,,unresolved,,L15-N0005,,No explicit resp in legacy XML,No source-page match established by the audit.,,Unreviewed,,,,,Unreviewed,1970 Hathi OCR from earlier audit,,,,,
suetonius.titus.loeb_eng1.xml,6,124,5.1,325,marginal-date-review,68 A.D.,,,,,,,by his side v presently he was sent to congratulate galba on,becoming ruler of the state and attracted attention wherever he went through,,unresolved,,L15-N0006,,No explicit resp in legacy XML,No source-page match established by the audit.,,Unreviewed,,,,,Unreviewed,1970 Hathi OCR from earlier audit,,,,,
suetonius.titus.loeb_eng1.xml,9,136,6.1,327,marginal-date-review,73 A.D.,,,,,,,took part in his father s triumph and was censor with him,he was also his colleague in the tribunicial power and in seven,,unresolved,,L15-N0009,,No explicit resp in legacy XML,No source-page match established by the audit.,,Unreviewed,,,,,Unreviewed,1970 Hathi OCR from earlier audit,,,,,
suetonius.titus.loeb_eng1.xml,10,136,6.1,327,marginal-date-review,"70, 72, 74, 75, 76, 77, 79 A.D.",,,,,,,was also his colleague in the tribunicial power and in seven consulships,he took upon himself the discharge of almost all duties personally dictated,,unresolved,,L15-N0010,,No explicit resp in legacy XML,No source-page match established by the audit.,,Unreviewed,,,,,Unreviewed,1970 Hathi OCR from earlier audit,,,,,
suetonius.titus.loeb_eng1.xml,13,151,7.3,331,marginal-date-review,80 A.D.,,,,,,,built near it he gave a most magnificent and costly gladiatorial show,he presented a sham sea fight too in the old naumachia and,,unresolved,,L15-N0013,,No explicit resp in legacy XML,No source-page match established by the audit.,,Unreviewed,,,,,Unreviewed,1970 Hathi OCR from earlier audit,,,,,
suetonius.titus.loeb_eng1.xml,15,163,8.3,333,marginal-date-review,79 A.D.,,,,,,,of mount vesuvius in campania a fire at rome which continued three,days and as many nights and a plague the like of which,,unresolved,,L15-N0015,,No explicit resp in legacy XML,No source-page match established by the audit.,,Unreviewed,,,,,Unreviewed,1970 Hathi OCR from earlier audit,,,,,
suetonius.titus.loeb_eng1.xml,16,163,8.3,333,marginal-date-review,80 A.D.,,,,,,,three days and as many nights and a plague the like of,which had hardly ever been known before in these many great calamities,,unresolved,,L15-N0016,,No explicit resp in legacy XML,No source-page match established by the audit.,,Unreviewed,,,,,Unreviewed,1970 Hathi OCR from earlier audit,,,,,
suetonius.titus.loeb_eng1.xml,23,196,11.1,339,marginal-date-review,"Sept. 13, 81 A.D.",,,,,,,as they had never done even when he was alive and present,,,unresolved,,L15-N0023,,No explicit resp in legacy XML,No source-page match established by the audit.,,Unreviewed,,,,,Unreviewed,1970 Hathi OCR from earlier audit,,,,,
suetonius.vesp.loeb_eng1.xml,3,103,2.1,283,marginal-date-review,"Nov. 14, 9 A.D.",,,,,,,falacrina on the evening of the fifteenth day before the kalends of,december in the consulate of quintus sulpicius camerinus and gaius poppaeus sabinus,,unresolved,,L16-N0003,,No explicit resp in legacy XML,No source-page match established by the audit.,,Unreviewed,,,,,Unreviewed,1970 Hathi OCR from earlier audit,,,,,
suetonius.vesp.loeb_eng1.xml,5,109,2.3,285,marginal-date-review,38 A.D.,,,,,,,the province of crete and cyrene became a candidate for the aedileship,and then for the praetorship attaining the former only after one defeat,,unresolved,,L16-N0005,,No explicit resp in legacy XML,No source-page match established by the audit.,,Unreviewed,,,,,Unreviewed,1970 Hathi OCR from earlier audit,,,,,
suetonius.vesp.loeb_eng1.xml,6,109,2.3,285,marginal-date-review,39 A.D.,,,,,,,in the sixth place but the latter on his first canvass and,among the foremost in his praetorship to lose no opportunity of winning,,unresolved,,L16-N0006,,No explicit resp in legacy XML,No source-page match established by the audit.,,Unreviewed,,,,,Unreviewed,1970 Hathi OCR from earlier audit,,,,,
suetonius.vesp.loeb_eng1.xml,13,125,4.2,287,marginal-date-review,51 A.D.,,,,,,,two priesthoods besides the consulship which he held for the last two,months of the year the rest of the time up to his,,unresolved,,L16-N0013,,No explicit resp in legacy XML,No source-page match established by the audit.,,Unreviewed,,,,,Unreviewed,1970 Hathi OCR from earlier audit,,,,,
suetonius.vesp.loeb_eng1.xml,14,128,4.3,287,marginal-date-review,63 A.D.,,,,,,,latter s death the chance of the lot then gave him africa,which he governed with great justice and high honour save that in,,unresolved,,L16-N0014,,No explicit resp in legacy XML,No source-page match established by the audit.,,Unreviewed,,,,,Unreviewed,1970 Hathi OCR from earlier audit,,,,,
suetonius.vesp.loeb_eng1.xml,20,176,6.4,297,marginal-date-review,July 1,,,,,,,legions to take the oath for vespasian on the kalends of july,the day which was afterwards celebrated as that of his accession then,,unresolved,,L16-N0020,,No explicit resp in legacy XML,No source-page match established by the audit.,,Unreviewed,,,,,Unreviewed,1970 Hathi OCR from earlier audit,,,,,
suetonius.vesp.loeb_eng1.xml,25,194,8.1,299,marginal-date-review,"70, 71, 72, 74, 75, 76, 77, 79 A.D.",,,,,,,renown after celebrating a triumph over the jews he added eight consulships,to his former one he also assumed the censorship and during the,,unresolved,,L16-N0025,,No explicit resp in legacy XML,No source-page match established by the audit.,,Unreviewed,,,,,Unreviewed,1970 Hathi OCR from earlier audit,,,,,
suetonius.vesp.loeb_eng1.xml,54,330,24.1,319,marginal-date-review,79 A.D.,,,,,,,into a god xxiv in his ninth consulship he had a slight,illness in campania and returning at once to the city he left,,unresolved,,L16-N0054,,No explicit resp in legacy XML,No source-page match established by the audit.,,Unreviewed,,,,,Unreviewed,1970 Hathi OCR from earlier audit,,,,,
suetonius.vesp.loeb_eng1.xml,55,330,24.1,321,marginal-date-review,"June 23, 79 A.D.",,,,,,,who tried to help him on the ninth day before the kalends,of july at the age of sixty nine years one month and,,unresolved,,L16-N0055,,No explicit resp in legacy XML,No source-page match established by the audit.,,Unreviewed,,,,,Unreviewed,1970 Hathi OCR from earlier audit,,,,,
suetonius.vitellius.loeb_eng1.xml,1,103,2.2,251,marginal-date-review,32 A.D.,,,,,,,magnificence of his feasts died a consul appointed to the office with,domitius father of the emperor nero quintus lost his rank at the,,unresolved,,L17-N0001,,No explicit resp in legacy XML,No source-page match established by the audit.,,Unreviewed,,,,,Unreviewed,1970 Hathi OCR from earlier audit,,,,,
suetonius.vitellius.loeb_eng1.xml,3,106,2.3,251,marginal-date-review,20 A.D.,,,,,,,senators publius a member of germanicus staff arraigned gnaeus piso the enemy,and murderer of his commander and secured his condemnation arrested among the,,unresolved,,L17-N0003,,No explicit resp in legacy XML,No source-page match established by the audit.,,Unreviewed,,,,,Unreviewed,1970 Hathi OCR from earlier audit,,,,,
suetonius.vitellius.loeb_eng1.xml,4,106,2.3,251,marginal-date-review,35 A.D.,,,,,,,and handed over to his own brother to be kept in confinement,he opened his veins with a penknife but allowed himself to be,,unresolved,,L17-N0004,,No explicit resp in legacy XML,No source-page match established by the audit.,,Unreviewed,,,,,Unreviewed,1970 Hathi OCR from earlier audit,,,,,
suetonius.vitellius.loeb_eng1.xml,5,109,2.4,251,marginal-date-review,34 A.D.,,,,,,,not only induced artabanus king of the parthians to hold a con,ference with him but even to do obeisance to the standards of,,unresolved,,L17-N0005,,No explicit resp in legacy XML,No source-page match established by the audit.,,Unreviewed,,,,,Unreviewed,1970 Hathi OCR from earlier audit,,,,,
suetonius.vitellius.loeb_eng1.xml,6,109,2.4,251,marginal-date-review,"43, 47, 50, 44 A.D.",,,,,,,later he held with the emperor claudius two more regular consulships and,the censorship he also bore the charge of the empire while claudius,,unresolved,,L17-N0006,,No explicit resp in legacy XML,No source-page match established by the audit.,,Unreviewed,,,,,Unreviewed,1970 Hathi OCR from earlier audit,,,,,
suetonius.vitellius.loeb_eng1.xml,9,121,3.2,253,marginal-date-review,"Sept.24, 15 A.D.",,,,,,,lucius was born on the eight day before the kalends of october,or according to some on the seventh day before the ides of,,unresolved,,L17-N0009,,No explicit resp in legacy XML,No source-page match established by the audit.,,Unreviewed,,,,,Unreviewed,1970 Hathi OCR from earlier audit,,,,,
suetonius.vitellius.loeb_eng1.xml,10,121,3.2,253,marginal-date-review,Sept. 7,,,,,,,seventh day before the ides of september in the consulship of drusus,caesar and norbanus flaccus his parents were so aghast at his horoscope,,unresolved,,L17-N0010,,No explicit resp in legacy XML,No source-page match established by the audit.,,Unreviewed,,,,,Unreviewed,1970 Hathi OCR from earlier audit,,,,,
suetonius.vitellius.loeb_eng1.xml,13,133,5.1,255,marginal-date-review,60 A.D.,,,,,,,with distinguished priesthoods as well he afterwards governed africa as proconsul and,served as curator of public works but with varying purpose and reputation,,unresolved,,L17-N0013,,No explicit resp in legacy XML,No source-page match established by the audit.,,Unreviewed,,,,,Unreviewed,1970 Hathi OCR from earlier audit,,,,,
